ISO-10303-21;
HEADER;
FILE_DESCRIPTION(('FreeCAD Model'),'2;1');
FILE_NAME('Open CASCADE Shape Model','2025-03-18T09:50:11',(''),(''),
  'Open CASCADE STEP processor 7.7','FreeCAD','Unknown');
FILE_SCHEMA(('AUTOMOTIVE_DESIGN { 1 0 10303 214 1 1 1 1 }'));
ENDSEC;
DATA;
#1 = APPLICATION_PROTOCOL_DEFINITION('international standard',
  'automotive_design',2000,#2);
#2 = APPLICATION_CONTEXT(
  'core data for automotive mechanical design processes');
#3 = SHAPE_DEFINITION_REPRESENTATION(#4,#10);
#4 = PRODUCT_DEFINITION_SHAPE('','',#5);
#5 = PRODUCT_DEFINITION('design','',#6,#9);
#6 = PRODUCT_DEFINITION_FORMATION('','',#7);
#7 = PRODUCT('DetailedArcWithFloorPlan','DetailedArcWithFloorPlan','',(
    #8));
#8 = PRODUCT_CONTEXT('',#2,'mechanical');
#9 = PRODUCT_DEFINITION_CONTEXT('part definition',#2,'design');
#10 = SHAPE_REPRESENTATION('',(#11,#15,#19,#23,#27),#31);
#11 = AXIS2_PLACEMENT_3D('',#12,#13,#14);
#12 = CARTESIAN_POINT('',(0.,0.,0.));
#13 = DIRECTION('',(0.,0.,1.));
#14 = DIRECTION('',(1.,0.,-0.));
#15 = AXIS2_PLACEMENT_3D('',#16,#17,#18);
#16 = CARTESIAN_POINT('',(9.44E+03,1.1888543E+04,1.28E+03));
#17 = DIRECTION('',(0.,0.,1.));
#18 = DIRECTION('',(1.,0.,0.));
#19 = AXIS2_PLACEMENT_3D('',#20,#21,#22);
#20 = CARTESIAN_POINT('',(9.18E+03,9.8E+03,1.E+03));
#21 = DIRECTION('',(0.,-1.,2.22044604925E-16));
#22 = DIRECTION('',(1.,0.,0.));
#23 = AXIS2_PLACEMENT_3D('',#24,#25,#26);
#24 = CARTESIAN_POINT('',(0.,0.,0.));
#25 = DIRECTION('',(0.,0.,1.));
#26 = DIRECTION('',(1.,0.,0.));
#27 = AXIS2_PLACEMENT_3D('',#28,#29,#30);
#28 = CARTESIAN_POINT('',(9.43E+03,7.37E+03,1.56E+03));
#29 = DIRECTION('',(0.,-1.,-2.22044604925E-16));
#30 = DIRECTION('',(1.,0.,0.));
#31 = ( GEOMETRIC_REPRESENTATION_CONTEXT(3) 
GLOBAL_UNCERTAINTY_ASSIGNED_CONTEXT((#35)) GLOBAL_UNIT_ASSIGNED_CONTEXT(
(#32,#33,#34)) REPRESENTATION_CONTEXT('Context #1',
  '3D Context with UNIT and UNCERTAINTY') );
#32 = ( LENGTH_UNIT() NAMED_UNIT(*) SI_UNIT(.MILLI.,.METRE.) );
#33 = ( NAMED_UNIT(*) PLANE_ANGLE_UNIT() SI_UNIT($,.RADIAN.) );
#34 = ( NAMED_UNIT(*) SI_UNIT($,.STERADIAN.) SOLID_ANGLE_UNIT() );
#35 = UNCERTAINTY_MEASURE_WITH_UNIT(LENGTH_MEASURE(5.E-03),#32,
  'distance_accuracy_value','confusion accuracy');
#36 = PRODUCT_RELATED_PRODUCT_CATEGORY('part',$,(#7));
#37 = SHAPE_DEFINITION_REPRESENTATION(#38,#44);
#38 = PRODUCT_DEFINITION_SHAPE('','',#39);
#39 = PRODUCT_DEFINITION('design','',#40,#43);
#40 = PRODUCT_DEFINITION_FORMATION('','',#41);
#41 = PRODUCT('MagnetConfig_1','MagnetConfig_1','',(#42));
#42 = PRODUCT_CONTEXT('',#2,'mechanical');
#43 = PRODUCT_DEFINITION_CONTEXT('part definition',#2,'design');
#44 = SHAPE_REPRESENTATION('',(#11,#45),#49);
#45 = AXIS2_PLACEMENT_3D('',#46,#47,#48);
#46 = CARTESIAN_POINT('',(-40.,0.,-100.));
#47 = DIRECTION('',(0.,0.,1.));
#48 = DIRECTION('',(1.,0.,0.));
#49 = ( GEOMETRIC_REPRESENTATION_CONTEXT(3) 
GLOBAL_UNCERTAINTY_ASSIGNED_CONTEXT((#53)) GLOBAL_UNIT_ASSIGNED_CONTEXT(
(#50,#51,#52)) REPRESENTATION_CONTEXT('Context #1',
  '3D Context with UNIT and UNCERTAINTY') );
#50 = ( LENGTH_UNIT() NAMED_UNIT(*) SI_UNIT(.MILLI.,.METRE.) );
#51 = ( NAMED_UNIT(*) PLANE_ANGLE_UNIT() SI_UNIT($,.RADIAN.) );
#52 = ( NAMED_UNIT(*) SI_UNIT($,.STERADIAN.) SOLID_ANGLE_UNIT() );
#53 = UNCERTAINTY_MEASURE_WITH_UNIT(LENGTH_MEASURE(1.E-07),#50,
  'distance_accuracy_value','confusion accuracy');
#54 = CONTEXT_DEPENDENT_SHAPE_REPRESENTATION(#55,#57);
#55 = ( REPRESENTATION_RELATIONSHIP('','',#44,#10) 
REPRESENTATION_RELATIONSHIP_WITH_TRANSFORMATION(#56) 
SHAPE_REPRESENTATION_RELATIONSHIP() );
#56 = ITEM_DEFINED_TRANSFORMATION('','',#11,#15);
#57 = PRODUCT_DEFINITION_SHAPE('Placement','Placement of an item',#58);
#58 = NEXT_ASSEMBLY_USAGE_OCCURRENCE('2','MagnetConfig_1','',#5,#39,$);
#59 = PRODUCT_RELATED_PRODUCT_CATEGORY('part',$,(#41));
#60 = SHAPE_DEFINITION_REPRESENTATION(#61,#67);
#61 = PRODUCT_DEFINITION_SHAPE('','',#62);
#62 = PRODUCT_DEFINITION('design','',#63,#66);
#63 = PRODUCT_DEFINITION_FORMATION('','',#64);
#64 = PRODUCT('MagneticRegion_1','MagneticRegion_1','',(#65));
#65 = PRODUCT_CONTEXT('',#2,'mechanical');
#66 = PRODUCT_DEFINITION_CONTEXT('part definition',#2,'design');
#67 = ADVANCED_BREP_SHAPE_REPRESENTATION('',(#11,#68),#218);
#68 = MANIFOLD_SOLID_BREP('',#69);
#69 = CLOSED_SHELL('',(#70,#110,#150,#172,#194,#206));
#70 = ADVANCED_FACE('',(#71),#105,.F.);
#71 = FACE_BOUND('',#72,.F.);
#72 = EDGE_LOOP('',(#73,#83,#91,#99));
#73 = ORIENTED_EDGE('',*,*,#74,.F.);
#74 = EDGE_CURVE('',#75,#77,#79,.T.);
#75 = VERTEX_POINT('',#76);
#76 = CARTESIAN_POINT('',(0.,0.,0.));
#77 = VERTEX_POINT('',#78);
#78 = CARTESIAN_POINT('',(0.,0.,120.));
#79 = LINE('',#80,#81);
#80 = CARTESIAN_POINT('',(0.,0.,0.));
#81 = VECTOR('',#82,1.);
#82 = DIRECTION('',(0.,0.,1.));
#83 = ORIENTED_EDGE('',*,*,#84,.T.);
#84 = EDGE_CURVE('',#75,#85,#87,.T.);
#85 = VERTEX_POINT('',#86);
#86 = CARTESIAN_POINT('',(0.,90.,0.));
#87 = LINE('',#88,#89);
#88 = CARTESIAN_POINT('',(0.,0.,0.));
#89 = VECTOR('',#90,1.);
#90 = DIRECTION('',(-0.,1.,0.));
#91 = ORIENTED_EDGE('',*,*,#92,.T.);
#92 = EDGE_CURVE('',#85,#93,#95,.T.);
#93 = VERTEX_POINT('',#94);
#94 = CARTESIAN_POINT('',(0.,90.,120.));
#95 = LINE('',#96,#97);
#96 = CARTESIAN_POINT('',(0.,90.,0.));
#97 = VECTOR('',#98,1.);
#98 = DIRECTION('',(0.,0.,1.));
#99 = ORIENTED_EDGE('',*,*,#100,.F.);
#100 = EDGE_CURVE('',#77,#93,#101,.T.);
#101 = LINE('',#102,#103);
#102 = CARTESIAN_POINT('',(0.,0.,120.));
#103 = VECTOR('',#104,1.);
#104 = DIRECTION('',(-0.,1.,0.));
#105 = PLANE('',#106);
#106 = AXIS2_PLACEMENT_3D('',#107,#108,#109);
#107 = CARTESIAN_POINT('',(0.,0.,0.));
#108 = DIRECTION('',(1.,0.,-0.));
#109 = DIRECTION('',(0.,0.,1.));
#110 = ADVANCED_FACE('',(#111),#145,.T.);
#111 = FACE_BOUND('',#112,.T.);
#112 = EDGE_LOOP('',(#113,#123,#131,#139));
#113 = ORIENTED_EDGE('',*,*,#114,.F.);
#114 = EDGE_CURVE('',#115,#117,#119,.T.);
#115 = VERTEX_POINT('',#116);
#116 = CARTESIAN_POINT('',(60.,0.,0.));
#117 = VERTEX_POINT('',#118);
#118 = CARTESIAN_POINT('',(60.,0.,120.));
#119 = LINE('',#120,#121);
#120 = CARTESIAN_POINT('',(60.,0.,0.));
#121 = VECTOR('',#122,1.);
#122 = DIRECTION('',(0.,0.,1.));
#123 = ORIENTED_EDGE('',*,*,#124,.T.);
#124 = EDGE_CURVE('',#115,#125,#127,.T.);
#125 = VERTEX_POINT('',#126);
#126 = CARTESIAN_POINT('',(60.,90.,0.));
#127 = LINE('',#128,#129);
#128 = CARTESIAN_POINT('',(60.,0.,0.));
#129 = VECTOR('',#130,1.);
#130 = DIRECTION('',(-0.,1.,0.));
#131 = ORIENTED_EDGE('',*,*,#132,.T.);
#132 = EDGE_CURVE('',#125,#133,#135,.T.);
#133 = VERTEX_POINT('',#134);
#134 = CARTESIAN_POINT('',(60.,90.,120.));
#135 = LINE('',#136,#137);
#136 = CARTESIAN_POINT('',(60.,90.,0.));
#137 = VECTOR('',#138,1.);
#138 = DIRECTION('',(0.,0.,1.));
#139 = ORIENTED_EDGE('',*,*,#140,.F.);
#140 = EDGE_CURVE('',#117,#133,#141,.T.);
#141 = LINE('',#142,#143);
#142 = CARTESIAN_POINT('',(60.,0.,120.));
#143 = VECTOR('',#144,1.);
#144 = DIRECTION('',(-0.,1.,0.));
#145 = PLANE('',#146);
#146 = AXIS2_PLACEMENT_3D('',#147,#148,#149);
#147 = CARTESIAN_POINT('',(60.,0.,0.));
#148 = DIRECTION('',(1.,0.,-0.));
#149 = DIRECTION('',(0.,0.,1.));
#150 = ADVANCED_FACE('',(#151),#167,.F.);
#151 = FACE_BOUND('',#152,.F.);
#152 = EDGE_LOOP('',(#153,#159,#160,#166));
#153 = ORIENTED_EDGE('',*,*,#154,.F.);
#154 = EDGE_CURVE('',#75,#115,#155,.T.);
#155 = LINE('',#156,#157);
#156 = CARTESIAN_POINT('',(0.,0.,0.));
#157 = VECTOR('',#158,1.);
#158 = DIRECTION('',(1.,0.,-0.));
#159 = ORIENTED_EDGE('',*,*,#74,.T.);
#160 = ORIENTED_EDGE('',*,*,#161,.T.);
#161 = EDGE_CURVE('',#77,#117,#162,.T.);
#162 = LINE('',#163,#164);
#163 = CARTESIAN_POINT('',(0.,0.,120.));
#164 = VECTOR('',#165,1.);
#165 = DIRECTION('',(1.,0.,-0.));
#166 = ORIENTED_EDGE('',*,*,#114,.F.);
#167 = PLANE('',#168);
#168 = AXIS2_PLACEMENT_3D('',#169,#170,#171);
#169 = CARTESIAN_POINT('',(0.,0.,0.));
#170 = DIRECTION('',(-0.,1.,0.));
#171 = DIRECTION('',(0.,0.,1.));
#172 = ADVANCED_FACE('',(#173),#189,.T.);
#173 = FACE_BOUND('',#174,.T.);
#174 = EDGE_LOOP('',(#175,#181,#182,#188));
#175 = ORIENTED_EDGE('',*,*,#176,.F.);
#176 = EDGE_CURVE('',#85,#125,#177,.T.);
#177 = LINE('',#178,#179);
#178 = CARTESIAN_POINT('',(0.,90.,0.));
#179 = VECTOR('',#180,1.);
#180 = DIRECTION('',(1.,0.,-0.));
#181 = ORIENTED_EDGE('',*,*,#92,.T.);
#182 = ORIENTED_EDGE('',*,*,#183,.T.);
#183 = EDGE_CURVE('',#93,#133,#184,.T.);
#184 = LINE('',#185,#186);
#185 = CARTESIAN_POINT('',(0.,90.,120.));
#186 = VECTOR('',#187,1.);
#187 = DIRECTION('',(1.,0.,-0.));
#188 = ORIENTED_EDGE('',*,*,#132,.F.);
#189 = PLANE('',#190);
#190 = AXIS2_PLACEMENT_3D('',#191,#192,#193);
#191 = CARTESIAN_POINT('',(0.,90.,0.));
#192 = DIRECTION('',(-0.,1.,0.));
#193 = DIRECTION('',(0.,0.,1.));
#194 = ADVANCED_FACE('',(#195),#201,.F.);
#195 = FACE_BOUND('',#196,.F.);
#196 = EDGE_LOOP('',(#197,#198,#199,#200));
#197 = ORIENTED_EDGE('',*,*,#84,.F.);
#198 = ORIENTED_EDGE('',*,*,#154,.T.);
#199 = ORIENTED_EDGE('',*,*,#124,.T.);
#200 = ORIENTED_EDGE('',*,*,#176,.F.);
#201 = PLANE('',#202);
#202 = AXIS2_PLACEMENT_3D('',#203,#204,#205);
#203 = CARTESIAN_POINT('',(0.,0.,0.));
#204 = DIRECTION('',(0.,0.,1.));
#205 = DIRECTION('',(1.,0.,-0.));
#206 = ADVANCED_FACE('',(#207),#213,.T.);
#207 = FACE_BOUND('',#208,.T.);
#208 = EDGE_LOOP('',(#209,#210,#211,#212));
#209 = ORIENTED_EDGE('',*,*,#100,.F.);
#210 = ORIENTED_EDGE('',*,*,#161,.T.);
#211 = ORIENTED_EDGE('',*,*,#140,.T.);
#212 = ORIENTED_EDGE('',*,*,#183,.F.);
#213 = PLANE('',#214);
#214 = AXIS2_PLACEMENT_3D('',#215,#216,#217);
#215 = CARTESIAN_POINT('',(0.,0.,120.));
#216 = DIRECTION('',(0.,0.,1.));
#217 = DIRECTION('',(1.,0.,-0.));
#218 = ( GEOMETRIC_REPRESENTATION_CONTEXT(3) 
GLOBAL_UNCERTAINTY_ASSIGNED_CONTEXT((#222)) GLOBAL_UNIT_ASSIGNED_CONTEXT
((#219,#220,#221)) REPRESENTATION_CONTEXT('Context #1',
  '3D Context with UNIT and UNCERTAINTY') );
#219 = ( LENGTH_UNIT() NAMED_UNIT(*) SI_UNIT(.MILLI.,.METRE.) );
#220 = ( NAMED_UNIT(*) PLANE_ANGLE_UNIT() SI_UNIT($,.RADIAN.) );
#221 = ( NAMED_UNIT(*) SI_UNIT($,.STERADIAN.) SOLID_ANGLE_UNIT() );
#222 = UNCERTAINTY_MEASURE_WITH_UNIT(LENGTH_MEASURE(1.E-07),#219,
  'distance_accuracy_value','confusion accuracy');
#223 = CONTEXT_DEPENDENT_SHAPE_REPRESENTATION(#224,#226);
#224 = ( REPRESENTATION_RELATIONSHIP('','',#67,#44) 
REPRESENTATION_RELATIONSHIP_WITH_TRANSFORMATION(#225) 
SHAPE_REPRESENTATION_RELATIONSHIP() );
#225 = ITEM_DEFINED_TRANSFORMATION('','',#11,#45);
#226 = PRODUCT_DEFINITION_SHAPE('Placement','Placement of an item',#227
  );
#227 = NEXT_ASSEMBLY_USAGE_OCCURRENCE('1','MagneticRegion_1','',#39,#62,
  $);
#228 = PRODUCT_RELATED_PRODUCT_CATEGORY('part',$,(#64));
#229 = SHAPE_DEFINITION_REPRESENTATION(#230,#236);
#230 = PRODUCT_DEFINITION_SHAPE('','',#231);
#231 = PRODUCT_DEFINITION('design','',#232,#235);
#232 = PRODUCT_DEFINITION_FORMATION('','',#233);
#233 = PRODUCT('VacuumChamberAssembly','VacuumChamberAssembly','',(#234)
  );
#234 = PRODUCT_CONTEXT('',#2,'mechanical');
#235 = PRODUCT_DEFINITION_CONTEXT('part definition',#2,'design');
#236 = SHAPE_REPRESENTATION('',(#11,#237,#241),#245);
#237 = AXIS2_PLACEMENT_3D('',#238,#239,#240);
#238 = CARTESIAN_POINT('',(0.,0.,0.));
#239 = DIRECTION('',(0.,0.,1.));
#240 = DIRECTION('',(1.,0.,0.));
#241 = AXIS2_PLACEMENT_3D('',#242,#243,#244);
#242 = CARTESIAN_POINT('',(250.,250.,0.));
#243 = DIRECTION('',(0.,0.,1.));
#244 = DIRECTION('',(1.,0.,0.));
#245 = ( GEOMETRIC_REPRESENTATION_CONTEXT(3) 
GLOBAL_UNCERTAINTY_ASSIGNED_CONTEXT((#249)) GLOBAL_UNIT_ASSIGNED_CONTEXT
((#246,#247,#248)) REPRESENTATION_CONTEXT('Context #1',
  '3D Context with UNIT and UNCERTAINTY') );
#246 = ( LENGTH_UNIT() NAMED_UNIT(*) SI_UNIT(.MILLI.,.METRE.) );
#247 = ( NAMED_UNIT(*) PLANE_ANGLE_UNIT() SI_UNIT($,.RADIAN.) );
#248 = ( NAMED_UNIT(*) SI_UNIT($,.STERADIAN.) SOLID_ANGLE_UNIT() );
#249 = UNCERTAINTY_MEASURE_WITH_UNIT(LENGTH_MEASURE(1.E-07),#246,
  'distance_accuracy_value','confusion accuracy');
#250 = CONTEXT_DEPENDENT_SHAPE_REPRESENTATION(#251,#253);
#251 = ( REPRESENTATION_RELATIONSHIP('','',#236,#10) 
REPRESENTATION_RELATIONSHIP_WITH_TRANSFORMATION(#252) 
SHAPE_REPRESENTATION_RELATIONSHIP() );
#252 = ITEM_DEFINED_TRANSFORMATION('','',#11,#19);
#253 = PRODUCT_DEFINITION_SHAPE('Placement','Placement of an item',#254
  );
#254 = NEXT_ASSEMBLY_USAGE_OCCURRENCE('5','VacuumChamberAssembly','',#5,
  #231,$);
#255 = PRODUCT_RELATED_PRODUCT_CATEGORY('part',$,(#233));
#256 = SHAPE_DEFINITION_REPRESENTATION(#257,#263);
#257 = PRODUCT_DEFINITION_SHAPE('','',#258);
#258 = PRODUCT_DEFINITION('design','',#259,#262);
#259 = PRODUCT_DEFINITION_FORMATION('','',#260);
#260 = PRODUCT('VacuumChamber','VacuumChamber','',(#261));
#261 = PRODUCT_CONTEXT('',#2,'mechanical');
#262 = PRODUCT_DEFINITION_CONTEXT('part definition',#2,'design');
#263 = ADVANCED_BREP_SHAPE_REPRESENTATION('',(#11,#264),#601);
#264 = MANIFOLD_SOLID_BREP('',#265);
#265 = CLOSED_SHELL('',(#266,#306,#337,#361,#385,#413,#425,#450,#493,
    #524,#548,#572,#589));
#266 = ADVANCED_FACE('',(#267),#301,.F.);
#267 = FACE_BOUND('',#268,.F.);
#268 = EDGE_LOOP('',(#269,#279,#287,#295));
#269 = ORIENTED_EDGE('',*,*,#270,.F.);
#270 = EDGE_CURVE('',#271,#273,#275,.T.);
#271 = VERTEX_POINT('',#272);
#272 = CARTESIAN_POINT('',(0.,0.,0.));
#273 = VERTEX_POINT('',#274);
#274 = CARTESIAN_POINT('',(0.,0.,500.));
#275 = LINE('',#276,#277);
#276 = CARTESIAN_POINT('',(0.,0.,0.));
#277 = VECTOR('',#278,1.);
#278 = DIRECTION('',(0.,0.,1.));
#279 = ORIENTED_EDGE('',*,*,#280,.T.);
#280 = EDGE_CURVE('',#271,#281,#283,.T.);
#281 = VERTEX_POINT('',#282);
#282 = CARTESIAN_POINT('',(0.,500.,0.));
#283 = LINE('',#284,#285);
#284 = CARTESIAN_POINT('',(0.,0.,0.));
#285 = VECTOR('',#286,1.);
#286 = DIRECTION('',(0.,1.,0.));
#287 = ORIENTED_EDGE('',*,*,#288,.T.);
#288 = EDGE_CURVE('',#281,#289,#291,.T.);
#289 = VERTEX_POINT('',#290);
#290 = CARTESIAN_POINT('',(0.,500.,500.));
#291 = LINE('',#292,#293);
#292 = CARTESIAN_POINT('',(0.,500.,0.));
#293 = VECTOR('',#294,1.);
#294 = DIRECTION('',(0.,0.,1.));
#295 = ORIENTED_EDGE('',*,*,#296,.F.);
#296 = EDGE_CURVE('',#273,#289,#297,.T.);
#297 = LINE('',#298,#299);
#298 = CARTESIAN_POINT('',(0.,0.,500.));
#299 = VECTOR('',#300,1.);
#300 = DIRECTION('',(0.,1.,0.));
#301 = PLANE('',#302);
#302 = AXIS2_PLACEMENT_3D('',#303,#304,#305);
#303 = CARTESIAN_POINT('',(0.,0.,0.));
#304 = DIRECTION('',(1.,0.,0.));
#305 = DIRECTION('',(0.,0.,1.));
#306 = ADVANCED_FACE('',(#307),#332,.F.);
#307 = FACE_BOUND('',#308,.F.);
#308 = EDGE_LOOP('',(#309,#317,#318,#326));
#309 = ORIENTED_EDGE('',*,*,#310,.F.);
#310 = EDGE_CURVE('',#271,#311,#313,.T.);
#311 = VERTEX_POINT('',#312);
#312 = CARTESIAN_POINT('',(500.,0.,0.));
#313 = LINE('',#314,#315);
#314 = CARTESIAN_POINT('',(0.,0.,0.));
#315 = VECTOR('',#316,1.);
#316 = DIRECTION('',(1.,0.,0.));
#317 = ORIENTED_EDGE('',*,*,#270,.T.);
#318 = ORIENTED_EDGE('',*,*,#319,.T.);
#319 = EDGE_CURVE('',#273,#320,#322,.T.);
#320 = VERTEX_POINT('',#321);
#321 = CARTESIAN_POINT('',(500.,0.,500.));
#322 = LINE('',#323,#324);
#323 = CARTESIAN_POINT('',(0.,0.,500.));
#324 = VECTOR('',#325,1.);
#325 = DIRECTION('',(1.,0.,0.));
#326 = ORIENTED_EDGE('',*,*,#327,.F.);
#327 = EDGE_CURVE('',#311,#320,#328,.T.);
#328 = LINE('',#329,#330);
#329 = CARTESIAN_POINT('',(500.,0.,0.));
#330 = VECTOR('',#331,1.);
#331 = DIRECTION('',(0.,0.,1.));
#332 = PLANE('',#333);
#333 = AXIS2_PLACEMENT_3D('',#334,#335,#336);
#334 = CARTESIAN_POINT('',(0.,0.,0.));
#335 = DIRECTION('',(0.,1.,0.));
#336 = DIRECTION('',(0.,0.,1.));
#337 = ADVANCED_FACE('',(#338),#356,.T.);
#338 = FACE_BOUND('',#339,.T.);
#339 = EDGE_LOOP('',(#340,#341,#342,#350));
#340 = ORIENTED_EDGE('',*,*,#296,.F.);
#341 = ORIENTED_EDGE('',*,*,#319,.T.);
#342 = ORIENTED_EDGE('',*,*,#343,.T.);
#343 = EDGE_CURVE('',#320,#344,#346,.T.);
#344 = VERTEX_POINT('',#345);
#345 = CARTESIAN_POINT('',(500.,500.,500.));
#346 = LINE('',#347,#348);
#347 = CARTESIAN_POINT('',(500.,0.,500.));
#348 = VECTOR('',#349,1.);
#349 = DIRECTION('',(0.,1.,0.));
#350 = ORIENTED_EDGE('',*,*,#351,.F.);
#351 = EDGE_CURVE('',#289,#344,#352,.T.);
#352 = LINE('',#353,#354);
#353 = CARTESIAN_POINT('',(0.,500.,500.));
#354 = VECTOR('',#355,1.);
#355 = DIRECTION('',(1.,0.,0.));
#356 = PLANE('',#357);
#357 = AXIS2_PLACEMENT_3D('',#358,#359,#360);
#358 = CARTESIAN_POINT('',(0.,0.,500.));
#359 = DIRECTION('',(0.,0.,1.));
#360 = DIRECTION('',(1.,0.,0.));
#361 = ADVANCED_FACE('',(#362),#380,.T.);
#362 = FACE_BOUND('',#363,.T.);
#363 = EDGE_LOOP('',(#364,#372,#373,#374));
#364 = ORIENTED_EDGE('',*,*,#365,.F.);
#365 = EDGE_CURVE('',#281,#366,#368,.T.);
#366 = VERTEX_POINT('',#367);
#367 = CARTESIAN_POINT('',(500.,500.,0.));
#368 = LINE('',#369,#370);
#369 = CARTESIAN_POINT('',(0.,500.,0.));
#370 = VECTOR('',#371,1.);
#371 = DIRECTION('',(1.,0.,0.));
#372 = ORIENTED_EDGE('',*,*,#288,.T.);
#373 = ORIENTED_EDGE('',*,*,#351,.T.);
#374 = ORIENTED_EDGE('',*,*,#375,.F.);
#375 = EDGE_CURVE('',#366,#344,#376,.T.);
#376 = LINE('',#377,#378);
#377 = CARTESIAN_POINT('',(500.,500.,0.));
#378 = VECTOR('',#379,1.);
#379 = DIRECTION('',(0.,0.,1.));
#380 = PLANE('',#381);
#381 = AXIS2_PLACEMENT_3D('',#382,#383,#384);
#382 = CARTESIAN_POINT('',(0.,500.,0.));
#383 = DIRECTION('',(0.,1.,0.));
#384 = DIRECTION('',(0.,0.,1.));
#385 = ADVANCED_FACE('',(#386,#397),#408,.F.);
#386 = FACE_BOUND('',#387,.F.);
#387 = EDGE_LOOP('',(#388,#389,#390,#396));
#388 = ORIENTED_EDGE('',*,*,#280,.F.);
#389 = ORIENTED_EDGE('',*,*,#310,.T.);
#390 = ORIENTED_EDGE('',*,*,#391,.T.);
#391 = EDGE_CURVE('',#311,#366,#392,.T.);
#392 = LINE('',#393,#394);
#393 = CARTESIAN_POINT('',(500.,0.,0.));
#394 = VECTOR('',#395,1.);
#395 = DIRECTION('',(0.,1.,0.));
#396 = ORIENTED_EDGE('',*,*,#365,.F.);
#397 = FACE_BOUND('',#398,.F.);
#398 = EDGE_LOOP('',(#399));
#399 = ORIENTED_EDGE('',*,*,#400,.T.);
#400 = EDGE_CURVE('',#401,#401,#403,.T.);
#401 = VERTEX_POINT('',#402);
#402 = CARTESIAN_POINT('',(350.,250.,0.));
#403 = CIRCLE('',#404,100.);
#404 = AXIS2_PLACEMENT_3D('',#405,#406,#407);
#405 = CARTESIAN_POINT('',(250.,250.,0.));
#406 = DIRECTION('',(0.,0.,-1.));
#407 = DIRECTION('',(1.,0.,0.));
#408 = PLANE('',#409);
#409 = AXIS2_PLACEMENT_3D('',#410,#411,#412);
#410 = CARTESIAN_POINT('',(0.,0.,0.));
#411 = DIRECTION('',(0.,0.,1.));
#412 = DIRECTION('',(1.,0.,0.));
#413 = ADVANCED_FACE('',(#414),#420,.T.);
#414 = FACE_BOUND('',#415,.T.);
#415 = EDGE_LOOP('',(#416,#417,#418,#419));
#416 = ORIENTED_EDGE('',*,*,#327,.F.);
#417 = ORIENTED_EDGE('',*,*,#391,.T.);
#418 = ORIENTED_EDGE('',*,*,#375,.T.);
#419 = ORIENTED_EDGE('',*,*,#343,.F.);
#420 = PLANE('',#421);
#421 = AXIS2_PLACEMENT_3D('',#422,#423,#424);
#422 = CARTESIAN_POINT('',(500.,0.,0.));
#423 = DIRECTION('',(1.,0.,0.));
#424 = DIRECTION('',(0.,0.,1.));
#425 = ADVANCED_FACE('',(#426),#445,.F.);
#426 = FACE_BOUND('',#427,.T.);
#427 = EDGE_LOOP('',(#428,#429,#437,#444));
#428 = ORIENTED_EDGE('',*,*,#400,.T.);
#429 = ORIENTED_EDGE('',*,*,#430,.T.);
#430 = EDGE_CURVE('',#401,#431,#433,.T.);
#431 = VERTEX_POINT('',#432);
#432 = CARTESIAN_POINT('',(350.,250.,25.));
#433 = LINE('',#434,#435);
#434 = CARTESIAN_POINT('',(350.,250.,-10.));
#435 = VECTOR('',#436,1.);
#436 = DIRECTION('',(0.,0.,1.));
#437 = ORIENTED_EDGE('',*,*,#438,.F.);
#438 = EDGE_CURVE('',#431,#431,#439,.T.);
#439 = CIRCLE('',#440,100.);
#440 = AXIS2_PLACEMENT_3D('',#441,#442,#443);
#441 = CARTESIAN_POINT('',(250.,250.,25.));
#442 = DIRECTION('',(0.,0.,-1.));
#443 = DIRECTION('',(1.,0.,0.));
#444 = ORIENTED_EDGE('',*,*,#430,.F.);
#445 = CYLINDRICAL_SURFACE('',#446,100.);
#446 = AXIS2_PLACEMENT_3D('',#447,#448,#449);
#447 = CARTESIAN_POINT('',(250.,250.,-10.));
#448 = DIRECTION('',(-0.,-0.,-1.));
#449 = DIRECTION('',(1.,0.,0.));
#450 = ADVANCED_FACE('',(#451,#485),#488,.T.);
#451 = FACE_BOUND('',#452,.T.);
#452 = EDGE_LOOP('',(#453,#463,#471,#479));
#453 = ORIENTED_EDGE('',*,*,#454,.F.);
#454 = EDGE_CURVE('',#455,#457,#459,.T.);
#455 = VERTEX_POINT('',#456);
#456 = CARTESIAN_POINT('',(25.,25.,25.));
#457 = VERTEX_POINT('',#458);
#458 = CARTESIAN_POINT('',(25.,475.,25.));
#459 = LINE('',#460,#461);
#460 = CARTESIAN_POINT('',(25.,25.,25.));
#461 = VECTOR('',#462,1.);
#462 = DIRECTION('',(0.,1.,0.));
#463 = ORIENTED_EDGE('',*,*,#464,.T.);
#464 = EDGE_CURVE('',#455,#465,#467,.T.);
#465 = VERTEX_POINT('',#466);
#466 = CARTESIAN_POINT('',(475.,25.,25.));
#467 = LINE('',#468,#469);
#468 = CARTESIAN_POINT('',(25.,25.,25.));
#469 = VECTOR('',#470,1.);
#470 = DIRECTION('',(1.,0.,0.));
#471 = ORIENTED_EDGE('',*,*,#472,.T.);
#472 = EDGE_CURVE('',#465,#473,#475,.T.);
#473 = VERTEX_POINT('',#474);
#474 = CARTESIAN_POINT('',(475.,475.,25.));
#475 = LINE('',#476,#477);
#476 = CARTESIAN_POINT('',(475.,25.,25.));
#477 = VECTOR('',#478,1.);
#478 = DIRECTION('',(0.,1.,0.));
#479 = ORIENTED_EDGE('',*,*,#480,.F.);
#480 = EDGE_CURVE('',#457,#473,#481,.T.);
#481 = LINE('',#482,#483);
#482 = CARTESIAN_POINT('',(25.,475.,25.));
#483 = VECTOR('',#484,1.);
#484 = DIRECTION('',(1.,0.,0.));
#485 = FACE_BOUND('',#486,.T.);
#486 = EDGE_LOOP('',(#487));
#487 = ORIENTED_EDGE('',*,*,#438,.T.);
#488 = PLANE('',#489);
#489 = AXIS2_PLACEMENT_3D('',#490,#491,#492);
#490 = CARTESIAN_POINT('',(25.,25.,25.));
#491 = DIRECTION('',(0.,0.,1.));
#492 = DIRECTION('',(1.,0.,0.));
#493 = ADVANCED_FACE('',(#494),#519,.T.);
#494 = FACE_BOUND('',#495,.T.);
#495 = EDGE_LOOP('',(#496,#504,#505,#513));
#496 = ORIENTED_EDGE('',*,*,#497,.F.);
#497 = EDGE_CURVE('',#455,#498,#500,.T.);
#498 = VERTEX_POINT('',#499);
#499 = CARTESIAN_POINT('',(25.,25.,475.));
#500 = LINE('',#501,#502);
#501 = CARTESIAN_POINT('',(25.,25.,25.));
#502 = VECTOR('',#503,1.);
#503 = DIRECTION('',(0.,0.,1.));
#504 = ORIENTED_EDGE('',*,*,#454,.T.);
#505 = ORIENTED_EDGE('',*,*,#506,.T.);
#506 = EDGE_CURVE('',#457,#507,#509,.T.);
#507 = VERTEX_POINT('',#508);
#508 = CARTESIAN_POINT('',(25.,475.,475.));
#509 = LINE('',#510,#511);
#510 = CARTESIAN_POINT('',(25.,475.,25.));
#511 = VECTOR('',#512,1.);
#512 = DIRECTION('',(0.,0.,1.));
#513 = ORIENTED_EDGE('',*,*,#514,.F.);
#514 = EDGE_CURVE('',#498,#507,#515,.T.);
#515 = LINE('',#516,#517);
#516 = CARTESIAN_POINT('',(25.,25.,475.));
#517 = VECTOR('',#518,1.);
#518 = DIRECTION('',(0.,1.,0.));
#519 = PLANE('',#520);
#520 = AXIS2_PLACEMENT_3D('',#521,#522,#523);
#521 = CARTESIAN_POINT('',(25.,25.,25.));
#522 = DIRECTION('',(1.,0.,0.));
#523 = DIRECTION('',(0.,0.,1.));
#524 = ADVANCED_FACE('',(#525),#543,.F.);
#525 = FACE_BOUND('',#526,.F.);
#526 = EDGE_LOOP('',(#527,#528,#529,#537));
#527 = ORIENTED_EDGE('',*,*,#480,.F.);
#528 = ORIENTED_EDGE('',*,*,#506,.T.);
#529 = ORIENTED_EDGE('',*,*,#530,.T.);
#530 = EDGE_CURVE('',#507,#531,#533,.T.);
#531 = VERTEX_POINT('',#532);
#532 = CARTESIAN_POINT('',(475.,475.,475.));
#533 = LINE('',#534,#535);
#534 = CARTESIAN_POINT('',(25.,475.,475.));
#535 = VECTOR('',#536,1.);
#536 = DIRECTION('',(1.,0.,0.));
#537 = ORIENTED_EDGE('',*,*,#538,.F.);
#538 = EDGE_CURVE('',#473,#531,#539,.T.);
#539 = LINE('',#540,#541);
#540 = CARTESIAN_POINT('',(475.,475.,25.));
#541 = VECTOR('',#542,1.);
#542 = DIRECTION('',(0.,0.,1.));
#543 = PLANE('',#544);
#544 = AXIS2_PLACEMENT_3D('',#545,#546,#547);
#545 = CARTESIAN_POINT('',(25.,475.,25.));
#546 = DIRECTION('',(0.,1.,0.));
#547 = DIRECTION('',(0.,0.,1.));
#548 = ADVANCED_FACE('',(#549),#567,.T.);
#549 = FACE_BOUND('',#550,.T.);
#550 = EDGE_LOOP('',(#551,#552,#553,#561));
#551 = ORIENTED_EDGE('',*,*,#464,.F.);
#552 = ORIENTED_EDGE('',*,*,#497,.T.);
#553 = ORIENTED_EDGE('',*,*,#554,.T.);
#554 = EDGE_CURVE('',#498,#555,#557,.T.);
#555 = VERTEX_POINT('',#556);
#556 = CARTESIAN_POINT('',(475.,25.,475.));
#557 = LINE('',#558,#559);
#558 = CARTESIAN_POINT('',(25.,25.,475.));
#559 = VECTOR('',#560,1.);
#560 = DIRECTION('',(1.,0.,0.));
#561 = ORIENTED_EDGE('',*,*,#562,.F.);
#562 = EDGE_CURVE('',#465,#555,#563,.T.);
#563 = LINE('',#564,#565);
#564 = CARTESIAN_POINT('',(475.,25.,25.));
#565 = VECTOR('',#566,1.);
#566 = DIRECTION('',(0.,0.,1.));
#567 = PLANE('',#568);
#568 = AXIS2_PLACEMENT_3D('',#569,#570,#571);
#569 = CARTESIAN_POINT('',(25.,25.,25.));
#570 = DIRECTION('',(0.,1.,0.));
#571 = DIRECTION('',(0.,0.,1.));
#572 = ADVANCED_FACE('',(#573),#584,.F.);
#573 = FACE_BOUND('',#574,.F.);
#574 = EDGE_LOOP('',(#575,#576,#577,#578));
#575 = ORIENTED_EDGE('',*,*,#562,.F.);
#576 = ORIENTED_EDGE('',*,*,#472,.T.);
#577 = ORIENTED_EDGE('',*,*,#538,.T.);
#578 = ORIENTED_EDGE('',*,*,#579,.F.);
#579 = EDGE_CURVE('',#555,#531,#580,.T.);
#580 = LINE('',#581,#582);
#581 = CARTESIAN_POINT('',(475.,25.,475.));
#582 = VECTOR('',#583,1.);
#583 = DIRECTION('',(0.,1.,0.));
#584 = PLANE('',#585);
#585 = AXIS2_PLACEMENT_3D('',#586,#587,#588);
#586 = CARTESIAN_POINT('',(475.,25.,25.));
#587 = DIRECTION('',(1.,0.,0.));
#588 = DIRECTION('',(0.,0.,1.));
#589 = ADVANCED_FACE('',(#590),#596,.F.);
#590 = FACE_BOUND('',#591,.F.);
#591 = EDGE_LOOP('',(#592,#593,#594,#595));
#592 = ORIENTED_EDGE('',*,*,#514,.F.);
#593 = ORIENTED_EDGE('',*,*,#554,.T.);
#594 = ORIENTED_EDGE('',*,*,#579,.T.);
#595 = ORIENTED_EDGE('',*,*,#530,.F.);
#596 = PLANE('',#597);
#597 = AXIS2_PLACEMENT_3D('',#598,#599,#600);
#598 = CARTESIAN_POINT('',(25.,25.,475.));
#599 = DIRECTION('',(0.,0.,1.));
#600 = DIRECTION('',(1.,0.,0.));
#601 = ( GEOMETRIC_REPRESENTATION_CONTEXT(3) 
GLOBAL_UNCERTAINTY_ASSIGNED_CONTEXT((#605)) GLOBAL_UNIT_ASSIGNED_CONTEXT
((#602,#603,#604)) REPRESENTATION_CONTEXT('Context #1',
  '3D Context with UNIT and UNCERTAINTY') );
#602 = ( LENGTH_UNIT() NAMED_UNIT(*) SI_UNIT(.MILLI.,.METRE.) );
#603 = ( NAMED_UNIT(*) PLANE_ANGLE_UNIT() SI_UNIT($,.RADIAN.) );
#604 = ( NAMED_UNIT(*) SI_UNIT($,.STERADIAN.) SOLID_ANGLE_UNIT() );
#605 = UNCERTAINTY_MEASURE_WITH_UNIT(LENGTH_MEASURE(1.E-07),#602,
  'distance_accuracy_value','confusion accuracy');
#606 = CONTEXT_DEPENDENT_SHAPE_REPRESENTATION(#607,#609);
#607 = ( REPRESENTATION_RELATIONSHIP('','',#263,#236) 
REPRESENTATION_RELATIONSHIP_WITH_TRANSFORMATION(#608) 
SHAPE_REPRESENTATION_RELATIONSHIP() );
#608 = ITEM_DEFINED_TRANSFORMATION('','',#11,#237);
#609 = PRODUCT_DEFINITION_SHAPE('Placement','Placement of an item',#610
  );
#610 = NEXT_ASSEMBLY_USAGE_OCCURRENCE('3','VacuumChamber','',#231,#258,$
  );
#611 = PRODUCT_RELATED_PRODUCT_CATEGORY('part',$,(#260));
#612 = SHAPE_DEFINITION_REPRESENTATION(#613,#619);
#613 = PRODUCT_DEFINITION_SHAPE('','',#614);
#614 = PRODUCT_DEFINITION('design','',#615,#618);
#615 = PRODUCT_DEFINITION_FORMATION('','',#616);
#616 = PRODUCT('Window','Window','',(#617));
#617 = PRODUCT_CONTEXT('',#2,'mechanical');
#618 = PRODUCT_DEFINITION_CONTEXT('part definition',#2,'design');
#619 = ADVANCED_BREP_SHAPE_REPRESENTATION('',(#11,#620),#673);
#620 = MANIFOLD_SOLID_BREP('',#621);
#621 = CLOSED_SHELL('',(#622,#655,#664));
#622 = ADVANCED_FACE('',(#623),#650,.T.);
#623 = FACE_BOUND('',#624,.F.);
#624 = EDGE_LOOP('',(#625,#635,#642,#643));
#625 = ORIENTED_EDGE('',*,*,#626,.T.);
#626 = EDGE_CURVE('',#627,#629,#631,.T.);
#627 = VERTEX_POINT('',#628);
#628 = CARTESIAN_POINT('',(99.6,-2.4E-14,0.));
#629 = VERTEX_POINT('',#630);
#630 = CARTESIAN_POINT('',(99.6,-2.4E-14,12.5));
#631 = LINE('',#632,#633);
#632 = CARTESIAN_POINT('',(99.6,-2.439E-14,0.));
#633 = VECTOR('',#634,1.);
#634 = DIRECTION('',(0.,0.,1.));
#635 = ORIENTED_EDGE('',*,*,#636,.T.);
#636 = EDGE_CURVE('',#629,#629,#637,.T.);
#637 = CIRCLE('',#638,99.6);
#638 = AXIS2_PLACEMENT_3D('',#639,#640,#641);
#639 = CARTESIAN_POINT('',(0.,0.,12.5));
#640 = DIRECTION('',(0.,0.,1.));
#641 = DIRECTION('',(1.,0.,0.));
#642 = ORIENTED_EDGE('',*,*,#626,.F.);
#643 = ORIENTED_EDGE('',*,*,#644,.F.);
#644 = EDGE_CURVE('',#627,#627,#645,.T.);
#645 = CIRCLE('',#646,99.6);
#646 = AXIS2_PLACEMENT_3D('',#647,#648,#649);
#647 = CARTESIAN_POINT('',(0.,0.,0.));
#648 = DIRECTION('',(0.,0.,1.));
#649 = DIRECTION('',(1.,0.,-0.));
#650 = CYLINDRICAL_SURFACE('',#651,99.6);
#651 = AXIS2_PLACEMENT_3D('',#652,#653,#654);
#652 = CARTESIAN_POINT('',(0.,0.,0.));
#653 = DIRECTION('',(-0.,-0.,-1.));
#654 = DIRECTION('',(1.,0.,-0.));
#655 = ADVANCED_FACE('',(#656),#659,.F.);
#656 = FACE_BOUND('',#657,.T.);
#657 = EDGE_LOOP('',(#658));
#658 = ORIENTED_EDGE('',*,*,#644,.F.);
#659 = PLANE('',#660);
#660 = AXIS2_PLACEMENT_3D('',#661,#662,#663);
#661 = CARTESIAN_POINT('',(0.,0.,0.));
#662 = DIRECTION('',(0.,0.,1.));
#663 = DIRECTION('',(1.,0.,-0.));
#664 = ADVANCED_FACE('',(#665),#668,.T.);
#665 = FACE_BOUND('',#666,.F.);
#666 = EDGE_LOOP('',(#667));
#667 = ORIENTED_EDGE('',*,*,#636,.F.);
#668 = PLANE('',#669);
#669 = AXIS2_PLACEMENT_3D('',#670,#671,#672);
#670 = CARTESIAN_POINT('',(0.,0.,12.5));
#671 = DIRECTION('',(0.,0.,1.));
#672 = DIRECTION('',(1.,0.,0.));
#673 = ( GEOMETRIC_REPRESENTATION_CONTEXT(3) 
GLOBAL_UNCERTAINTY_ASSIGNED_CONTEXT((#677)) GLOBAL_UNIT_ASSIGNED_CONTEXT
((#674,#675,#676)) REPRESENTATION_CONTEXT('Context #1',
  '3D Context with UNIT and UNCERTAINTY') );
#674 = ( LENGTH_UNIT() NAMED_UNIT(*) SI_UNIT(.MILLI.,.METRE.) );
#675 = ( NAMED_UNIT(*) PLANE_ANGLE_UNIT() SI_UNIT($,.RADIAN.) );
#676 = ( NAMED_UNIT(*) SI_UNIT($,.STERADIAN.) SOLID_ANGLE_UNIT() );
#677 = UNCERTAINTY_MEASURE_WITH_UNIT(LENGTH_MEASURE(1.E-07),#674,
  'distance_accuracy_value','confusion accuracy');
#678 = CONTEXT_DEPENDENT_SHAPE_REPRESENTATION(#679,#681);
#679 = ( REPRESENTATION_RELATIONSHIP('','',#619,#236) 
REPRESENTATION_RELATIONSHIP_WITH_TRANSFORMATION(#680) 
SHAPE_REPRESENTATION_RELATIONSHIP() );
#680 = ITEM_DEFINED_TRANSFORMATION('','',#11,#241);
#681 = PRODUCT_DEFINITION_SHAPE('Placement','Placement of an item',#682
  );
#682 = NEXT_ASSEMBLY_USAGE_OCCURRENCE('4','Window','',#231,#614,$);
#683 = PRODUCT_RELATED_PRODUCT_CATEGORY('part',$,(#616));
#684 = SHAPE_DEFINITION_REPRESENTATION(#685,#691);
#685 = PRODUCT_DEFINITION_SHAPE('','',#686);
#686 = PRODUCT_DEFINITION('design','',#687,#690);
#687 = PRODUCT_DEFINITION_FORMATION('','',#688);
#688 = PRODUCT('Building','Building','',(#689));
#689 = PRODUCT_CONTEXT('',#2,'mechanical');
#690 = PRODUCT_DEFINITION_CONTEXT('part definition',#2,'design');
#691 = SHAPE_REPRESENTATION('',(#11,#692,#696,#700,#704,#708,#712),#716
  );
#692 = AXIS2_PLACEMENT_3D('',#693,#694,#695);
#693 = CARTESIAN_POINT('',(0.,0.,0.));
#694 = DIRECTION('',(0.,0.,1.));
#695 = DIRECTION('',(1.,0.,0.));
#696 = AXIS2_PLACEMENT_3D('',#697,#698,#699);
#697 = CARTESIAN_POINT('',(0.,0.,4.15036E+03));
#698 = DIRECTION('',(0.,0.,1.));
#699 = DIRECTION('',(1.,0.,0.));
#700 = AXIS2_PLACEMENT_3D('',#701,#702,#703);
#701 = CARTESIAN_POINT('',(0.,0.,0.));
#702 = DIRECTION('',(0.,0.,1.));
#703 = DIRECTION('',(1.,0.,0.));
#704 = AXIS2_PLACEMENT_3D('',#705,#706,#707);
#705 = CARTESIAN_POINT('',(0.,0.,0.));
#706 = DIRECTION('',(0.,0.,1.));
#707 = DIRECTION('',(1.,0.,0.));
#708 = AXIS2_PLACEMENT_3D('',#709,#710,#711);
#709 = CARTESIAN_POINT('',(0.,0.,0.));
#710 = DIRECTION('',(0.,0.,1.));
#711 = DIRECTION('',(1.,0.,0.));
#712 = AXIS2_PLACEMENT_3D('',#713,#714,#715);
#713 = CARTESIAN_POINT('',(1.219101E+03,2.6085688E+04,-254.007));
#714 = DIRECTION('',(0.,0.,-1.));
#715 = DIRECTION('',(1.,0.,0.));
#716 = ( GEOMETRIC_REPRESENTATION_CONTEXT(3) 
GLOBAL_UNCERTAINTY_ASSIGNED_CONTEXT((#720)) GLOBAL_UNIT_ASSIGNED_CONTEXT
((#717,#718,#719)) REPRESENTATION_CONTEXT('Context #1',
  '3D Context with UNIT and UNCERTAINTY') );
#717 = ( LENGTH_UNIT() NAMED_UNIT(*) SI_UNIT(.MILLI.,.METRE.) );
#718 = ( NAMED_UNIT(*) PLANE_ANGLE_UNIT() SI_UNIT($,.RADIAN.) );
#719 = ( NAMED_UNIT(*) SI_UNIT($,.STERADIAN.) SOLID_ANGLE_UNIT() );
#720 = UNCERTAINTY_MEASURE_WITH_UNIT(LENGTH_MEASURE(5.E-03),#717,
  'distance_accuracy_value','confusion accuracy');
#721 = CONTEXT_DEPENDENT_SHAPE_REPRESENTATION(#722,#724);
#722 = ( REPRESENTATION_RELATIONSHIP('','',#691,#10) 
REPRESENTATION_RELATIONSHIP_WITH_TRANSFORMATION(#723) 
SHAPE_REPRESENTATION_RELATIONSHIP() );
#723 = ITEM_DEFINED_TRANSFORMATION('','',#11,#23);
#724 = PRODUCT_DEFINITION_SHAPE('Placement','Placement of an item',#725
  );
#725 = NEXT_ASSEMBLY_USAGE_OCCURRENCE('18','Building','',#5,#686,$);
#726 = PRODUCT_RELATED_PRODUCT_CATEGORY('part',$,(#688));
#727 = SHAPE_DEFINITION_REPRESENTATION(#728,#734);
#728 = PRODUCT_DEFINITION_SHAPE('','',#729);
#729 = PRODUCT_DEFINITION('design','',#730,#733);
#730 = PRODUCT_DEFINITION_FORMATION('','',#731);
#731 = PRODUCT('FirstFloor','FirstFloor','',(#732));
#732 = PRODUCT_CONTEXT('',#2,'mechanical');
#733 = PRODUCT_DEFINITION_CONTEXT('part definition',#2,'design');
#734 = ADVANCED_BREP_SHAPE_REPRESENTATION('',(#11,#735),#1314);
#735 = MANIFOLD_SOLID_BREP('',#736);
#736 = CLOSED_SHELL('',(#737,#777,#808,#839,#870,#901,#932,#963,#994,
    #1025,#1056,#1087,#1118,#1149,#1180,#1220,#1242,#1272,#1302));
#737 = ADVANCED_FACE('',(#738),#772,.T.);
#738 = FACE_BOUND('',#739,.T.);
#739 = EDGE_LOOP('',(#740,#750,#758,#766));
#740 = ORIENTED_EDGE('',*,*,#741,.T.);
#741 = EDGE_CURVE('',#742,#744,#746,.T.);
#742 = VERTEX_POINT('',#743);
#743 = CARTESIAN_POINT('',(1.34112E+04,1.58496E+04,0.));
#744 = VERTEX_POINT('',#745);
#745 = CARTESIAN_POINT('',(1.34112E+04,1.58496E+04,-254.));
#746 = LINE('',#747,#748);
#747 = CARTESIAN_POINT('',(1.34112E+04,1.58496E+04,0.));
#748 = VECTOR('',#749,1.);
#749 = DIRECTION('',(-0.,-0.,-1.));
#750 = ORIENTED_EDGE('',*,*,#751,.T.);
#751 = EDGE_CURVE('',#744,#752,#754,.T.);
#752 = VERTEX_POINT('',#753);
#753 = CARTESIAN_POINT('',(1.34112E+04,2.80416E+04,-254.));
#754 = LINE('',#755,#756);
#755 = CARTESIAN_POINT('',(1.34112E+04,1.58496E+04,-254.));
#756 = VECTOR('',#757,1.);
#757 = DIRECTION('',(0.,1.,0.));
#758 = ORIENTED_EDGE('',*,*,#759,.F.);
#759 = EDGE_CURVE('',#760,#752,#762,.T.);
#760 = VERTEX_POINT('',#761);
#761 = CARTESIAN_POINT('',(1.34112E+04,2.80416E+04,0.));
#762 = LINE('',#763,#764);
#763 = CARTESIAN_POINT('',(1.34112E+04,2.80416E+04,0.));
#764 = VECTOR('',#765,1.);
#765 = DIRECTION('',(-0.,-0.,-1.));
#766 = ORIENTED_EDGE('',*,*,#767,.F.);
#767 = EDGE_CURVE('',#742,#760,#768,.T.);
#768 = LINE('',#769,#770);
#769 = CARTESIAN_POINT('',(1.34112E+04,1.58496E+04,0.));
#770 = VECTOR('',#771,1.);
#771 = DIRECTION('',(0.,1.,0.));
#772 = PLANE('',#773);
#773 = AXIS2_PLACEMENT_3D('',#774,#775,#776);
#774 = CARTESIAN_POINT('',(1.34112E+04,1.58496E+04,0.));
#775 = DIRECTION('',(1.,0.,0.));
#776 = DIRECTION('',(-0.,1.,0.));
#777 = ADVANCED_FACE('',(#778),#803,.F.);
#778 = FACE_BOUND('',#779,.F.);
#779 = EDGE_LOOP('',(#780,#781,#789,#797));
#780 = ORIENTED_EDGE('',*,*,#741,.T.);
#781 = ORIENTED_EDGE('',*,*,#782,.T.);
#782 = EDGE_CURVE('',#744,#783,#785,.T.);
#783 = VERTEX_POINT('',#784);
#784 = CARTESIAN_POINT('',(1.46304E+04,1.58496E+04,-254.));
#785 = LINE('',#786,#787);
#786 = CARTESIAN_POINT('',(1.34112E+04,1.58496E+04,-254.));
#787 = VECTOR('',#788,1.);
#788 = DIRECTION('',(1.,0.,0.));
#789 = ORIENTED_EDGE('',*,*,#790,.F.);
#790 = EDGE_CURVE('',#791,#783,#793,.T.);
#791 = VERTEX_POINT('',#792);
#792 = CARTESIAN_POINT('',(1.46304E+04,1.58496E+04,0.));
#793 = LINE('',#794,#795);
#794 = CARTESIAN_POINT('',(1.46304E+04,1.58496E+04,0.));
#795 = VECTOR('',#796,1.);
#796 = DIRECTION('',(-0.,-0.,-1.));
#797 = ORIENTED_EDGE('',*,*,#798,.F.);
#798 = EDGE_CURVE('',#742,#791,#799,.T.);
#799 = LINE('',#800,#801);
#800 = CARTESIAN_POINT('',(1.34112E+04,1.58496E+04,0.));
#801 = VECTOR('',#802,1.);
#802 = DIRECTION('',(1.,0.,0.));
#803 = PLANE('',#804);
#804 = AXIS2_PLACEMENT_3D('',#805,#806,#807);
#805 = CARTESIAN_POINT('',(1.34112E+04,1.58496E+04,0.));
#806 = DIRECTION('',(0.,-1.,0.));
#807 = DIRECTION('',(1.,0.,0.));
#808 = ADVANCED_FACE('',(#809),#834,.F.);
#809 = FACE_BOUND('',#810,.F.);
#810 = EDGE_LOOP('',(#811,#812,#820,#828));
#811 = ORIENTED_EDGE('',*,*,#790,.T.);
#812 = ORIENTED_EDGE('',*,*,#813,.T.);
#813 = EDGE_CURVE('',#783,#814,#816,.T.);
#814 = VERTEX_POINT('',#815);
#815 = CARTESIAN_POINT('',(1.46304E+04,-1.46304E+04,-254.));
#816 = LINE('',#817,#818);
#817 = CARTESIAN_POINT('',(1.46304E+04,1.58496E+04,-254.));
#818 = VECTOR('',#819,1.);
#819 = DIRECTION('',(-6.E-17,-1.,0.));
#820 = ORIENTED_EDGE('',*,*,#821,.F.);
#821 = EDGE_CURVE('',#822,#814,#824,.T.);
#822 = VERTEX_POINT('',#823);
#823 = CARTESIAN_POINT('',(1.46304E+04,-1.46304E+04,0.));
#824 = LINE('',#825,#826);
#825 = CARTESIAN_POINT('',(1.46304E+04,-1.46304E+04,0.));
#826 = VECTOR('',#827,1.);
#827 = DIRECTION('',(-0.,-0.,-1.));
#828 = ORIENTED_EDGE('',*,*,#829,.F.);
#829 = EDGE_CURVE('',#791,#822,#830,.T.);
#830 = LINE('',#831,#832);
#831 = CARTESIAN_POINT('',(1.46304E+04,1.58496E+04,0.));
#832 = VECTOR('',#833,1.);
#833 = DIRECTION('',(-6.E-17,-1.,0.));
#834 = PLANE('',#835);
#835 = AXIS2_PLACEMENT_3D('',#836,#837,#838);
#836 = CARTESIAN_POINT('',(1.46304E+04,1.58496E+04,0.));
#837 = DIRECTION('',(-1.,6.E-17,0.));
#838 = DIRECTION('',(-6.E-17,-1.,0.));
#839 = ADVANCED_FACE('',(#840),#865,.F.);
#840 = FACE_BOUND('',#841,.F.);
#841 = EDGE_LOOP('',(#842,#843,#851,#859));
#842 = ORIENTED_EDGE('',*,*,#821,.T.);
#843 = ORIENTED_EDGE('',*,*,#844,.T.);
#844 = EDGE_CURVE('',#814,#845,#847,.T.);
#845 = VERTEX_POINT('',#846);
#846 = CARTESIAN_POINT('',(1.34112E+04,-1.46304E+04,-254.));
#847 = LINE('',#848,#849);
#848 = CARTESIAN_POINT('',(1.46304E+04,-1.46304E+04,-254.));
#849 = VECTOR('',#850,1.);
#850 = DIRECTION('',(-1.,0.,0.));
#851 = ORIENTED_EDGE('',*,*,#852,.F.);
#852 = EDGE_CURVE('',#853,#845,#855,.T.);
#853 = VERTEX_POINT('',#854);
#854 = CARTESIAN_POINT('',(1.34112E+04,-1.46304E+04,0.));
#855 = LINE('',#856,#857);
#856 = CARTESIAN_POINT('',(1.34112E+04,-1.46304E+04,0.));
#857 = VECTOR('',#858,1.);
#858 = DIRECTION('',(-0.,-0.,-1.));
#859 = ORIENTED_EDGE('',*,*,#860,.F.);
#860 = EDGE_CURVE('',#822,#853,#861,.T.);
#861 = LINE('',#862,#863);
#862 = CARTESIAN_POINT('',(1.46304E+04,-1.46304E+04,0.));
#863 = VECTOR('',#864,1.);
#864 = DIRECTION('',(-1.,0.,0.));
#865 = PLANE('',#866);
#866 = AXIS2_PLACEMENT_3D('',#867,#868,#869);
#867 = CARTESIAN_POINT('',(1.46304E+04,-1.46304E+04,0.));
#868 = DIRECTION('',(0.,1.,0.));
#869 = DIRECTION('',(-1.,0.,0.));
#870 = ADVANCED_FACE('',(#871),#896,.F.);
#871 = FACE_BOUND('',#872,.F.);
#872 = EDGE_LOOP('',(#873,#874,#882,#890));
#873 = ORIENTED_EDGE('',*,*,#852,.T.);
#874 = ORIENTED_EDGE('',*,*,#875,.T.);
#875 = EDGE_CURVE('',#845,#876,#878,.T.);
#876 = VERTEX_POINT('',#877);
#877 = CARTESIAN_POINT('',(1.34112E+04,-2.80416E+04,-254.));
#878 = LINE('',#879,#880);
#879 = CARTESIAN_POINT('',(1.34112E+04,-1.46304E+04,-254.));
#880 = VECTOR('',#881,1.);
#881 = DIRECTION('',(0.,-1.,0.));
#882 = ORIENTED_EDGE('',*,*,#883,.F.);
#883 = EDGE_CURVE('',#884,#876,#886,.T.);
#884 = VERTEX_POINT('',#885);
#885 = CARTESIAN_POINT('',(1.34112E+04,-2.80416E+04,0.));
#886 = LINE('',#887,#888);
#887 = CARTESIAN_POINT('',(1.34112E+04,-2.80416E+04,0.));
#888 = VECTOR('',#889,1.);
#889 = DIRECTION('',(-0.,-0.,-1.));
#890 = ORIENTED_EDGE('',*,*,#891,.F.);
#891 = EDGE_CURVE('',#853,#884,#892,.T.);
#892 = LINE('',#893,#894);
#893 = CARTESIAN_POINT('',(1.34112E+04,-1.46304E+04,0.));
#894 = VECTOR('',#895,1.);
#895 = DIRECTION('',(0.,-1.,0.));
#896 = PLANE('',#897);
#897 = AXIS2_PLACEMENT_3D('',#898,#899,#900);
#898 = CARTESIAN_POINT('',(1.34112E+04,-1.46304E+04,0.));
#899 = DIRECTION('',(-1.,0.,0.));
#900 = DIRECTION('',(0.,-1.,0.));
#901 = ADVANCED_FACE('',(#902),#927,.F.);
#902 = FACE_BOUND('',#903,.F.);
#903 = EDGE_LOOP('',(#904,#905,#913,#921));
#904 = ORIENTED_EDGE('',*,*,#883,.T.);
#905 = ORIENTED_EDGE('',*,*,#906,.T.);
#906 = EDGE_CURVE('',#876,#907,#909,.T.);
#907 = VERTEX_POINT('',#908);
#908 = CARTESIAN_POINT('',(1.2192E+03,-2.80416E+04,-254.));
#909 = LINE('',#910,#911);
#910 = CARTESIAN_POINT('',(1.34112E+04,-2.80416E+04,-254.));
#911 = VECTOR('',#912,1.);
#912 = DIRECTION('',(-1.,0.,0.));
#913 = ORIENTED_EDGE('',*,*,#914,.F.);
#914 = EDGE_CURVE('',#915,#907,#917,.T.);
#915 = VERTEX_POINT('',#916);
#916 = CARTESIAN_POINT('',(1.2192E+03,-2.80416E+04,0.));
#917 = LINE('',#918,#919);
#918 = CARTESIAN_POINT('',(1.2192E+03,-2.80416E+04,0.));
#919 = VECTOR('',#920,1.);
#920 = DIRECTION('',(-0.,-0.,-1.));
#921 = ORIENTED_EDGE('',*,*,#922,.F.);
#922 = EDGE_CURVE('',#884,#915,#923,.T.);
#923 = LINE('',#924,#925);
#924 = CARTESIAN_POINT('',(1.34112E+04,-2.80416E+04,0.));
#925 = VECTOR('',#926,1.);
#926 = DIRECTION('',(-1.,0.,0.));
#927 = PLANE('',#928);
#928 = AXIS2_PLACEMENT_3D('',#929,#930,#931);
#929 = CARTESIAN_POINT('',(1.34112E+04,-2.80416E+04,0.));
#930 = DIRECTION('',(0.,1.,0.));
#931 = DIRECTION('',(-1.,0.,0.));
#932 = ADVANCED_FACE('',(#933),#958,.F.);
#933 = FACE_BOUND('',#934,.F.);
#934 = EDGE_LOOP('',(#935,#936,#944,#952));
#935 = ORIENTED_EDGE('',*,*,#914,.T.);
#936 = ORIENTED_EDGE('',*,*,#937,.T.);
#937 = EDGE_CURVE('',#907,#938,#940,.T.);
#938 = VERTEX_POINT('',#939);
#939 = CARTESIAN_POINT('',(1.2192E+03,-2.92608E+04,-254.));
#940 = LINE('',#941,#942);
#941 = CARTESIAN_POINT('',(1.2192E+03,-2.80416E+04,-254.));
#942 = VECTOR('',#943,1.);
#943 = DIRECTION('',(0.,-1.,0.));
#944 = ORIENTED_EDGE('',*,*,#945,.F.);
#945 = EDGE_CURVE('',#946,#938,#948,.T.);
#946 = VERTEX_POINT('',#947);
#947 = CARTESIAN_POINT('',(1.2192E+03,-2.92608E+04,0.));
#948 = LINE('',#949,#950);
#949 = CARTESIAN_POINT('',(1.2192E+03,-2.92608E+04,0.));
#950 = VECTOR('',#951,1.);
#951 = DIRECTION('',(-0.,-0.,-1.));
#952 = ORIENTED_EDGE('',*,*,#953,.F.);
#953 = EDGE_CURVE('',#915,#946,#954,.T.);
#954 = LINE('',#955,#956);
#955 = CARTESIAN_POINT('',(1.2192E+03,-2.80416E+04,0.));
#956 = VECTOR('',#957,1.);
#957 = DIRECTION('',(0.,-1.,0.));
#958 = PLANE('',#959);
#959 = AXIS2_PLACEMENT_3D('',#960,#961,#962);
#960 = CARTESIAN_POINT('',(1.2192E+03,-2.80416E+04,0.));
#961 = DIRECTION('',(-1.,0.,0.));
#962 = DIRECTION('',(0.,-1.,0.));
#963 = ADVANCED_FACE('',(#964),#989,.F.);
#964 = FACE_BOUND('',#965,.F.);
#965 = EDGE_LOOP('',(#966,#967,#975,#983));
#966 = ORIENTED_EDGE('',*,*,#945,.T.);
#967 = ORIENTED_EDGE('',*,*,#968,.T.);
#968 = EDGE_CURVE('',#938,#969,#971,.T.);
#969 = VERTEX_POINT('',#970);
#970 = CARTESIAN_POINT('',(-4.8768E+03,-2.92608E+04,-254.));
#971 = LINE('',#972,#973);
#972 = CARTESIAN_POINT('',(1.2192E+03,-2.92608E+04,-254.));
#973 = VECTOR('',#974,1.);
#974 = DIRECTION('',(-1.,0.,0.));
#975 = ORIENTED_EDGE('',*,*,#976,.F.);
#976 = EDGE_CURVE('',#977,#969,#979,.T.);
#977 = VERTEX_POINT('',#978);
#978 = CARTESIAN_POINT('',(-4.8768E+03,-2.92608E+04,0.));
#979 = LINE('',#980,#981);
#980 = CARTESIAN_POINT('',(-4.8768E+03,-2.92608E+04,0.));
#981 = VECTOR('',#982,1.);
#982 = DIRECTION('',(-0.,-0.,-1.));
#983 = ORIENTED_EDGE('',*,*,#984,.F.);
#984 = EDGE_CURVE('',#946,#977,#985,.T.);
#985 = LINE('',#986,#987);
#986 = CARTESIAN_POINT('',(1.2192E+03,-2.92608E+04,0.));
#987 = VECTOR('',#988,1.);
#988 = DIRECTION('',(-1.,0.,0.));
#989 = PLANE('',#990);
#990 = AXIS2_PLACEMENT_3D('',#991,#992,#993);
#991 = CARTESIAN_POINT('',(1.2192E+03,-2.92608E+04,0.));
#992 = DIRECTION('',(0.,1.,0.));
#993 = DIRECTION('',(-1.,0.,0.));
#994 = ADVANCED_FACE('',(#995),#1020,.F.);
#995 = FACE_BOUND('',#996,.F.);
#996 = EDGE_LOOP('',(#997,#998,#1006,#1014));
#997 = ORIENTED_EDGE('',*,*,#976,.T.);
#998 = ORIENTED_EDGE('',*,*,#999,.T.);
#999 = EDGE_CURVE('',#969,#1000,#1002,.T.);
#1000 = VERTEX_POINT('',#1001);
#1001 = CARTESIAN_POINT('',(-6.096E+03,-2.80416E+04,-254.));
#1002 = LINE('',#1003,#1004);
#1003 = CARTESIAN_POINT('',(-4.8768E+03,-2.92608E+04,-254.));
#1004 = VECTOR('',#1005,1.);
#1005 = DIRECTION('',(-0.707106781187,0.707106781187,0.));
#1006 = ORIENTED_EDGE('',*,*,#1007,.F.);
#1007 = EDGE_CURVE('',#1008,#1000,#1010,.T.);
#1008 = VERTEX_POINT('',#1009);
#1009 = CARTESIAN_POINT('',(-6.096E+03,-2.80416E+04,0.));
#1010 = LINE('',#1011,#1012);
#1011 = CARTESIAN_POINT('',(-6.096E+03,-2.80416E+04,0.));
#1012 = VECTOR('',#1013,1.);
#1013 = DIRECTION('',(-0.,-0.,-1.));
#1014 = ORIENTED_EDGE('',*,*,#1015,.F.);
#1015 = EDGE_CURVE('',#977,#1008,#1016,.T.);
#1016 = LINE('',#1017,#1018);
#1017 = CARTESIAN_POINT('',(-4.8768E+03,-2.92608E+04,0.));
#1018 = VECTOR('',#1019,1.);
#1019 = DIRECTION('',(-0.707106781187,0.707106781187,0.));
#1020 = PLANE('',#1021);
#1021 = AXIS2_PLACEMENT_3D('',#1022,#1023,#1024);
#1022 = CARTESIAN_POINT('',(-4.8768E+03,-2.92608E+04,0.));
#1023 = DIRECTION('',(0.707106781187,0.707106781187,0.));
#1024 = DIRECTION('',(-0.707106781187,0.707106781187,0.));
#1025 = ADVANCED_FACE('',(#1026),#1051,.T.);
#1026 = FACE_BOUND('',#1027,.T.);
#1027 = EDGE_LOOP('',(#1028,#1038,#1044,#1045));
#1028 = ORIENTED_EDGE('',*,*,#1029,.T.);
#1029 = EDGE_CURVE('',#1030,#1032,#1034,.T.);
#1030 = VERTEX_POINT('',#1031);
#1031 = CARTESIAN_POINT('',(-9.7536E+03,-2.80416E+04,0.));
#1032 = VERTEX_POINT('',#1033);
#1033 = CARTESIAN_POINT('',(-9.7536E+03,-2.80416E+04,-254.));
#1034 = LINE('',#1035,#1036);
#1035 = CARTESIAN_POINT('',(-9.7536E+03,-2.80416E+04,0.));
#1036 = VECTOR('',#1037,1.);
#1037 = DIRECTION('',(-0.,-0.,-1.));
#1038 = ORIENTED_EDGE('',*,*,#1039,.T.);
#1039 = EDGE_CURVE('',#1032,#1000,#1040,.T.);
#1040 = LINE('',#1041,#1042);
#1041 = CARTESIAN_POINT('',(-9.7536E+03,-2.80416E+04,-254.));
#1042 = VECTOR('',#1043,1.);
#1043 = DIRECTION('',(1.,0.,0.));
#1044 = ORIENTED_EDGE('',*,*,#1007,.F.);
#1045 = ORIENTED_EDGE('',*,*,#1046,.F.);
#1046 = EDGE_CURVE('',#1030,#1008,#1047,.T.);
#1047 = LINE('',#1048,#1049);
#1048 = CARTESIAN_POINT('',(-9.7536E+03,-2.80416E+04,0.));
#1049 = VECTOR('',#1050,1.);
#1050 = DIRECTION('',(1.,0.,0.));
#1051 = PLANE('',#1052);
#1052 = AXIS2_PLACEMENT_3D('',#1053,#1054,#1055);
#1053 = CARTESIAN_POINT('',(-9.7536E+03,-2.80416E+04,0.));
#1054 = DIRECTION('',(0.,-1.,0.));
#1055 = DIRECTION('',(1.,0.,0.));
#1056 = ADVANCED_FACE('',(#1057),#1082,.T.);
#1057 = FACE_BOUND('',#1058,.T.);
#1058 = EDGE_LOOP('',(#1059,#1069,#1075,#1076));
#1059 = ORIENTED_EDGE('',*,*,#1060,.T.);
#1060 = EDGE_CURVE('',#1061,#1063,#1065,.T.);
#1061 = VERTEX_POINT('',#1062);
#1062 = CARTESIAN_POINT('',(-1.34112E+04,-2.4384E+04,0.));
#1063 = VERTEX_POINT('',#1064);
#1064 = CARTESIAN_POINT('',(-1.34112E+04,-2.4384E+04,-254.));
#1065 = LINE('',#1066,#1067);
#1066 = CARTESIAN_POINT('',(-1.34112E+04,-2.4384E+04,0.));
#1067 = VECTOR('',#1068,1.);
#1068 = DIRECTION('',(-0.,-0.,-1.));
#1069 = ORIENTED_EDGE('',*,*,#1070,.T.);
#1070 = EDGE_CURVE('',#1063,#1032,#1071,.T.);
#1071 = LINE('',#1072,#1073);
#1072 = CARTESIAN_POINT('',(-1.34112E+04,-2.4384E+04,-254.));
#1073 = VECTOR('',#1074,1.);
#1074 = DIRECTION('',(0.707106781187,-0.707106781187,0.));
#1075 = ORIENTED_EDGE('',*,*,#1029,.F.);
#1076 = ORIENTED_EDGE('',*,*,#1077,.F.);
#1077 = EDGE_CURVE('',#1061,#1030,#1078,.T.);
#1078 = LINE('',#1079,#1080);
#1079 = CARTESIAN_POINT('',(-1.34112E+04,-2.4384E+04,0.));
#1080 = VECTOR('',#1081,1.);
#1081 = DIRECTION('',(0.707106781187,-0.707106781187,0.));
#1082 = PLANE('',#1083);
#1083 = AXIS2_PLACEMENT_3D('',#1084,#1085,#1086);
#1084 = CARTESIAN_POINT('',(-1.34112E+04,-2.4384E+04,0.));
#1085 = DIRECTION('',(-0.707106781187,-0.707106781187,0.));
#1086 = DIRECTION('',(0.707106781187,-0.707106781187,0.));
#1087 = ADVANCED_FACE('',(#1088),#1113,.T.);
#1088 = FACE_BOUND('',#1089,.T.);
#1089 = EDGE_LOOP('',(#1090,#1100,#1106,#1107));
#1090 = ORIENTED_EDGE('',*,*,#1091,.T.);
#1091 = EDGE_CURVE('',#1092,#1094,#1096,.T.);
#1092 = VERTEX_POINT('',#1093);
#1093 = CARTESIAN_POINT('',(-1.34112E+04,-2.07264E+04,0.));
#1094 = VERTEX_POINT('',#1095);
#1095 = CARTESIAN_POINT('',(-1.34112E+04,-2.07264E+04,-254.));
#1096 = LINE('',#1097,#1098);
#1097 = CARTESIAN_POINT('',(-1.34112E+04,-2.07264E+04,0.));
#1098 = VECTOR('',#1099,1.);
#1099 = DIRECTION('',(-0.,-0.,-1.));
#1100 = ORIENTED_EDGE('',*,*,#1101,.T.);
#1101 = EDGE_CURVE('',#1094,#1063,#1102,.T.);
#1102 = LINE('',#1103,#1104);
#1103 = CARTESIAN_POINT('',(-1.34112E+04,-2.07264E+04,-254.));
#1104 = VECTOR('',#1105,1.);
#1105 = DIRECTION('',(0.,-1.,0.));
#1106 = ORIENTED_EDGE('',*,*,#1060,.F.);
#1107 = ORIENTED_EDGE('',*,*,#1108,.F.);
#1108 = EDGE_CURVE('',#1092,#1061,#1109,.T.);
#1109 = LINE('',#1110,#1111);
#1110 = CARTESIAN_POINT('',(-1.34112E+04,-2.07264E+04,0.));
#1111 = VECTOR('',#1112,1.);
#1112 = DIRECTION('',(0.,-1.,0.));
#1113 = PLANE('',#1114);
#1114 = AXIS2_PLACEMENT_3D('',#1115,#1116,#1117);
#1115 = CARTESIAN_POINT('',(-1.34112E+04,-2.07264E+04,0.));
#1116 = DIRECTION('',(-1.,0.,0.));
#1117 = DIRECTION('',(0.,-1.,0.));
#1118 = ADVANCED_FACE('',(#1119),#1144,.T.);
#1119 = FACE_BOUND('',#1120,.T.);
#1120 = EDGE_LOOP('',(#1121,#1131,#1137,#1138));
#1121 = ORIENTED_EDGE('',*,*,#1122,.T.);
#1122 = EDGE_CURVE('',#1123,#1125,#1127,.T.);
#1123 = VERTEX_POINT('',#1124);
#1124 = CARTESIAN_POINT('',(-1.46304E+04,-1.95072E+04,0.));
#1125 = VERTEX_POINT('',#1126);
#1126 = CARTESIAN_POINT('',(-1.46304E+04,-1.95072E+04,-254.));
#1127 = LINE('',#1128,#1129);
#1128 = CARTESIAN_POINT('',(-1.46304E+04,-1.95072E+04,0.));
#1129 = VECTOR('',#1130,1.);
#1130 = DIRECTION('',(-0.,-0.,-1.));
#1131 = ORIENTED_EDGE('',*,*,#1132,.T.);
#1132 = EDGE_CURVE('',#1125,#1094,#1133,.T.);
#1133 = LINE('',#1134,#1135);
#1134 = CARTESIAN_POINT('',(-1.46304E+04,-1.95072E+04,-254.));
#1135 = VECTOR('',#1136,1.);
#1136 = DIRECTION('',(0.707106781187,-0.707106781187,0.));
#1137 = ORIENTED_EDGE('',*,*,#1091,.F.);
#1138 = ORIENTED_EDGE('',*,*,#1139,.F.);
#1139 = EDGE_CURVE('',#1123,#1092,#1140,.T.);
#1140 = LINE('',#1141,#1142);
#1141 = CARTESIAN_POINT('',(-1.46304E+04,-1.95072E+04,0.));
#1142 = VECTOR('',#1143,1.);
#1143 = DIRECTION('',(0.707106781187,-0.707106781187,0.));
#1144 = PLANE('',#1145);
#1145 = AXIS2_PLACEMENT_3D('',#1146,#1147,#1148);
#1146 = CARTESIAN_POINT('',(-1.46304E+04,-1.95072E+04,0.));
#1147 = DIRECTION('',(-0.707106781187,-0.707106781187,0.));
#1148 = DIRECTION('',(0.707106781187,-0.707106781187,0.));
#1149 = ADVANCED_FACE('',(#1150),#1175,.T.);
#1150 = FACE_BOUND('',#1151,.T.);
#1151 = EDGE_LOOP('',(#1152,#1153,#1161,#1169));
#1152 = ORIENTED_EDGE('',*,*,#759,.T.);
#1153 = ORIENTED_EDGE('',*,*,#1154,.T.);
#1154 = EDGE_CURVE('',#752,#1155,#1157,.T.);
#1155 = VERTEX_POINT('',#1156);
#1156 = CARTESIAN_POINT('',(1.2192E+03,2.80416E+04,-254.));
#1157 = LINE('',#1158,#1159);
#1158 = CARTESIAN_POINT('',(1.34112E+04,2.80416E+04,-254.));
#1159 = VECTOR('',#1160,1.);
#1160 = DIRECTION('',(-1.,0.,0.));
#1161 = ORIENTED_EDGE('',*,*,#1162,.F.);
#1162 = EDGE_CURVE('',#1163,#1155,#1165,.T.);
#1163 = VERTEX_POINT('',#1164);
#1164 = CARTESIAN_POINT('',(1.2192E+03,2.80416E+04,0.));
#1165 = LINE('',#1166,#1167);
#1166 = CARTESIAN_POINT('',(1.2192E+03,2.80416E+04,0.));
#1167 = VECTOR('',#1168,1.);
#1168 = DIRECTION('',(-0.,-0.,-1.));
#1169 = ORIENTED_EDGE('',*,*,#1170,.F.);
#1170 = EDGE_CURVE('',#760,#1163,#1171,.T.);
#1171 = LINE('',#1172,#1173);
#1172 = CARTESIAN_POINT('',(1.34112E+04,2.80416E+04,0.));
#1173 = VECTOR('',#1174,1.);
#1174 = DIRECTION('',(-1.,0.,0.));
#1175 = PLANE('',#1176);
#1176 = AXIS2_PLACEMENT_3D('',#1177,#1178,#1179);
#1177 = CARTESIAN_POINT('',(1.34112E+04,2.80416E+04,0.));
#1178 = DIRECTION('',(0.,1.,0.));
#1179 = DIRECTION('',(-1.,0.,0.));
#1180 = ADVANCED_FACE('',(#1181),#1215,.T.);
#1181 = FACE_BOUND('',#1182,.T.);
#1182 = EDGE_LOOP('',(#1183,#1193,#1201,#1209));
#1183 = ORIENTED_EDGE('',*,*,#1184,.T.);
#1184 = EDGE_CURVE('',#1185,#1187,#1189,.T.);
#1185 = VERTEX_POINT('',#1186);
#1186 = CARTESIAN_POINT('',(1.2192E+03,2.92608E+04,0.));
#1187 = VERTEX_POINT('',#1188);
#1188 = CARTESIAN_POINT('',(1.2192E+03,2.92608E+04,-254.));
#1189 = LINE('',#1190,#1191);
#1190 = CARTESIAN_POINT('',(1.2192E+03,2.92608E+04,0.));
#1191 = VECTOR('',#1192,1.);
#1192 = DIRECTION('',(-0.,-0.,-1.));
#1193 = ORIENTED_EDGE('',*,*,#1194,.T.);
#1194 = EDGE_CURVE('',#1187,#1195,#1197,.T.);
#1195 = VERTEX_POINT('',#1196);
#1196 = CARTESIAN_POINT('',(-1.46304E+04,2.92608E+04,-254.));
#1197 = LINE('',#1198,#1199);
#1198 = CARTESIAN_POINT('',(1.2192E+03,2.92608E+04,-254.));
#1199 = VECTOR('',#1200,1.);
#1200 = DIRECTION('',(-1.,0.,0.));
#1201 = ORIENTED_EDGE('',*,*,#1202,.F.);
#1202 = EDGE_CURVE('',#1203,#1195,#1205,.T.);
#1203 = VERTEX_POINT('',#1204);
#1204 = CARTESIAN_POINT('',(-1.46304E+04,2.92608E+04,0.));
#1205 = LINE('',#1206,#1207);
#1206 = CARTESIAN_POINT('',(-1.46304E+04,2.92608E+04,0.));
#1207 = VECTOR('',#1208,1.);
#1208 = DIRECTION('',(-0.,-0.,-1.));
#1209 = ORIENTED_EDGE('',*,*,#1210,.F.);
#1210 = EDGE_CURVE('',#1185,#1203,#1211,.T.);
#1211 = LINE('',#1212,#1213);
#1212 = CARTESIAN_POINT('',(1.2192E+03,2.92608E+04,0.));
#1213 = VECTOR('',#1214,1.);
#1214 = DIRECTION('',(-1.,0.,0.));
#1215 = PLANE('',#1216);
#1216 = AXIS2_PLACEMENT_3D('',#1217,#1218,#1219);
#1217 = CARTESIAN_POINT('',(1.2192E+03,2.92608E+04,0.));
#1218 = DIRECTION('',(0.,1.,0.));
#1219 = DIRECTION('',(-1.,0.,0.));
#1220 = ADVANCED_FACE('',(#1221),#1237,.T.);
#1221 = FACE_BOUND('',#1222,.T.);
#1222 = EDGE_LOOP('',(#1223,#1224,#1230,#1231));
#1223 = ORIENTED_EDGE('',*,*,#1162,.T.);
#1224 = ORIENTED_EDGE('',*,*,#1225,.T.);
#1225 = EDGE_CURVE('',#1155,#1187,#1226,.T.);
#1226 = LINE('',#1227,#1228);
#1227 = CARTESIAN_POINT('',(1.2192E+03,2.80416E+04,-254.));
#1228 = VECTOR('',#1229,1.);
#1229 = DIRECTION('',(0.,1.,0.));
#1230 = ORIENTED_EDGE('',*,*,#1184,.F.);
#1231 = ORIENTED_EDGE('',*,*,#1232,.F.);
#1232 = EDGE_CURVE('',#1163,#1185,#1233,.T.);
#1233 = LINE('',#1234,#1235);
#1234 = CARTESIAN_POINT('',(1.2192E+03,2.80416E+04,0.));
#1235 = VECTOR('',#1236,1.);
#1236 = DIRECTION('',(0.,1.,0.));
#1237 = PLANE('',#1238);
#1238 = AXIS2_PLACEMENT_3D('',#1239,#1240,#1241);
#1239 = CARTESIAN_POINT('',(1.2192E+03,2.80416E+04,0.));
#1240 = DIRECTION('',(1.,0.,0.));
#1241 = DIRECTION('',(-0.,1.,0.));
#1242 = ADVANCED_FACE('',(#1243),#1267,.T.);
#1243 = FACE_BOUND('',#1244,.F.);
#1244 = EDGE_LOOP('',(#1245,#1246,#1247,#1248,#1249,#1250,#1251,#1252,
    #1253,#1254,#1255,#1256,#1257,#1258,#1264,#1265,#1266));
#1245 = ORIENTED_EDGE('',*,*,#767,.F.);
#1246 = ORIENTED_EDGE('',*,*,#798,.T.);
#1247 = ORIENTED_EDGE('',*,*,#829,.T.);
#1248 = ORIENTED_EDGE('',*,*,#860,.T.);
#1249 = ORIENTED_EDGE('',*,*,#891,.T.);
#1250 = ORIENTED_EDGE('',*,*,#922,.T.);
#1251 = ORIENTED_EDGE('',*,*,#953,.T.);
#1252 = ORIENTED_EDGE('',*,*,#984,.T.);
#1253 = ORIENTED_EDGE('',*,*,#1015,.T.);
#1254 = ORIENTED_EDGE('',*,*,#1046,.F.);
#1255 = ORIENTED_EDGE('',*,*,#1077,.F.);
#1256 = ORIENTED_EDGE('',*,*,#1108,.F.);
#1257 = ORIENTED_EDGE('',*,*,#1139,.F.);
#1258 = ORIENTED_EDGE('',*,*,#1259,.F.);
#1259 = EDGE_CURVE('',#1203,#1123,#1260,.T.);
#1260 = LINE('',#1261,#1262);
#1261 = CARTESIAN_POINT('',(-1.46304E+04,2.92608E+04,0.));
#1262 = VECTOR('',#1263,1.);
#1263 = DIRECTION('',(0.,-1.,0.));
#1264 = ORIENTED_EDGE('',*,*,#1210,.F.);
#1265 = ORIENTED_EDGE('',*,*,#1232,.F.);
#1266 = ORIENTED_EDGE('',*,*,#1170,.F.);
#1267 = PLANE('',#1268);
#1268 = AXIS2_PLACEMENT_3D('',#1269,#1270,#1271);
#1269 = CARTESIAN_POINT('',(13.547013794027,697.57281002584,0.));
#1270 = DIRECTION('',(0.,0.,1.));
#1271 = DIRECTION('',(1.,0.,0.));
#1272 = ADVANCED_FACE('',(#1273),#1297,.F.);
#1273 = FACE_BOUND('',#1274,.T.);
#1274 = EDGE_LOOP('',(#1275,#1276,#1277,#1278,#1279,#1280,#1281,#1282,
    #1283,#1284,#1285,#1286,#1287,#1288,#1294,#1295,#1296));
#1275 = ORIENTED_EDGE('',*,*,#751,.F.);
#1276 = ORIENTED_EDGE('',*,*,#782,.T.);
#1277 = ORIENTED_EDGE('',*,*,#813,.T.);
#1278 = ORIENTED_EDGE('',*,*,#844,.T.);
#1279 = ORIENTED_EDGE('',*,*,#875,.T.);
#1280 = ORIENTED_EDGE('',*,*,#906,.T.);
#1281 = ORIENTED_EDGE('',*,*,#937,.T.);
#1282 = ORIENTED_EDGE('',*,*,#968,.T.);
#1283 = ORIENTED_EDGE('',*,*,#999,.T.);
#1284 = ORIENTED_EDGE('',*,*,#1039,.F.);
#1285 = ORIENTED_EDGE('',*,*,#1070,.F.);
#1286 = ORIENTED_EDGE('',*,*,#1101,.F.);
#1287 = ORIENTED_EDGE('',*,*,#1132,.F.);
#1288 = ORIENTED_EDGE('',*,*,#1289,.T.);
#1289 = EDGE_CURVE('',#1125,#1195,#1290,.T.);
#1290 = LINE('',#1291,#1292);
#1291 = CARTESIAN_POINT('',(-1.46304E+04,-1.95072E+04,-254.));
#1292 = VECTOR('',#1293,1.);
#1293 = DIRECTION('',(0.,1.,0.));
#1294 = ORIENTED_EDGE('',*,*,#1194,.F.);
#1295 = ORIENTED_EDGE('',*,*,#1225,.F.);
#1296 = ORIENTED_EDGE('',*,*,#1154,.F.);
#1297 = PLANE('',#1298);
#1298 = AXIS2_PLACEMENT_3D('',#1299,#1300,#1301);
#1299 = CARTESIAN_POINT('',(13.547013794027,697.57281002584,-254.));
#1300 = DIRECTION('',(0.,0.,1.));
#1301 = DIRECTION('',(1.,0.,0.));
#1302 = ADVANCED_FACE('',(#1303),#1309,.T.);
#1303 = FACE_BOUND('',#1304,.T.);
#1304 = EDGE_LOOP('',(#1305,#1306,#1307,#1308));
#1305 = ORIENTED_EDGE('',*,*,#1122,.F.);
#1306 = ORIENTED_EDGE('',*,*,#1259,.F.);
#1307 = ORIENTED_EDGE('',*,*,#1202,.T.);
#1308 = ORIENTED_EDGE('',*,*,#1289,.F.);
#1309 = PLANE('',#1310);
#1310 = AXIS2_PLACEMENT_3D('',#1311,#1312,#1313);
#1311 = CARTESIAN_POINT('',(-1.46304E+04,4.8768E+03,-127.));
#1312 = DIRECTION('',(-1.,-0.,-0.));
#1313 = DIRECTION('',(0.,0.,-1.));
#1314 = ( GEOMETRIC_REPRESENTATION_CONTEXT(3) 
GLOBAL_UNCERTAINTY_ASSIGNED_CONTEXT((#1318)) 
GLOBAL_UNIT_ASSIGNED_CONTEXT((#1315,#1316,#1317)) REPRESENTATION_CONTEXT
('Context #1','3D Context with UNIT and UNCERTAINTY') );
#1315 = ( LENGTH_UNIT() NAMED_UNIT(*) SI_UNIT(.MILLI.,.METRE.) );
#1316 = ( NAMED_UNIT(*) PLANE_ANGLE_UNIT() SI_UNIT($,.RADIAN.) );
#1317 = ( NAMED_UNIT(*) SI_UNIT($,.STERADIAN.) SOLID_ANGLE_UNIT() );
#1318 = UNCERTAINTY_MEASURE_WITH_UNIT(LENGTH_MEASURE(1.E-07),#1315,
  'distance_accuracy_value','confusion accuracy');
#1319 = CONTEXT_DEPENDENT_SHAPE_REPRESENTATION(#1320,#1322);
#1320 = ( REPRESENTATION_RELATIONSHIP('','',#734,#691) 
REPRESENTATION_RELATIONSHIP_WITH_TRANSFORMATION(#1321) 
SHAPE_REPRESENTATION_RELATIONSHIP() );
#1321 = ITEM_DEFINED_TRANSFORMATION('','',#11,#692);
#1322 = PRODUCT_DEFINITION_SHAPE('Placement','Placement of an item',
  #1323);
#1323 = NEXT_ASSEMBLY_USAGE_OCCURRENCE('6','FirstFloor','',#686,#729,$);
#1324 = PRODUCT_RELATED_PRODUCT_CATEGORY('part',$,(#731));
#1325 = SHAPE_DEFINITION_REPRESENTATION(#1326,#1332);
#1326 = PRODUCT_DEFINITION_SHAPE('','',#1327);
#1327 = PRODUCT_DEFINITION('design','',#1328,#1331);
#1328 = PRODUCT_DEFINITION_FORMATION('','',#1329);
#1329 = PRODUCT('SecondFloor','SecondFloor','',(#1330));
#1330 = PRODUCT_CONTEXT('',#2,'mechanical');
#1331 = PRODUCT_DEFINITION_CONTEXT('part definition',#2,'design');
#1332 = ADVANCED_BREP_SHAPE_REPRESENTATION('',(#11,#1333),#1912);
#1333 = MANIFOLD_SOLID_BREP('',#1334);
#1334 = CLOSED_SHELL('',(#1335,#1375,#1406,#1437,#1468,#1499,#1530,#1561
    ,#1592,#1623,#1702,#1733,#1757,#1781,#1805,#1829,#1853,#1888,#1900)
  );
#1335 = ADVANCED_FACE('',(#1336),#1370,.F.);
#1336 = FACE_BOUND('',#1337,.F.);
#1337 = EDGE_LOOP('',(#1338,#1348,#1356,#1364));
#1338 = ORIENTED_EDGE('',*,*,#1339,.T.);
#1339 = EDGE_CURVE('',#1340,#1342,#1344,.T.);
#1340 = VERTEX_POINT('',#1341);
#1341 = CARTESIAN_POINT('',(1.34112E+04,-1.46304E+04,0.));
#1342 = VERTEX_POINT('',#1343);
#1343 = CARTESIAN_POINT('',(1.34112E+04,-1.46304E+04,-127.));
#1344 = LINE('',#1345,#1346);
#1345 = CARTESIAN_POINT('',(1.34112E+04,-1.46304E+04,0.));
#1346 = VECTOR('',#1347,1.);
#1347 = DIRECTION('',(-0.,-0.,-1.));
#1348 = ORIENTED_EDGE('',*,*,#1349,.T.);
#1349 = EDGE_CURVE('',#1342,#1350,#1352,.T.);
#1350 = VERTEX_POINT('',#1351);
#1351 = CARTESIAN_POINT('',(1.34112E+04,-2.80416E+04,-127.));
#1352 = LINE('',#1353,#1354);
#1353 = CARTESIAN_POINT('',(1.34112E+04,-1.46304E+04,-127.));
#1354 = VECTOR('',#1355,1.);
#1355 = DIRECTION('',(0.,-1.,0.));
#1356 = ORIENTED_EDGE('',*,*,#1357,.F.);
#1357 = EDGE_CURVE('',#1358,#1350,#1360,.T.);
#1358 = VERTEX_POINT('',#1359);
#1359 = CARTESIAN_POINT('',(1.34112E+04,-2.80416E+04,0.));
#1360 = LINE('',#1361,#1362);
#1361 = CARTESIAN_POINT('',(1.34112E+04,-2.80416E+04,0.));
#1362 = VECTOR('',#1363,1.);
#1363 = DIRECTION('',(-0.,-0.,-1.));
#1364 = ORIENTED_EDGE('',*,*,#1365,.F.);
#1365 = EDGE_CURVE('',#1340,#1358,#1366,.T.);
#1366 = LINE('',#1367,#1368);
#1367 = CARTESIAN_POINT('',(1.34112E+04,-1.46304E+04,0.));
#1368 = VECTOR('',#1369,1.);
#1369 = DIRECTION('',(0.,-1.,0.));
#1370 = PLANE('',#1371);
#1371 = AXIS2_PLACEMENT_3D('',#1372,#1373,#1374);
#1372 = CARTESIAN_POINT('',(1.34112E+04,-1.46304E+04,0.));
#1373 = DIRECTION('',(-1.,0.,0.));
#1374 = DIRECTION('',(0.,-1.,0.));
#1375 = ADVANCED_FACE('',(#1376),#1401,.F.);
#1376 = FACE_BOUND('',#1377,.F.);
#1377 = EDGE_LOOP('',(#1378,#1379,#1387,#1395));
#1378 = ORIENTED_EDGE('',*,*,#1357,.T.);
#1379 = ORIENTED_EDGE('',*,*,#1380,.T.);
#1380 = EDGE_CURVE('',#1350,#1381,#1383,.T.);
#1381 = VERTEX_POINT('',#1382);
#1382 = CARTESIAN_POINT('',(1.2192E+03,-2.80416E+04,-127.));
#1383 = LINE('',#1384,#1385);
#1384 = CARTESIAN_POINT('',(1.34112E+04,-2.80416E+04,-127.));
#1385 = VECTOR('',#1386,1.);
#1386 = DIRECTION('',(-1.,0.,0.));
#1387 = ORIENTED_EDGE('',*,*,#1388,.F.);
#1388 = EDGE_CURVE('',#1389,#1381,#1391,.T.);
#1389 = VERTEX_POINT('',#1390);
#1390 = CARTESIAN_POINT('',(1.2192E+03,-2.80416E+04,0.));
#1391 = LINE('',#1392,#1393);
#1392 = CARTESIAN_POINT('',(1.2192E+03,-2.80416E+04,0.));
#1393 = VECTOR('',#1394,1.);
#1394 = DIRECTION('',(-0.,-0.,-1.));
#1395 = ORIENTED_EDGE('',*,*,#1396,.F.);
#1396 = EDGE_CURVE('',#1358,#1389,#1397,.T.);
#1397 = LINE('',#1398,#1399);
#1398 = CARTESIAN_POINT('',(1.34112E+04,-2.80416E+04,0.));
#1399 = VECTOR('',#1400,1.);
#1400 = DIRECTION('',(-1.,0.,0.));
#1401 = PLANE('',#1402);
#1402 = AXIS2_PLACEMENT_3D('',#1403,#1404,#1405);
#1403 = CARTESIAN_POINT('',(1.34112E+04,-2.80416E+04,0.));
#1404 = DIRECTION('',(0.,1.,0.));
#1405 = DIRECTION('',(-1.,0.,0.));
#1406 = ADVANCED_FACE('',(#1407),#1432,.F.);
#1407 = FACE_BOUND('',#1408,.F.);
#1408 = EDGE_LOOP('',(#1409,#1410,#1418,#1426));
#1409 = ORIENTED_EDGE('',*,*,#1388,.T.);
#1410 = ORIENTED_EDGE('',*,*,#1411,.T.);
#1411 = EDGE_CURVE('',#1381,#1412,#1414,.T.);
#1412 = VERTEX_POINT('',#1413);
#1413 = CARTESIAN_POINT('',(1.2192E+03,-2.92608E+04,-127.));
#1414 = LINE('',#1415,#1416);
#1415 = CARTESIAN_POINT('',(1.2192E+03,-2.80416E+04,-127.));
#1416 = VECTOR('',#1417,1.);
#1417 = DIRECTION('',(0.,-1.,0.));
#1418 = ORIENTED_EDGE('',*,*,#1419,.F.);
#1419 = EDGE_CURVE('',#1420,#1412,#1422,.T.);
#1420 = VERTEX_POINT('',#1421);
#1421 = CARTESIAN_POINT('',(1.2192E+03,-2.92608E+04,0.));
#1422 = LINE('',#1423,#1424);
#1423 = CARTESIAN_POINT('',(1.2192E+03,-2.92608E+04,0.));
#1424 = VECTOR('',#1425,1.);
#1425 = DIRECTION('',(-0.,-0.,-1.));
#1426 = ORIENTED_EDGE('',*,*,#1427,.F.);
#1427 = EDGE_CURVE('',#1389,#1420,#1428,.T.);
#1428 = LINE('',#1429,#1430);
#1429 = CARTESIAN_POINT('',(1.2192E+03,-2.80416E+04,0.));
#1430 = VECTOR('',#1431,1.);
#1431 = DIRECTION('',(0.,-1.,0.));
#1432 = PLANE('',#1433);
#1433 = AXIS2_PLACEMENT_3D('',#1434,#1435,#1436);
#1434 = CARTESIAN_POINT('',(1.2192E+03,-2.80416E+04,0.));
#1435 = DIRECTION('',(-1.,0.,0.));
#1436 = DIRECTION('',(0.,-1.,0.));
#1437 = ADVANCED_FACE('',(#1438),#1463,.F.);
#1438 = FACE_BOUND('',#1439,.F.);
#1439 = EDGE_LOOP('',(#1440,#1441,#1449,#1457));
#1440 = ORIENTED_EDGE('',*,*,#1419,.T.);
#1441 = ORIENTED_EDGE('',*,*,#1442,.T.);
#1442 = EDGE_CURVE('',#1412,#1443,#1445,.T.);
#1443 = VERTEX_POINT('',#1444);
#1444 = CARTESIAN_POINT('',(-4.8768E+03,-2.92608E+04,-127.));
#1445 = LINE('',#1446,#1447);
#1446 = CARTESIAN_POINT('',(1.2192E+03,-2.92608E+04,-127.));
#1447 = VECTOR('',#1448,1.);
#1448 = DIRECTION('',(-1.,0.,0.));
#1449 = ORIENTED_EDGE('',*,*,#1450,.F.);
#1450 = EDGE_CURVE('',#1451,#1443,#1453,.T.);
#1451 = VERTEX_POINT('',#1452);
#1452 = CARTESIAN_POINT('',(-4.8768E+03,-2.92608E+04,0.));
#1453 = LINE('',#1454,#1455);
#1454 = CARTESIAN_POINT('',(-4.8768E+03,-2.92608E+04,0.));
#1455 = VECTOR('',#1456,1.);
#1456 = DIRECTION('',(-0.,-0.,-1.));
#1457 = ORIENTED_EDGE('',*,*,#1458,.F.);
#1458 = EDGE_CURVE('',#1420,#1451,#1459,.T.);
#1459 = LINE('',#1460,#1461);
#1460 = CARTESIAN_POINT('',(1.2192E+03,-2.92608E+04,0.));
#1461 = VECTOR('',#1462,1.);
#1462 = DIRECTION('',(-1.,0.,0.));
#1463 = PLANE('',#1464);
#1464 = AXIS2_PLACEMENT_3D('',#1465,#1466,#1467);
#1465 = CARTESIAN_POINT('',(1.2192E+03,-2.92608E+04,0.));
#1466 = DIRECTION('',(0.,1.,0.));
#1467 = DIRECTION('',(-1.,0.,0.));
#1468 = ADVANCED_FACE('',(#1469),#1494,.F.);
#1469 = FACE_BOUND('',#1470,.F.);
#1470 = EDGE_LOOP('',(#1471,#1472,#1480,#1488));
#1471 = ORIENTED_EDGE('',*,*,#1450,.T.);
#1472 = ORIENTED_EDGE('',*,*,#1473,.T.);
#1473 = EDGE_CURVE('',#1443,#1474,#1476,.T.);
#1474 = VERTEX_POINT('',#1475);
#1475 = CARTESIAN_POINT('',(-6.096E+03,-2.80416E+04,-127.));
#1476 = LINE('',#1477,#1478);
#1477 = CARTESIAN_POINT('',(-4.8768E+03,-2.92608E+04,-127.));
#1478 = VECTOR('',#1479,1.);
#1479 = DIRECTION('',(-0.707106781187,0.707106781187,0.));
#1480 = ORIENTED_EDGE('',*,*,#1481,.F.);
#1481 = EDGE_CURVE('',#1482,#1474,#1484,.T.);
#1482 = VERTEX_POINT('',#1483);
#1483 = CARTESIAN_POINT('',(-6.096E+03,-2.80416E+04,0.));
#1484 = LINE('',#1485,#1486);
#1485 = CARTESIAN_POINT('',(-6.096E+03,-2.80416E+04,0.));
#1486 = VECTOR('',#1487,1.);
#1487 = DIRECTION('',(-0.,-0.,-1.));
#1488 = ORIENTED_EDGE('',*,*,#1489,.F.);
#1489 = EDGE_CURVE('',#1451,#1482,#1490,.T.);
#1490 = LINE('',#1491,#1492);
#1491 = CARTESIAN_POINT('',(-4.8768E+03,-2.92608E+04,0.));
#1492 = VECTOR('',#1493,1.);
#1493 = DIRECTION('',(-0.707106781187,0.707106781187,0.));
#1494 = PLANE('',#1495);
#1495 = AXIS2_PLACEMENT_3D('',#1496,#1497,#1498);
#1496 = CARTESIAN_POINT('',(-4.8768E+03,-2.92608E+04,0.));
#1497 = DIRECTION('',(0.707106781187,0.707106781187,0.));
#1498 = DIRECTION('',(-0.707106781187,0.707106781187,0.));
#1499 = ADVANCED_FACE('',(#1500),#1525,.T.);
#1500 = FACE_BOUND('',#1501,.T.);
#1501 = EDGE_LOOP('',(#1502,#1512,#1518,#1519));
#1502 = ORIENTED_EDGE('',*,*,#1503,.T.);
#1503 = EDGE_CURVE('',#1504,#1506,#1508,.T.);
#1504 = VERTEX_POINT('',#1505);
#1505 = CARTESIAN_POINT('',(-9.7536E+03,-2.80416E+04,0.));
#1506 = VERTEX_POINT('',#1507);
#1507 = CARTESIAN_POINT('',(-9.7536E+03,-2.80416E+04,-127.));
#1508 = LINE('',#1509,#1510);
#1509 = CARTESIAN_POINT('',(-9.7536E+03,-2.80416E+04,0.));
#1510 = VECTOR('',#1511,1.);
#1511 = DIRECTION('',(-0.,-0.,-1.));
#1512 = ORIENTED_EDGE('',*,*,#1513,.T.);
#1513 = EDGE_CURVE('',#1506,#1474,#1514,.T.);
#1514 = LINE('',#1515,#1516);
#1515 = CARTESIAN_POINT('',(-9.7536E+03,-2.80416E+04,-127.));
#1516 = VECTOR('',#1517,1.);
#1517 = DIRECTION('',(1.,0.,0.));
#1518 = ORIENTED_EDGE('',*,*,#1481,.F.);
#1519 = ORIENTED_EDGE('',*,*,#1520,.F.);
#1520 = EDGE_CURVE('',#1504,#1482,#1521,.T.);
#1521 = LINE('',#1522,#1523);
#1522 = CARTESIAN_POINT('',(-9.7536E+03,-2.80416E+04,0.));
#1523 = VECTOR('',#1524,1.);
#1524 = DIRECTION('',(1.,0.,0.));
#1525 = PLANE('',#1526);
#1526 = AXIS2_PLACEMENT_3D('',#1527,#1528,#1529);
#1527 = CARTESIAN_POINT('',(-9.7536E+03,-2.80416E+04,0.));
#1528 = DIRECTION('',(0.,-1.,0.));
#1529 = DIRECTION('',(1.,0.,0.));
#1530 = ADVANCED_FACE('',(#1531),#1556,.T.);
#1531 = FACE_BOUND('',#1532,.T.);
#1532 = EDGE_LOOP('',(#1533,#1543,#1549,#1550));
#1533 = ORIENTED_EDGE('',*,*,#1534,.T.);
#1534 = EDGE_CURVE('',#1535,#1537,#1539,.T.);
#1535 = VERTEX_POINT('',#1536);
#1536 = CARTESIAN_POINT('',(-1.34112E+04,-2.4384E+04,0.));
#1537 = VERTEX_POINT('',#1538);
#1538 = CARTESIAN_POINT('',(-1.34112E+04,-2.4384E+04,-127.));
#1539 = LINE('',#1540,#1541);
#1540 = CARTESIAN_POINT('',(-1.34112E+04,-2.4384E+04,0.));
#1541 = VECTOR('',#1542,1.);
#1542 = DIRECTION('',(-0.,-0.,-1.));
#1543 = ORIENTED_EDGE('',*,*,#1544,.T.);
#1544 = EDGE_CURVE('',#1537,#1506,#1545,.T.);
#1545 = LINE('',#1546,#1547);
#1546 = CARTESIAN_POINT('',(-1.34112E+04,-2.4384E+04,-127.));
#1547 = VECTOR('',#1548,1.);
#1548 = DIRECTION('',(0.707106781187,-0.707106781187,0.));
#1549 = ORIENTED_EDGE('',*,*,#1503,.F.);
#1550 = ORIENTED_EDGE('',*,*,#1551,.F.);
#1551 = EDGE_CURVE('',#1535,#1504,#1552,.T.);
#1552 = LINE('',#1553,#1554);
#1553 = CARTESIAN_POINT('',(-1.34112E+04,-2.4384E+04,0.));
#1554 = VECTOR('',#1555,1.);
#1555 = DIRECTION('',(0.707106781187,-0.707106781187,0.));
#1556 = PLANE('',#1557);
#1557 = AXIS2_PLACEMENT_3D('',#1558,#1559,#1560);
#1558 = CARTESIAN_POINT('',(-1.34112E+04,-2.4384E+04,0.));
#1559 = DIRECTION('',(-0.707106781187,-0.707106781187,0.));
#1560 = DIRECTION('',(0.707106781187,-0.707106781187,0.));
#1561 = ADVANCED_FACE('',(#1562),#1587,.T.);
#1562 = FACE_BOUND('',#1563,.T.);
#1563 = EDGE_LOOP('',(#1564,#1574,#1580,#1581));
#1564 = ORIENTED_EDGE('',*,*,#1565,.T.);
#1565 = EDGE_CURVE('',#1566,#1568,#1570,.T.);
#1566 = VERTEX_POINT('',#1567);
#1567 = CARTESIAN_POINT('',(-1.34112E+04,-2.07264E+04,0.));
#1568 = VERTEX_POINT('',#1569);
#1569 = CARTESIAN_POINT('',(-1.34112E+04,-2.07264E+04,-127.));
#1570 = LINE('',#1571,#1572);
#1571 = CARTESIAN_POINT('',(-1.34112E+04,-2.07264E+04,0.));
#1572 = VECTOR('',#1573,1.);
#1573 = DIRECTION('',(-0.,-0.,-1.));
#1574 = ORIENTED_EDGE('',*,*,#1575,.T.);
#1575 = EDGE_CURVE('',#1568,#1537,#1576,.T.);
#1576 = LINE('',#1577,#1578);
#1577 = CARTESIAN_POINT('',(-1.34112E+04,-2.07264E+04,-127.));
#1578 = VECTOR('',#1579,1.);
#1579 = DIRECTION('',(0.,-1.,0.));
#1580 = ORIENTED_EDGE('',*,*,#1534,.F.);
#1581 = ORIENTED_EDGE('',*,*,#1582,.F.);
#1582 = EDGE_CURVE('',#1566,#1535,#1583,.T.);
#1583 = LINE('',#1584,#1585);
#1584 = CARTESIAN_POINT('',(-1.34112E+04,-2.07264E+04,0.));
#1585 = VECTOR('',#1586,1.);
#1586 = DIRECTION('',(0.,-1.,0.));
#1587 = PLANE('',#1588);
#1588 = AXIS2_PLACEMENT_3D('',#1589,#1590,#1591);
#1589 = CARTESIAN_POINT('',(-1.34112E+04,-2.07264E+04,0.));
#1590 = DIRECTION('',(-1.,0.,0.));
#1591 = DIRECTION('',(0.,-1.,0.));
#1592 = ADVANCED_FACE('',(#1593),#1618,.T.);
#1593 = FACE_BOUND('',#1594,.T.);
#1594 = EDGE_LOOP('',(#1595,#1605,#1611,#1612));
#1595 = ORIENTED_EDGE('',*,*,#1596,.T.);
#1596 = EDGE_CURVE('',#1597,#1599,#1601,.T.);
#1597 = VERTEX_POINT('',#1598);
#1598 = CARTESIAN_POINT('',(-1.46304E+04,-1.95072E+04,0.));
#1599 = VERTEX_POINT('',#1600);
#1600 = CARTESIAN_POINT('',(-1.46304E+04,-1.95072E+04,-127.));
#1601 = LINE('',#1602,#1603);
#1602 = CARTESIAN_POINT('',(-1.46304E+04,-1.95072E+04,0.));
#1603 = VECTOR('',#1604,1.);
#1604 = DIRECTION('',(-0.,-0.,-1.));
#1605 = ORIENTED_EDGE('',*,*,#1606,.T.);
#1606 = EDGE_CURVE('',#1599,#1568,#1607,.T.);
#1607 = LINE('',#1608,#1609);
#1608 = CARTESIAN_POINT('',(-1.46304E+04,-1.95072E+04,-127.));
#1609 = VECTOR('',#1610,1.);
#1610 = DIRECTION('',(0.707106781187,-0.707106781187,0.));
#1611 = ORIENTED_EDGE('',*,*,#1565,.F.);
#1612 = ORIENTED_EDGE('',*,*,#1613,.F.);
#1613 = EDGE_CURVE('',#1597,#1566,#1614,.T.);
#1614 = LINE('',#1615,#1616);
#1615 = CARTESIAN_POINT('',(-1.46304E+04,-1.95072E+04,0.));
#1616 = VECTOR('',#1617,1.);
#1617 = DIRECTION('',(0.707106781187,-0.707106781187,0.));
#1618 = PLANE('',#1619);
#1619 = AXIS2_PLACEMENT_3D('',#1620,#1621,#1622);
#1620 = CARTESIAN_POINT('',(-1.46304E+04,-1.95072E+04,0.));
#1621 = DIRECTION('',(-0.707106781187,-0.707106781187,0.));
#1622 = DIRECTION('',(0.707106781187,-0.707106781187,0.));
#1623 = ADVANCED_FACE('',(#1624),#1697,.T.);
#1624 = FACE_BOUND('',#1625,.F.);
#1625 = EDGE_LOOP('',(#1626,#1634,#1635,#1636,#1637,#1638,#1639,#1640,
    #1641,#1642,#1643,#1651,#1659,#1667,#1675,#1683,#1691));
#1626 = ORIENTED_EDGE('',*,*,#1627,.T.);
#1627 = EDGE_CURVE('',#1628,#1340,#1630,.T.);
#1628 = VERTEX_POINT('',#1629);
#1629 = CARTESIAN_POINT('',(7.07E-13,-1.46304E+04,0.));
#1630 = LINE('',#1631,#1632);
#1631 = CARTESIAN_POINT('',(1.114796E+04,-1.46304E+04,0.));
#1632 = VECTOR('',#1633,1.);
#1633 = DIRECTION('',(1.,0.,0.));
#1634 = ORIENTED_EDGE('',*,*,#1365,.T.);
#1635 = ORIENTED_EDGE('',*,*,#1396,.T.);
#1636 = ORIENTED_EDGE('',*,*,#1427,.T.);
#1637 = ORIENTED_EDGE('',*,*,#1458,.T.);
#1638 = ORIENTED_EDGE('',*,*,#1489,.T.);
#1639 = ORIENTED_EDGE('',*,*,#1520,.F.);
#1640 = ORIENTED_EDGE('',*,*,#1551,.F.);
#1641 = ORIENTED_EDGE('',*,*,#1582,.F.);
#1642 = ORIENTED_EDGE('',*,*,#1613,.F.);
#1643 = ORIENTED_EDGE('',*,*,#1644,.F.);
#1644 = EDGE_CURVE('',#1645,#1597,#1647,.T.);
#1645 = VERTEX_POINT('',#1646);
#1646 = CARTESIAN_POINT('',(-1.46304E+04,1.26746E+04,0.));
#1647 = LINE('',#1648,#1649);
#1648 = CARTESIAN_POINT('',(-1.46304E+04,1.26746E+04,0.));
#1649 = VECTOR('',#1650,1.);
#1650 = DIRECTION('',(7.E-17,-1.,0.));
#1651 = ORIENTED_EDGE('',*,*,#1652,.F.);
#1652 = EDGE_CURVE('',#1653,#1645,#1655,.T.);
#1653 = VERTEX_POINT('',#1654);
#1654 = CARTESIAN_POINT('',(-8.21954E+03,1.26746E+04,0.));
#1655 = LINE('',#1656,#1657);
#1656 = CARTESIAN_POINT('',(-8.21954E+03,1.26746E+04,0.));
#1657 = VECTOR('',#1658,1.);
#1658 = DIRECTION('',(-1.,0.,0.));
#1659 = ORIENTED_EDGE('',*,*,#1660,.T.);
#1660 = EDGE_CURVE('',#1653,#1661,#1663,.T.);
#1661 = VERTEX_POINT('',#1662);
#1662 = CARTESIAN_POINT('',(-8.21954E+03,-1.8288E+04,0.));
#1663 = LINE('',#1664,#1665);
#1664 = CARTESIAN_POINT('',(-8.21954E+03,1.26746E+04,0.));
#1665 = VECTOR('',#1666,1.);
#1666 = DIRECTION('',(0.,-1.,0.));
#1667 = ORIENTED_EDGE('',*,*,#1668,.T.);
#1668 = EDGE_CURVE('',#1661,#1669,#1671,.T.);
#1669 = VERTEX_POINT('',#1670);
#1670 = CARTESIAN_POINT('',(-6.87334E+03,-1.8288E+04,0.));
#1671 = LINE('',#1672,#1673);
#1672 = CARTESIAN_POINT('',(-8.21954E+03,-1.8288E+04,0.));
#1673 = VECTOR('',#1674,1.);
#1674 = DIRECTION('',(1.,2.7E-15,0.));
#1675 = ORIENTED_EDGE('',*,*,#1676,.T.);
#1676 = EDGE_CURVE('',#1669,#1677,#1679,.T.);
#1677 = VERTEX_POINT('',#1678);
#1678 = CARTESIAN_POINT('',(-6.87334E+03,-1.07697E+04,0.));
#1679 = LINE('',#1680,#1681);
#1680 = CARTESIAN_POINT('',(-6.87334E+03,-1.8288E+04,0.));
#1681 = VECTOR('',#1682,1.);
#1682 = DIRECTION('',(0.,1.,0.));
#1683 = ORIENTED_EDGE('',*,*,#1684,.T.);
#1684 = EDGE_CURVE('',#1677,#1685,#1687,.T.);
#1685 = VERTEX_POINT('',#1686);
#1686 = CARTESIAN_POINT('',(9.09E-13,-1.07697E+04,0.));
#1687 = LINE('',#1688,#1689);
#1688 = CARTESIAN_POINT('',(-6.87334E+03,-1.07697E+04,0.));
#1689 = VECTOR('',#1690,1.);
#1690 = DIRECTION('',(1.,0.,0.));
#1691 = ORIENTED_EDGE('',*,*,#1692,.F.);
#1692 = EDGE_CURVE('',#1628,#1685,#1693,.T.);
#1693 = LINE('',#1694,#1695);
#1694 = CARTESIAN_POINT('',(7.069E-13,-1.46304E+04,0.));
#1695 = VECTOR('',#1696,1.);
#1696 = DIRECTION('',(5.E-17,1.,0.));
#1697 = PLANE('',#1698);
#1698 = AXIS2_PLACEMENT_3D('',#1699,#1700,#1701);
#1699 = CARTESIAN_POINT('',(-4.664521063408E+03,-1.198507669038E+04,0.)
  );
#1700 = DIRECTION('',(0.,0.,1.));
#1701 = DIRECTION('',(1.,0.,0.));
#1702 = ADVANCED_FACE('',(#1703),#1728,.T.);
#1703 = FACE_BOUND('',#1704,.T.);
#1704 = EDGE_LOOP('',(#1705,#1713,#1721,#1727));
#1705 = ORIENTED_EDGE('',*,*,#1706,.T.);
#1706 = EDGE_CURVE('',#1653,#1707,#1709,.T.);
#1707 = VERTEX_POINT('',#1708);
#1708 = CARTESIAN_POINT('',(-8.21954E+03,1.26746E+04,-127.));
#1709 = LINE('',#1710,#1711);
#1710 = CARTESIAN_POINT('',(-8.21954E+03,1.26746E+04,0.));
#1711 = VECTOR('',#1712,1.);
#1712 = DIRECTION('',(-0.,-0.,-1.));
#1713 = ORIENTED_EDGE('',*,*,#1714,.T.);
#1714 = EDGE_CURVE('',#1707,#1715,#1717,.T.);
#1715 = VERTEX_POINT('',#1716);
#1716 = CARTESIAN_POINT('',(-1.46304E+04,1.26746E+04,-127.));
#1717 = LINE('',#1718,#1719);
#1718 = CARTESIAN_POINT('',(-8.21954E+03,1.26746E+04,-127.));
#1719 = VECTOR('',#1720,1.);
#1720 = DIRECTION('',(-1.,0.,0.));
#1721 = ORIENTED_EDGE('',*,*,#1722,.F.);
#1722 = EDGE_CURVE('',#1645,#1715,#1723,.T.);
#1723 = LINE('',#1724,#1725);
#1724 = CARTESIAN_POINT('',(-1.46304E+04,1.26746E+04,0.));
#1725 = VECTOR('',#1726,1.);
#1726 = DIRECTION('',(-0.,-0.,-1.));
#1727 = ORIENTED_EDGE('',*,*,#1652,.F.);
#1728 = PLANE('',#1729);
#1729 = AXIS2_PLACEMENT_3D('',#1730,#1731,#1732);
#1730 = CARTESIAN_POINT('',(-8.21954E+03,1.26746E+04,0.));
#1731 = DIRECTION('',(0.,1.,0.));
#1732 = DIRECTION('',(-1.,0.,0.));
#1733 = ADVANCED_FACE('',(#1734),#1752,.F.);
#1734 = FACE_BOUND('',#1735,.F.);
#1735 = EDGE_LOOP('',(#1736,#1737,#1745,#1751));
#1736 = ORIENTED_EDGE('',*,*,#1706,.T.);
#1737 = ORIENTED_EDGE('',*,*,#1738,.T.);
#1738 = EDGE_CURVE('',#1707,#1739,#1741,.T.);
#1739 = VERTEX_POINT('',#1740);
#1740 = CARTESIAN_POINT('',(-8.21954E+03,-1.8288E+04,-127.));
#1741 = LINE('',#1742,#1743);
#1742 = CARTESIAN_POINT('',(-8.21954E+03,1.26746E+04,-127.));
#1743 = VECTOR('',#1744,1.);
#1744 = DIRECTION('',(0.,-1.,0.));
#1745 = ORIENTED_EDGE('',*,*,#1746,.F.);
#1746 = EDGE_CURVE('',#1661,#1739,#1747,.T.);
#1747 = LINE('',#1748,#1749);
#1748 = CARTESIAN_POINT('',(-8.21954E+03,-1.8288E+04,0.));
#1749 = VECTOR('',#1750,1.);
#1750 = DIRECTION('',(-0.,-0.,-1.));
#1751 = ORIENTED_EDGE('',*,*,#1660,.F.);
#1752 = PLANE('',#1753);
#1753 = AXIS2_PLACEMENT_3D('',#1754,#1755,#1756);
#1754 = CARTESIAN_POINT('',(-8.21954E+03,1.26746E+04,0.));
#1755 = DIRECTION('',(-1.,0.,0.));
#1756 = DIRECTION('',(0.,-1.,0.));
#1757 = ADVANCED_FACE('',(#1758),#1776,.F.);
#1758 = FACE_BOUND('',#1759,.F.);
#1759 = EDGE_LOOP('',(#1760,#1761,#1769,#1775));
#1760 = ORIENTED_EDGE('',*,*,#1746,.T.);
#1761 = ORIENTED_EDGE('',*,*,#1762,.T.);
#1762 = EDGE_CURVE('',#1739,#1763,#1765,.T.);
#1763 = VERTEX_POINT('',#1764);
#1764 = CARTESIAN_POINT('',(-6.87334E+03,-1.8288E+04,-127.));
#1765 = LINE('',#1766,#1767);
#1766 = CARTESIAN_POINT('',(-8.21954E+03,-1.8288E+04,-127.));
#1767 = VECTOR('',#1768,1.);
#1768 = DIRECTION('',(1.,2.7E-15,0.));
#1769 = ORIENTED_EDGE('',*,*,#1770,.F.);
#1770 = EDGE_CURVE('',#1669,#1763,#1771,.T.);
#1771 = LINE('',#1772,#1773);
#1772 = CARTESIAN_POINT('',(-6.87334E+03,-1.8288E+04,0.));
#1773 = VECTOR('',#1774,1.);
#1774 = DIRECTION('',(-0.,-0.,-1.));
#1775 = ORIENTED_EDGE('',*,*,#1668,.F.);
#1776 = PLANE('',#1777);
#1777 = AXIS2_PLACEMENT_3D('',#1778,#1779,#1780);
#1778 = CARTESIAN_POINT('',(-8.21954E+03,-1.8288E+04,0.));
#1779 = DIRECTION('',(2.7E-15,-1.,0.));
#1780 = DIRECTION('',(1.,2.7E-15,0.));
#1781 = ADVANCED_FACE('',(#1782),#1800,.F.);
#1782 = FACE_BOUND('',#1783,.F.);
#1783 = EDGE_LOOP('',(#1784,#1785,#1793,#1799));
#1784 = ORIENTED_EDGE('',*,*,#1770,.T.);
#1785 = ORIENTED_EDGE('',*,*,#1786,.T.);
#1786 = EDGE_CURVE('',#1763,#1787,#1789,.T.);
#1787 = VERTEX_POINT('',#1788);
#1788 = CARTESIAN_POINT('',(-6.87334E+03,-1.07697E+04,-127.));
#1789 = LINE('',#1790,#1791);
#1790 = CARTESIAN_POINT('',(-6.87334E+03,-1.8288E+04,-127.));
#1791 = VECTOR('',#1792,1.);
#1792 = DIRECTION('',(0.,1.,0.));
#1793 = ORIENTED_EDGE('',*,*,#1794,.F.);
#1794 = EDGE_CURVE('',#1677,#1787,#1795,.T.);
#1795 = LINE('',#1796,#1797);
#1796 = CARTESIAN_POINT('',(-6.87334E+03,-1.07697E+04,0.));
#1797 = VECTOR('',#1798,1.);
#1798 = DIRECTION('',(-0.,-0.,-1.));
#1799 = ORIENTED_EDGE('',*,*,#1676,.F.);
#1800 = PLANE('',#1801);
#1801 = AXIS2_PLACEMENT_3D('',#1802,#1803,#1804);
#1802 = CARTESIAN_POINT('',(-6.87334E+03,-1.8288E+04,0.));
#1803 = DIRECTION('',(1.,0.,0.));
#1804 = DIRECTION('',(-0.,1.,0.));
#1805 = ADVANCED_FACE('',(#1806),#1824,.F.);
#1806 = FACE_BOUND('',#1807,.F.);
#1807 = EDGE_LOOP('',(#1808,#1809,#1817,#1823));
#1808 = ORIENTED_EDGE('',*,*,#1794,.T.);
#1809 = ORIENTED_EDGE('',*,*,#1810,.T.);
#1810 = EDGE_CURVE('',#1787,#1811,#1813,.T.);
#1811 = VERTEX_POINT('',#1812);
#1812 = CARTESIAN_POINT('',(9.09E-13,-1.07697E+04,-127.));
#1813 = LINE('',#1814,#1815);
#1814 = CARTESIAN_POINT('',(-6.87334E+03,-1.07697E+04,-127.));
#1815 = VECTOR('',#1816,1.);
#1816 = DIRECTION('',(1.,0.,0.));
#1817 = ORIENTED_EDGE('',*,*,#1818,.F.);
#1818 = EDGE_CURVE('',#1685,#1811,#1819,.T.);
#1819 = LINE('',#1820,#1821);
#1820 = CARTESIAN_POINT('',(9.0949E-13,-1.07697E+04,0.));
#1821 = VECTOR('',#1822,1.);
#1822 = DIRECTION('',(-0.,-0.,-1.));
#1823 = ORIENTED_EDGE('',*,*,#1684,.F.);
#1824 = PLANE('',#1825);
#1825 = AXIS2_PLACEMENT_3D('',#1826,#1827,#1828);
#1826 = CARTESIAN_POINT('',(-6.87334E+03,-1.07697E+04,0.));
#1827 = DIRECTION('',(0.,-1.,0.));
#1828 = DIRECTION('',(1.,0.,0.));
#1829 = ADVANCED_FACE('',(#1830),#1848,.T.);
#1830 = FACE_BOUND('',#1831,.T.);
#1831 = EDGE_LOOP('',(#1832,#1840,#1846,#1847));
#1832 = ORIENTED_EDGE('',*,*,#1833,.T.);
#1833 = EDGE_CURVE('',#1628,#1834,#1836,.T.);
#1834 = VERTEX_POINT('',#1835);
#1835 = CARTESIAN_POINT('',(7.07E-13,-1.46304E+04,-127.));
#1836 = LINE('',#1837,#1838);
#1837 = CARTESIAN_POINT('',(7.069E-13,-1.46304E+04,0.));
#1838 = VECTOR('',#1839,1.);
#1839 = DIRECTION('',(-0.,-0.,-1.));
#1840 = ORIENTED_EDGE('',*,*,#1841,.T.);
#1841 = EDGE_CURVE('',#1834,#1811,#1842,.T.);
#1842 = LINE('',#1843,#1844);
#1843 = CARTESIAN_POINT('',(7.069E-13,-1.46304E+04,-127.));
#1844 = VECTOR('',#1845,1.);
#1845 = DIRECTION('',(5.E-17,1.,0.));
#1846 = ORIENTED_EDGE('',*,*,#1818,.F.);
#1847 = ORIENTED_EDGE('',*,*,#1692,.F.);
#1848 = PLANE('',#1849);
#1849 = AXIS2_PLACEMENT_3D('',#1850,#1851,#1852);
#1850 = CARTESIAN_POINT('',(7.069E-13,-1.46304E+04,0.));
#1851 = DIRECTION('',(1.,-5.E-17,0.));
#1852 = DIRECTION('',(5.E-17,1.,0.));
#1853 = ADVANCED_FACE('',(#1854),#1883,.F.);
#1854 = FACE_BOUND('',#1855,.T.);
#1855 = EDGE_LOOP('',(#1856,#1862,#1863,#1864,#1865,#1866,#1867,#1868,
    #1869,#1870,#1871,#1877,#1878,#1879,#1880,#1881,#1882));
#1856 = ORIENTED_EDGE('',*,*,#1857,.T.);
#1857 = EDGE_CURVE('',#1834,#1342,#1858,.T.);
#1858 = LINE('',#1859,#1860);
#1859 = CARTESIAN_POINT('',(7.069E-13,-1.46304E+04,-127.));
#1860 = VECTOR('',#1861,1.);
#1861 = DIRECTION('',(1.,0.,0.));
#1862 = ORIENTED_EDGE('',*,*,#1349,.T.);
#1863 = ORIENTED_EDGE('',*,*,#1380,.T.);
#1864 = ORIENTED_EDGE('',*,*,#1411,.T.);
#1865 = ORIENTED_EDGE('',*,*,#1442,.T.);
#1866 = ORIENTED_EDGE('',*,*,#1473,.T.);
#1867 = ORIENTED_EDGE('',*,*,#1513,.F.);
#1868 = ORIENTED_EDGE('',*,*,#1544,.F.);
#1869 = ORIENTED_EDGE('',*,*,#1575,.F.);
#1870 = ORIENTED_EDGE('',*,*,#1606,.F.);
#1871 = ORIENTED_EDGE('',*,*,#1872,.T.);
#1872 = EDGE_CURVE('',#1599,#1715,#1873,.T.);
#1873 = LINE('',#1874,#1875);
#1874 = CARTESIAN_POINT('',(-1.46304E+04,-1.95072E+04,-127.));
#1875 = VECTOR('',#1876,1.);
#1876 = DIRECTION('',(0.,1.,0.));
#1877 = ORIENTED_EDGE('',*,*,#1714,.F.);
#1878 = ORIENTED_EDGE('',*,*,#1738,.T.);
#1879 = ORIENTED_EDGE('',*,*,#1762,.T.);
#1880 = ORIENTED_EDGE('',*,*,#1786,.T.);
#1881 = ORIENTED_EDGE('',*,*,#1810,.T.);
#1882 = ORIENTED_EDGE('',*,*,#1841,.F.);
#1883 = PLANE('',#1884);
#1884 = AXIS2_PLACEMENT_3D('',#1885,#1886,#1887);
#1885 = CARTESIAN_POINT('',(-4.664521063408E+03,-1.198507669038E+04,
    -127.));
#1886 = DIRECTION('',(0.,0.,1.));
#1887 = DIRECTION('',(1.,0.,0.));
#1888 = ADVANCED_FACE('',(#1889),#1895,.T.);
#1889 = FACE_BOUND('',#1890,.T.);
#1890 = EDGE_LOOP('',(#1891,#1892,#1893,#1894));
#1891 = ORIENTED_EDGE('',*,*,#1833,.F.);
#1892 = ORIENTED_EDGE('',*,*,#1627,.T.);
#1893 = ORIENTED_EDGE('',*,*,#1339,.T.);
#1894 = ORIENTED_EDGE('',*,*,#1857,.F.);
#1895 = PLANE('',#1896);
#1896 = AXIS2_PLACEMENT_3D('',#1897,#1898,#1899);
#1897 = CARTESIAN_POINT('',(6.7056E+03,-1.46304E+04,-63.5));
#1898 = DIRECTION('',(0.,1.,0.));
#1899 = DIRECTION('',(0.,-0.,1.));
#1900 = ADVANCED_FACE('',(#1901),#1907,.T.);
#1901 = FACE_BOUND('',#1902,.T.);
#1902 = EDGE_LOOP('',(#1903,#1904,#1905,#1906));
#1903 = ORIENTED_EDGE('',*,*,#1596,.F.);
#1904 = ORIENTED_EDGE('',*,*,#1644,.F.);
#1905 = ORIENTED_EDGE('',*,*,#1722,.T.);
#1906 = ORIENTED_EDGE('',*,*,#1872,.F.);
#1907 = PLANE('',#1908);
#1908 = AXIS2_PLACEMENT_3D('',#1909,#1910,#1911);
#1909 = CARTESIAN_POINT('',(-1.46304E+04,-3.4163E+03,-63.5));
#1910 = DIRECTION('',(-1.,-0.,-0.));
#1911 = DIRECTION('',(0.,0.,-1.));
#1912 = ( GEOMETRIC_REPRESENTATION_CONTEXT(3) 
GLOBAL_UNCERTAINTY_ASSIGNED_CONTEXT((#1916)) 
GLOBAL_UNIT_ASSIGNED_CONTEXT((#1913,#1914,#1915)) REPRESENTATION_CONTEXT
('Context #1','3D Context with UNIT and UNCERTAINTY') );
#1913 = ( LENGTH_UNIT() NAMED_UNIT(*) SI_UNIT(.MILLI.,.METRE.) );
#1914 = ( NAMED_UNIT(*) PLANE_ANGLE_UNIT() SI_UNIT($,.RADIAN.) );
#1915 = ( NAMED_UNIT(*) SI_UNIT($,.STERADIAN.) SOLID_ANGLE_UNIT() );
#1916 = UNCERTAINTY_MEASURE_WITH_UNIT(LENGTH_MEASURE(1.E-07),#1913,
  'distance_accuracy_value','confusion accuracy');
#1917 = CONTEXT_DEPENDENT_SHAPE_REPRESENTATION(#1918,#1920);
#1918 = ( REPRESENTATION_RELATIONSHIP('','',#1332,#691) 
REPRESENTATION_RELATIONSHIP_WITH_TRANSFORMATION(#1919) 
SHAPE_REPRESENTATION_RELATIONSHIP() );
#1919 = ITEM_DEFINED_TRANSFORMATION('','',#11,#696);
#1920 = PRODUCT_DEFINITION_SHAPE('Placement','Placement of an item',
  #1921);
#1921 = NEXT_ASSEMBLY_USAGE_OCCURRENCE('7','SecondFloor','',#686,#1327,$
  );
#1922 = PRODUCT_RELATED_PRODUCT_CATEGORY('part',$,(#1329));
#1923 = SHAPE_DEFINITION_REPRESENTATION(#1924,#1930);
#1924 = PRODUCT_DEFINITION_SHAPE('','',#1925);
#1925 = PRODUCT_DEFINITION('design','',#1926,#1929);
#1926 = PRODUCT_DEFINITION_FORMATION('','',#1927);
#1927 = PRODUCT('FirstFloorWalls','FirstFloorWalls','',(#1928));
#1928 = PRODUCT_CONTEXT('',#2,'mechanical');
#1929 = PRODUCT_DEFINITION_CONTEXT('part definition',#2,'design');
#1930 = ADVANCED_BREP_SHAPE_REPRESENTATION('',(#11,#1931),#2477);
#1931 = MANIFOLD_SOLID_BREP('',#1932);
#1932 = CLOSED_SHELL('',(#1933,#1973,#2004,#2035,#2066,#2097,#2128,#2159
    ,#2190,#2221,#2252,#2283,#2314,#2345,#2376,#2407,#2429,#2453));
#1933 = ADVANCED_FACE('',(#1934),#1968,.F.);
#1934 = FACE_BOUND('',#1935,.F.);
#1935 = EDGE_LOOP('',(#1936,#1946,#1954,#1962));
#1936 = ORIENTED_EDGE('',*,*,#1937,.T.);
#1937 = EDGE_CURVE('',#1938,#1940,#1942,.T.);
#1938 = VERTEX_POINT('',#1939);
#1939 = CARTESIAN_POINT('',(1.34112E+04,1.58496E+04,0.));
#1940 = VERTEX_POINT('',#1941);
#1941 = CARTESIAN_POINT('',(1.34112E+04,1.58496E+04,9.E+03));
#1942 = LINE('',#1943,#1944);
#1943 = CARTESIAN_POINT('',(1.34112E+04,1.58496E+04,0.));
#1944 = VECTOR('',#1945,1.);
#1945 = DIRECTION('',(0.,0.,1.));
#1946 = ORIENTED_EDGE('',*,*,#1947,.T.);
#1947 = EDGE_CURVE('',#1940,#1948,#1950,.T.);
#1948 = VERTEX_POINT('',#1949);
#1949 = CARTESIAN_POINT('',(1.34112E+04,2.80416E+04,9.E+03));
#1950 = LINE('',#1951,#1952);
#1951 = CARTESIAN_POINT('',(1.34112E+04,1.58496E+04,9.E+03));
#1952 = VECTOR('',#1953,1.);
#1953 = DIRECTION('',(-1.5E-16,1.,0.));
#1954 = ORIENTED_EDGE('',*,*,#1955,.F.);
#1955 = EDGE_CURVE('',#1956,#1948,#1958,.T.);
#1956 = VERTEX_POINT('',#1957);
#1957 = CARTESIAN_POINT('',(1.34112E+04,2.80416E+04,0.));
#1958 = LINE('',#1959,#1960);
#1959 = CARTESIAN_POINT('',(1.34112E+04,2.80416E+04,0.));
#1960 = VECTOR('',#1961,1.);
#1961 = DIRECTION('',(0.,0.,1.));
#1962 = ORIENTED_EDGE('',*,*,#1963,.F.);
#1963 = EDGE_CURVE('',#1938,#1956,#1964,.T.);
#1964 = LINE('',#1965,#1966);
#1965 = CARTESIAN_POINT('',(1.34112E+04,1.58496E+04,0.));
#1966 = VECTOR('',#1967,1.);
#1967 = DIRECTION('',(-1.5E-16,1.,0.));
#1968 = PLANE('',#1969);
#1969 = AXIS2_PLACEMENT_3D('',#1970,#1971,#1972);
#1970 = CARTESIAN_POINT('',(1.34112E+04,1.58496E+04,0.));
#1971 = DIRECTION('',(-1.,-1.5E-16,0.));
#1972 = DIRECTION('',(-1.5E-16,1.,0.));
#1973 = ADVANCED_FACE('',(#1974),#1999,.T.);
#1974 = FACE_BOUND('',#1975,.T.);
#1975 = EDGE_LOOP('',(#1976,#1977,#1985,#1993));
#1976 = ORIENTED_EDGE('',*,*,#1937,.T.);
#1977 = ORIENTED_EDGE('',*,*,#1978,.T.);
#1978 = EDGE_CURVE('',#1940,#1979,#1981,.T.);
#1979 = VERTEX_POINT('',#1980);
#1980 = CARTESIAN_POINT('',(1.46304E+04,1.58496E+04,9.E+03));
#1981 = LINE('',#1982,#1983);
#1982 = CARTESIAN_POINT('',(1.34112E+04,1.58496E+04,9.E+03));
#1983 = VECTOR('',#1984,1.);
#1984 = DIRECTION('',(1.,0.,0.));
#1985 = ORIENTED_EDGE('',*,*,#1986,.F.);
#1986 = EDGE_CURVE('',#1987,#1979,#1989,.T.);
#1987 = VERTEX_POINT('',#1988);
#1988 = CARTESIAN_POINT('',(1.46304E+04,1.58496E+04,0.));
#1989 = LINE('',#1990,#1991);
#1990 = CARTESIAN_POINT('',(1.46304E+04,1.58496E+04,0.));
#1991 = VECTOR('',#1992,1.);
#1992 = DIRECTION('',(0.,0.,1.));
#1993 = ORIENTED_EDGE('',*,*,#1994,.F.);
#1994 = EDGE_CURVE('',#1938,#1987,#1995,.T.);
#1995 = LINE('',#1996,#1997);
#1996 = CARTESIAN_POINT('',(1.34112E+04,1.58496E+04,0.));
#1997 = VECTOR('',#1998,1.);
#1998 = DIRECTION('',(1.,0.,0.));
#1999 = PLANE('',#2000);
#2000 = AXIS2_PLACEMENT_3D('',#2001,#2002,#2003);
#2001 = CARTESIAN_POINT('',(1.34112E+04,1.58496E+04,0.));
#2002 = DIRECTION('',(0.,1.,0.));
#2003 = DIRECTION('',(1.,0.,0.));
#2004 = ADVANCED_FACE('',(#2005),#2030,.T.);
#2005 = FACE_BOUND('',#2006,.T.);
#2006 = EDGE_LOOP('',(#2007,#2008,#2016,#2024));
#2007 = ORIENTED_EDGE('',*,*,#1986,.T.);
#2008 = ORIENTED_EDGE('',*,*,#2009,.T.);
#2009 = EDGE_CURVE('',#1979,#2010,#2012,.T.);
#2010 = VERTEX_POINT('',#2011);
#2011 = CARTESIAN_POINT('',(1.46304E+04,1.46304E+04,9.E+03));
#2012 = LINE('',#2013,#2014);
#2013 = CARTESIAN_POINT('',(1.46304E+04,1.58496E+04,9.E+03));
#2014 = VECTOR('',#2015,1.);
#2015 = DIRECTION('',(-1.49E-15,-1.,0.));
#2016 = ORIENTED_EDGE('',*,*,#2017,.F.);
#2017 = EDGE_CURVE('',#2018,#2010,#2020,.T.);
#2018 = VERTEX_POINT('',#2019);
#2019 = CARTESIAN_POINT('',(1.46304E+04,1.46304E+04,0.));
#2020 = LINE('',#2021,#2022);
#2021 = CARTESIAN_POINT('',(1.46304E+04,1.46304E+04,0.));
#2022 = VECTOR('',#2023,1.);
#2023 = DIRECTION('',(0.,0.,1.));
#2024 = ORIENTED_EDGE('',*,*,#2025,.F.);
#2025 = EDGE_CURVE('',#1987,#2018,#2026,.T.);
#2026 = LINE('',#2027,#2028);
#2027 = CARTESIAN_POINT('',(1.46304E+04,1.58496E+04,0.));
#2028 = VECTOR('',#2029,1.);
#2029 = DIRECTION('',(-1.49E-15,-1.,0.));
#2030 = PLANE('',#2031);
#2031 = AXIS2_PLACEMENT_3D('',#2032,#2033,#2034);
#2032 = CARTESIAN_POINT('',(1.46304E+04,1.58496E+04,0.));
#2033 = DIRECTION('',(1.,-1.49E-15,0.));
#2034 = DIRECTION('',(-1.49E-15,-1.,0.));
#2035 = ADVANCED_FACE('',(#2036),#2061,.F.);
#2036 = FACE_BOUND('',#2037,.F.);
#2037 = EDGE_LOOP('',(#2038,#2048,#2054,#2055));
#2038 = ORIENTED_EDGE('',*,*,#2039,.T.);
#2039 = EDGE_CURVE('',#2040,#2042,#2044,.T.);
#2040 = VERTEX_POINT('',#2041);
#2041 = CARTESIAN_POINT('',(1.45034E+04,1.46304E+04,0.));
#2042 = VERTEX_POINT('',#2043);
#2043 = CARTESIAN_POINT('',(1.45034E+04,1.46304E+04,9.E+03));
#2044 = LINE('',#2045,#2046);
#2045 = CARTESIAN_POINT('',(1.45034E+04,1.46304E+04,0.));
#2046 = VECTOR('',#2047,1.);
#2047 = DIRECTION('',(0.,0.,1.));
#2048 = ORIENTED_EDGE('',*,*,#2049,.T.);
#2049 = EDGE_CURVE('',#2042,#2010,#2050,.T.);
#2050 = LINE('',#2051,#2052);
#2051 = CARTESIAN_POINT('',(1.45034E+04,1.46304E+04,9.E+03));
#2052 = VECTOR('',#2053,1.);
#2053 = DIRECTION('',(1.,0.,0.));
#2054 = ORIENTED_EDGE('',*,*,#2017,.F.);
#2055 = ORIENTED_EDGE('',*,*,#2056,.F.);
#2056 = EDGE_CURVE('',#2040,#2018,#2057,.T.);
#2057 = LINE('',#2058,#2059);
#2058 = CARTESIAN_POINT('',(1.45034E+04,1.46304E+04,0.));
#2059 = VECTOR('',#2060,1.);
#2060 = DIRECTION('',(1.,0.,0.));
#2061 = PLANE('',#2062);
#2062 = AXIS2_PLACEMENT_3D('',#2063,#2064,#2065);
#2063 = CARTESIAN_POINT('',(1.45034E+04,1.46304E+04,0.));
#2064 = DIRECTION('',(0.,1.,0.));
#2065 = DIRECTION('',(1.,0.,0.));
#2066 = ADVANCED_FACE('',(#2067),#2092,.F.);
#2067 = FACE_BOUND('',#2068,.F.);
#2068 = EDGE_LOOP('',(#2069,#2079,#2085,#2086));
#2069 = ORIENTED_EDGE('',*,*,#2070,.T.);
#2070 = EDGE_CURVE('',#2071,#2073,#2075,.T.);
#2071 = VERTEX_POINT('',#2072);
#2072 = CARTESIAN_POINT('',(1.45034E+04,1.57226E+04,0.));
#2073 = VERTEX_POINT('',#2074);
#2074 = CARTESIAN_POINT('',(1.45034E+04,1.57226E+04,9.E+03));
#2075 = LINE('',#2076,#2077);
#2076 = CARTESIAN_POINT('',(1.45034E+04,1.57226E+04,0.));
#2077 = VECTOR('',#2078,1.);
#2078 = DIRECTION('',(0.,0.,1.));
#2079 = ORIENTED_EDGE('',*,*,#2080,.T.);
#2080 = EDGE_CURVE('',#2073,#2042,#2081,.T.);
#2081 = LINE('',#2082,#2083);
#2082 = CARTESIAN_POINT('',(1.45034E+04,1.57226E+04,9.E+03));
#2083 = VECTOR('',#2084,1.);
#2084 = DIRECTION('',(0.,-1.,0.));
#2085 = ORIENTED_EDGE('',*,*,#2039,.F.);
#2086 = ORIENTED_EDGE('',*,*,#2087,.F.);
#2087 = EDGE_CURVE('',#2071,#2040,#2088,.T.);
#2088 = LINE('',#2089,#2090);
#2089 = CARTESIAN_POINT('',(1.45034E+04,1.57226E+04,0.));
#2090 = VECTOR('',#2091,1.);
#2091 = DIRECTION('',(0.,-1.,0.));
#2092 = PLANE('',#2093);
#2093 = AXIS2_PLACEMENT_3D('',#2094,#2095,#2096);
#2094 = CARTESIAN_POINT('',(1.45034E+04,1.57226E+04,0.));
#2095 = DIRECTION('',(1.,0.,0.));
#2096 = DIRECTION('',(0.,-1.,0.));
#2097 = ADVANCED_FACE('',(#2098),#2123,.F.);
#2098 = FACE_BOUND('',#2099,.F.);
#2099 = EDGE_LOOP('',(#2100,#2110,#2116,#2117));
#2100 = ORIENTED_EDGE('',*,*,#2101,.T.);
#2101 = EDGE_CURVE('',#2102,#2104,#2106,.T.);
#2102 = VERTEX_POINT('',#2103);
#2103 = CARTESIAN_POINT('',(1.32842E+04,1.57226E+04,0.));
#2104 = VERTEX_POINT('',#2105);
#2105 = CARTESIAN_POINT('',(1.32842E+04,1.57226E+04,9.E+03));
#2106 = LINE('',#2107,#2108);
#2107 = CARTESIAN_POINT('',(1.32842E+04,1.57226E+04,0.));
#2108 = VECTOR('',#2109,1.);
#2109 = DIRECTION('',(0.,0.,1.));
#2110 = ORIENTED_EDGE('',*,*,#2111,.T.);
#2111 = EDGE_CURVE('',#2104,#2073,#2112,.T.);
#2112 = LINE('',#2113,#2114);
#2113 = CARTESIAN_POINT('',(1.32842E+04,1.57226E+04,9.E+03));
#2114 = VECTOR('',#2115,1.);
#2115 = DIRECTION('',(1.,0.,0.));
#2116 = ORIENTED_EDGE('',*,*,#2070,.F.);
#2117 = ORIENTED_EDGE('',*,*,#2118,.F.);
#2118 = EDGE_CURVE('',#2102,#2071,#2119,.T.);
#2119 = LINE('',#2120,#2121);
#2120 = CARTESIAN_POINT('',(1.32842E+04,1.57226E+04,0.));
#2121 = VECTOR('',#2122,1.);
#2122 = DIRECTION('',(1.,0.,0.));
#2123 = PLANE('',#2124);
#2124 = AXIS2_PLACEMENT_3D('',#2125,#2126,#2127);
#2125 = CARTESIAN_POINT('',(1.32842E+04,1.57226E+04,0.));
#2126 = DIRECTION('',(0.,1.,0.));
#2127 = DIRECTION('',(1.,0.,0.));
#2128 = ADVANCED_FACE('',(#2129),#2154,.F.);
#2129 = FACE_BOUND('',#2130,.F.);
#2130 = EDGE_LOOP('',(#2131,#2141,#2147,#2148));
#2131 = ORIENTED_EDGE('',*,*,#2132,.T.);
#2132 = EDGE_CURVE('',#2133,#2135,#2137,.T.);
#2133 = VERTEX_POINT('',#2134);
#2134 = CARTESIAN_POINT('',(1.32842E+04,2.79146E+04,0.));
#2135 = VERTEX_POINT('',#2136);
#2136 = CARTESIAN_POINT('',(1.32842E+04,2.79146E+04,9.E+03));
#2137 = LINE('',#2138,#2139);
#2138 = CARTESIAN_POINT('',(1.32842E+04,2.79146E+04,0.));
#2139 = VECTOR('',#2140,1.);
#2140 = DIRECTION('',(0.,0.,1.));
#2141 = ORIENTED_EDGE('',*,*,#2142,.T.);
#2142 = EDGE_CURVE('',#2135,#2104,#2143,.T.);
#2143 = LINE('',#2144,#2145);
#2144 = CARTESIAN_POINT('',(1.32842E+04,2.79146E+04,9.E+03));
#2145 = VECTOR('',#2146,1.);
#2146 = DIRECTION('',(0.,-1.,0.));
#2147 = ORIENTED_EDGE('',*,*,#2101,.F.);
#2148 = ORIENTED_EDGE('',*,*,#2149,.F.);
#2149 = EDGE_CURVE('',#2133,#2102,#2150,.T.);
#2150 = LINE('',#2151,#2152);
#2151 = CARTESIAN_POINT('',(1.32842E+04,2.79146E+04,0.));
#2152 = VECTOR('',#2153,1.);
#2153 = DIRECTION('',(0.,-1.,0.));
#2154 = PLANE('',#2155);
#2155 = AXIS2_PLACEMENT_3D('',#2156,#2157,#2158);
#2156 = CARTESIAN_POINT('',(1.32842E+04,2.79146E+04,0.));
#2157 = DIRECTION('',(1.,0.,0.));
#2158 = DIRECTION('',(0.,-1.,0.));
#2159 = ADVANCED_FACE('',(#2160),#2185,.F.);
#2160 = FACE_BOUND('',#2161,.F.);
#2161 = EDGE_LOOP('',(#2162,#2172,#2178,#2179));
#2162 = ORIENTED_EDGE('',*,*,#2163,.T.);
#2163 = EDGE_CURVE('',#2164,#2166,#2168,.T.);
#2164 = VERTEX_POINT('',#2165);
#2165 = CARTESIAN_POINT('',(1.0922E+03,2.79146E+04,0.));
#2166 = VERTEX_POINT('',#2167);
#2167 = CARTESIAN_POINT('',(1.0922E+03,2.79146E+04,9.E+03));
#2168 = LINE('',#2169,#2170);
#2169 = CARTESIAN_POINT('',(1.0922E+03,2.79146E+04,0.));
#2170 = VECTOR('',#2171,1.);
#2171 = DIRECTION('',(0.,0.,1.));
#2172 = ORIENTED_EDGE('',*,*,#2173,.T.);
#2173 = EDGE_CURVE('',#2166,#2135,#2174,.T.);
#2174 = LINE('',#2175,#2176);
#2175 = CARTESIAN_POINT('',(1.0922E+03,2.79146E+04,9.E+03));
#2176 = VECTOR('',#2177,1.);
#2177 = DIRECTION('',(1.,0.,0.));
#2178 = ORIENTED_EDGE('',*,*,#2132,.F.);
#2179 = ORIENTED_EDGE('',*,*,#2180,.F.);
#2180 = EDGE_CURVE('',#2164,#2133,#2181,.T.);
#2181 = LINE('',#2182,#2183);
#2182 = CARTESIAN_POINT('',(1.0922E+03,2.79146E+04,0.));
#2183 = VECTOR('',#2184,1.);
#2184 = DIRECTION('',(1.,0.,0.));
#2185 = PLANE('',#2186);
#2186 = AXIS2_PLACEMENT_3D('',#2187,#2188,#2189);
#2187 = CARTESIAN_POINT('',(1.0922E+03,2.79146E+04,0.));
#2188 = DIRECTION('',(0.,1.,0.));
#2189 = DIRECTION('',(1.,0.,0.));
#2190 = ADVANCED_FACE('',(#2191),#2216,.F.);
#2191 = FACE_BOUND('',#2192,.F.);
#2192 = EDGE_LOOP('',(#2193,#2203,#2209,#2210));
#2193 = ORIENTED_EDGE('',*,*,#2194,.T.);
#2194 = EDGE_CURVE('',#2195,#2197,#2199,.T.);
#2195 = VERTEX_POINT('',#2196);
#2196 = CARTESIAN_POINT('',(1.0922E+03,2.91338E+04,0.));
#2197 = VERTEX_POINT('',#2198);
#2198 = CARTESIAN_POINT('',(1.0922E+03,2.91338E+04,9.E+03));
#2199 = LINE('',#2200,#2201);
#2200 = CARTESIAN_POINT('',(1.0922E+03,2.91338E+04,0.));
#2201 = VECTOR('',#2202,1.);
#2202 = DIRECTION('',(0.,0.,1.));
#2203 = ORIENTED_EDGE('',*,*,#2204,.T.);
#2204 = EDGE_CURVE('',#2197,#2166,#2205,.T.);
#2205 = LINE('',#2206,#2207);
#2206 = CARTESIAN_POINT('',(1.0922E+03,2.91338E+04,9.E+03));
#2207 = VECTOR('',#2208,1.);
#2208 = DIRECTION('',(0.,-1.,0.));
#2209 = ORIENTED_EDGE('',*,*,#2163,.F.);
#2210 = ORIENTED_EDGE('',*,*,#2211,.F.);
#2211 = EDGE_CURVE('',#2195,#2164,#2212,.T.);
#2212 = LINE('',#2213,#2214);
#2213 = CARTESIAN_POINT('',(1.0922E+03,2.91338E+04,0.));
#2214 = VECTOR('',#2215,1.);
#2215 = DIRECTION('',(0.,-1.,0.));
#2216 = PLANE('',#2217);
#2217 = AXIS2_PLACEMENT_3D('',#2218,#2219,#2220);
#2218 = CARTESIAN_POINT('',(1.0922E+03,2.91338E+04,0.));
#2219 = DIRECTION('',(1.,0.,0.));
#2220 = DIRECTION('',(0.,-1.,0.));
#2221 = ADVANCED_FACE('',(#2222),#2247,.F.);
#2222 = FACE_BOUND('',#2223,.F.);
#2223 = EDGE_LOOP('',(#2224,#2234,#2240,#2241));
#2224 = ORIENTED_EDGE('',*,*,#2225,.T.);
#2225 = EDGE_CURVE('',#2226,#2228,#2230,.T.);
#2226 = VERTEX_POINT('',#2227);
#2227 = CARTESIAN_POINT('',(-1.45034E+04,2.91338E+04,0.));
#2228 = VERTEX_POINT('',#2229);
#2229 = CARTESIAN_POINT('',(-1.45034E+04,2.91338E+04,9.E+03));
#2230 = LINE('',#2231,#2232);
#2231 = CARTESIAN_POINT('',(-1.45034E+04,2.91338E+04,0.));
#2232 = VECTOR('',#2233,1.);
#2233 = DIRECTION('',(0.,0.,1.));
#2234 = ORIENTED_EDGE('',*,*,#2235,.T.);
#2235 = EDGE_CURVE('',#2228,#2197,#2236,.T.);
#2236 = LINE('',#2237,#2238);
#2237 = CARTESIAN_POINT('',(-1.45034E+04,2.91338E+04,9.E+03));
#2238 = VECTOR('',#2239,1.);
#2239 = DIRECTION('',(1.,0.,0.));
#2240 = ORIENTED_EDGE('',*,*,#2194,.F.);
#2241 = ORIENTED_EDGE('',*,*,#2242,.F.);
#2242 = EDGE_CURVE('',#2226,#2195,#2243,.T.);
#2243 = LINE('',#2244,#2245);
#2244 = CARTESIAN_POINT('',(-1.45034E+04,2.91338E+04,0.));
#2245 = VECTOR('',#2246,1.);
#2246 = DIRECTION('',(1.,0.,0.));
#2247 = PLANE('',#2248);
#2248 = AXIS2_PLACEMENT_3D('',#2249,#2250,#2251);
#2249 = CARTESIAN_POINT('',(-1.45034E+04,2.91338E+04,0.));
#2250 = DIRECTION('',(0.,1.,0.));
#2251 = DIRECTION('',(1.,0.,0.));
#2252 = ADVANCED_FACE('',(#2253),#2278,.F.);
#2253 = FACE_BOUND('',#2254,.F.);
#2254 = EDGE_LOOP('',(#2255,#2265,#2271,#2272));
#2255 = ORIENTED_EDGE('',*,*,#2256,.T.);
#2256 = EDGE_CURVE('',#2257,#2259,#2261,.T.);
#2257 = VERTEX_POINT('',#2258);
#2258 = CARTESIAN_POINT('',(-1.45034E+04,1.46304E+04,0.));
#2259 = VERTEX_POINT('',#2260);
#2260 = CARTESIAN_POINT('',(-1.45034E+04,1.46304E+04,9.E+03));
#2261 = LINE('',#2262,#2263);
#2262 = CARTESIAN_POINT('',(-1.45034E+04,1.46304E+04,0.));
#2263 = VECTOR('',#2264,1.);
#2264 = DIRECTION('',(0.,0.,1.));
#2265 = ORIENTED_EDGE('',*,*,#2266,.T.);
#2266 = EDGE_CURVE('',#2259,#2228,#2267,.T.);
#2267 = LINE('',#2268,#2269);
#2268 = CARTESIAN_POINT('',(-1.45034E+04,1.46304E+04,9.E+03));
#2269 = VECTOR('',#2270,1.);
#2270 = DIRECTION('',(0.,1.,0.));
#2271 = ORIENTED_EDGE('',*,*,#2225,.F.);
#2272 = ORIENTED_EDGE('',*,*,#2273,.F.);
#2273 = EDGE_CURVE('',#2257,#2226,#2274,.T.);
#2274 = LINE('',#2275,#2276);
#2275 = CARTESIAN_POINT('',(-1.45034E+04,1.46304E+04,0.));
#2276 = VECTOR('',#2277,1.);
#2277 = DIRECTION('',(0.,1.,0.));
#2278 = PLANE('',#2279);
#2279 = AXIS2_PLACEMENT_3D('',#2280,#2281,#2282);
#2280 = CARTESIAN_POINT('',(-1.45034E+04,1.46304E+04,0.));
#2281 = DIRECTION('',(-1.,0.,0.));
#2282 = DIRECTION('',(0.,1.,0.));
#2283 = ADVANCED_FACE('',(#2284),#2309,.F.);
#2284 = FACE_BOUND('',#2285,.F.);
#2285 = EDGE_LOOP('',(#2286,#2296,#2302,#2303));
#2286 = ORIENTED_EDGE('',*,*,#2287,.T.);
#2287 = EDGE_CURVE('',#2288,#2290,#2292,.T.);
#2288 = VERTEX_POINT('',#2289);
#2289 = CARTESIAN_POINT('',(-1.46304E+04,1.46304E+04,0.));
#2290 = VERTEX_POINT('',#2291);
#2291 = CARTESIAN_POINT('',(-1.46304E+04,1.46304E+04,9.E+03));
#2292 = LINE('',#2293,#2294);
#2293 = CARTESIAN_POINT('',(-1.46304E+04,1.46304E+04,0.));
#2294 = VECTOR('',#2295,1.);
#2295 = DIRECTION('',(0.,0.,1.));
#2296 = ORIENTED_EDGE('',*,*,#2297,.T.);
#2297 = EDGE_CURVE('',#2290,#2259,#2298,.T.);
#2298 = LINE('',#2299,#2300);
#2299 = CARTESIAN_POINT('',(-1.46304E+04,1.46304E+04,9.E+03));
#2300 = VECTOR('',#2301,1.);
#2301 = DIRECTION('',(1.,0.,0.));
#2302 = ORIENTED_EDGE('',*,*,#2256,.F.);
#2303 = ORIENTED_EDGE('',*,*,#2304,.F.);
#2304 = EDGE_CURVE('',#2288,#2257,#2305,.T.);
#2305 = LINE('',#2306,#2307);
#2306 = CARTESIAN_POINT('',(-1.46304E+04,1.46304E+04,0.));
#2307 = VECTOR('',#2308,1.);
#2308 = DIRECTION('',(1.,0.,0.));
#2309 = PLANE('',#2310);
#2310 = AXIS2_PLACEMENT_3D('',#2311,#2312,#2313);
#2311 = CARTESIAN_POINT('',(-1.46304E+04,1.46304E+04,0.));
#2312 = DIRECTION('',(0.,1.,0.));
#2313 = DIRECTION('',(1.,0.,0.));
#2314 = ADVANCED_FACE('',(#2315),#2340,.F.);
#2315 = FACE_BOUND('',#2316,.F.);
#2316 = EDGE_LOOP('',(#2317,#2327,#2333,#2334));
#2317 = ORIENTED_EDGE('',*,*,#2318,.T.);
#2318 = EDGE_CURVE('',#2319,#2321,#2323,.T.);
#2319 = VERTEX_POINT('',#2320);
#2320 = CARTESIAN_POINT('',(-1.46304E+04,2.92608E+04,0.));
#2321 = VERTEX_POINT('',#2322);
#2322 = CARTESIAN_POINT('',(-1.46304E+04,2.92608E+04,9.E+03));
#2323 = LINE('',#2324,#2325);
#2324 = CARTESIAN_POINT('',(-1.46304E+04,2.92608E+04,0.));
#2325 = VECTOR('',#2326,1.);
#2326 = DIRECTION('',(0.,0.,1.));
#2327 = ORIENTED_EDGE('',*,*,#2328,.T.);
#2328 = EDGE_CURVE('',#2321,#2290,#2329,.T.);
#2329 = LINE('',#2330,#2331);
#2330 = CARTESIAN_POINT('',(-1.46304E+04,2.92608E+04,9.E+03));
#2331 = VECTOR('',#2332,1.);
#2332 = DIRECTION('',(2.5E-16,-1.,0.));
#2333 = ORIENTED_EDGE('',*,*,#2287,.F.);
#2334 = ORIENTED_EDGE('',*,*,#2335,.F.);
#2335 = EDGE_CURVE('',#2319,#2288,#2336,.T.);
#2336 = LINE('',#2337,#2338);
#2337 = CARTESIAN_POINT('',(-1.46304E+04,2.92608E+04,0.));
#2338 = VECTOR('',#2339,1.);
#2339 = DIRECTION('',(2.5E-16,-1.,0.));
#2340 = PLANE('',#2341);
#2341 = AXIS2_PLACEMENT_3D('',#2342,#2343,#2344);
#2342 = CARTESIAN_POINT('',(-1.46304E+04,2.92608E+04,0.));
#2343 = DIRECTION('',(1.,2.5E-16,0.));
#2344 = DIRECTION('',(2.5E-16,-1.,0.));
#2345 = ADVANCED_FACE('',(#2346),#2371,.F.);
#2346 = FACE_BOUND('',#2347,.F.);
#2347 = EDGE_LOOP('',(#2348,#2358,#2364,#2365));
#2348 = ORIENTED_EDGE('',*,*,#2349,.T.);
#2349 = EDGE_CURVE('',#2350,#2352,#2354,.T.);
#2350 = VERTEX_POINT('',#2351);
#2351 = CARTESIAN_POINT('',(1.2192E+03,2.92608E+04,0.));
#2352 = VERTEX_POINT('',#2353);
#2353 = CARTESIAN_POINT('',(1.2192E+03,2.92608E+04,9.E+03));
#2354 = LINE('',#2355,#2356);
#2355 = CARTESIAN_POINT('',(1.2192E+03,2.92608E+04,0.));
#2356 = VECTOR('',#2357,1.);
#2357 = DIRECTION('',(0.,0.,1.));
#2358 = ORIENTED_EDGE('',*,*,#2359,.T.);
#2359 = EDGE_CURVE('',#2352,#2321,#2360,.T.);
#2360 = LINE('',#2361,#2362);
#2361 = CARTESIAN_POINT('',(1.2192E+03,2.92608E+04,9.E+03));
#2362 = VECTOR('',#2363,1.);
#2363 = DIRECTION('',(-1.,0.,0.));
#2364 = ORIENTED_EDGE('',*,*,#2318,.F.);
#2365 = ORIENTED_EDGE('',*,*,#2366,.F.);
#2366 = EDGE_CURVE('',#2350,#2319,#2367,.T.);
#2367 = LINE('',#2368,#2369);
#2368 = CARTESIAN_POINT('',(1.2192E+03,2.92608E+04,0.));
#2369 = VECTOR('',#2370,1.);
#2370 = DIRECTION('',(-1.,0.,0.));
#2371 = PLANE('',#2372);
#2372 = AXIS2_PLACEMENT_3D('',#2373,#2374,#2375);
#2373 = CARTESIAN_POINT('',(1.2192E+03,2.92608E+04,0.));
#2374 = DIRECTION('',(0.,-1.,0.));
#2375 = DIRECTION('',(-1.,0.,0.));
#2376 = ADVANCED_FACE('',(#2377),#2402,.F.);
#2377 = FACE_BOUND('',#2378,.F.);
#2378 = EDGE_LOOP('',(#2379,#2389,#2395,#2396));
#2379 = ORIENTED_EDGE('',*,*,#2380,.T.);
#2380 = EDGE_CURVE('',#2381,#2383,#2385,.T.);
#2381 = VERTEX_POINT('',#2382);
#2382 = CARTESIAN_POINT('',(1.2192E+03,2.80416E+04,0.));
#2383 = VERTEX_POINT('',#2384);
#2384 = CARTESIAN_POINT('',(1.2192E+03,2.80416E+04,9.E+03));
#2385 = LINE('',#2386,#2387);
#2386 = CARTESIAN_POINT('',(1.2192E+03,2.80416E+04,0.));
#2387 = VECTOR('',#2388,1.);
#2388 = DIRECTION('',(0.,0.,1.));
#2389 = ORIENTED_EDGE('',*,*,#2390,.T.);
#2390 = EDGE_CURVE('',#2383,#2352,#2391,.T.);
#2391 = LINE('',#2392,#2393);
#2392 = CARTESIAN_POINT('',(1.2192E+03,2.80416E+04,9.E+03));
#2393 = VECTOR('',#2394,1.);
#2394 = DIRECTION('',(0.,1.,0.));
#2395 = ORIENTED_EDGE('',*,*,#2349,.F.);
#2396 = ORIENTED_EDGE('',*,*,#2397,.F.);
#2397 = EDGE_CURVE('',#2381,#2350,#2398,.T.);
#2398 = LINE('',#2399,#2400);
#2399 = CARTESIAN_POINT('',(1.2192E+03,2.80416E+04,0.));
#2400 = VECTOR('',#2401,1.);
#2401 = DIRECTION('',(0.,1.,0.));
#2402 = PLANE('',#2403);
#2403 = AXIS2_PLACEMENT_3D('',#2404,#2405,#2406);
#2404 = CARTESIAN_POINT('',(1.2192E+03,2.80416E+04,0.));
#2405 = DIRECTION('',(-1.,0.,0.));
#2406 = DIRECTION('',(0.,1.,0.));
#2407 = ADVANCED_FACE('',(#2408),#2424,.F.);
#2408 = FACE_BOUND('',#2409,.F.);
#2409 = EDGE_LOOP('',(#2410,#2411,#2417,#2418));
#2410 = ORIENTED_EDGE('',*,*,#1955,.T.);
#2411 = ORIENTED_EDGE('',*,*,#2412,.T.);
#2412 = EDGE_CURVE('',#1948,#2383,#2413,.T.);
#2413 = LINE('',#2414,#2415);
#2414 = CARTESIAN_POINT('',(1.34112E+04,2.80416E+04,9.E+03));
#2415 = VECTOR('',#2416,1.);
#2416 = DIRECTION('',(-1.,0.,0.));
#2417 = ORIENTED_EDGE('',*,*,#2380,.F.);
#2418 = ORIENTED_EDGE('',*,*,#2419,.F.);
#2419 = EDGE_CURVE('',#1956,#2381,#2420,.T.);
#2420 = LINE('',#2421,#2422);
#2421 = CARTESIAN_POINT('',(1.34112E+04,2.80416E+04,0.));
#2422 = VECTOR('',#2423,1.);
#2423 = DIRECTION('',(-1.,0.,0.));
#2424 = PLANE('',#2425);
#2425 = AXIS2_PLACEMENT_3D('',#2426,#2427,#2428);
#2426 = CARTESIAN_POINT('',(1.34112E+04,2.80416E+04,0.));
#2427 = DIRECTION('',(0.,-1.,0.));
#2428 = DIRECTION('',(-1.,0.,0.));
#2429 = ADVANCED_FACE('',(#2430),#2448,.F.);
#2430 = FACE_BOUND('',#2431,.T.);
#2431 = EDGE_LOOP('',(#2432,#2433,#2434,#2435,#2436,#2437,#2438,#2439,
    #2440,#2441,#2442,#2443,#2444,#2445,#2446,#2447));
#2432 = ORIENTED_EDGE('',*,*,#1963,.F.);
#2433 = ORIENTED_EDGE('',*,*,#1994,.T.);
#2434 = ORIENTED_EDGE('',*,*,#2025,.T.);
#2435 = ORIENTED_EDGE('',*,*,#2056,.F.);
#2436 = ORIENTED_EDGE('',*,*,#2087,.F.);
#2437 = ORIENTED_EDGE('',*,*,#2118,.F.);
#2438 = ORIENTED_EDGE('',*,*,#2149,.F.);
#2439 = ORIENTED_EDGE('',*,*,#2180,.F.);
#2440 = ORIENTED_EDGE('',*,*,#2211,.F.);
#2441 = ORIENTED_EDGE('',*,*,#2242,.F.);
#2442 = ORIENTED_EDGE('',*,*,#2273,.F.);
#2443 = ORIENTED_EDGE('',*,*,#2304,.F.);
#2444 = ORIENTED_EDGE('',*,*,#2335,.F.);
#2445 = ORIENTED_EDGE('',*,*,#2366,.F.);
#2446 = ORIENTED_EDGE('',*,*,#2397,.F.);
#2447 = ORIENTED_EDGE('',*,*,#2419,.F.);
#2448 = PLANE('',#2449);
#2449 = AXIS2_PLACEMENT_3D('',#2450,#2451,#2452);
#2450 = CARTESIAN_POINT('',(-534.5600695954,2.499746137451E+04,0.));
#2451 = DIRECTION('',(0.,0.,1.));
#2452 = DIRECTION('',(1.,0.,0.));
#2453 = ADVANCED_FACE('',(#2454),#2472,.T.);
#2454 = FACE_BOUND('',#2455,.F.);
#2455 = EDGE_LOOP('',(#2456,#2457,#2458,#2459,#2460,#2461,#2462,#2463,
    #2464,#2465,#2466,#2467,#2468,#2469,#2470,#2471));
#2456 = ORIENTED_EDGE('',*,*,#1947,.F.);
#2457 = ORIENTED_EDGE('',*,*,#1978,.T.);
#2458 = ORIENTED_EDGE('',*,*,#2009,.T.);
#2459 = ORIENTED_EDGE('',*,*,#2049,.F.);
#2460 = ORIENTED_EDGE('',*,*,#2080,.F.);
#2461 = ORIENTED_EDGE('',*,*,#2111,.F.);
#2462 = ORIENTED_EDGE('',*,*,#2142,.F.);
#2463 = ORIENTED_EDGE('',*,*,#2173,.F.);
#2464 = ORIENTED_EDGE('',*,*,#2204,.F.);
#2465 = ORIENTED_EDGE('',*,*,#2235,.F.);
#2466 = ORIENTED_EDGE('',*,*,#2266,.F.);
#2467 = ORIENTED_EDGE('',*,*,#2297,.F.);
#2468 = ORIENTED_EDGE('',*,*,#2328,.F.);
#2469 = ORIENTED_EDGE('',*,*,#2359,.F.);
#2470 = ORIENTED_EDGE('',*,*,#2390,.F.);
#2471 = ORIENTED_EDGE('',*,*,#2412,.F.);
#2472 = PLANE('',#2473);
#2473 = AXIS2_PLACEMENT_3D('',#2474,#2475,#2476);
#2474 = CARTESIAN_POINT('',(-534.5600695954,2.499746137451E+04,9.E+03));
#2475 = DIRECTION('',(0.,0.,1.));
#2476 = DIRECTION('',(1.,0.,0.));
#2477 = ( GEOMETRIC_REPRESENTATION_CONTEXT(3) 
GLOBAL_UNCERTAINTY_ASSIGNED_CONTEXT((#2481)) 
GLOBAL_UNIT_ASSIGNED_CONTEXT((#2478,#2479,#2480)) REPRESENTATION_CONTEXT
('Context #1','3D Context with UNIT and UNCERTAINTY') );
#2478 = ( LENGTH_UNIT() NAMED_UNIT(*) SI_UNIT(.MILLI.,.METRE.) );
#2479 = ( NAMED_UNIT(*) PLANE_ANGLE_UNIT() SI_UNIT($,.RADIAN.) );
#2480 = ( NAMED_UNIT(*) SI_UNIT($,.STERADIAN.) SOLID_ANGLE_UNIT() );
#2481 = UNCERTAINTY_MEASURE_WITH_UNIT(LENGTH_MEASURE(1.E-07),#2478,
  'distance_accuracy_value','confusion accuracy');
#2482 = CONTEXT_DEPENDENT_SHAPE_REPRESENTATION(#2483,#2485);
#2483 = ( REPRESENTATION_RELATIONSHIP('','',#1930,#691) 
REPRESENTATION_RELATIONSHIP_WITH_TRANSFORMATION(#2484) 
SHAPE_REPRESENTATION_RELATIONSHIP() );
#2484 = ITEM_DEFINED_TRANSFORMATION('','',#11,#700);
#2485 = PRODUCT_DEFINITION_SHAPE('Placement','Placement of an item',
  #2486);
#2486 = NEXT_ASSEMBLY_USAGE_OCCURRENCE('8','FirstFloorWalls','',#686,
  #1925,$);
#2487 = PRODUCT_RELATED_PRODUCT_CATEGORY('part',$,(#1927));
#2488 = SHAPE_DEFINITION_REPRESENTATION(#2489,#2495);
#2489 = PRODUCT_DEFINITION_SHAPE('','',#2490);
#2490 = PRODUCT_DEFINITION('design','',#2491,#2494);
#2491 = PRODUCT_DEFINITION_FORMATION('','',#2492);
#2492 = PRODUCT('SecondFloorWalls','SecondFloorWalls','',(#2493));
#2493 = PRODUCT_CONTEXT('',#2,'mechanical');
#2494 = PRODUCT_DEFINITION_CONTEXT('part definition',#2,'design');
#2495 = ADVANCED_BREP_SHAPE_REPRESENTATION('',(#11,#2496),#3858);
#2496 = MANIFOLD_SOLID_BREP('',#2497);
#2497 = CLOSED_SHELL('',(#2498,#2538,#2569,#2600,#2713,#2826,#2843,#2860
    ,#2877,#3098,#3115,#3132,#3149,#3370,#3387,#3404,#3421,#3438,#3450,
    #3472,#3489,#3506,#3518,#3540,#3557,#3574,#3586,#3608,#3625,#3642,
    #3654,#3676,#3693,#3710,#3722,#3744,#3761,#3778,#3790,#3812,#3829,
    #3846));
#2498 = ADVANCED_FACE('',(#2499),#2533,.T.);
#2499 = FACE_BOUND('',#2500,.T.);
#2500 = EDGE_LOOP('',(#2501,#2511,#2519,#2527));
#2501 = ORIENTED_EDGE('',*,*,#2502,.T.);
#2502 = EDGE_CURVE('',#2503,#2505,#2507,.T.);
#2503 = VERTEX_POINT('',#2504);
#2504 = CARTESIAN_POINT('',(-1.225E-12,-1.46304E+04,0.));
#2505 = VERTEX_POINT('',#2506);
#2506 = CARTESIAN_POINT('',(-1.225E-12,-1.46304E+04,9.E+03));
#2507 = LINE('',#2508,#2509);
#2508 = CARTESIAN_POINT('',(-1.22502E-12,-1.46304E+04,0.));
#2509 = VECTOR('',#2510,1.);
#2510 = DIRECTION('',(0.,0.,1.));
#2511 = ORIENTED_EDGE('',*,*,#2512,.T.);
#2512 = EDGE_CURVE('',#2505,#2513,#2515,.T.);
#2513 = VERTEX_POINT('',#2514);
#2514 = CARTESIAN_POINT('',(-9.09E-13,-1.07697E+04,9.E+03));
#2515 = LINE('',#2516,#2517);
#2516 = CARTESIAN_POINT('',(-1.22502E-12,-1.46304E+04,9.E+03));
#2517 = VECTOR('',#2518,1.);
#2518 = DIRECTION('',(8.E-17,1.,0.));
#2519 = ORIENTED_EDGE('',*,*,#2520,.F.);
#2520 = EDGE_CURVE('',#2521,#2513,#2523,.T.);
#2521 = VERTEX_POINT('',#2522);
#2522 = CARTESIAN_POINT('',(-9.09E-13,-1.07697E+04,0.));
#2523 = LINE('',#2524,#2525);
#2524 = CARTESIAN_POINT('',(-9.0949E-13,-1.07697E+04,0.));
#2525 = VECTOR('',#2526,1.);
#2526 = DIRECTION('',(0.,0.,1.));
#2527 = ORIENTED_EDGE('',*,*,#2528,.F.);
#2528 = EDGE_CURVE('',#2503,#2521,#2529,.T.);
#2529 = LINE('',#2530,#2531);
#2530 = CARTESIAN_POINT('',(-1.22502E-12,-1.46304E+04,0.));
#2531 = VECTOR('',#2532,1.);
#2532 = DIRECTION('',(8.E-17,1.,0.));
#2533 = PLANE('',#2534);
#2534 = AXIS2_PLACEMENT_3D('',#2535,#2536,#2537);
#2535 = CARTESIAN_POINT('',(-1.22502E-12,-1.46304E+04,0.));
#2536 = DIRECTION('',(-1.,8.E-17,0.));
#2537 = DIRECTION('',(8.E-17,1.,0.));
#2538 = ADVANCED_FACE('',(#2539),#2564,.T.);
#2539 = FACE_BOUND('',#2540,.T.);
#2540 = EDGE_LOOP('',(#2541,#2542,#2550,#2558));
#2541 = ORIENTED_EDGE('',*,*,#2502,.F.);
#2542 = ORIENTED_EDGE('',*,*,#2543,.T.);
#2543 = EDGE_CURVE('',#2503,#2544,#2546,.T.);
#2544 = VERTEX_POINT('',#2545);
#2545 = CARTESIAN_POINT('',(1.46304E+04,-1.46304E+04,0.));
#2546 = LINE('',#2547,#2548);
#2547 = CARTESIAN_POINT('',(1.34112E+04,-1.46304E+04,0.));
#2548 = VECTOR('',#2549,1.);
#2549 = DIRECTION('',(1.,-1.49E-15,0.));
#2550 = ORIENTED_EDGE('',*,*,#2551,.T.);
#2551 = EDGE_CURVE('',#2544,#2552,#2554,.T.);
#2552 = VERTEX_POINT('',#2553);
#2553 = CARTESIAN_POINT('',(1.46304E+04,-1.46304E+04,9.E+03));
#2554 = LINE('',#2555,#2556);
#2555 = CARTESIAN_POINT('',(1.46304E+04,-1.46304E+04,0.));
#2556 = VECTOR('',#2557,1.);
#2557 = DIRECTION('',(0.,0.,1.));
#2558 = ORIENTED_EDGE('',*,*,#2559,.F.);
#2559 = EDGE_CURVE('',#2505,#2552,#2560,.T.);
#2560 = LINE('',#2561,#2562);
#2561 = CARTESIAN_POINT('',(-1.22502E-12,-1.46304E+04,9.E+03));
#2562 = VECTOR('',#2563,1.);
#2563 = DIRECTION('',(1.,-1.6E-16,0.));
#2564 = PLANE('',#2565);
#2565 = AXIS2_PLACEMENT_3D('',#2566,#2567,#2568);
#2566 = CARTESIAN_POINT('',(7.3152E+03,-1.46304E+04,4.5E+03));
#2567 = DIRECTION('',(-0.,-1.,-0.));
#2568 = DIRECTION('',(0.,0.,-1.));
#2569 = ADVANCED_FACE('',(#2570),#2595,.F.);
#2570 = FACE_BOUND('',#2571,.F.);
#2571 = EDGE_LOOP('',(#2572,#2582,#2588,#2589));
#2572 = ORIENTED_EDGE('',*,*,#2573,.T.);
#2573 = EDGE_CURVE('',#2574,#2576,#2578,.T.);
#2574 = VERTEX_POINT('',#2575);
#2575 = CARTESIAN_POINT('',(-6.87334E+03,-1.07697E+04,0.));
#2576 = VERTEX_POINT('',#2577);
#2577 = CARTESIAN_POINT('',(-6.87334E+03,-1.07697E+04,9.E+03));
#2578 = LINE('',#2579,#2580);
#2579 = CARTESIAN_POINT('',(-6.87334E+03,-1.07697E+04,0.));
#2580 = VECTOR('',#2581,1.);
#2581 = DIRECTION('',(0.,0.,1.));
#2582 = ORIENTED_EDGE('',*,*,#2583,.T.);
#2583 = EDGE_CURVE('',#2576,#2513,#2584,.T.);
#2584 = LINE('',#2585,#2586);
#2585 = CARTESIAN_POINT('',(-6.87334E+03,-1.07697E+04,9.E+03));
#2586 = VECTOR('',#2587,1.);
#2587 = DIRECTION('',(1.,0.,0.));
#2588 = ORIENTED_EDGE('',*,*,#2520,.F.);
#2589 = ORIENTED_EDGE('',*,*,#2590,.F.);
#2590 = EDGE_CURVE('',#2574,#2521,#2591,.T.);
#2591 = LINE('',#2592,#2593);
#2592 = CARTESIAN_POINT('',(-6.87334E+03,-1.07697E+04,0.));
#2593 = VECTOR('',#2594,1.);
#2594 = DIRECTION('',(1.,0.,0.));
#2595 = PLANE('',#2596);
#2596 = AXIS2_PLACEMENT_3D('',#2597,#2598,#2599);
#2597 = CARTESIAN_POINT('',(-6.87334E+03,-1.07697E+04,0.));
#2598 = DIRECTION('',(0.,1.,0.));
#2599 = DIRECTION('',(1.,0.,0.));
#2600 = ADVANCED_FACE('',(#2601),#2708,.F.);
#2601 = FACE_BOUND('',#2602,.T.);
#2602 = EDGE_LOOP('',(#2603,#2604,#2605,#2613,#2621,#2629,#2637,#2645,
    #2653,#2661,#2669,#2677,#2685,#2693,#2701,#2707));
#2603 = ORIENTED_EDGE('',*,*,#2528,.T.);
#2604 = ORIENTED_EDGE('',*,*,#2590,.F.);
#2605 = ORIENTED_EDGE('',*,*,#2606,.F.);
#2606 = EDGE_CURVE('',#2607,#2574,#2609,.T.);
#2607 = VERTEX_POINT('',#2608);
#2608 = CARTESIAN_POINT('',(-6.87334E+03,-1.8288E+04,0.));
#2609 = LINE('',#2610,#2611);
#2610 = CARTESIAN_POINT('',(-6.87334E+03,-1.8288E+04,0.));
#2611 = VECTOR('',#2612,1.);
#2612 = DIRECTION('',(0.,1.,0.));
#2613 = ORIENTED_EDGE('',*,*,#2614,.F.);
#2614 = EDGE_CURVE('',#2615,#2607,#2617,.T.);
#2615 = VERTEX_POINT('',#2616);
#2616 = CARTESIAN_POINT('',(-8.21954E+03,-1.8288E+04,0.));
#2617 = LINE('',#2618,#2619);
#2618 = CARTESIAN_POINT('',(-8.21954E+03,-1.8288E+04,0.));
#2619 = VECTOR('',#2620,1.);
#2620 = DIRECTION('',(1.,2.7E-15,0.));
#2621 = ORIENTED_EDGE('',*,*,#2622,.F.);
#2622 = EDGE_CURVE('',#2623,#2615,#2625,.T.);
#2623 = VERTEX_POINT('',#2624);
#2624 = CARTESIAN_POINT('',(-8.21954E+03,1.26746E+04,0.));
#2625 = LINE('',#2626,#2627);
#2626 = CARTESIAN_POINT('',(-8.21954E+03,1.26746E+04,0.));
#2627 = VECTOR('',#2628,1.);
#2628 = DIRECTION('',(0.,-1.,0.));
#2629 = ORIENTED_EDGE('',*,*,#2630,.T.);
#2630 = EDGE_CURVE('',#2623,#2631,#2633,.T.);
#2631 = VERTEX_POINT('',#2632);
#2632 = CARTESIAN_POINT('',(-1.46304E+04,1.26746E+04,0.));
#2633 = LINE('',#2634,#2635);
#2634 = CARTESIAN_POINT('',(-8.21954E+03,1.26746E+04,0.));
#2635 = VECTOR('',#2636,1.);
#2636 = DIRECTION('',(-1.,0.,0.));
#2637 = ORIENTED_EDGE('',*,*,#2638,.T.);
#2638 = EDGE_CURVE('',#2631,#2639,#2641,.T.);
#2639 = VERTEX_POINT('',#2640);
#2640 = CARTESIAN_POINT('',(-1.46304E+04,1.28016E+04,0.));
#2641 = LINE('',#2642,#2643);
#2642 = CARTESIAN_POINT('',(-1.46304E+04,1.26746E+04,0.));
#2643 = VECTOR('',#2644,1.);
#2644 = DIRECTION('',(-1.432E-14,1.,0.));
#2645 = ORIENTED_EDGE('',*,*,#2646,.T.);
#2646 = EDGE_CURVE('',#2639,#2647,#2649,.T.);
#2647 = VERTEX_POINT('',#2648);
#2648 = CARTESIAN_POINT('',(-8.09254E+03,1.28016E+04,0.));
#2649 = LINE('',#2650,#2651);
#2650 = CARTESIAN_POINT('',(-1.46304E+04,1.28016E+04,0.));
#2651 = VECTOR('',#2652,1.);
#2652 = DIRECTION('',(1.,0.,0.));
#2653 = ORIENTED_EDGE('',*,*,#2654,.T.);
#2654 = EDGE_CURVE('',#2647,#2655,#2657,.T.);
#2655 = VERTEX_POINT('',#2656);
#2656 = CARTESIAN_POINT('',(-8.09254E+03,-1.8161E+04,0.));
#2657 = LINE('',#2658,#2659);
#2658 = CARTESIAN_POINT('',(-8.09254E+03,1.28016E+04,0.));
#2659 = VECTOR('',#2660,1.);
#2660 = DIRECTION('',(0.,-1.,0.));
#2661 = ORIENTED_EDGE('',*,*,#2662,.T.);
#2662 = EDGE_CURVE('',#2655,#2663,#2665,.T.);
#2663 = VERTEX_POINT('',#2664);
#2664 = CARTESIAN_POINT('',(-7.00034E+03,-1.8161E+04,0.));
#2665 = LINE('',#2666,#2667);
#2666 = CARTESIAN_POINT('',(-8.09254E+03,-1.8161E+04,0.));
#2667 = VECTOR('',#2668,1.);
#2668 = DIRECTION('',(1.,0.,0.));
#2669 = ORIENTED_EDGE('',*,*,#2670,.T.);
#2670 = EDGE_CURVE('',#2663,#2671,#2673,.T.);
#2671 = VERTEX_POINT('',#2672);
#2672 = CARTESIAN_POINT('',(-7.00034E+03,-1.06427E+04,0.));
#2673 = LINE('',#2674,#2675);
#2674 = CARTESIAN_POINT('',(-7.00034E+03,-1.8161E+04,0.));
#2675 = VECTOR('',#2676,1.);
#2676 = DIRECTION('',(0.,1.,0.));
#2677 = ORIENTED_EDGE('',*,*,#2678,.T.);
#2678 = EDGE_CURVE('',#2671,#2679,#2681,.T.);
#2679 = VERTEX_POINT('',#2680);
#2680 = CARTESIAN_POINT('',(126.99999999999,-1.06427E+04,0.));
#2681 = LINE('',#2682,#2683);
#2682 = CARTESIAN_POINT('',(-7.00034E+03,-1.06427E+04,0.));
#2683 = VECTOR('',#2684,1.);
#2684 = DIRECTION('',(1.,0.,0.));
#2685 = ORIENTED_EDGE('',*,*,#2686,.T.);
#2686 = EDGE_CURVE('',#2679,#2687,#2689,.T.);
#2687 = VERTEX_POINT('',#2688);
#2688 = CARTESIAN_POINT('',(126.99999999999,-1.45034E+04,0.));
#2689 = LINE('',#2690,#2691);
#2690 = CARTESIAN_POINT('',(126.99999999999,-1.06427E+04,0.));
#2691 = VECTOR('',#2692,1.);
#2692 = DIRECTION('',(0.,-1.,0.));
#2693 = ORIENTED_EDGE('',*,*,#2694,.T.);
#2694 = EDGE_CURVE('',#2687,#2695,#2697,.T.);
#2695 = VERTEX_POINT('',#2696);
#2696 = CARTESIAN_POINT('',(1.46304E+04,-1.45034E+04,0.));
#2697 = LINE('',#2698,#2699);
#2698 = CARTESIAN_POINT('',(126.99999999999,-1.45034E+04,0.));
#2699 = VECTOR('',#2700,1.);
#2700 = DIRECTION('',(1.,0.,0.));
#2701 = ORIENTED_EDGE('',*,*,#2702,.T.);
#2702 = EDGE_CURVE('',#2695,#2544,#2703,.T.);
#2703 = LINE('',#2704,#2705);
#2704 = CARTESIAN_POINT('',(1.46304E+04,-1.45034E+04,0.));
#2705 = VECTOR('',#2706,1.);
#2706 = DIRECTION('',(1.432E-14,-1.,0.));
#2707 = ORIENTED_EDGE('',*,*,#2543,.F.);
#2708 = PLANE('',#2709);
#2709 = AXIS2_PLACEMENT_3D('',#2710,#2711,#2712);
#2710 = CARTESIAN_POINT('',(-4.244288866574E+03,-6.545201599511E+03,0.)
  );
#2711 = DIRECTION('',(0.,0.,1.));
#2712 = DIRECTION('',(1.,0.,0.));
#2713 = ADVANCED_FACE('',(#2714),#2821,.T.);
#2714 = FACE_BOUND('',#2715,.F.);
#2715 = EDGE_LOOP('',(#2716,#2717,#2718,#2719,#2727,#2735,#2743,#2751,
    #2759,#2767,#2775,#2783,#2791,#2799,#2807,#2815));
#2716 = ORIENTED_EDGE('',*,*,#2559,.F.);
#2717 = ORIENTED_EDGE('',*,*,#2512,.T.);
#2718 = ORIENTED_EDGE('',*,*,#2583,.F.);
#2719 = ORIENTED_EDGE('',*,*,#2720,.F.);
#2720 = EDGE_CURVE('',#2721,#2576,#2723,.T.);
#2721 = VERTEX_POINT('',#2722);
#2722 = CARTESIAN_POINT('',(-6.87334E+03,-1.8288E+04,9.E+03));
#2723 = LINE('',#2724,#2725);
#2724 = CARTESIAN_POINT('',(-6.87334E+03,-1.8288E+04,9.E+03));
#2725 = VECTOR('',#2726,1.);
#2726 = DIRECTION('',(0.,1.,0.));
#2727 = ORIENTED_EDGE('',*,*,#2728,.F.);
#2728 = EDGE_CURVE('',#2729,#2721,#2731,.T.);
#2729 = VERTEX_POINT('',#2730);
#2730 = CARTESIAN_POINT('',(-8.21954E+03,-1.8288E+04,9.E+03));
#2731 = LINE('',#2732,#2733);
#2732 = CARTESIAN_POINT('',(-8.21954E+03,-1.8288E+04,9.E+03));
#2733 = VECTOR('',#2734,1.);
#2734 = DIRECTION('',(1.,2.7E-15,0.));
#2735 = ORIENTED_EDGE('',*,*,#2736,.F.);
#2736 = EDGE_CURVE('',#2737,#2729,#2739,.T.);
#2737 = VERTEX_POINT('',#2738);
#2738 = CARTESIAN_POINT('',(-8.21954E+03,1.26746E+04,9.E+03));
#2739 = LINE('',#2740,#2741);
#2740 = CARTESIAN_POINT('',(-8.21954E+03,1.26746E+04,9.E+03));
#2741 = VECTOR('',#2742,1.);
#2742 = DIRECTION('',(0.,-1.,0.));
#2743 = ORIENTED_EDGE('',*,*,#2744,.T.);
#2744 = EDGE_CURVE('',#2737,#2745,#2747,.T.);
#2745 = VERTEX_POINT('',#2746);
#2746 = CARTESIAN_POINT('',(-1.46304E+04,1.26746E+04,9.E+03));
#2747 = LINE('',#2748,#2749);
#2748 = CARTESIAN_POINT('',(-8.21954E+03,1.26746E+04,9.E+03));
#2749 = VECTOR('',#2750,1.);
#2750 = DIRECTION('',(-1.,0.,0.));
#2751 = ORIENTED_EDGE('',*,*,#2752,.T.);
#2752 = EDGE_CURVE('',#2745,#2753,#2755,.T.);
#2753 = VERTEX_POINT('',#2754);
#2754 = CARTESIAN_POINT('',(-1.46304E+04,1.28016E+04,9.E+03));
#2755 = LINE('',#2756,#2757);
#2756 = CARTESIAN_POINT('',(-1.46304E+04,1.26746E+04,9.E+03));
#2757 = VECTOR('',#2758,1.);
#2758 = DIRECTION('',(-1.432E-14,1.,0.));
#2759 = ORIENTED_EDGE('',*,*,#2760,.T.);
#2760 = EDGE_CURVE('',#2753,#2761,#2763,.T.);
#2761 = VERTEX_POINT('',#2762);
#2762 = CARTESIAN_POINT('',(-8.09254E+03,1.28016E+04,9.E+03));
#2763 = LINE('',#2764,#2765);
#2764 = CARTESIAN_POINT('',(-1.46304E+04,1.28016E+04,9.E+03));
#2765 = VECTOR('',#2766,1.);
#2766 = DIRECTION('',(1.,0.,0.));
#2767 = ORIENTED_EDGE('',*,*,#2768,.T.);
#2768 = EDGE_CURVE('',#2761,#2769,#2771,.T.);
#2769 = VERTEX_POINT('',#2770);
#2770 = CARTESIAN_POINT('',(-8.09254E+03,-1.8161E+04,9.E+03));
#2771 = LINE('',#2772,#2773);
#2772 = CARTESIAN_POINT('',(-8.09254E+03,1.28016E+04,9.E+03));
#2773 = VECTOR('',#2774,1.);
#2774 = DIRECTION('',(0.,-1.,0.));
#2775 = ORIENTED_EDGE('',*,*,#2776,.T.);
#2776 = EDGE_CURVE('',#2769,#2777,#2779,.T.);
#2777 = VERTEX_POINT('',#2778);
#2778 = CARTESIAN_POINT('',(-7.00034E+03,-1.8161E+04,9.E+03));
#2779 = LINE('',#2780,#2781);
#2780 = CARTESIAN_POINT('',(-8.09254E+03,-1.8161E+04,9.E+03));
#2781 = VECTOR('',#2782,1.);
#2782 = DIRECTION('',(1.,0.,0.));
#2783 = ORIENTED_EDGE('',*,*,#2784,.T.);
#2784 = EDGE_CURVE('',#2777,#2785,#2787,.T.);
#2785 = VERTEX_POINT('',#2786);
#2786 = CARTESIAN_POINT('',(-7.00034E+03,-1.06427E+04,9.E+03));
#2787 = LINE('',#2788,#2789);
#2788 = CARTESIAN_POINT('',(-7.00034E+03,-1.8161E+04,9.E+03));
#2789 = VECTOR('',#2790,1.);
#2790 = DIRECTION('',(0.,1.,0.));
#2791 = ORIENTED_EDGE('',*,*,#2792,.T.);
#2792 = EDGE_CURVE('',#2785,#2793,#2795,.T.);
#2793 = VERTEX_POINT('',#2794);
#2794 = CARTESIAN_POINT('',(126.99999999999,-1.06427E+04,9.E+03));
#2795 = LINE('',#2796,#2797);
#2796 = CARTESIAN_POINT('',(-7.00034E+03,-1.06427E+04,9.E+03));
#2797 = VECTOR('',#2798,1.);
#2798 = DIRECTION('',(1.,0.,0.));
#2799 = ORIENTED_EDGE('',*,*,#2800,.T.);
#2800 = EDGE_CURVE('',#2793,#2801,#2803,.T.);
#2801 = VERTEX_POINT('',#2802);
#2802 = CARTESIAN_POINT('',(126.99999999999,-1.45034E+04,9.E+03));
#2803 = LINE('',#2804,#2805);
#2804 = CARTESIAN_POINT('',(126.99999999999,-1.06427E+04,9.E+03));
#2805 = VECTOR('',#2806,1.);
#2806 = DIRECTION('',(0.,-1.,0.));
#2807 = ORIENTED_EDGE('',*,*,#2808,.T.);
#2808 = EDGE_CURVE('',#2801,#2809,#2811,.T.);
#2809 = VERTEX_POINT('',#2810);
#2810 = CARTESIAN_POINT('',(1.46304E+04,-1.45034E+04,9.E+03));
#2811 = LINE('',#2812,#2813);
#2812 = CARTESIAN_POINT('',(126.99999999999,-1.45034E+04,9.E+03));
#2813 = VECTOR('',#2814,1.);
#2814 = DIRECTION('',(1.,0.,0.));
#2815 = ORIENTED_EDGE('',*,*,#2816,.T.);
#2816 = EDGE_CURVE('',#2809,#2552,#2817,.T.);
#2817 = LINE('',#2818,#2819);
#2818 = CARTESIAN_POINT('',(1.46304E+04,-1.45034E+04,9.E+03));
#2819 = VECTOR('',#2820,1.);
#2820 = DIRECTION('',(1.432E-14,-1.,0.));
#2821 = PLANE('',#2822);
#2822 = AXIS2_PLACEMENT_3D('',#2823,#2824,#2825);
#2823 = CARTESIAN_POINT('',(-4.244288866574E+03,-6.545201599511E+03,
    9.E+03));
#2824 = DIRECTION('',(0.,0.,1.));
#2825 = DIRECTION('',(1.,0.,0.));
#2826 = ADVANCED_FACE('',(#2827),#2838,.T.);
#2827 = FACE_BOUND('',#2828,.T.);
#2828 = EDGE_LOOP('',(#2829,#2835,#2836,#2837));
#2829 = ORIENTED_EDGE('',*,*,#2830,.T.);
#2830 = EDGE_CURVE('',#2695,#2809,#2831,.T.);
#2831 = LINE('',#2832,#2833);
#2832 = CARTESIAN_POINT('',(1.46304E+04,-1.45034E+04,0.));
#2833 = VECTOR('',#2834,1.);
#2834 = DIRECTION('',(0.,0.,1.));
#2835 = ORIENTED_EDGE('',*,*,#2816,.T.);
#2836 = ORIENTED_EDGE('',*,*,#2551,.F.);
#2837 = ORIENTED_EDGE('',*,*,#2702,.F.);
#2838 = PLANE('',#2839);
#2839 = AXIS2_PLACEMENT_3D('',#2840,#2841,#2842);
#2840 = CARTESIAN_POINT('',(1.46304E+04,-1.45034E+04,0.));
#2841 = DIRECTION('',(1.,1.432E-14,0.));
#2842 = DIRECTION('',(1.432E-14,-1.,0.));
#2843 = ADVANCED_FACE('',(#2844),#2855,.F.);
#2844 = FACE_BOUND('',#2845,.F.);
#2845 = EDGE_LOOP('',(#2846,#2852,#2853,#2854));
#2846 = ORIENTED_EDGE('',*,*,#2847,.T.);
#2847 = EDGE_CURVE('',#2607,#2721,#2848,.T.);
#2848 = LINE('',#2849,#2850);
#2849 = CARTESIAN_POINT('',(-6.87334E+03,-1.8288E+04,0.));
#2850 = VECTOR('',#2851,1.);
#2851 = DIRECTION('',(0.,0.,1.));
#2852 = ORIENTED_EDGE('',*,*,#2720,.T.);
#2853 = ORIENTED_EDGE('',*,*,#2573,.F.);
#2854 = ORIENTED_EDGE('',*,*,#2606,.F.);
#2855 = PLANE('',#2856);
#2856 = AXIS2_PLACEMENT_3D('',#2857,#2858,#2859);
#2857 = CARTESIAN_POINT('',(-6.87334E+03,-1.8288E+04,0.));
#2858 = DIRECTION('',(-1.,0.,0.));
#2859 = DIRECTION('',(0.,1.,0.));
#2860 = ADVANCED_FACE('',(#2861),#2872,.F.);
#2861 = FACE_BOUND('',#2862,.F.);
#2862 = EDGE_LOOP('',(#2863,#2869,#2870,#2871));
#2863 = ORIENTED_EDGE('',*,*,#2864,.T.);
#2864 = EDGE_CURVE('',#2615,#2729,#2865,.T.);
#2865 = LINE('',#2866,#2867);
#2866 = CARTESIAN_POINT('',(-8.21954E+03,-1.8288E+04,0.));
#2867 = VECTOR('',#2868,1.);
#2868 = DIRECTION('',(0.,0.,1.));
#2869 = ORIENTED_EDGE('',*,*,#2728,.T.);
#2870 = ORIENTED_EDGE('',*,*,#2847,.F.);
#2871 = ORIENTED_EDGE('',*,*,#2614,.F.);
#2872 = PLANE('',#2873);
#2873 = AXIS2_PLACEMENT_3D('',#2874,#2875,#2876);
#2874 = CARTESIAN_POINT('',(-8.21954E+03,-1.8288E+04,0.));
#2875 = DIRECTION('',(-2.7E-15,1.,0.));
#2876 = DIRECTION('',(1.,2.7E-15,0.));
#2877 = ADVANCED_FACE('',(#2878,#2889,#2923,#2957,#2991,#3025,#3059),
  #3093,.F.);
#2878 = FACE_BOUND('',#2879,.F.);
#2879 = EDGE_LOOP('',(#2880,#2886,#2887,#2888));
#2880 = ORIENTED_EDGE('',*,*,#2881,.T.);
#2881 = EDGE_CURVE('',#2623,#2737,#2882,.T.);
#2882 = LINE('',#2883,#2884);
#2883 = CARTESIAN_POINT('',(-8.21954E+03,1.26746E+04,0.));
#2884 = VECTOR('',#2885,1.);
#2885 = DIRECTION('',(0.,0.,1.));
#2886 = ORIENTED_EDGE('',*,*,#2736,.T.);
#2887 = ORIENTED_EDGE('',*,*,#2864,.F.);
#2888 = ORIENTED_EDGE('',*,*,#2622,.F.);
#2889 = FACE_BOUND('',#2890,.F.);
#2890 = EDGE_LOOP('',(#2891,#2901,#2909,#2917));
#2891 = ORIENTED_EDGE('',*,*,#2892,.F.);
#2892 = EDGE_CURVE('',#2893,#2895,#2897,.T.);
#2893 = VERTEX_POINT('',#2894);
#2894 = CARTESIAN_POINT('',(-8.21954E+03,9.26328E+03,6.58876E+03));
#2895 = VERTEX_POINT('',#2896);
#2896 = CARTESIAN_POINT('',(-8.21954E+03,9.26328E+03,5.06476E+03));
#2897 = LINE('',#2898,#2899);
#2898 = CARTESIAN_POINT('',(-8.21954E+03,9.26328E+03,3.29438E+03));
#2899 = VECTOR('',#2900,1.);
#2900 = DIRECTION('',(0.,0.,-1.));
#2901 = ORIENTED_EDGE('',*,*,#2902,.F.);
#2902 = EDGE_CURVE('',#2903,#2893,#2905,.T.);
#2903 = VERTEX_POINT('',#2904);
#2904 = CARTESIAN_POINT('',(-8.21954E+03,1.200648E+04,6.58876E+03));
#2905 = LINE('',#2906,#2907);
#2906 = CARTESIAN_POINT('',(-8.21954E+03,1.234054E+04,6.58876E+03));
#2907 = VECTOR('',#2908,1.);
#2908 = DIRECTION('',(0.,-1.,0.));
#2909 = ORIENTED_EDGE('',*,*,#2910,.F.);
#2910 = EDGE_CURVE('',#2911,#2903,#2913,.T.);
#2911 = VERTEX_POINT('',#2912);
#2912 = CARTESIAN_POINT('',(-8.21954E+03,1.200648E+04,5.06476E+03));
#2913 = LINE('',#2914,#2915);
#2914 = CARTESIAN_POINT('',(-8.21954E+03,1.200648E+04,2.53238E+03));
#2915 = VECTOR('',#2916,1.);
#2916 = DIRECTION('',(0.,0.,1.));
#2917 = ORIENTED_EDGE('',*,*,#2918,.F.);
#2918 = EDGE_CURVE('',#2895,#2911,#2919,.T.);
#2919 = LINE('',#2920,#2921);
#2920 = CARTESIAN_POINT('',(-8.21954E+03,1.096894E+04,5.06476E+03));
#2921 = VECTOR('',#2922,1.);
#2922 = DIRECTION('',(0.,1.,0.));
#2923 = FACE_BOUND('',#2924,.F.);
#2924 = EDGE_LOOP('',(#2925,#2935,#2943,#2951));
#2925 = ORIENTED_EDGE('',*,*,#2926,.F.);
#2926 = EDGE_CURVE('',#2927,#2929,#2931,.T.);
#2927 = VERTEX_POINT('',#2928);
#2928 = CARTESIAN_POINT('',(-8.21954E+03,6.21528E+03,6.58876E+03));
#2929 = VERTEX_POINT('',#2930);
#2930 = CARTESIAN_POINT('',(-8.21954E+03,6.21528E+03,5.06476E+03));
#2931 = LINE('',#2932,#2933);
#2932 = CARTESIAN_POINT('',(-8.21954E+03,6.21528E+03,3.29438E+03));
#2933 = VECTOR('',#2934,1.);
#2934 = DIRECTION('',(0.,0.,-1.));
#2935 = ORIENTED_EDGE('',*,*,#2936,.F.);
#2936 = EDGE_CURVE('',#2937,#2927,#2939,.T.);
#2937 = VERTEX_POINT('',#2938);
#2938 = CARTESIAN_POINT('',(-8.21954E+03,8.95848E+03,6.58876E+03));
#2939 = LINE('',#2940,#2941);
#2940 = CARTESIAN_POINT('',(-8.21954E+03,1.081654E+04,6.58876E+03));
#2941 = VECTOR('',#2942,1.);
#2942 = DIRECTION('',(0.,-1.,0.));
#2943 = ORIENTED_EDGE('',*,*,#2944,.F.);
#2944 = EDGE_CURVE('',#2945,#2937,#2947,.T.);
#2945 = VERTEX_POINT('',#2946);
#2946 = CARTESIAN_POINT('',(-8.21954E+03,8.95848E+03,5.06476E+03));
#2947 = LINE('',#2948,#2949);
#2948 = CARTESIAN_POINT('',(-8.21954E+03,8.95848E+03,2.53238E+03));
#2949 = VECTOR('',#2950,1.);
#2950 = DIRECTION('',(0.,0.,1.));
#2951 = ORIENTED_EDGE('',*,*,#2952,.F.);
#2952 = EDGE_CURVE('',#2929,#2945,#2953,.T.);
#2953 = LINE('',#2954,#2955);
#2954 = CARTESIAN_POINT('',(-8.21954E+03,9.44494E+03,5.06476E+03));
#2955 = VECTOR('',#2956,1.);
#2956 = DIRECTION('',(0.,1.,0.));
#2957 = FACE_BOUND('',#2958,.F.);
#2958 = EDGE_LOOP('',(#2959,#2969,#2977,#2985));
#2959 = ORIENTED_EDGE('',*,*,#2960,.F.);
#2960 = EDGE_CURVE('',#2961,#2963,#2965,.T.);
#2961 = VERTEX_POINT('',#2962);
#2962 = CARTESIAN_POINT('',(-8.21954E+03,3.16728E+03,6.58876E+03));
#2963 = VERTEX_POINT('',#2964);
#2964 = CARTESIAN_POINT('',(-8.21954E+03,3.16728E+03,5.06476E+03));
#2965 = LINE('',#2966,#2967);
#2966 = CARTESIAN_POINT('',(-8.21954E+03,3.16728E+03,3.29438E+03));
#2967 = VECTOR('',#2968,1.);
#2968 = DIRECTION('',(0.,0.,-1.));
#2969 = ORIENTED_EDGE('',*,*,#2970,.F.);
#2970 = EDGE_CURVE('',#2971,#2961,#2973,.T.);
#2971 = VERTEX_POINT('',#2972);
#2972 = CARTESIAN_POINT('',(-8.21954E+03,5.91048E+03,6.58876E+03));
#2973 = LINE('',#2974,#2975);
#2974 = CARTESIAN_POINT('',(-8.21954E+03,9.29254E+03,6.58876E+03));
#2975 = VECTOR('',#2976,1.);
#2976 = DIRECTION('',(0.,-1.,0.));
#2977 = ORIENTED_EDGE('',*,*,#2978,.F.);
#2978 = EDGE_CURVE('',#2979,#2971,#2981,.T.);
#2979 = VERTEX_POINT('',#2980);
#2980 = CARTESIAN_POINT('',(-8.21954E+03,5.91048E+03,5.06476E+03));
#2981 = LINE('',#2982,#2983);
#2982 = CARTESIAN_POINT('',(-8.21954E+03,5.91048E+03,2.53238E+03));
#2983 = VECTOR('',#2984,1.);
#2984 = DIRECTION('',(0.,0.,1.));
#2985 = ORIENTED_EDGE('',*,*,#2986,.F.);
#2986 = EDGE_CURVE('',#2963,#2979,#2987,.T.);
#2987 = LINE('',#2988,#2989);
#2988 = CARTESIAN_POINT('',(-8.21954E+03,7.92094E+03,5.06476E+03));
#2989 = VECTOR('',#2990,1.);
#2990 = DIRECTION('',(0.,1.,0.));
#2991 = FACE_BOUND('',#2992,.F.);
#2992 = EDGE_LOOP('',(#2993,#3003,#3011,#3019));
#2993 = ORIENTED_EDGE('',*,*,#2994,.F.);
#2994 = EDGE_CURVE('',#2995,#2997,#2999,.T.);
#2995 = VERTEX_POINT('',#2996);
#2996 = CARTESIAN_POINT('',(-8.21954E+03,119.27999999999,6.58876E+03));
#2997 = VERTEX_POINT('',#2998);
#2998 = CARTESIAN_POINT('',(-8.21954E+03,119.27999999999,5.06476E+03));
#2999 = LINE('',#3000,#3001);
#3000 = CARTESIAN_POINT('',(-8.21954E+03,119.27999999999,3.29438E+03));
#3001 = VECTOR('',#3002,1.);
#3002 = DIRECTION('',(0.,0.,-1.));
#3003 = ORIENTED_EDGE('',*,*,#3004,.F.);
#3004 = EDGE_CURVE('',#3005,#2995,#3007,.T.);
#3005 = VERTEX_POINT('',#3006);
#3006 = CARTESIAN_POINT('',(-8.21954E+03,2.86248E+03,6.58876E+03));
#3007 = LINE('',#3008,#3009);
#3008 = CARTESIAN_POINT('',(-8.21954E+03,7.76854E+03,6.58876E+03));
#3009 = VECTOR('',#3010,1.);
#3010 = DIRECTION('',(0.,-1.,0.));
#3011 = ORIENTED_EDGE('',*,*,#3012,.F.);
#3012 = EDGE_CURVE('',#3013,#3005,#3015,.T.);
#3013 = VERTEX_POINT('',#3014);
#3014 = CARTESIAN_POINT('',(-8.21954E+03,2.86248E+03,5.06476E+03));
#3015 = LINE('',#3016,#3017);
#3016 = CARTESIAN_POINT('',(-8.21954E+03,2.86248E+03,2.53238E+03));
#3017 = VECTOR('',#3018,1.);
#3018 = DIRECTION('',(0.,0.,1.));
#3019 = ORIENTED_EDGE('',*,*,#3020,.F.);
#3020 = EDGE_CURVE('',#2997,#3013,#3021,.T.);
#3021 = LINE('',#3022,#3023);
#3022 = CARTESIAN_POINT('',(-8.21954E+03,6.39694E+03,5.06476E+03));
#3023 = VECTOR('',#3024,1.);
#3024 = DIRECTION('',(0.,1.,0.));
#3025 = FACE_BOUND('',#3026,.F.);
#3026 = EDGE_LOOP('',(#3027,#3037,#3045,#3053));
#3027 = ORIENTED_EDGE('',*,*,#3028,.F.);
#3028 = EDGE_CURVE('',#3029,#3031,#3033,.T.);
#3029 = VERTEX_POINT('',#3030);
#3030 = CARTESIAN_POINT('',(-8.21954E+03,-2.92872E+03,6.58876E+03));
#3031 = VERTEX_POINT('',#3032);
#3032 = CARTESIAN_POINT('',(-8.21954E+03,-2.92872E+03,5.06476E+03));
#3033 = LINE('',#3034,#3035);
#3034 = CARTESIAN_POINT('',(-8.21954E+03,-2.92872E+03,3.29438E+03));
#3035 = VECTOR('',#3036,1.);
#3036 = DIRECTION('',(0.,0.,-1.));
#3037 = ORIENTED_EDGE('',*,*,#3038,.F.);
#3038 = EDGE_CURVE('',#3039,#3029,#3041,.T.);
#3039 = VERTEX_POINT('',#3040);
#3040 = CARTESIAN_POINT('',(-8.21954E+03,-185.52,6.58876E+03));
#3041 = LINE('',#3042,#3043);
#3042 = CARTESIAN_POINT('',(-8.21954E+03,6.24454E+03,6.58876E+03));
#3043 = VECTOR('',#3044,1.);
#3044 = DIRECTION('',(0.,-1.,0.));
#3045 = ORIENTED_EDGE('',*,*,#3046,.F.);
#3046 = EDGE_CURVE('',#3047,#3039,#3049,.T.);
#3047 = VERTEX_POINT('',#3048);
#3048 = CARTESIAN_POINT('',(-8.21954E+03,-185.52,5.06476E+03));
#3049 = LINE('',#3050,#3051);
#3050 = CARTESIAN_POINT('',(-8.21954E+03,-185.52,2.53238E+03));
#3051 = VECTOR('',#3052,1.);
#3052 = DIRECTION('',(0.,0.,1.));
#3053 = ORIENTED_EDGE('',*,*,#3054,.F.);
#3054 = EDGE_CURVE('',#3031,#3047,#3055,.T.);
#3055 = LINE('',#3056,#3057);
#3056 = CARTESIAN_POINT('',(-8.21954E+03,4.87294E+03,5.06476E+03));
#3057 = VECTOR('',#3058,1.);
#3058 = DIRECTION('',(0.,1.,0.));
#3059 = FACE_BOUND('',#3060,.F.);
#3060 = EDGE_LOOP('',(#3061,#3071,#3079,#3087));
#3061 = ORIENTED_EDGE('',*,*,#3062,.F.);
#3062 = EDGE_CURVE('',#3063,#3065,#3067,.T.);
#3063 = VERTEX_POINT('',#3064);
#3064 = CARTESIAN_POINT('',(-8.21954E+03,-5.97672E+03,6.58876E+03));
#3065 = VERTEX_POINT('',#3066);
#3066 = CARTESIAN_POINT('',(-8.21954E+03,-5.97672E+03,5.06476E+03));
#3067 = LINE('',#3068,#3069);
#3068 = CARTESIAN_POINT('',(-8.21954E+03,-5.97672E+03,3.29438E+03));
#3069 = VECTOR('',#3070,1.);
#3070 = DIRECTION('',(0.,0.,-1.));
#3071 = ORIENTED_EDGE('',*,*,#3072,.F.);
#3072 = EDGE_CURVE('',#3073,#3063,#3075,.T.);
#3073 = VERTEX_POINT('',#3074);
#3074 = CARTESIAN_POINT('',(-8.21954E+03,-3.23352E+03,6.58876E+03));
#3075 = LINE('',#3076,#3077);
#3076 = CARTESIAN_POINT('',(-8.21954E+03,4.72054E+03,6.58876E+03));
#3077 = VECTOR('',#3078,1.);
#3078 = DIRECTION('',(0.,-1.,0.));
#3079 = ORIENTED_EDGE('',*,*,#3080,.F.);
#3080 = EDGE_CURVE('',#3081,#3073,#3083,.T.);
#3081 = VERTEX_POINT('',#3082);
#3082 = CARTESIAN_POINT('',(-8.21954E+03,-3.23352E+03,5.06476E+03));
#3083 = LINE('',#3084,#3085);
#3084 = CARTESIAN_POINT('',(-8.21954E+03,-3.23352E+03,2.53238E+03));
#3085 = VECTOR('',#3086,1.);
#3086 = DIRECTION('',(0.,0.,1.));
#3087 = ORIENTED_EDGE('',*,*,#3088,.F.);
#3088 = EDGE_CURVE('',#3065,#3081,#3089,.T.);
#3089 = LINE('',#3090,#3091);
#3090 = CARTESIAN_POINT('',(-8.21954E+03,3.34894E+03,5.06476E+03));
#3091 = VECTOR('',#3092,1.);
#3092 = DIRECTION('',(0.,1.,0.));
#3093 = PLANE('',#3094);
#3094 = AXIS2_PLACEMENT_3D('',#3095,#3096,#3097);
#3095 = CARTESIAN_POINT('',(-8.21954E+03,1.26746E+04,0.));
#3096 = DIRECTION('',(1.,0.,0.));
#3097 = DIRECTION('',(0.,-1.,0.));
#3098 = ADVANCED_FACE('',(#3099),#3110,.T.);
#3099 = FACE_BOUND('',#3100,.T.);
#3100 = EDGE_LOOP('',(#3101,#3102,#3103,#3109));
#3101 = ORIENTED_EDGE('',*,*,#2881,.T.);
#3102 = ORIENTED_EDGE('',*,*,#2744,.T.);
#3103 = ORIENTED_EDGE('',*,*,#3104,.F.);
#3104 = EDGE_CURVE('',#2631,#2745,#3105,.T.);
#3105 = LINE('',#3106,#3107);
#3106 = CARTESIAN_POINT('',(-1.46304E+04,1.26746E+04,0.));
#3107 = VECTOR('',#3108,1.);
#3108 = DIRECTION('',(0.,0.,1.));
#3109 = ORIENTED_EDGE('',*,*,#2630,.F.);
#3110 = PLANE('',#3111);
#3111 = AXIS2_PLACEMENT_3D('',#3112,#3113,#3114);
#3112 = CARTESIAN_POINT('',(-8.21954E+03,1.26746E+04,0.));
#3113 = DIRECTION('',(0.,-1.,0.));
#3114 = DIRECTION('',(-1.,0.,0.));
#3115 = ADVANCED_FACE('',(#3116),#3127,.T.);
#3116 = FACE_BOUND('',#3117,.T.);
#3117 = EDGE_LOOP('',(#3118,#3119,#3120,#3126));
#3118 = ORIENTED_EDGE('',*,*,#3104,.T.);
#3119 = ORIENTED_EDGE('',*,*,#2752,.T.);
#3120 = ORIENTED_EDGE('',*,*,#3121,.F.);
#3121 = EDGE_CURVE('',#2639,#2753,#3122,.T.);
#3122 = LINE('',#3123,#3124);
#3123 = CARTESIAN_POINT('',(-1.46304E+04,1.28016E+04,0.));
#3124 = VECTOR('',#3125,1.);
#3125 = DIRECTION('',(0.,0.,1.));
#3126 = ORIENTED_EDGE('',*,*,#2638,.F.);
#3127 = PLANE('',#3128);
#3128 = AXIS2_PLACEMENT_3D('',#3129,#3130,#3131);
#3129 = CARTESIAN_POINT('',(-1.46304E+04,1.26746E+04,0.));
#3130 = DIRECTION('',(-1.,-1.432E-14,0.));
#3131 = DIRECTION('',(-1.432E-14,1.,0.));
#3132 = ADVANCED_FACE('',(#3133),#3144,.T.);
#3133 = FACE_BOUND('',#3134,.T.);
#3134 = EDGE_LOOP('',(#3135,#3136,#3137,#3143));
#3135 = ORIENTED_EDGE('',*,*,#3121,.T.);
#3136 = ORIENTED_EDGE('',*,*,#2760,.T.);
#3137 = ORIENTED_EDGE('',*,*,#3138,.F.);
#3138 = EDGE_CURVE('',#2647,#2761,#3139,.T.);
#3139 = LINE('',#3140,#3141);
#3140 = CARTESIAN_POINT('',(-8.09254E+03,1.28016E+04,0.));
#3141 = VECTOR('',#3142,1.);
#3142 = DIRECTION('',(0.,0.,1.));
#3143 = ORIENTED_EDGE('',*,*,#2646,.F.);
#3144 = PLANE('',#3145);
#3145 = AXIS2_PLACEMENT_3D('',#3146,#3147,#3148);
#3146 = CARTESIAN_POINT('',(-1.46304E+04,1.28016E+04,0.));
#3147 = DIRECTION('',(0.,1.,0.));
#3148 = DIRECTION('',(1.,0.,0.));
#3149 = ADVANCED_FACE('',(#3150,#3161,#3195,#3229,#3263,#3297,#3331),
  #3365,.T.);
#3150 = FACE_BOUND('',#3151,.T.);
#3151 = EDGE_LOOP('',(#3152,#3153,#3154,#3160));
#3152 = ORIENTED_EDGE('',*,*,#3138,.T.);
#3153 = ORIENTED_EDGE('',*,*,#2768,.T.);
#3154 = ORIENTED_EDGE('',*,*,#3155,.F.);
#3155 = EDGE_CURVE('',#2655,#2769,#3156,.T.);
#3156 = LINE('',#3157,#3158);
#3157 = CARTESIAN_POINT('',(-8.09254E+03,-1.8161E+04,0.));
#3158 = VECTOR('',#3159,1.);
#3159 = DIRECTION('',(0.,0.,1.));
#3160 = ORIENTED_EDGE('',*,*,#2654,.F.);
#3161 = FACE_BOUND('',#3162,.T.);
#3162 = EDGE_LOOP('',(#3163,#3173,#3181,#3189));
#3163 = ORIENTED_EDGE('',*,*,#3164,.F.);
#3164 = EDGE_CURVE('',#3165,#3167,#3169,.T.);
#3165 = VERTEX_POINT('',#3166);
#3166 = CARTESIAN_POINT('',(-8.09254E+03,9.26328E+03,6.58876E+03));
#3167 = VERTEX_POINT('',#3168);
#3168 = CARTESIAN_POINT('',(-8.09254E+03,9.26328E+03,5.06476E+03));
#3169 = LINE('',#3170,#3171);
#3170 = CARTESIAN_POINT('',(-8.09254E+03,9.26328E+03,6.58876E+03));
#3171 = VECTOR('',#3172,1.);
#3172 = DIRECTION('',(0.,0.,-1.));
#3173 = ORIENTED_EDGE('',*,*,#3174,.F.);
#3174 = EDGE_CURVE('',#3175,#3165,#3177,.T.);
#3175 = VERTEX_POINT('',#3176);
#3176 = CARTESIAN_POINT('',(-8.09254E+03,1.200648E+04,6.58876E+03));
#3177 = LINE('',#3178,#3179);
#3178 = CARTESIAN_POINT('',(-8.09254E+03,1.200648E+04,6.58876E+03));
#3179 = VECTOR('',#3180,1.);
#3180 = DIRECTION('',(0.,-1.,0.));
#3181 = ORIENTED_EDGE('',*,*,#3182,.F.);
#3182 = EDGE_CURVE('',#3183,#3175,#3185,.T.);
#3183 = VERTEX_POINT('',#3184);
#3184 = CARTESIAN_POINT('',(-8.09254E+03,1.200648E+04,5.06476E+03));
#3185 = LINE('',#3186,#3187);
#3186 = CARTESIAN_POINT('',(-8.09254E+03,1.200648E+04,5.06476E+03));
#3187 = VECTOR('',#3188,1.);
#3188 = DIRECTION('',(0.,0.,1.));
#3189 = ORIENTED_EDGE('',*,*,#3190,.F.);
#3190 = EDGE_CURVE('',#3167,#3183,#3191,.T.);
#3191 = LINE('',#3192,#3193);
#3192 = CARTESIAN_POINT('',(-8.09254E+03,9.26328E+03,5.06476E+03));
#3193 = VECTOR('',#3194,1.);
#3194 = DIRECTION('',(0.,1.,0.));
#3195 = FACE_BOUND('',#3196,.T.);
#3196 = EDGE_LOOP('',(#3197,#3207,#3215,#3223));
#3197 = ORIENTED_EDGE('',*,*,#3198,.F.);
#3198 = EDGE_CURVE('',#3199,#3201,#3203,.T.);
#3199 = VERTEX_POINT('',#3200);
#3200 = CARTESIAN_POINT('',(-8.09254E+03,6.21528E+03,6.58876E+03));
#3201 = VERTEX_POINT('',#3202);
#3202 = CARTESIAN_POINT('',(-8.09254E+03,6.21528E+03,5.06476E+03));
#3203 = LINE('',#3204,#3205);
#3204 = CARTESIAN_POINT('',(-8.09254E+03,6.21528E+03,6.58876E+03));
#3205 = VECTOR('',#3206,1.);
#3206 = DIRECTION('',(0.,0.,-1.));
#3207 = ORIENTED_EDGE('',*,*,#3208,.F.);
#3208 = EDGE_CURVE('',#3209,#3199,#3211,.T.);
#3209 = VERTEX_POINT('',#3210);
#3210 = CARTESIAN_POINT('',(-8.09254E+03,8.95848E+03,6.58876E+03));
#3211 = LINE('',#3212,#3213);
#3212 = CARTESIAN_POINT('',(-8.09254E+03,8.95848E+03,6.58876E+03));
#3213 = VECTOR('',#3214,1.);
#3214 = DIRECTION('',(0.,-1.,0.));
#3215 = ORIENTED_EDGE('',*,*,#3216,.F.);
#3216 = EDGE_CURVE('',#3217,#3209,#3219,.T.);
#3217 = VERTEX_POINT('',#3218);
#3218 = CARTESIAN_POINT('',(-8.09254E+03,8.95848E+03,5.06476E+03));
#3219 = LINE('',#3220,#3221);
#3220 = CARTESIAN_POINT('',(-8.09254E+03,8.95848E+03,5.06476E+03));
#3221 = VECTOR('',#3222,1.);
#3222 = DIRECTION('',(0.,0.,1.));
#3223 = ORIENTED_EDGE('',*,*,#3224,.F.);
#3224 = EDGE_CURVE('',#3201,#3217,#3225,.T.);
#3225 = LINE('',#3226,#3227);
#3226 = CARTESIAN_POINT('',(-8.09254E+03,6.21528E+03,5.06476E+03));
#3227 = VECTOR('',#3228,1.);
#3228 = DIRECTION('',(0.,1.,0.));
#3229 = FACE_BOUND('',#3230,.T.);
#3230 = EDGE_LOOP('',(#3231,#3241,#3249,#3257));
#3231 = ORIENTED_EDGE('',*,*,#3232,.F.);
#3232 = EDGE_CURVE('',#3233,#3235,#3237,.T.);
#3233 = VERTEX_POINT('',#3234);
#3234 = CARTESIAN_POINT('',(-8.09254E+03,3.16728E+03,6.58876E+03));
#3235 = VERTEX_POINT('',#3236);
#3236 = CARTESIAN_POINT('',(-8.09254E+03,3.16728E+03,5.06476E+03));
#3237 = LINE('',#3238,#3239);
#3238 = CARTESIAN_POINT('',(-8.09254E+03,3.16728E+03,6.58876E+03));
#3239 = VECTOR('',#3240,1.);
#3240 = DIRECTION('',(0.,0.,-1.));
#3241 = ORIENTED_EDGE('',*,*,#3242,.F.);
#3242 = EDGE_CURVE('',#3243,#3233,#3245,.T.);
#3243 = VERTEX_POINT('',#3244);
#3244 = CARTESIAN_POINT('',(-8.09254E+03,5.91048E+03,6.58876E+03));
#3245 = LINE('',#3246,#3247);
#3246 = CARTESIAN_POINT('',(-8.09254E+03,5.91048E+03,6.58876E+03));
#3247 = VECTOR('',#3248,1.);
#3248 = DIRECTION('',(0.,-1.,0.));
#3249 = ORIENTED_EDGE('',*,*,#3250,.F.);
#3250 = EDGE_CURVE('',#3251,#3243,#3253,.T.);
#3251 = VERTEX_POINT('',#3252);
#3252 = CARTESIAN_POINT('',(-8.09254E+03,5.91048E+03,5.06476E+03));
#3253 = LINE('',#3254,#3255);
#3254 = CARTESIAN_POINT('',(-8.09254E+03,5.91048E+03,5.06476E+03));
#3255 = VECTOR('',#3256,1.);
#3256 = DIRECTION('',(0.,0.,1.));
#3257 = ORIENTED_EDGE('',*,*,#3258,.F.);
#3258 = EDGE_CURVE('',#3235,#3251,#3259,.T.);
#3259 = LINE('',#3260,#3261);
#3260 = CARTESIAN_POINT('',(-8.09254E+03,3.16728E+03,5.06476E+03));
#3261 = VECTOR('',#3262,1.);
#3262 = DIRECTION('',(0.,1.,0.));
#3263 = FACE_BOUND('',#3264,.T.);
#3264 = EDGE_LOOP('',(#3265,#3275,#3283,#3291));
#3265 = ORIENTED_EDGE('',*,*,#3266,.F.);
#3266 = EDGE_CURVE('',#3267,#3269,#3271,.T.);
#3267 = VERTEX_POINT('',#3268);
#3268 = CARTESIAN_POINT('',(-8.09254E+03,119.27999999999,6.58876E+03));
#3269 = VERTEX_POINT('',#3270);
#3270 = CARTESIAN_POINT('',(-8.09254E+03,119.27999999999,5.06476E+03));
#3271 = LINE('',#3272,#3273);
#3272 = CARTESIAN_POINT('',(-8.09254E+03,119.27999999999,6.58876E+03));
#3273 = VECTOR('',#3274,1.);
#3274 = DIRECTION('',(0.,0.,-1.));
#3275 = ORIENTED_EDGE('',*,*,#3276,.F.);
#3276 = EDGE_CURVE('',#3277,#3267,#3279,.T.);
#3277 = VERTEX_POINT('',#3278);
#3278 = CARTESIAN_POINT('',(-8.09254E+03,2.86248E+03,6.58876E+03));
#3279 = LINE('',#3280,#3281);
#3280 = CARTESIAN_POINT('',(-8.09254E+03,2.86248E+03,6.58876E+03));
#3281 = VECTOR('',#3282,1.);
#3282 = DIRECTION('',(0.,-1.,0.));
#3283 = ORIENTED_EDGE('',*,*,#3284,.F.);
#3284 = EDGE_CURVE('',#3285,#3277,#3287,.T.);
#3285 = VERTEX_POINT('',#3286);
#3286 = CARTESIAN_POINT('',(-8.09254E+03,2.86248E+03,5.06476E+03));
#3287 = LINE('',#3288,#3289);
#3288 = CARTESIAN_POINT('',(-8.09254E+03,2.86248E+03,5.06476E+03));
#3289 = VECTOR('',#3290,1.);
#3290 = DIRECTION('',(0.,0.,1.));
#3291 = ORIENTED_EDGE('',*,*,#3292,.F.);
#3292 = EDGE_CURVE('',#3269,#3285,#3293,.T.);
#3293 = LINE('',#3294,#3295);
#3294 = CARTESIAN_POINT('',(-8.09254E+03,119.27999999999,5.06476E+03));
#3295 = VECTOR('',#3296,1.);
#3296 = DIRECTION('',(0.,1.,0.));
#3297 = FACE_BOUND('',#3298,.T.);
#3298 = EDGE_LOOP('',(#3299,#3309,#3317,#3325));
#3299 = ORIENTED_EDGE('',*,*,#3300,.F.);
#3300 = EDGE_CURVE('',#3301,#3303,#3305,.T.);
#3301 = VERTEX_POINT('',#3302);
#3302 = CARTESIAN_POINT('',(-8.09254E+03,-2.92872E+03,6.58876E+03));
#3303 = VERTEX_POINT('',#3304);
#3304 = CARTESIAN_POINT('',(-8.09254E+03,-2.92872E+03,5.06476E+03));
#3305 = LINE('',#3306,#3307);
#3306 = CARTESIAN_POINT('',(-8.09254E+03,-2.92872E+03,6.58876E+03));
#3307 = VECTOR('',#3308,1.);
#3308 = DIRECTION('',(0.,0.,-1.));
#3309 = ORIENTED_EDGE('',*,*,#3310,.F.);
#3310 = EDGE_CURVE('',#3311,#3301,#3313,.T.);
#3311 = VERTEX_POINT('',#3312);
#3312 = CARTESIAN_POINT('',(-8.09254E+03,-185.52,6.58876E+03));
#3313 = LINE('',#3314,#3315);
#3314 = CARTESIAN_POINT('',(-8.09254E+03,-185.52,6.58876E+03));
#3315 = VECTOR('',#3316,1.);
#3316 = DIRECTION('',(0.,-1.,0.));
#3317 = ORIENTED_EDGE('',*,*,#3318,.F.);
#3318 = EDGE_CURVE('',#3319,#3311,#3321,.T.);
#3319 = VERTEX_POINT('',#3320);
#3320 = CARTESIAN_POINT('',(-8.09254E+03,-185.52,5.06476E+03));
#3321 = LINE('',#3322,#3323);
#3322 = CARTESIAN_POINT('',(-8.09254E+03,-185.52,5.06476E+03));
#3323 = VECTOR('',#3324,1.);
#3324 = DIRECTION('',(0.,0.,1.));
#3325 = ORIENTED_EDGE('',*,*,#3326,.F.);
#3326 = EDGE_CURVE('',#3303,#3319,#3327,.T.);
#3327 = LINE('',#3328,#3329);
#3328 = CARTESIAN_POINT('',(-8.09254E+03,-2.92872E+03,5.06476E+03));
#3329 = VECTOR('',#3330,1.);
#3330 = DIRECTION('',(0.,1.,0.));
#3331 = FACE_BOUND('',#3332,.T.);
#3332 = EDGE_LOOP('',(#3333,#3343,#3351,#3359));
#3333 = ORIENTED_EDGE('',*,*,#3334,.F.);
#3334 = EDGE_CURVE('',#3335,#3337,#3339,.T.);
#3335 = VERTEX_POINT('',#3336);
#3336 = CARTESIAN_POINT('',(-8.09254E+03,-5.97672E+03,6.58876E+03));
#3337 = VERTEX_POINT('',#3338);
#3338 = CARTESIAN_POINT('',(-8.09254E+03,-5.97672E+03,5.06476E+03));
#3339 = LINE('',#3340,#3341);
#3340 = CARTESIAN_POINT('',(-8.09254E+03,-5.97672E+03,6.58876E+03));
#3341 = VECTOR('',#3342,1.);
#3342 = DIRECTION('',(0.,0.,-1.));
#3343 = ORIENTED_EDGE('',*,*,#3344,.F.);
#3344 = EDGE_CURVE('',#3345,#3335,#3347,.T.);
#3345 = VERTEX_POINT('',#3346);
#3346 = CARTESIAN_POINT('',(-8.09254E+03,-3.23352E+03,6.58876E+03));
#3347 = LINE('',#3348,#3349);
#3348 = CARTESIAN_POINT('',(-8.09254E+03,-3.23352E+03,6.58876E+03));
#3349 = VECTOR('',#3350,1.);
#3350 = DIRECTION('',(0.,-1.,0.));
#3351 = ORIENTED_EDGE('',*,*,#3352,.F.);
#3352 = EDGE_CURVE('',#3353,#3345,#3355,.T.);
#3353 = VERTEX_POINT('',#3354);
#3354 = CARTESIAN_POINT('',(-8.09254E+03,-3.23352E+03,5.06476E+03));
#3355 = LINE('',#3356,#3357);
#3356 = CARTESIAN_POINT('',(-8.09254E+03,-3.23352E+03,5.06476E+03));
#3357 = VECTOR('',#3358,1.);
#3358 = DIRECTION('',(0.,0.,1.));
#3359 = ORIENTED_EDGE('',*,*,#3360,.F.);
#3360 = EDGE_CURVE('',#3337,#3353,#3361,.T.);
#3361 = LINE('',#3362,#3363);
#3362 = CARTESIAN_POINT('',(-8.09254E+03,-5.97672E+03,5.06476E+03));
#3363 = VECTOR('',#3364,1.);
#3364 = DIRECTION('',(0.,1.,0.));
#3365 = PLANE('',#3366);
#3366 = AXIS2_PLACEMENT_3D('',#3367,#3368,#3369);
#3367 = CARTESIAN_POINT('',(-8.09254E+03,1.28016E+04,0.));
#3368 = DIRECTION('',(1.,0.,0.));
#3369 = DIRECTION('',(0.,-1.,0.));
#3370 = ADVANCED_FACE('',(#3371),#3382,.T.);
#3371 = FACE_BOUND('',#3372,.T.);
#3372 = EDGE_LOOP('',(#3373,#3374,#3375,#3381));
#3373 = ORIENTED_EDGE('',*,*,#3155,.T.);
#3374 = ORIENTED_EDGE('',*,*,#2776,.T.);
#3375 = ORIENTED_EDGE('',*,*,#3376,.F.);
#3376 = EDGE_CURVE('',#2663,#2777,#3377,.T.);
#3377 = LINE('',#3378,#3379);
#3378 = CARTESIAN_POINT('',(-7.00034E+03,-1.8161E+04,0.));
#3379 = VECTOR('',#3380,1.);
#3380 = DIRECTION('',(0.,0.,1.));
#3381 = ORIENTED_EDGE('',*,*,#2662,.F.);
#3382 = PLANE('',#3383);
#3383 = AXIS2_PLACEMENT_3D('',#3384,#3385,#3386);
#3384 = CARTESIAN_POINT('',(-8.09254E+03,-1.8161E+04,0.));
#3385 = DIRECTION('',(0.,1.,0.));
#3386 = DIRECTION('',(1.,0.,0.));
#3387 = ADVANCED_FACE('',(#3388),#3399,.T.);
#3388 = FACE_BOUND('',#3389,.T.);
#3389 = EDGE_LOOP('',(#3390,#3391,#3392,#3398));
#3390 = ORIENTED_EDGE('',*,*,#3376,.T.);
#3391 = ORIENTED_EDGE('',*,*,#2784,.T.);
#3392 = ORIENTED_EDGE('',*,*,#3393,.F.);
#3393 = EDGE_CURVE('',#2671,#2785,#3394,.T.);
#3394 = LINE('',#3395,#3396);
#3395 = CARTESIAN_POINT('',(-7.00034E+03,-1.06427E+04,0.));
#3396 = VECTOR('',#3397,1.);
#3397 = DIRECTION('',(0.,0.,1.));
#3398 = ORIENTED_EDGE('',*,*,#2670,.F.);
#3399 = PLANE('',#3400);
#3400 = AXIS2_PLACEMENT_3D('',#3401,#3402,#3403);
#3401 = CARTESIAN_POINT('',(-7.00034E+03,-1.8161E+04,0.));
#3402 = DIRECTION('',(-1.,0.,0.));
#3403 = DIRECTION('',(0.,1.,0.));
#3404 = ADVANCED_FACE('',(#3405),#3416,.T.);
#3405 = FACE_BOUND('',#3406,.T.);
#3406 = EDGE_LOOP('',(#3407,#3408,#3409,#3415));
#3407 = ORIENTED_EDGE('',*,*,#3393,.T.);
#3408 = ORIENTED_EDGE('',*,*,#2792,.T.);
#3409 = ORIENTED_EDGE('',*,*,#3410,.F.);
#3410 = EDGE_CURVE('',#2679,#2793,#3411,.T.);
#3411 = LINE('',#3412,#3413);
#3412 = CARTESIAN_POINT('',(126.99999999999,-1.06427E+04,0.));
#3413 = VECTOR('',#3414,1.);
#3414 = DIRECTION('',(0.,0.,1.));
#3415 = ORIENTED_EDGE('',*,*,#2678,.F.);
#3416 = PLANE('',#3417);
#3417 = AXIS2_PLACEMENT_3D('',#3418,#3419,#3420);
#3418 = CARTESIAN_POINT('',(-7.00034E+03,-1.06427E+04,0.));
#3419 = DIRECTION('',(0.,1.,0.));
#3420 = DIRECTION('',(1.,0.,0.));
#3421 = ADVANCED_FACE('',(#3422),#3433,.T.);
#3422 = FACE_BOUND('',#3423,.T.);
#3423 = EDGE_LOOP('',(#3424,#3425,#3426,#3432));
#3424 = ORIENTED_EDGE('',*,*,#3410,.T.);
#3425 = ORIENTED_EDGE('',*,*,#2800,.T.);
#3426 = ORIENTED_EDGE('',*,*,#3427,.F.);
#3427 = EDGE_CURVE('',#2687,#2801,#3428,.T.);
#3428 = LINE('',#3429,#3430);
#3429 = CARTESIAN_POINT('',(126.99999999999,-1.45034E+04,0.));
#3430 = VECTOR('',#3431,1.);
#3431 = DIRECTION('',(0.,0.,1.));
#3432 = ORIENTED_EDGE('',*,*,#2686,.F.);
#3433 = PLANE('',#3434);
#3434 = AXIS2_PLACEMENT_3D('',#3435,#3436,#3437);
#3435 = CARTESIAN_POINT('',(126.99999999999,-1.06427E+04,0.));
#3436 = DIRECTION('',(1.,0.,0.));
#3437 = DIRECTION('',(0.,-1.,0.));
#3438 = ADVANCED_FACE('',(#3439),#3445,.T.);
#3439 = FACE_BOUND('',#3440,.T.);
#3440 = EDGE_LOOP('',(#3441,#3442,#3443,#3444));
#3441 = ORIENTED_EDGE('',*,*,#3427,.T.);
#3442 = ORIENTED_EDGE('',*,*,#2808,.T.);
#3443 = ORIENTED_EDGE('',*,*,#2830,.F.);
#3444 = ORIENTED_EDGE('',*,*,#2694,.F.);
#3445 = PLANE('',#3446);
#3446 = AXIS2_PLACEMENT_3D('',#3447,#3448,#3449);
#3447 = CARTESIAN_POINT('',(126.99999999999,-1.45034E+04,0.));
#3448 = DIRECTION('',(0.,1.,0.));
#3449 = DIRECTION('',(1.,0.,0.));
#3450 = ADVANCED_FACE('',(#3451),#3467,.F.);
#3451 = FACE_BOUND('',#3452,.F.);
#3452 = EDGE_LOOP('',(#3453,#3454,#3460,#3461));
#3453 = ORIENTED_EDGE('',*,*,#3164,.F.);
#3454 = ORIENTED_EDGE('',*,*,#3455,.T.);
#3455 = EDGE_CURVE('',#3165,#2893,#3456,.T.);
#3456 = LINE('',#3457,#3458);
#3457 = CARTESIAN_POINT('',(-8.09254E+03,9.26328E+03,6.58876E+03));
#3458 = VECTOR('',#3459,1.);
#3459 = DIRECTION('',(-1.,-0.,-0.));
#3460 = ORIENTED_EDGE('',*,*,#2892,.T.);
#3461 = ORIENTED_EDGE('',*,*,#3462,.F.);
#3462 = EDGE_CURVE('',#3167,#2895,#3463,.T.);
#3463 = LINE('',#3464,#3465);
#3464 = CARTESIAN_POINT('',(-8.09254E+03,9.26328E+03,5.06476E+03));
#3465 = VECTOR('',#3466,1.);
#3466 = DIRECTION('',(-1.,-0.,-0.));
#3467 = PLANE('',#3468);
#3468 = AXIS2_PLACEMENT_3D('',#3469,#3470,#3471);
#3469 = CARTESIAN_POINT('',(-8.09254E+03,9.26328E+03,6.58876E+03));
#3470 = DIRECTION('',(0.,-1.,0.));
#3471 = DIRECTION('',(0.,0.,-1.));
#3472 = ADVANCED_FACE('',(#3473),#3484,.F.);
#3473 = FACE_BOUND('',#3474,.F.);
#3474 = EDGE_LOOP('',(#3475,#3476,#3477,#3478));
#3475 = ORIENTED_EDGE('',*,*,#3190,.F.);
#3476 = ORIENTED_EDGE('',*,*,#3462,.T.);
#3477 = ORIENTED_EDGE('',*,*,#2918,.T.);
#3478 = ORIENTED_EDGE('',*,*,#3479,.F.);
#3479 = EDGE_CURVE('',#3183,#2911,#3480,.T.);
#3480 = LINE('',#3481,#3482);
#3481 = CARTESIAN_POINT('',(-8.09254E+03,1.200648E+04,5.06476E+03));
#3482 = VECTOR('',#3483,1.);
#3483 = DIRECTION('',(-1.,-0.,-0.));
#3484 = PLANE('',#3485);
#3485 = AXIS2_PLACEMENT_3D('',#3486,#3487,#3488);
#3486 = CARTESIAN_POINT('',(-8.09254E+03,9.26328E+03,5.06476E+03));
#3487 = DIRECTION('',(0.,0.,-1.));
#3488 = DIRECTION('',(0.,1.,0.));
#3489 = ADVANCED_FACE('',(#3490),#3501,.F.);
#3490 = FACE_BOUND('',#3491,.F.);
#3491 = EDGE_LOOP('',(#3492,#3493,#3494,#3495));
#3492 = ORIENTED_EDGE('',*,*,#3182,.F.);
#3493 = ORIENTED_EDGE('',*,*,#3479,.T.);
#3494 = ORIENTED_EDGE('',*,*,#2910,.T.);
#3495 = ORIENTED_EDGE('',*,*,#3496,.F.);
#3496 = EDGE_CURVE('',#3175,#2903,#3497,.T.);
#3497 = LINE('',#3498,#3499);
#3498 = CARTESIAN_POINT('',(-8.09254E+03,1.200648E+04,6.58876E+03));
#3499 = VECTOR('',#3500,1.);
#3500 = DIRECTION('',(-1.,-0.,-0.));
#3501 = PLANE('',#3502);
#3502 = AXIS2_PLACEMENT_3D('',#3503,#3504,#3505);
#3503 = CARTESIAN_POINT('',(-8.09254E+03,1.200648E+04,5.06476E+03));
#3504 = DIRECTION('',(0.,1.,0.));
#3505 = DIRECTION('',(0.,-0.,1.));
#3506 = ADVANCED_FACE('',(#3507),#3513,.F.);
#3507 = FACE_BOUND('',#3508,.F.);
#3508 = EDGE_LOOP('',(#3509,#3510,#3511,#3512));
#3509 = ORIENTED_EDGE('',*,*,#3174,.F.);
#3510 = ORIENTED_EDGE('',*,*,#3496,.T.);
#3511 = ORIENTED_EDGE('',*,*,#2902,.T.);
#3512 = ORIENTED_EDGE('',*,*,#3455,.F.);
#3513 = PLANE('',#3514);
#3514 = AXIS2_PLACEMENT_3D('',#3515,#3516,#3517);
#3515 = CARTESIAN_POINT('',(-8.09254E+03,1.200648E+04,6.58876E+03));
#3516 = DIRECTION('',(0.,0.,1.));
#3517 = DIRECTION('',(0.,-1.,0.));
#3518 = ADVANCED_FACE('',(#3519),#3535,.F.);
#3519 = FACE_BOUND('',#3520,.F.);
#3520 = EDGE_LOOP('',(#3521,#3522,#3528,#3529));
#3521 = ORIENTED_EDGE('',*,*,#3198,.F.);
#3522 = ORIENTED_EDGE('',*,*,#3523,.T.);
#3523 = EDGE_CURVE('',#3199,#2927,#3524,.T.);
#3524 = LINE('',#3525,#3526);
#3525 = CARTESIAN_POINT('',(-8.09254E+03,6.21528E+03,6.58876E+03));
#3526 = VECTOR('',#3527,1.);
#3527 = DIRECTION('',(-1.,-0.,-0.));
#3528 = ORIENTED_EDGE('',*,*,#2926,.T.);
#3529 = ORIENTED_EDGE('',*,*,#3530,.F.);
#3530 = EDGE_CURVE('',#3201,#2929,#3531,.T.);
#3531 = LINE('',#3532,#3533);
#3532 = CARTESIAN_POINT('',(-8.09254E+03,6.21528E+03,5.06476E+03));
#3533 = VECTOR('',#3534,1.);
#3534 = DIRECTION('',(-1.,-0.,-0.));
#3535 = PLANE('',#3536);
#3536 = AXIS2_PLACEMENT_3D('',#3537,#3538,#3539);
#3537 = CARTESIAN_POINT('',(-8.09254E+03,6.21528E+03,6.58876E+03));
#3538 = DIRECTION('',(0.,-1.,0.));
#3539 = DIRECTION('',(0.,0.,-1.));
#3540 = ADVANCED_FACE('',(#3541),#3552,.F.);
#3541 = FACE_BOUND('',#3542,.F.);
#3542 = EDGE_LOOP('',(#3543,#3544,#3545,#3546));
#3543 = ORIENTED_EDGE('',*,*,#3224,.F.);
#3544 = ORIENTED_EDGE('',*,*,#3530,.T.);
#3545 = ORIENTED_EDGE('',*,*,#2952,.T.);
#3546 = ORIENTED_EDGE('',*,*,#3547,.F.);
#3547 = EDGE_CURVE('',#3217,#2945,#3548,.T.);
#3548 = LINE('',#3549,#3550);
#3549 = CARTESIAN_POINT('',(-8.09254E+03,8.95848E+03,5.06476E+03));
#3550 = VECTOR('',#3551,1.);
#3551 = DIRECTION('',(-1.,-0.,-0.));
#3552 = PLANE('',#3553);
#3553 = AXIS2_PLACEMENT_3D('',#3554,#3555,#3556);
#3554 = CARTESIAN_POINT('',(-8.09254E+03,6.21528E+03,5.06476E+03));
#3555 = DIRECTION('',(0.,0.,-1.));
#3556 = DIRECTION('',(0.,1.,0.));
#3557 = ADVANCED_FACE('',(#3558),#3569,.F.);
#3558 = FACE_BOUND('',#3559,.F.);
#3559 = EDGE_LOOP('',(#3560,#3561,#3562,#3563));
#3560 = ORIENTED_EDGE('',*,*,#3216,.F.);
#3561 = ORIENTED_EDGE('',*,*,#3547,.T.);
#3562 = ORIENTED_EDGE('',*,*,#2944,.T.);
#3563 = ORIENTED_EDGE('',*,*,#3564,.F.);
#3564 = EDGE_CURVE('',#3209,#2937,#3565,.T.);
#3565 = LINE('',#3566,#3567);
#3566 = CARTESIAN_POINT('',(-8.09254E+03,8.95848E+03,6.58876E+03));
#3567 = VECTOR('',#3568,1.);
#3568 = DIRECTION('',(-1.,-0.,-0.));
#3569 = PLANE('',#3570);
#3570 = AXIS2_PLACEMENT_3D('',#3571,#3572,#3573);
#3571 = CARTESIAN_POINT('',(-8.09254E+03,8.95848E+03,5.06476E+03));
#3572 = DIRECTION('',(0.,1.,0.));
#3573 = DIRECTION('',(0.,-0.,1.));
#3574 = ADVANCED_FACE('',(#3575),#3581,.F.);
#3575 = FACE_BOUND('',#3576,.F.);
#3576 = EDGE_LOOP('',(#3577,#3578,#3579,#3580));
#3577 = ORIENTED_EDGE('',*,*,#3208,.F.);
#3578 = ORIENTED_EDGE('',*,*,#3564,.T.);
#3579 = ORIENTED_EDGE('',*,*,#2936,.T.);
#3580 = ORIENTED_EDGE('',*,*,#3523,.F.);
#3581 = PLANE('',#3582);
#3582 = AXIS2_PLACEMENT_3D('',#3583,#3584,#3585);
#3583 = CARTESIAN_POINT('',(-8.09254E+03,8.95848E+03,6.58876E+03));
#3584 = DIRECTION('',(0.,0.,1.));
#3585 = DIRECTION('',(0.,-1.,0.));
#3586 = ADVANCED_FACE('',(#3587),#3603,.F.);
#3587 = FACE_BOUND('',#3588,.F.);
#3588 = EDGE_LOOP('',(#3589,#3590,#3596,#3597));
#3589 = ORIENTED_EDGE('',*,*,#3232,.F.);
#3590 = ORIENTED_EDGE('',*,*,#3591,.T.);
#3591 = EDGE_CURVE('',#3233,#2961,#3592,.T.);
#3592 = LINE('',#3593,#3594);
#3593 = CARTESIAN_POINT('',(-8.09254E+03,3.16728E+03,6.58876E+03));
#3594 = VECTOR('',#3595,1.);
#3595 = DIRECTION('',(-1.,-0.,-0.));
#3596 = ORIENTED_EDGE('',*,*,#2960,.T.);
#3597 = ORIENTED_EDGE('',*,*,#3598,.F.);
#3598 = EDGE_CURVE('',#3235,#2963,#3599,.T.);
#3599 = LINE('',#3600,#3601);
#3600 = CARTESIAN_POINT('',(-8.09254E+03,3.16728E+03,5.06476E+03));
#3601 = VECTOR('',#3602,1.);
#3602 = DIRECTION('',(-1.,-0.,-0.));
#3603 = PLANE('',#3604);
#3604 = AXIS2_PLACEMENT_3D('',#3605,#3606,#3607);
#3605 = CARTESIAN_POINT('',(-8.09254E+03,3.16728E+03,6.58876E+03));
#3606 = DIRECTION('',(0.,-1.,0.));
#3607 = DIRECTION('',(0.,0.,-1.));
#3608 = ADVANCED_FACE('',(#3609),#3620,.F.);
#3609 = FACE_BOUND('',#3610,.F.);
#3610 = EDGE_LOOP('',(#3611,#3612,#3613,#3614));
#3611 = ORIENTED_EDGE('',*,*,#3258,.F.);
#3612 = ORIENTED_EDGE('',*,*,#3598,.T.);
#3613 = ORIENTED_EDGE('',*,*,#2986,.T.);
#3614 = ORIENTED_EDGE('',*,*,#3615,.F.);
#3615 = EDGE_CURVE('',#3251,#2979,#3616,.T.);
#3616 = LINE('',#3617,#3618);
#3617 = CARTESIAN_POINT('',(-8.09254E+03,5.91048E+03,5.06476E+03));
#3618 = VECTOR('',#3619,1.);
#3619 = DIRECTION('',(-1.,-0.,-0.));
#3620 = PLANE('',#3621);
#3621 = AXIS2_PLACEMENT_3D('',#3622,#3623,#3624);
#3622 = CARTESIAN_POINT('',(-8.09254E+03,3.16728E+03,5.06476E+03));
#3623 = DIRECTION('',(0.,0.,-1.));
#3624 = DIRECTION('',(0.,1.,0.));
#3625 = ADVANCED_FACE('',(#3626),#3637,.F.);
#3626 = FACE_BOUND('',#3627,.F.);
#3627 = EDGE_LOOP('',(#3628,#3629,#3630,#3631));
#3628 = ORIENTED_EDGE('',*,*,#3250,.F.);
#3629 = ORIENTED_EDGE('',*,*,#3615,.T.);
#3630 = ORIENTED_EDGE('',*,*,#2978,.T.);
#3631 = ORIENTED_EDGE('',*,*,#3632,.F.);
#3632 = EDGE_CURVE('',#3243,#2971,#3633,.T.);
#3633 = LINE('',#3634,#3635);
#3634 = CARTESIAN_POINT('',(-8.09254E+03,5.91048E+03,6.58876E+03));
#3635 = VECTOR('',#3636,1.);
#3636 = DIRECTION('',(-1.,-0.,-0.));
#3637 = PLANE('',#3638);
#3638 = AXIS2_PLACEMENT_3D('',#3639,#3640,#3641);
#3639 = CARTESIAN_POINT('',(-8.09254E+03,5.91048E+03,5.06476E+03));
#3640 = DIRECTION('',(0.,1.,0.));
#3641 = DIRECTION('',(0.,-0.,1.));
#3642 = ADVANCED_FACE('',(#3643),#3649,.F.);
#3643 = FACE_BOUND('',#3644,.F.);
#3644 = EDGE_LOOP('',(#3645,#3646,#3647,#3648));
#3645 = ORIENTED_EDGE('',*,*,#3242,.F.);
#3646 = ORIENTED_EDGE('',*,*,#3632,.T.);
#3647 = ORIENTED_EDGE('',*,*,#2970,.T.);
#3648 = ORIENTED_EDGE('',*,*,#3591,.F.);
#3649 = PLANE('',#3650);
#3650 = AXIS2_PLACEMENT_3D('',#3651,#3652,#3653);
#3651 = CARTESIAN_POINT('',(-8.09254E+03,5.91048E+03,6.58876E+03));
#3652 = DIRECTION('',(0.,0.,1.));
#3653 = DIRECTION('',(0.,-1.,0.));
#3654 = ADVANCED_FACE('',(#3655),#3671,.F.);
#3655 = FACE_BOUND('',#3656,.F.);
#3656 = EDGE_LOOP('',(#3657,#3658,#3664,#3665));
#3657 = ORIENTED_EDGE('',*,*,#3266,.F.);
#3658 = ORIENTED_EDGE('',*,*,#3659,.T.);
#3659 = EDGE_CURVE('',#3267,#2995,#3660,.T.);
#3660 = LINE('',#3661,#3662);
#3661 = CARTESIAN_POINT('',(-8.09254E+03,119.27999999999,6.58876E+03));
#3662 = VECTOR('',#3663,1.);
#3663 = DIRECTION('',(-1.,-0.,-0.));
#3664 = ORIENTED_EDGE('',*,*,#2994,.T.);
#3665 = ORIENTED_EDGE('',*,*,#3666,.F.);
#3666 = EDGE_CURVE('',#3269,#2997,#3667,.T.);
#3667 = LINE('',#3668,#3669);
#3668 = CARTESIAN_POINT('',(-8.09254E+03,119.27999999999,5.06476E+03));
#3669 = VECTOR('',#3670,1.);
#3670 = DIRECTION('',(-1.,-0.,-0.));
#3671 = PLANE('',#3672);
#3672 = AXIS2_PLACEMENT_3D('',#3673,#3674,#3675);
#3673 = CARTESIAN_POINT('',(-8.09254E+03,119.27999999999,6.58876E+03));
#3674 = DIRECTION('',(0.,-1.,0.));
#3675 = DIRECTION('',(0.,0.,-1.));
#3676 = ADVANCED_FACE('',(#3677),#3688,.F.);
#3677 = FACE_BOUND('',#3678,.F.);
#3678 = EDGE_LOOP('',(#3679,#3680,#3681,#3682));
#3679 = ORIENTED_EDGE('',*,*,#3292,.F.);
#3680 = ORIENTED_EDGE('',*,*,#3666,.T.);
#3681 = ORIENTED_EDGE('',*,*,#3020,.T.);
#3682 = ORIENTED_EDGE('',*,*,#3683,.F.);
#3683 = EDGE_CURVE('',#3285,#3013,#3684,.T.);
#3684 = LINE('',#3685,#3686);
#3685 = CARTESIAN_POINT('',(-8.09254E+03,2.86248E+03,5.06476E+03));
#3686 = VECTOR('',#3687,1.);
#3687 = DIRECTION('',(-1.,-0.,-0.));
#3688 = PLANE('',#3689);
#3689 = AXIS2_PLACEMENT_3D('',#3690,#3691,#3692);
#3690 = CARTESIAN_POINT('',(-8.09254E+03,119.27999999999,5.06476E+03));
#3691 = DIRECTION('',(0.,0.,-1.));
#3692 = DIRECTION('',(0.,1.,0.));
#3693 = ADVANCED_FACE('',(#3694),#3705,.F.);
#3694 = FACE_BOUND('',#3695,.F.);
#3695 = EDGE_LOOP('',(#3696,#3697,#3698,#3699));
#3696 = ORIENTED_EDGE('',*,*,#3284,.F.);
#3697 = ORIENTED_EDGE('',*,*,#3683,.T.);
#3698 = ORIENTED_EDGE('',*,*,#3012,.T.);
#3699 = ORIENTED_EDGE('',*,*,#3700,.F.);
#3700 = EDGE_CURVE('',#3277,#3005,#3701,.T.);
#3701 = LINE('',#3702,#3703);
#3702 = CARTESIAN_POINT('',(-8.09254E+03,2.86248E+03,6.58876E+03));
#3703 = VECTOR('',#3704,1.);
#3704 = DIRECTION('',(-1.,-0.,-0.));
#3705 = PLANE('',#3706);
#3706 = AXIS2_PLACEMENT_3D('',#3707,#3708,#3709);
#3707 = CARTESIAN_POINT('',(-8.09254E+03,2.86248E+03,5.06476E+03));
#3708 = DIRECTION('',(0.,1.,0.));
#3709 = DIRECTION('',(0.,-0.,1.));
#3710 = ADVANCED_FACE('',(#3711),#3717,.F.);
#3711 = FACE_BOUND('',#3712,.F.);
#3712 = EDGE_LOOP('',(#3713,#3714,#3715,#3716));
#3713 = ORIENTED_EDGE('',*,*,#3276,.F.);
#3714 = ORIENTED_EDGE('',*,*,#3700,.T.);
#3715 = ORIENTED_EDGE('',*,*,#3004,.T.);
#3716 = ORIENTED_EDGE('',*,*,#3659,.F.);
#3717 = PLANE('',#3718);
#3718 = AXIS2_PLACEMENT_3D('',#3719,#3720,#3721);
#3719 = CARTESIAN_POINT('',(-8.09254E+03,2.86248E+03,6.58876E+03));
#3720 = DIRECTION('',(0.,0.,1.));
#3721 = DIRECTION('',(0.,-1.,0.));
#3722 = ADVANCED_FACE('',(#3723),#3739,.F.);
#3723 = FACE_BOUND('',#3724,.F.);
#3724 = EDGE_LOOP('',(#3725,#3726,#3732,#3733));
#3725 = ORIENTED_EDGE('',*,*,#3300,.F.);
#3726 = ORIENTED_EDGE('',*,*,#3727,.T.);
#3727 = EDGE_CURVE('',#3301,#3029,#3728,.T.);
#3728 = LINE('',#3729,#3730);
#3729 = CARTESIAN_POINT('',(-8.09254E+03,-2.92872E+03,6.58876E+03));
#3730 = VECTOR('',#3731,1.);
#3731 = DIRECTION('',(-1.,-0.,-0.));
#3732 = ORIENTED_EDGE('',*,*,#3028,.T.);
#3733 = ORIENTED_EDGE('',*,*,#3734,.F.);
#3734 = EDGE_CURVE('',#3303,#3031,#3735,.T.);
#3735 = LINE('',#3736,#3737);
#3736 = CARTESIAN_POINT('',(-8.09254E+03,-2.92872E+03,5.06476E+03));
#3737 = VECTOR('',#3738,1.);
#3738 = DIRECTION('',(-1.,-0.,-0.));
#3739 = PLANE('',#3740);
#3740 = AXIS2_PLACEMENT_3D('',#3741,#3742,#3743);
#3741 = CARTESIAN_POINT('',(-8.09254E+03,-2.92872E+03,6.58876E+03));
#3742 = DIRECTION('',(0.,-1.,0.));
#3743 = DIRECTION('',(0.,0.,-1.));
#3744 = ADVANCED_FACE('',(#3745),#3756,.F.);
#3745 = FACE_BOUND('',#3746,.F.);
#3746 = EDGE_LOOP('',(#3747,#3748,#3749,#3750));
#3747 = ORIENTED_EDGE('',*,*,#3326,.F.);
#3748 = ORIENTED_EDGE('',*,*,#3734,.T.);
#3749 = ORIENTED_EDGE('',*,*,#3054,.T.);
#3750 = ORIENTED_EDGE('',*,*,#3751,.F.);
#3751 = EDGE_CURVE('',#3319,#3047,#3752,.T.);
#3752 = LINE('',#3753,#3754);
#3753 = CARTESIAN_POINT('',(-8.09254E+03,-185.52,5.06476E+03));
#3754 = VECTOR('',#3755,1.);
#3755 = DIRECTION('',(-1.,-0.,-0.));
#3756 = PLANE('',#3757);
#3757 = AXIS2_PLACEMENT_3D('',#3758,#3759,#3760);
#3758 = CARTESIAN_POINT('',(-8.09254E+03,-2.92872E+03,5.06476E+03));
#3759 = DIRECTION('',(0.,0.,-1.));
#3760 = DIRECTION('',(0.,1.,0.));
#3761 = ADVANCED_FACE('',(#3762),#3773,.F.);
#3762 = FACE_BOUND('',#3763,.F.);
#3763 = EDGE_LOOP('',(#3764,#3765,#3766,#3767));
#3764 = ORIENTED_EDGE('',*,*,#3318,.F.);
#3765 = ORIENTED_EDGE('',*,*,#3751,.T.);
#3766 = ORIENTED_EDGE('',*,*,#3046,.T.);
#3767 = ORIENTED_EDGE('',*,*,#3768,.F.);
#3768 = EDGE_CURVE('',#3311,#3039,#3769,.T.);
#3769 = LINE('',#3770,#3771);
#3770 = CARTESIAN_POINT('',(-8.09254E+03,-185.52,6.58876E+03));
#3771 = VECTOR('',#3772,1.);
#3772 = DIRECTION('',(-1.,-0.,-0.));
#3773 = PLANE('',#3774);
#3774 = AXIS2_PLACEMENT_3D('',#3775,#3776,#3777);
#3775 = CARTESIAN_POINT('',(-8.09254E+03,-185.52,5.06476E+03));
#3776 = DIRECTION('',(0.,1.,0.));
#3777 = DIRECTION('',(0.,-0.,1.));
#3778 = ADVANCED_FACE('',(#3779),#3785,.F.);
#3779 = FACE_BOUND('',#3780,.F.);
#3780 = EDGE_LOOP('',(#3781,#3782,#3783,#3784));
#3781 = ORIENTED_EDGE('',*,*,#3310,.F.);
#3782 = ORIENTED_EDGE('',*,*,#3768,.T.);
#3783 = ORIENTED_EDGE('',*,*,#3038,.T.);
#3784 = ORIENTED_EDGE('',*,*,#3727,.F.);
#3785 = PLANE('',#3786);
#3786 = AXIS2_PLACEMENT_3D('',#3787,#3788,#3789);
#3787 = CARTESIAN_POINT('',(-8.09254E+03,-185.52,6.58876E+03));
#3788 = DIRECTION('',(0.,0.,1.));
#3789 = DIRECTION('',(0.,-1.,0.));
#3790 = ADVANCED_FACE('',(#3791),#3807,.F.);
#3791 = FACE_BOUND('',#3792,.F.);
#3792 = EDGE_LOOP('',(#3793,#3794,#3800,#3801));
#3793 = ORIENTED_EDGE('',*,*,#3334,.F.);
#3794 = ORIENTED_EDGE('',*,*,#3795,.T.);
#3795 = EDGE_CURVE('',#3335,#3063,#3796,.T.);
#3796 = LINE('',#3797,#3798);
#3797 = CARTESIAN_POINT('',(-8.09254E+03,-5.97672E+03,6.58876E+03));
#3798 = VECTOR('',#3799,1.);
#3799 = DIRECTION('',(-1.,-0.,-0.));
#3800 = ORIENTED_EDGE('',*,*,#3062,.T.);
#3801 = ORIENTED_EDGE('',*,*,#3802,.F.);
#3802 = EDGE_CURVE('',#3337,#3065,#3803,.T.);
#3803 = LINE('',#3804,#3805);
#3804 = CARTESIAN_POINT('',(-8.09254E+03,-5.97672E+03,5.06476E+03));
#3805 = VECTOR('',#3806,1.);
#3806 = DIRECTION('',(-1.,-0.,-0.));
#3807 = PLANE('',#3808);
#3808 = AXIS2_PLACEMENT_3D('',#3809,#3810,#3811);
#3809 = CARTESIAN_POINT('',(-8.09254E+03,-5.97672E+03,6.58876E+03));
#3810 = DIRECTION('',(0.,-1.,0.));
#3811 = DIRECTION('',(0.,0.,-1.));
#3812 = ADVANCED_FACE('',(#3813),#3824,.F.);
#3813 = FACE_BOUND('',#3814,.F.);
#3814 = EDGE_LOOP('',(#3815,#3816,#3817,#3818));
#3815 = ORIENTED_EDGE('',*,*,#3360,.F.);
#3816 = ORIENTED_EDGE('',*,*,#3802,.T.);
#3817 = ORIENTED_EDGE('',*,*,#3088,.T.);
#3818 = ORIENTED_EDGE('',*,*,#3819,.F.);
#3819 = EDGE_CURVE('',#3353,#3081,#3820,.T.);
#3820 = LINE('',#3821,#3822);
#3821 = CARTESIAN_POINT('',(-8.09254E+03,-3.23352E+03,5.06476E+03));
#3822 = VECTOR('',#3823,1.);
#3823 = DIRECTION('',(-1.,-0.,-0.));
#3824 = PLANE('',#3825);
#3825 = AXIS2_PLACEMENT_3D('',#3826,#3827,#3828);
#3826 = CARTESIAN_POINT('',(-8.09254E+03,-5.97672E+03,5.06476E+03));
#3827 = DIRECTION('',(0.,0.,-1.));
#3828 = DIRECTION('',(0.,1.,0.));
#3829 = ADVANCED_FACE('',(#3830),#3841,.F.);
#3830 = FACE_BOUND('',#3831,.F.);
#3831 = EDGE_LOOP('',(#3832,#3833,#3834,#3835));
#3832 = ORIENTED_EDGE('',*,*,#3352,.F.);
#3833 = ORIENTED_EDGE('',*,*,#3819,.T.);
#3834 = ORIENTED_EDGE('',*,*,#3080,.T.);
#3835 = ORIENTED_EDGE('',*,*,#3836,.F.);
#3836 = EDGE_CURVE('',#3345,#3073,#3837,.T.);
#3837 = LINE('',#3838,#3839);
#3838 = CARTESIAN_POINT('',(-8.09254E+03,-3.23352E+03,6.58876E+03));
#3839 = VECTOR('',#3840,1.);
#3840 = DIRECTION('',(-1.,-0.,-0.));
#3841 = PLANE('',#3842);
#3842 = AXIS2_PLACEMENT_3D('',#3843,#3844,#3845);
#3843 = CARTESIAN_POINT('',(-8.09254E+03,-3.23352E+03,5.06476E+03));
#3844 = DIRECTION('',(0.,1.,0.));
#3845 = DIRECTION('',(0.,-0.,1.));
#3846 = ADVANCED_FACE('',(#3847),#3853,.F.);
#3847 = FACE_BOUND('',#3848,.F.);
#3848 = EDGE_LOOP('',(#3849,#3850,#3851,#3852));
#3849 = ORIENTED_EDGE('',*,*,#3344,.F.);
#3850 = ORIENTED_EDGE('',*,*,#3836,.T.);
#3851 = ORIENTED_EDGE('',*,*,#3072,.T.);
#3852 = ORIENTED_EDGE('',*,*,#3795,.F.);
#3853 = PLANE('',#3854);
#3854 = AXIS2_PLACEMENT_3D('',#3855,#3856,#3857);
#3855 = CARTESIAN_POINT('',(-8.09254E+03,-3.23352E+03,6.58876E+03));
#3856 = DIRECTION('',(0.,0.,1.));
#3857 = DIRECTION('',(0.,-1.,0.));
#3858 = ( GEOMETRIC_REPRESENTATION_CONTEXT(3) 
GLOBAL_UNCERTAINTY_ASSIGNED_CONTEXT((#3862)) 
GLOBAL_UNIT_ASSIGNED_CONTEXT((#3859,#3860,#3861)) REPRESENTATION_CONTEXT
('Context #1','3D Context with UNIT and UNCERTAINTY') );
#3859 = ( LENGTH_UNIT() NAMED_UNIT(*) SI_UNIT(.MILLI.,.METRE.) );
#3860 = ( NAMED_UNIT(*) PLANE_ANGLE_UNIT() SI_UNIT($,.RADIAN.) );
#3861 = ( NAMED_UNIT(*) SI_UNIT($,.STERADIAN.) SOLID_ANGLE_UNIT() );
#3862 = UNCERTAINTY_MEASURE_WITH_UNIT(LENGTH_MEASURE(2.E-02),#3859,
  'distance_accuracy_value','confusion accuracy');
#3863 = CONTEXT_DEPENDENT_SHAPE_REPRESENTATION(#3864,#3866);
#3864 = ( REPRESENTATION_RELATIONSHIP('','',#2495,#691) 
REPRESENTATION_RELATIONSHIP_WITH_TRANSFORMATION(#3865) 
SHAPE_REPRESENTATION_RELATIONSHIP() );
#3865 = ITEM_DEFINED_TRANSFORMATION('','',#11,#704);
#3866 = PRODUCT_DEFINITION_SHAPE('Placement','Placement of an item',
  #3867);
#3867 = NEXT_ASSEMBLY_USAGE_OCCURRENCE('9','SecondFloorWalls','',#686,
  #2490,$);
#3868 = PRODUCT_RELATED_PRODUCT_CATEGORY('part',$,(#2492));
#3869 = SHAPE_DEFINITION_REPRESENTATION(#3870,#3876);
#3870 = PRODUCT_DEFINITION_SHAPE('','',#3871);
#3871 = PRODUCT_DEFINITION('design','',#3872,#3875);
#3872 = PRODUCT_DEFINITION_FORMATION('','',#3873);
#3873 = PRODUCT('Glass','Glass','',(#3874));
#3874 = PRODUCT_CONTEXT('',#2,'mechanical');
#3875 = PRODUCT_DEFINITION_CONTEXT('part definition',#2,'design');
#3876 = SHAPE_REPRESENTATION('',(#11,#3877,#3881,#3885,#3889,#3893,#3897
    ),#3901);
#3877 = AXIS2_PLACEMENT_3D('',#3878,#3879,#3880);
#3878 = CARTESIAN_POINT('',(-8.21793E+03,-5.97584E+03,6.5879E+03));
#3879 = DIRECTION('',(1.,-0.,0.));
#3880 = DIRECTION('',(0.,0.,-1.));
#3881 = AXIS2_PLACEMENT_3D('',#3882,#3883,#3884);
#3882 = CARTESIAN_POINT('',(-8.21793E+03,-2.92784E+03,6.5879E+03));
#3883 = DIRECTION('',(1.,-0.,0.));
#3884 = DIRECTION('',(0.,0.,-1.));
#3885 = AXIS2_PLACEMENT_3D('',#3886,#3887,#3888);
#3886 = CARTESIAN_POINT('',(-8.21793E+03,120.15999999999,6.5879E+03));
#3887 = DIRECTION('',(1.,-0.,0.));
#3888 = DIRECTION('',(0.,0.,-1.));
#3889 = AXIS2_PLACEMENT_3D('',#3890,#3891,#3892);
#3890 = CARTESIAN_POINT('',(-8.21793E+03,3.16816E+03,6.5879E+03));
#3891 = DIRECTION('',(1.,-0.,0.));
#3892 = DIRECTION('',(0.,0.,-1.));
#3893 = AXIS2_PLACEMENT_3D('',#3894,#3895,#3896);
#3894 = CARTESIAN_POINT('',(-8.21793E+03,6.21616E+03,6.5879E+03));
#3895 = DIRECTION('',(1.,-0.,0.));
#3896 = DIRECTION('',(0.,0.,-1.));
#3897 = AXIS2_PLACEMENT_3D('',#3898,#3899,#3900);
#3898 = CARTESIAN_POINT('',(-8.21793E+03,9.26416E+03,6.5879E+03));
#3899 = DIRECTION('',(1.,-0.,0.));
#3900 = DIRECTION('',(0.,0.,-1.));
#3901 = ( GEOMETRIC_REPRESENTATION_CONTEXT(3) 
GLOBAL_UNCERTAINTY_ASSIGNED_CONTEXT((#3905)) 
GLOBAL_UNIT_ASSIGNED_CONTEXT((#3902,#3903,#3904)) REPRESENTATION_CONTEXT
('Context #1','3D Context with UNIT and UNCERTAINTY') );
#3902 = ( LENGTH_UNIT() NAMED_UNIT(*) SI_UNIT(.MILLI.,.METRE.) );
#3903 = ( NAMED_UNIT(*) PLANE_ANGLE_UNIT() SI_UNIT($,.RADIAN.) );
#3904 = ( NAMED_UNIT(*) SI_UNIT($,.STERADIAN.) SOLID_ANGLE_UNIT() );
#3905 = UNCERTAINTY_MEASURE_WITH_UNIT(LENGTH_MEASURE(1.E-07),#3902,
  'distance_accuracy_value','confusion accuracy');
#3906 = CONTEXT_DEPENDENT_SHAPE_REPRESENTATION(#3907,#3909);
#3907 = ( REPRESENTATION_RELATIONSHIP('','',#3876,#691) 
REPRESENTATION_RELATIONSHIP_WITH_TRANSFORMATION(#3908) 
SHAPE_REPRESENTATION_RELATIONSHIP() );
#3908 = ITEM_DEFINED_TRANSFORMATION('','',#11,#708);
#3909 = PRODUCT_DEFINITION_SHAPE('Placement','Placement of an item',
  #3910);
#3910 = NEXT_ASSEMBLY_USAGE_OCCURRENCE('16','Glass','',#686,#3871,$);
#3911 = PRODUCT_RELATED_PRODUCT_CATEGORY('part',$,(#3873));
#3912 = SHAPE_DEFINITION_REPRESENTATION(#3913,#3919);
#3913 = PRODUCT_DEFINITION_SHAPE('','',#3914);
#3914 = PRODUCT_DEFINITION('design','',#3915,#3918);
#3915 = PRODUCT_DEFINITION_FORMATION('','',#3916);
#3916 = PRODUCT('Glass001','Glass001','',(#3917));
#3917 = PRODUCT_CONTEXT('',#2,'mechanical');
#3918 = PRODUCT_DEFINITION_CONTEXT('part definition',#2,'design');
#3919 = ADVANCED_BREP_SHAPE_REPRESENTATION('',(#11,#3920),#4070);
#3920 = MANIFOLD_SOLID_BREP('',#3921);
#3921 = CLOSED_SHELL('',(#3922,#3962,#4002,#4024,#4046,#4058));
#3922 = ADVANCED_FACE('',(#3923),#3957,.F.);
#3923 = FACE_BOUND('',#3924,.F.);
#3924 = EDGE_LOOP('',(#3925,#3935,#3943,#3951));
#3925 = ORIENTED_EDGE('',*,*,#3926,.F.);
#3926 = EDGE_CURVE('',#3927,#3929,#3931,.T.);
#3927 = VERTEX_POINT('',#3928);
#3928 = CARTESIAN_POINT('',(0.,0.,0.));
#3929 = VERTEX_POINT('',#3930);
#3930 = CARTESIAN_POINT('',(0.,0.,7.));
#3931 = LINE('',#3932,#3933);
#3932 = CARTESIAN_POINT('',(0.,0.,0.));
#3933 = VECTOR('',#3934,1.);
#3934 = DIRECTION('',(0.,0.,1.));
#3935 = ORIENTED_EDGE('',*,*,#3936,.T.);
#3936 = EDGE_CURVE('',#3927,#3937,#3939,.T.);
#3937 = VERTEX_POINT('',#3938);
#3938 = CARTESIAN_POINT('',(0.,2.737104E+03,0.));
#3939 = LINE('',#3940,#3941);
#3940 = CARTESIAN_POINT('',(0.,0.,0.));
#3941 = VECTOR('',#3942,1.);
#3942 = DIRECTION('',(-0.,1.,0.));
#3943 = ORIENTED_EDGE('',*,*,#3944,.T.);
#3944 = EDGE_CURVE('',#3937,#3945,#3947,.T.);
#3945 = VERTEX_POINT('',#3946);
#3946 = CARTESIAN_POINT('',(0.,2.737104E+03,7.));
#3947 = LINE('',#3948,#3949);
#3948 = CARTESIAN_POINT('',(0.,2.737104E+03,0.));
#3949 = VECTOR('',#3950,1.);
#3950 = DIRECTION('',(0.,0.,1.));
#3951 = ORIENTED_EDGE('',*,*,#3952,.F.);
#3952 = EDGE_CURVE('',#3929,#3945,#3953,.T.);
#3953 = LINE('',#3954,#3955);
#3954 = CARTESIAN_POINT('',(0.,0.,7.));
#3955 = VECTOR('',#3956,1.);
#3956 = DIRECTION('',(-0.,1.,0.));
#3957 = PLANE('',#3958);
#3958 = AXIS2_PLACEMENT_3D('',#3959,#3960,#3961);
#3959 = CARTESIAN_POINT('',(0.,0.,0.));
#3960 = DIRECTION('',(1.,0.,-0.));
#3961 = DIRECTION('',(0.,0.,1.));
#3962 = ADVANCED_FACE('',(#3963),#3997,.T.);
#3963 = FACE_BOUND('',#3964,.T.);
#3964 = EDGE_LOOP('',(#3965,#3975,#3983,#3991));
#3965 = ORIENTED_EDGE('',*,*,#3966,.F.);
#3966 = EDGE_CURVE('',#3967,#3969,#3971,.T.);
#3967 = VERTEX_POINT('',#3968);
#3968 = CARTESIAN_POINT('',(1.517904E+03,0.,0.));
#3969 = VERTEX_POINT('',#3970);
#3970 = CARTESIAN_POINT('',(1.517904E+03,0.,7.));
#3971 = LINE('',#3972,#3973);
#3972 = CARTESIAN_POINT('',(1.517904E+03,0.,0.));
#3973 = VECTOR('',#3974,1.);
#3974 = DIRECTION('',(0.,0.,1.));
#3975 = ORIENTED_EDGE('',*,*,#3976,.T.);
#3976 = EDGE_CURVE('',#3967,#3977,#3979,.T.);
#3977 = VERTEX_POINT('',#3978);
#3978 = CARTESIAN_POINT('',(1.517904E+03,2.737104E+03,0.));
#3979 = LINE('',#3980,#3981);
#3980 = CARTESIAN_POINT('',(1.517904E+03,0.,0.));
#3981 = VECTOR('',#3982,1.);
#3982 = DIRECTION('',(-0.,1.,0.));
#3983 = ORIENTED_EDGE('',*,*,#3984,.T.);
#3984 = EDGE_CURVE('',#3977,#3985,#3987,.T.);
#3985 = VERTEX_POINT('',#3986);
#3986 = CARTESIAN_POINT('',(1.517904E+03,2.737104E+03,7.));
#3987 = LINE('',#3988,#3989);
#3988 = CARTESIAN_POINT('',(1.517904E+03,2.737104E+03,0.));
#3989 = VECTOR('',#3990,1.);
#3990 = DIRECTION('',(0.,0.,1.));
#3991 = ORIENTED_EDGE('',*,*,#3992,.F.);
#3992 = EDGE_CURVE('',#3969,#3985,#3993,.T.);
#3993 = LINE('',#3994,#3995);
#3994 = CARTESIAN_POINT('',(1.517904E+03,0.,7.));
#3995 = VECTOR('',#3996,1.);
#3996 = DIRECTION('',(-0.,1.,0.));
#3997 = PLANE('',#3998);
#3998 = AXIS2_PLACEMENT_3D('',#3999,#4000,#4001);
#3999 = CARTESIAN_POINT('',(1.517904E+03,0.,0.));
#4000 = DIRECTION('',(1.,0.,-0.));
#4001 = DIRECTION('',(0.,0.,1.));
#4002 = ADVANCED_FACE('',(#4003),#4019,.F.);
#4003 = FACE_BOUND('',#4004,.F.);
#4004 = EDGE_LOOP('',(#4005,#4011,#4012,#4018));
#4005 = ORIENTED_EDGE('',*,*,#4006,.F.);
#4006 = EDGE_CURVE('',#3927,#3967,#4007,.T.);
#4007 = LINE('',#4008,#4009);
#4008 = CARTESIAN_POINT('',(0.,0.,0.));
#4009 = VECTOR('',#4010,1.);
#4010 = DIRECTION('',(1.,0.,-0.));
#4011 = ORIENTED_EDGE('',*,*,#3926,.T.);
#4012 = ORIENTED_EDGE('',*,*,#4013,.T.);
#4013 = EDGE_CURVE('',#3929,#3969,#4014,.T.);
#4014 = LINE('',#4015,#4016);
#4015 = CARTESIAN_POINT('',(0.,0.,7.));
#4016 = VECTOR('',#4017,1.);
#4017 = DIRECTION('',(1.,0.,-0.));
#4018 = ORIENTED_EDGE('',*,*,#3966,.F.);
#4019 = PLANE('',#4020);
#4020 = AXIS2_PLACEMENT_3D('',#4021,#4022,#4023);
#4021 = CARTESIAN_POINT('',(0.,0.,0.));
#4022 = DIRECTION('',(-0.,1.,0.));
#4023 = DIRECTION('',(0.,0.,1.));
#4024 = ADVANCED_FACE('',(#4025),#4041,.T.);
#4025 = FACE_BOUND('',#4026,.T.);
#4026 = EDGE_LOOP('',(#4027,#4033,#4034,#4040));
#4027 = ORIENTED_EDGE('',*,*,#4028,.F.);
#4028 = EDGE_CURVE('',#3937,#3977,#4029,.T.);
#4029 = LINE('',#4030,#4031);
#4030 = CARTESIAN_POINT('',(0.,2.737104E+03,0.));
#4031 = VECTOR('',#4032,1.);
#4032 = DIRECTION('',(1.,0.,-0.));
#4033 = ORIENTED_EDGE('',*,*,#3944,.T.);
#4034 = ORIENTED_EDGE('',*,*,#4035,.T.);
#4035 = EDGE_CURVE('',#3945,#3985,#4036,.T.);
#4036 = LINE('',#4037,#4038);
#4037 = CARTESIAN_POINT('',(0.,2.737104E+03,7.));
#4038 = VECTOR('',#4039,1.);
#4039 = DIRECTION('',(1.,0.,-0.));
#4040 = ORIENTED_EDGE('',*,*,#3984,.F.);
#4041 = PLANE('',#4042);
#4042 = AXIS2_PLACEMENT_3D('',#4043,#4044,#4045);
#4043 = CARTESIAN_POINT('',(0.,2.737104E+03,0.));
#4044 = DIRECTION('',(-0.,1.,0.));
#4045 = DIRECTION('',(0.,0.,1.));
#4046 = ADVANCED_FACE('',(#4047),#4053,.F.);
#4047 = FACE_BOUND('',#4048,.F.);
#4048 = EDGE_LOOP('',(#4049,#4050,#4051,#4052));
#4049 = ORIENTED_EDGE('',*,*,#3936,.F.);
#4050 = ORIENTED_EDGE('',*,*,#4006,.T.);
#4051 = ORIENTED_EDGE('',*,*,#3976,.T.);
#4052 = ORIENTED_EDGE('',*,*,#4028,.F.);
#4053 = PLANE('',#4054);
#4054 = AXIS2_PLACEMENT_3D('',#4055,#4056,#4057);
#4055 = CARTESIAN_POINT('',(0.,0.,0.));
#4056 = DIRECTION('',(0.,0.,1.));
#4057 = DIRECTION('',(1.,0.,-0.));
#4058 = ADVANCED_FACE('',(#4059),#4065,.T.);
#4059 = FACE_BOUND('',#4060,.T.);
#4060 = EDGE_LOOP('',(#4061,#4062,#4063,#4064));
#4061 = ORIENTED_EDGE('',*,*,#3952,.F.);
#4062 = ORIENTED_EDGE('',*,*,#4013,.T.);
#4063 = ORIENTED_EDGE('',*,*,#3992,.T.);
#4064 = ORIENTED_EDGE('',*,*,#4035,.F.);
#4065 = PLANE('',#4066);
#4066 = AXIS2_PLACEMENT_3D('',#4067,#4068,#4069);
#4067 = CARTESIAN_POINT('',(0.,0.,7.));
#4068 = DIRECTION('',(0.,0.,1.));
#4069 = DIRECTION('',(1.,0.,-0.));
#4070 = ( GEOMETRIC_REPRESENTATION_CONTEXT(3) 
GLOBAL_UNCERTAINTY_ASSIGNED_CONTEXT((#4074)) 
GLOBAL_UNIT_ASSIGNED_CONTEXT((#4071,#4072,#4073)) REPRESENTATION_CONTEXT
('Context #1','3D Context with UNIT and UNCERTAINTY') );
#4071 = ( LENGTH_UNIT() NAMED_UNIT(*) SI_UNIT(.MILLI.,.METRE.) );
#4072 = ( NAMED_UNIT(*) PLANE_ANGLE_UNIT() SI_UNIT($,.RADIAN.) );
#4073 = ( NAMED_UNIT(*) SI_UNIT($,.STERADIAN.) SOLID_ANGLE_UNIT() );
#4074 = UNCERTAINTY_MEASURE_WITH_UNIT(LENGTH_MEASURE(1.E-07),#4071,
  'distance_accuracy_value','confusion accuracy');
#4075 = CONTEXT_DEPENDENT_SHAPE_REPRESENTATION(#4076,#4078);
#4076 = ( REPRESENTATION_RELATIONSHIP('','',#3919,#3876) 
REPRESENTATION_RELATIONSHIP_WITH_TRANSFORMATION(#4077) 
SHAPE_REPRESENTATION_RELATIONSHIP() );
#4077 = ITEM_DEFINED_TRANSFORMATION('','',#11,#3877);
#4078 = PRODUCT_DEFINITION_SHAPE('Placement','Placement of an item',
  #4079);
#4079 = NEXT_ASSEMBLY_USAGE_OCCURRENCE('10','Glass001','',#3871,#3914,$
  );
#4080 = PRODUCT_RELATED_PRODUCT_CATEGORY('part',$,(#3916));
#4081 = SHAPE_DEFINITION_REPRESENTATION(#4082,#4088);
#4082 = PRODUCT_DEFINITION_SHAPE('','',#4083);
#4083 = PRODUCT_DEFINITION('design','',#4084,#4087);
#4084 = PRODUCT_DEFINITION_FORMATION('','',#4085);
#4085 = PRODUCT('Glass002','Glass002','',(#4086));
#4086 = PRODUCT_CONTEXT('',#2,'mechanical');
#4087 = PRODUCT_DEFINITION_CONTEXT('part definition',#2,'design');
#4088 = ADVANCED_BREP_SHAPE_REPRESENTATION('',(#11,#4089),#4239);
#4089 = MANIFOLD_SOLID_BREP('',#4090);
#4090 = CLOSED_SHELL('',(#4091,#4131,#4171,#4193,#4215,#4227));
#4091 = ADVANCED_FACE('',(#4092),#4126,.F.);
#4092 = FACE_BOUND('',#4093,.F.);
#4093 = EDGE_LOOP('',(#4094,#4104,#4112,#4120));
#4094 = ORIENTED_EDGE('',*,*,#4095,.F.);
#4095 = EDGE_CURVE('',#4096,#4098,#4100,.T.);
#4096 = VERTEX_POINT('',#4097);
#4097 = CARTESIAN_POINT('',(0.,0.,0.));
#4098 = VERTEX_POINT('',#4099);
#4099 = CARTESIAN_POINT('',(0.,0.,7.));
#4100 = LINE('',#4101,#4102);
#4101 = CARTESIAN_POINT('',(0.,0.,0.));
#4102 = VECTOR('',#4103,1.);
#4103 = DIRECTION('',(0.,0.,1.));
#4104 = ORIENTED_EDGE('',*,*,#4105,.T.);
#4105 = EDGE_CURVE('',#4096,#4106,#4108,.T.);
#4106 = VERTEX_POINT('',#4107);
#4107 = CARTESIAN_POINT('',(0.,2.737104E+03,0.));
#4108 = LINE('',#4109,#4110);
#4109 = CARTESIAN_POINT('',(0.,0.,0.));
#4110 = VECTOR('',#4111,1.);
#4111 = DIRECTION('',(-0.,1.,0.));
#4112 = ORIENTED_EDGE('',*,*,#4113,.T.);
#4113 = EDGE_CURVE('',#4106,#4114,#4116,.T.);
#4114 = VERTEX_POINT('',#4115);
#4115 = CARTESIAN_POINT('',(0.,2.737104E+03,7.));
#4116 = LINE('',#4117,#4118);
#4117 = CARTESIAN_POINT('',(0.,2.737104E+03,0.));
#4118 = VECTOR('',#4119,1.);
#4119 = DIRECTION('',(0.,0.,1.));
#4120 = ORIENTED_EDGE('',*,*,#4121,.F.);
#4121 = EDGE_CURVE('',#4098,#4114,#4122,.T.);
#4122 = LINE('',#4123,#4124);
#4123 = CARTESIAN_POINT('',(0.,0.,7.));
#4124 = VECTOR('',#4125,1.);
#4125 = DIRECTION('',(-0.,1.,0.));
#4126 = PLANE('',#4127);
#4127 = AXIS2_PLACEMENT_3D('',#4128,#4129,#4130);
#4128 = CARTESIAN_POINT('',(0.,0.,0.));
#4129 = DIRECTION('',(1.,0.,-0.));
#4130 = DIRECTION('',(0.,0.,1.));
#4131 = ADVANCED_FACE('',(#4132),#4166,.T.);
#4132 = FACE_BOUND('',#4133,.T.);
#4133 = EDGE_LOOP('',(#4134,#4144,#4152,#4160));
#4134 = ORIENTED_EDGE('',*,*,#4135,.F.);
#4135 = EDGE_CURVE('',#4136,#4138,#4140,.T.);
#4136 = VERTEX_POINT('',#4137);
#4137 = CARTESIAN_POINT('',(1.517904E+03,0.,0.));
#4138 = VERTEX_POINT('',#4139);
#4139 = CARTESIAN_POINT('',(1.517904E+03,0.,7.));
#4140 = LINE('',#4141,#4142);
#4141 = CARTESIAN_POINT('',(1.517904E+03,0.,0.));
#4142 = VECTOR('',#4143,1.);
#4143 = DIRECTION('',(0.,0.,1.));
#4144 = ORIENTED_EDGE('',*,*,#4145,.T.);
#4145 = EDGE_CURVE('',#4136,#4146,#4148,.T.);
#4146 = VERTEX_POINT('',#4147);
#4147 = CARTESIAN_POINT('',(1.517904E+03,2.737104E+03,0.));
#4148 = LINE('',#4149,#4150);
#4149 = CARTESIAN_POINT('',(1.517904E+03,0.,0.));
#4150 = VECTOR('',#4151,1.);
#4151 = DIRECTION('',(-0.,1.,0.));
#4152 = ORIENTED_EDGE('',*,*,#4153,.T.);
#4153 = EDGE_CURVE('',#4146,#4154,#4156,.T.);
#4154 = VERTEX_POINT('',#4155);
#4155 = CARTESIAN_POINT('',(1.517904E+03,2.737104E+03,7.));
#4156 = LINE('',#4157,#4158);
#4157 = CARTESIAN_POINT('',(1.517904E+03,2.737104E+03,0.));
#4158 = VECTOR('',#4159,1.);
#4159 = DIRECTION('',(0.,0.,1.));
#4160 = ORIENTED_EDGE('',*,*,#4161,.F.);
#4161 = EDGE_CURVE('',#4138,#4154,#4162,.T.);
#4162 = LINE('',#4163,#4164);
#4163 = CARTESIAN_POINT('',(1.517904E+03,0.,7.));
#4164 = VECTOR('',#4165,1.);
#4165 = DIRECTION('',(-0.,1.,0.));
#4166 = PLANE('',#4167);
#4167 = AXIS2_PLACEMENT_3D('',#4168,#4169,#4170);
#4168 = CARTESIAN_POINT('',(1.517904E+03,0.,0.));
#4169 = DIRECTION('',(1.,0.,-0.));
#4170 = DIRECTION('',(0.,0.,1.));
#4171 = ADVANCED_FACE('',(#4172),#4188,.F.);
#4172 = FACE_BOUND('',#4173,.F.);
#4173 = EDGE_LOOP('',(#4174,#4180,#4181,#4187));
#4174 = ORIENTED_EDGE('',*,*,#4175,.F.);
#4175 = EDGE_CURVE('',#4096,#4136,#4176,.T.);
#4176 = LINE('',#4177,#4178);
#4177 = CARTESIAN_POINT('',(0.,0.,0.));
#4178 = VECTOR('',#4179,1.);
#4179 = DIRECTION('',(1.,0.,-0.));
#4180 = ORIENTED_EDGE('',*,*,#4095,.T.);
#4181 = ORIENTED_EDGE('',*,*,#4182,.T.);
#4182 = EDGE_CURVE('',#4098,#4138,#4183,.T.);
#4183 = LINE('',#4184,#4185);
#4184 = CARTESIAN_POINT('',(0.,0.,7.));
#4185 = VECTOR('',#4186,1.);
#4186 = DIRECTION('',(1.,0.,-0.));
#4187 = ORIENTED_EDGE('',*,*,#4135,.F.);
#4188 = PLANE('',#4189);
#4189 = AXIS2_PLACEMENT_3D('',#4190,#4191,#4192);
#4190 = CARTESIAN_POINT('',(0.,0.,0.));
#4191 = DIRECTION('',(-0.,1.,0.));
#4192 = DIRECTION('',(0.,0.,1.));
#4193 = ADVANCED_FACE('',(#4194),#4210,.T.);
#4194 = FACE_BOUND('',#4195,.T.);
#4195 = EDGE_LOOP('',(#4196,#4202,#4203,#4209));
#4196 = ORIENTED_EDGE('',*,*,#4197,.F.);
#4197 = EDGE_CURVE('',#4106,#4146,#4198,.T.);
#4198 = LINE('',#4199,#4200);
#4199 = CARTESIAN_POINT('',(0.,2.737104E+03,0.));
#4200 = VECTOR('',#4201,1.);
#4201 = DIRECTION('',(1.,0.,-0.));
#4202 = ORIENTED_EDGE('',*,*,#4113,.T.);
#4203 = ORIENTED_EDGE('',*,*,#4204,.T.);
#4204 = EDGE_CURVE('',#4114,#4154,#4205,.T.);
#4205 = LINE('',#4206,#4207);
#4206 = CARTESIAN_POINT('',(0.,2.737104E+03,7.));
#4207 = VECTOR('',#4208,1.);
#4208 = DIRECTION('',(1.,0.,-0.));
#4209 = ORIENTED_EDGE('',*,*,#4153,.F.);
#4210 = PLANE('',#4211);
#4211 = AXIS2_PLACEMENT_3D('',#4212,#4213,#4214);
#4212 = CARTESIAN_POINT('',(0.,2.737104E+03,0.));
#4213 = DIRECTION('',(-0.,1.,0.));
#4214 = DIRECTION('',(0.,0.,1.));
#4215 = ADVANCED_FACE('',(#4216),#4222,.F.);
#4216 = FACE_BOUND('',#4217,.F.);
#4217 = EDGE_LOOP('',(#4218,#4219,#4220,#4221));
#4218 = ORIENTED_EDGE('',*,*,#4105,.F.);
#4219 = ORIENTED_EDGE('',*,*,#4175,.T.);
#4220 = ORIENTED_EDGE('',*,*,#4145,.T.);
#4221 = ORIENTED_EDGE('',*,*,#4197,.F.);
#4222 = PLANE('',#4223);
#4223 = AXIS2_PLACEMENT_3D('',#4224,#4225,#4226);
#4224 = CARTESIAN_POINT('',(0.,0.,0.));
#4225 = DIRECTION('',(0.,0.,1.));
#4226 = DIRECTION('',(1.,0.,-0.));
#4227 = ADVANCED_FACE('',(#4228),#4234,.T.);
#4228 = FACE_BOUND('',#4229,.T.);
#4229 = EDGE_LOOP('',(#4230,#4231,#4232,#4233));
#4230 = ORIENTED_EDGE('',*,*,#4121,.F.);
#4231 = ORIENTED_EDGE('',*,*,#4182,.T.);
#4232 = ORIENTED_EDGE('',*,*,#4161,.T.);
#4233 = ORIENTED_EDGE('',*,*,#4204,.F.);
#4234 = PLANE('',#4235);
#4235 = AXIS2_PLACEMENT_3D('',#4236,#4237,#4238);
#4236 = CARTESIAN_POINT('',(0.,0.,7.));
#4237 = DIRECTION('',(0.,0.,1.));
#4238 = DIRECTION('',(1.,0.,-0.));
#4239 = ( GEOMETRIC_REPRESENTATION_CONTEXT(3) 
GLOBAL_UNCERTAINTY_ASSIGNED_CONTEXT((#4243)) 
GLOBAL_UNIT_ASSIGNED_CONTEXT((#4240,#4241,#4242)) REPRESENTATION_CONTEXT
('Context #1','3D Context with UNIT and UNCERTAINTY') );
#4240 = ( LENGTH_UNIT() NAMED_UNIT(*) SI_UNIT(.MILLI.,.METRE.) );
#4241 = ( NAMED_UNIT(*) PLANE_ANGLE_UNIT() SI_UNIT($,.RADIAN.) );
#4242 = ( NAMED_UNIT(*) SI_UNIT($,.STERADIAN.) SOLID_ANGLE_UNIT() );
#4243 = UNCERTAINTY_MEASURE_WITH_UNIT(LENGTH_MEASURE(1.E-07),#4240,
  'distance_accuracy_value','confusion accuracy');
#4244 = CONTEXT_DEPENDENT_SHAPE_REPRESENTATION(#4245,#4247);
#4245 = ( REPRESENTATION_RELATIONSHIP('','',#4088,#3876) 
REPRESENTATION_RELATIONSHIP_WITH_TRANSFORMATION(#4246) 
SHAPE_REPRESENTATION_RELATIONSHIP() );
#4246 = ITEM_DEFINED_TRANSFORMATION('','',#11,#3881);
#4247 = PRODUCT_DEFINITION_SHAPE('Placement','Placement of an item',
  #4248);
#4248 = NEXT_ASSEMBLY_USAGE_OCCURRENCE('11','Glass002','',#3871,#4083,$
  );
#4249 = PRODUCT_RELATED_PRODUCT_CATEGORY('part',$,(#4085));
#4250 = SHAPE_DEFINITION_REPRESENTATION(#4251,#4257);
#4251 = PRODUCT_DEFINITION_SHAPE('','',#4252);
#4252 = PRODUCT_DEFINITION('design','',#4253,#4256);
#4253 = PRODUCT_DEFINITION_FORMATION('','',#4254);
#4254 = PRODUCT('Glass003','Glass003','',(#4255));
#4255 = PRODUCT_CONTEXT('',#2,'mechanical');
#4256 = PRODUCT_DEFINITION_CONTEXT('part definition',#2,'design');
#4257 = ADVANCED_BREP_SHAPE_REPRESENTATION('',(#11,#4258),#4408);
#4258 = MANIFOLD_SOLID_BREP('',#4259);
#4259 = CLOSED_SHELL('',(#4260,#4300,#4340,#4362,#4384,#4396));
#4260 = ADVANCED_FACE('',(#4261),#4295,.F.);
#4261 = FACE_BOUND('',#4262,.F.);
#4262 = EDGE_LOOP('',(#4263,#4273,#4281,#4289));
#4263 = ORIENTED_EDGE('',*,*,#4264,.F.);
#4264 = EDGE_CURVE('',#4265,#4267,#4269,.T.);
#4265 = VERTEX_POINT('',#4266);
#4266 = CARTESIAN_POINT('',(0.,0.,0.));
#4267 = VERTEX_POINT('',#4268);
#4268 = CARTESIAN_POINT('',(0.,0.,7.));
#4269 = LINE('',#4270,#4271);
#4270 = CARTESIAN_POINT('',(0.,0.,0.));
#4271 = VECTOR('',#4272,1.);
#4272 = DIRECTION('',(0.,0.,1.));
#4273 = ORIENTED_EDGE('',*,*,#4274,.T.);
#4274 = EDGE_CURVE('',#4265,#4275,#4277,.T.);
#4275 = VERTEX_POINT('',#4276);
#4276 = CARTESIAN_POINT('',(0.,2.737104E+03,0.));
#4277 = LINE('',#4278,#4279);
#4278 = CARTESIAN_POINT('',(0.,0.,0.));
#4279 = VECTOR('',#4280,1.);
#4280 = DIRECTION('',(-0.,1.,0.));
#4281 = ORIENTED_EDGE('',*,*,#4282,.T.);
#4282 = EDGE_CURVE('',#4275,#4283,#4285,.T.);
#4283 = VERTEX_POINT('',#4284);
#4284 = CARTESIAN_POINT('',(0.,2.737104E+03,7.));
#4285 = LINE('',#4286,#4287);
#4286 = CARTESIAN_POINT('',(0.,2.737104E+03,0.));
#4287 = VECTOR('',#4288,1.);
#4288 = DIRECTION('',(0.,0.,1.));
#4289 = ORIENTED_EDGE('',*,*,#4290,.F.);
#4290 = EDGE_CURVE('',#4267,#4283,#4291,.T.);
#4291 = LINE('',#4292,#4293);
#4292 = CARTESIAN_POINT('',(0.,0.,7.));
#4293 = VECTOR('',#4294,1.);
#4294 = DIRECTION('',(-0.,1.,0.));
#4295 = PLANE('',#4296);
#4296 = AXIS2_PLACEMENT_3D('',#4297,#4298,#4299);
#4297 = CARTESIAN_POINT('',(0.,0.,0.));
#4298 = DIRECTION('',(1.,0.,-0.));
#4299 = DIRECTION('',(0.,0.,1.));
#4300 = ADVANCED_FACE('',(#4301),#4335,.T.);
#4301 = FACE_BOUND('',#4302,.T.);
#4302 = EDGE_LOOP('',(#4303,#4313,#4321,#4329));
#4303 = ORIENTED_EDGE('',*,*,#4304,.F.);
#4304 = EDGE_CURVE('',#4305,#4307,#4309,.T.);
#4305 = VERTEX_POINT('',#4306);
#4306 = CARTESIAN_POINT('',(1.517904E+03,0.,0.));
#4307 = VERTEX_POINT('',#4308);
#4308 = CARTESIAN_POINT('',(1.517904E+03,0.,7.));
#4309 = LINE('',#4310,#4311);
#4310 = CARTESIAN_POINT('',(1.517904E+03,0.,0.));
#4311 = VECTOR('',#4312,1.);
#4312 = DIRECTION('',(0.,0.,1.));
#4313 = ORIENTED_EDGE('',*,*,#4314,.T.);
#4314 = EDGE_CURVE('',#4305,#4315,#4317,.T.);
#4315 = VERTEX_POINT('',#4316);
#4316 = CARTESIAN_POINT('',(1.517904E+03,2.737104E+03,0.));
#4317 = LINE('',#4318,#4319);
#4318 = CARTESIAN_POINT('',(1.517904E+03,0.,0.));
#4319 = VECTOR('',#4320,1.);
#4320 = DIRECTION('',(-0.,1.,0.));
#4321 = ORIENTED_EDGE('',*,*,#4322,.T.);
#4322 = EDGE_CURVE('',#4315,#4323,#4325,.T.);
#4323 = VERTEX_POINT('',#4324);
#4324 = CARTESIAN_POINT('',(1.517904E+03,2.737104E+03,7.));
#4325 = LINE('',#4326,#4327);
#4326 = CARTESIAN_POINT('',(1.517904E+03,2.737104E+03,0.));
#4327 = VECTOR('',#4328,1.);
#4328 = DIRECTION('',(0.,0.,1.));
#4329 = ORIENTED_EDGE('',*,*,#4330,.F.);
#4330 = EDGE_CURVE('',#4307,#4323,#4331,.T.);
#4331 = LINE('',#4332,#4333);
#4332 = CARTESIAN_POINT('',(1.517904E+03,0.,7.));
#4333 = VECTOR('',#4334,1.);
#4334 = DIRECTION('',(-0.,1.,0.));
#4335 = PLANE('',#4336);
#4336 = AXIS2_PLACEMENT_3D('',#4337,#4338,#4339);
#4337 = CARTESIAN_POINT('',(1.517904E+03,0.,0.));
#4338 = DIRECTION('',(1.,0.,-0.));
#4339 = DIRECTION('',(0.,0.,1.));
#4340 = ADVANCED_FACE('',(#4341),#4357,.F.);
#4341 = FACE_BOUND('',#4342,.F.);
#4342 = EDGE_LOOP('',(#4343,#4349,#4350,#4356));
#4343 = ORIENTED_EDGE('',*,*,#4344,.F.);
#4344 = EDGE_CURVE('',#4265,#4305,#4345,.T.);
#4345 = LINE('',#4346,#4347);
#4346 = CARTESIAN_POINT('',(0.,0.,0.));
#4347 = VECTOR('',#4348,1.);
#4348 = DIRECTION('',(1.,0.,-0.));
#4349 = ORIENTED_EDGE('',*,*,#4264,.T.);
#4350 = ORIENTED_EDGE('',*,*,#4351,.T.);
#4351 = EDGE_CURVE('',#4267,#4307,#4352,.T.);
#4352 = LINE('',#4353,#4354);
#4353 = CARTESIAN_POINT('',(0.,0.,7.));
#4354 = VECTOR('',#4355,1.);
#4355 = DIRECTION('',(1.,0.,-0.));
#4356 = ORIENTED_EDGE('',*,*,#4304,.F.);
#4357 = PLANE('',#4358);
#4358 = AXIS2_PLACEMENT_3D('',#4359,#4360,#4361);
#4359 = CARTESIAN_POINT('',(0.,0.,0.));
#4360 = DIRECTION('',(-0.,1.,0.));
#4361 = DIRECTION('',(0.,0.,1.));
#4362 = ADVANCED_FACE('',(#4363),#4379,.T.);
#4363 = FACE_BOUND('',#4364,.T.);
#4364 = EDGE_LOOP('',(#4365,#4371,#4372,#4378));
#4365 = ORIENTED_EDGE('',*,*,#4366,.F.);
#4366 = EDGE_CURVE('',#4275,#4315,#4367,.T.);
#4367 = LINE('',#4368,#4369);
#4368 = CARTESIAN_POINT('',(0.,2.737104E+03,0.));
#4369 = VECTOR('',#4370,1.);
#4370 = DIRECTION('',(1.,0.,-0.));
#4371 = ORIENTED_EDGE('',*,*,#4282,.T.);
#4372 = ORIENTED_EDGE('',*,*,#4373,.T.);
#4373 = EDGE_CURVE('',#4283,#4323,#4374,.T.);
#4374 = LINE('',#4375,#4376);
#4375 = CARTESIAN_POINT('',(0.,2.737104E+03,7.));
#4376 = VECTOR('',#4377,1.);
#4377 = DIRECTION('',(1.,0.,-0.));
#4378 = ORIENTED_EDGE('',*,*,#4322,.F.);
#4379 = PLANE('',#4380);
#4380 = AXIS2_PLACEMENT_3D('',#4381,#4382,#4383);
#4381 = CARTESIAN_POINT('',(0.,2.737104E+03,0.));
#4382 = DIRECTION('',(-0.,1.,0.));
#4383 = DIRECTION('',(0.,0.,1.));
#4384 = ADVANCED_FACE('',(#4385),#4391,.F.);
#4385 = FACE_BOUND('',#4386,.F.);
#4386 = EDGE_LOOP('',(#4387,#4388,#4389,#4390));
#4387 = ORIENTED_EDGE('',*,*,#4274,.F.);
#4388 = ORIENTED_EDGE('',*,*,#4344,.T.);
#4389 = ORIENTED_EDGE('',*,*,#4314,.T.);
#4390 = ORIENTED_EDGE('',*,*,#4366,.F.);
#4391 = PLANE('',#4392);
#4392 = AXIS2_PLACEMENT_3D('',#4393,#4394,#4395);
#4393 = CARTESIAN_POINT('',(0.,0.,0.));
#4394 = DIRECTION('',(0.,0.,1.));
#4395 = DIRECTION('',(1.,0.,-0.));
#4396 = ADVANCED_FACE('',(#4397),#4403,.T.);
#4397 = FACE_BOUND('',#4398,.T.);
#4398 = EDGE_LOOP('',(#4399,#4400,#4401,#4402));
#4399 = ORIENTED_EDGE('',*,*,#4290,.F.);
#4400 = ORIENTED_EDGE('',*,*,#4351,.T.);
#4401 = ORIENTED_EDGE('',*,*,#4330,.T.);
#4402 = ORIENTED_EDGE('',*,*,#4373,.F.);
#4403 = PLANE('',#4404);
#4404 = AXIS2_PLACEMENT_3D('',#4405,#4406,#4407);
#4405 = CARTESIAN_POINT('',(0.,0.,7.));
#4406 = DIRECTION('',(0.,0.,1.));
#4407 = DIRECTION('',(1.,0.,-0.));
#4408 = ( GEOMETRIC_REPRESENTATION_CONTEXT(3) 
GLOBAL_UNCERTAINTY_ASSIGNED_CONTEXT((#4412)) 
GLOBAL_UNIT_ASSIGNED_CONTEXT((#4409,#4410,#4411)) REPRESENTATION_CONTEXT
('Context #1','3D Context with UNIT and UNCERTAINTY') );
#4409 = ( LENGTH_UNIT() NAMED_UNIT(*) SI_UNIT(.MILLI.,.METRE.) );
#4410 = ( NAMED_UNIT(*) PLANE_ANGLE_UNIT() SI_UNIT($,.RADIAN.) );
#4411 = ( NAMED_UNIT(*) SI_UNIT($,.STERADIAN.) SOLID_ANGLE_UNIT() );
#4412 = UNCERTAINTY_MEASURE_WITH_UNIT(LENGTH_MEASURE(1.E-07),#4409,
  'distance_accuracy_value','confusion accuracy');
#4413 = CONTEXT_DEPENDENT_SHAPE_REPRESENTATION(#4414,#4416);
#4414 = ( REPRESENTATION_RELATIONSHIP('','',#4257,#3876) 
REPRESENTATION_RELATIONSHIP_WITH_TRANSFORMATION(#4415) 
SHAPE_REPRESENTATION_RELATIONSHIP() );
#4415 = ITEM_DEFINED_TRANSFORMATION('','',#11,#3885);
#4416 = PRODUCT_DEFINITION_SHAPE('Placement','Placement of an item',
  #4417);
#4417 = NEXT_ASSEMBLY_USAGE_OCCURRENCE('12','Glass003','',#3871,#4252,$
  );
#4418 = PRODUCT_RELATED_PRODUCT_CATEGORY('part',$,(#4254));
#4419 = SHAPE_DEFINITION_REPRESENTATION(#4420,#4426);
#4420 = PRODUCT_DEFINITION_SHAPE('','',#4421);
#4421 = PRODUCT_DEFINITION('design','',#4422,#4425);
#4422 = PRODUCT_DEFINITION_FORMATION('','',#4423);
#4423 = PRODUCT('Glass004','Glass004','',(#4424));
#4424 = PRODUCT_CONTEXT('',#2,'mechanical');
#4425 = PRODUCT_DEFINITION_CONTEXT('part definition',#2,'design');
#4426 = ADVANCED_BREP_SHAPE_REPRESENTATION('',(#11,#4427),#4577);
#4427 = MANIFOLD_SOLID_BREP('',#4428);
#4428 = CLOSED_SHELL('',(#4429,#4469,#4509,#4531,#4553,#4565));
#4429 = ADVANCED_FACE('',(#4430),#4464,.F.);
#4430 = FACE_BOUND('',#4431,.F.);
#4431 = EDGE_LOOP('',(#4432,#4442,#4450,#4458));
#4432 = ORIENTED_EDGE('',*,*,#4433,.F.);
#4433 = EDGE_CURVE('',#4434,#4436,#4438,.T.);
#4434 = VERTEX_POINT('',#4435);
#4435 = CARTESIAN_POINT('',(0.,0.,0.));
#4436 = VERTEX_POINT('',#4437);
#4437 = CARTESIAN_POINT('',(0.,0.,7.));
#4438 = LINE('',#4439,#4440);
#4439 = CARTESIAN_POINT('',(0.,0.,0.));
#4440 = VECTOR('',#4441,1.);
#4441 = DIRECTION('',(0.,0.,1.));
#4442 = ORIENTED_EDGE('',*,*,#4443,.T.);
#4443 = EDGE_CURVE('',#4434,#4444,#4446,.T.);
#4444 = VERTEX_POINT('',#4445);
#4445 = CARTESIAN_POINT('',(0.,2.737104E+03,0.));
#4446 = LINE('',#4447,#4448);
#4447 = CARTESIAN_POINT('',(0.,0.,0.));
#4448 = VECTOR('',#4449,1.);
#4449 = DIRECTION('',(-0.,1.,0.));
#4450 = ORIENTED_EDGE('',*,*,#4451,.T.);
#4451 = EDGE_CURVE('',#4444,#4452,#4454,.T.);
#4452 = VERTEX_POINT('',#4453);
#4453 = CARTESIAN_POINT('',(0.,2.737104E+03,7.));
#4454 = LINE('',#4455,#4456);
#4455 = CARTESIAN_POINT('',(0.,2.737104E+03,0.));
#4456 = VECTOR('',#4457,1.);
#4457 = DIRECTION('',(0.,0.,1.));
#4458 = ORIENTED_EDGE('',*,*,#4459,.F.);
#4459 = EDGE_CURVE('',#4436,#4452,#4460,.T.);
#4460 = LINE('',#4461,#4462);
#4461 = CARTESIAN_POINT('',(0.,0.,7.));
#4462 = VECTOR('',#4463,1.);
#4463 = DIRECTION('',(-0.,1.,0.));
#4464 = PLANE('',#4465);
#4465 = AXIS2_PLACEMENT_3D('',#4466,#4467,#4468);
#4466 = CARTESIAN_POINT('',(0.,0.,0.));
#4467 = DIRECTION('',(1.,0.,-0.));
#4468 = DIRECTION('',(0.,0.,1.));
#4469 = ADVANCED_FACE('',(#4470),#4504,.T.);
#4470 = FACE_BOUND('',#4471,.T.);
#4471 = EDGE_LOOP('',(#4472,#4482,#4490,#4498));
#4472 = ORIENTED_EDGE('',*,*,#4473,.F.);
#4473 = EDGE_CURVE('',#4474,#4476,#4478,.T.);
#4474 = VERTEX_POINT('',#4475);
#4475 = CARTESIAN_POINT('',(1.517904E+03,0.,0.));
#4476 = VERTEX_POINT('',#4477);
#4477 = CARTESIAN_POINT('',(1.517904E+03,0.,7.));
#4478 = LINE('',#4479,#4480);
#4479 = CARTESIAN_POINT('',(1.517904E+03,0.,0.));
#4480 = VECTOR('',#4481,1.);
#4481 = DIRECTION('',(0.,0.,1.));
#4482 = ORIENTED_EDGE('',*,*,#4483,.T.);
#4483 = EDGE_CURVE('',#4474,#4484,#4486,.T.);
#4484 = VERTEX_POINT('',#4485);
#4485 = CARTESIAN_POINT('',(1.517904E+03,2.737104E+03,0.));
#4486 = LINE('',#4487,#4488);
#4487 = CARTESIAN_POINT('',(1.517904E+03,0.,0.));
#4488 = VECTOR('',#4489,1.);
#4489 = DIRECTION('',(-0.,1.,0.));
#4490 = ORIENTED_EDGE('',*,*,#4491,.T.);
#4491 = EDGE_CURVE('',#4484,#4492,#4494,.T.);
#4492 = VERTEX_POINT('',#4493);
#4493 = CARTESIAN_POINT('',(1.517904E+03,2.737104E+03,7.));
#4494 = LINE('',#4495,#4496);
#4495 = CARTESIAN_POINT('',(1.517904E+03,2.737104E+03,0.));
#4496 = VECTOR('',#4497,1.);
#4497 = DIRECTION('',(0.,0.,1.));
#4498 = ORIENTED_EDGE('',*,*,#4499,.F.);
#4499 = EDGE_CURVE('',#4476,#4492,#4500,.T.);
#4500 = LINE('',#4501,#4502);
#4501 = CARTESIAN_POINT('',(1.517904E+03,0.,7.));
#4502 = VECTOR('',#4503,1.);
#4503 = DIRECTION('',(-0.,1.,0.));
#4504 = PLANE('',#4505);
#4505 = AXIS2_PLACEMENT_3D('',#4506,#4507,#4508);
#4506 = CARTESIAN_POINT('',(1.517904E+03,0.,0.));
#4507 = DIRECTION('',(1.,0.,-0.));
#4508 = DIRECTION('',(0.,0.,1.));
#4509 = ADVANCED_FACE('',(#4510),#4526,.F.);
#4510 = FACE_BOUND('',#4511,.F.);
#4511 = EDGE_LOOP('',(#4512,#4518,#4519,#4525));
#4512 = ORIENTED_EDGE('',*,*,#4513,.F.);
#4513 = EDGE_CURVE('',#4434,#4474,#4514,.T.);
#4514 = LINE('',#4515,#4516);
#4515 = CARTESIAN_POINT('',(0.,0.,0.));
#4516 = VECTOR('',#4517,1.);
#4517 = DIRECTION('',(1.,0.,-0.));
#4518 = ORIENTED_EDGE('',*,*,#4433,.T.);
#4519 = ORIENTED_EDGE('',*,*,#4520,.T.);
#4520 = EDGE_CURVE('',#4436,#4476,#4521,.T.);
#4521 = LINE('',#4522,#4523);
#4522 = CARTESIAN_POINT('',(0.,0.,7.));
#4523 = VECTOR('',#4524,1.);
#4524 = DIRECTION('',(1.,0.,-0.));
#4525 = ORIENTED_EDGE('',*,*,#4473,.F.);
#4526 = PLANE('',#4527);
#4527 = AXIS2_PLACEMENT_3D('',#4528,#4529,#4530);
#4528 = CARTESIAN_POINT('',(0.,0.,0.));
#4529 = DIRECTION('',(-0.,1.,0.));
#4530 = DIRECTION('',(0.,0.,1.));
#4531 = ADVANCED_FACE('',(#4532),#4548,.T.);
#4532 = FACE_BOUND('',#4533,.T.);
#4533 = EDGE_LOOP('',(#4534,#4540,#4541,#4547));
#4534 = ORIENTED_EDGE('',*,*,#4535,.F.);
#4535 = EDGE_CURVE('',#4444,#4484,#4536,.T.);
#4536 = LINE('',#4537,#4538);
#4537 = CARTESIAN_POINT('',(0.,2.737104E+03,0.));
#4538 = VECTOR('',#4539,1.);
#4539 = DIRECTION('',(1.,0.,-0.));
#4540 = ORIENTED_EDGE('',*,*,#4451,.T.);
#4541 = ORIENTED_EDGE('',*,*,#4542,.T.);
#4542 = EDGE_CURVE('',#4452,#4492,#4543,.T.);
#4543 = LINE('',#4544,#4545);
#4544 = CARTESIAN_POINT('',(0.,2.737104E+03,7.));
#4545 = VECTOR('',#4546,1.);
#4546 = DIRECTION('',(1.,0.,-0.));
#4547 = ORIENTED_EDGE('',*,*,#4491,.F.);
#4548 = PLANE('',#4549);
#4549 = AXIS2_PLACEMENT_3D('',#4550,#4551,#4552);
#4550 = CARTESIAN_POINT('',(0.,2.737104E+03,0.));
#4551 = DIRECTION('',(-0.,1.,0.));
#4552 = DIRECTION('',(0.,0.,1.));
#4553 = ADVANCED_FACE('',(#4554),#4560,.F.);
#4554 = FACE_BOUND('',#4555,.F.);
#4555 = EDGE_LOOP('',(#4556,#4557,#4558,#4559));
#4556 = ORIENTED_EDGE('',*,*,#4443,.F.);
#4557 = ORIENTED_EDGE('',*,*,#4513,.T.);
#4558 = ORIENTED_EDGE('',*,*,#4483,.T.);
#4559 = ORIENTED_EDGE('',*,*,#4535,.F.);
#4560 = PLANE('',#4561);
#4561 = AXIS2_PLACEMENT_3D('',#4562,#4563,#4564);
#4562 = CARTESIAN_POINT('',(0.,0.,0.));
#4563 = DIRECTION('',(0.,0.,1.));
#4564 = DIRECTION('',(1.,0.,-0.));
#4565 = ADVANCED_FACE('',(#4566),#4572,.T.);
#4566 = FACE_BOUND('',#4567,.T.);
#4567 = EDGE_LOOP('',(#4568,#4569,#4570,#4571));
#4568 = ORIENTED_EDGE('',*,*,#4459,.F.);
#4569 = ORIENTED_EDGE('',*,*,#4520,.T.);
#4570 = ORIENTED_EDGE('',*,*,#4499,.T.);
#4571 = ORIENTED_EDGE('',*,*,#4542,.F.);
#4572 = PLANE('',#4573);
#4573 = AXIS2_PLACEMENT_3D('',#4574,#4575,#4576);
#4574 = CARTESIAN_POINT('',(0.,0.,7.));
#4575 = DIRECTION('',(0.,0.,1.));
#4576 = DIRECTION('',(1.,0.,-0.));
#4577 = ( GEOMETRIC_REPRESENTATION_CONTEXT(3) 
GLOBAL_UNCERTAINTY_ASSIGNED_CONTEXT((#4581)) 
GLOBAL_UNIT_ASSIGNED_CONTEXT((#4578,#4579,#4580)) REPRESENTATION_CONTEXT
('Context #1','3D Context with UNIT and UNCERTAINTY') );
#4578 = ( LENGTH_UNIT() NAMED_UNIT(*) SI_UNIT(.MILLI.,.METRE.) );
#4579 = ( NAMED_UNIT(*) PLANE_ANGLE_UNIT() SI_UNIT($,.RADIAN.) );
#4580 = ( NAMED_UNIT(*) SI_UNIT($,.STERADIAN.) SOLID_ANGLE_UNIT() );
#4581 = UNCERTAINTY_MEASURE_WITH_UNIT(LENGTH_MEASURE(1.E-07),#4578,
  'distance_accuracy_value','confusion accuracy');
#4582 = CONTEXT_DEPENDENT_SHAPE_REPRESENTATION(#4583,#4585);
#4583 = ( REPRESENTATION_RELATIONSHIP('','',#4426,#3876) 
REPRESENTATION_RELATIONSHIP_WITH_TRANSFORMATION(#4584) 
SHAPE_REPRESENTATION_RELATIONSHIP() );
#4584 = ITEM_DEFINED_TRANSFORMATION('','',#11,#3889);
#4585 = PRODUCT_DEFINITION_SHAPE('Placement','Placement of an item',
  #4586);
#4586 = NEXT_ASSEMBLY_USAGE_OCCURRENCE('13','Glass004','',#3871,#4421,$
  );
#4587 = PRODUCT_RELATED_PRODUCT_CATEGORY('part',$,(#4423));
#4588 = SHAPE_DEFINITION_REPRESENTATION(#4589,#4595);
#4589 = PRODUCT_DEFINITION_SHAPE('','',#4590);
#4590 = PRODUCT_DEFINITION('design','',#4591,#4594);
#4591 = PRODUCT_DEFINITION_FORMATION('','',#4592);
#4592 = PRODUCT('Glass005','Glass005','',(#4593));
#4593 = PRODUCT_CONTEXT('',#2,'mechanical');
#4594 = PRODUCT_DEFINITION_CONTEXT('part definition',#2,'design');
#4595 = ADVANCED_BREP_SHAPE_REPRESENTATION('',(#11,#4596),#4746);
#4596 = MANIFOLD_SOLID_BREP('',#4597);
#4597 = CLOSED_SHELL('',(#4598,#4638,#4678,#4700,#4722,#4734));
#4598 = ADVANCED_FACE('',(#4599),#4633,.F.);
#4599 = FACE_BOUND('',#4600,.F.);
#4600 = EDGE_LOOP('',(#4601,#4611,#4619,#4627));
#4601 = ORIENTED_EDGE('',*,*,#4602,.F.);
#4602 = EDGE_CURVE('',#4603,#4605,#4607,.T.);
#4603 = VERTEX_POINT('',#4604);
#4604 = CARTESIAN_POINT('',(0.,0.,0.));
#4605 = VERTEX_POINT('',#4606);
#4606 = CARTESIAN_POINT('',(0.,0.,7.));
#4607 = LINE('',#4608,#4609);
#4608 = CARTESIAN_POINT('',(0.,0.,0.));
#4609 = VECTOR('',#4610,1.);
#4610 = DIRECTION('',(0.,0.,1.));
#4611 = ORIENTED_EDGE('',*,*,#4612,.T.);
#4612 = EDGE_CURVE('',#4603,#4613,#4615,.T.);
#4613 = VERTEX_POINT('',#4614);
#4614 = CARTESIAN_POINT('',(0.,2.737104E+03,0.));
#4615 = LINE('',#4616,#4617);
#4616 = CARTESIAN_POINT('',(0.,0.,0.));
#4617 = VECTOR('',#4618,1.);
#4618 = DIRECTION('',(-0.,1.,0.));
#4619 = ORIENTED_EDGE('',*,*,#4620,.T.);
#4620 = EDGE_CURVE('',#4613,#4621,#4623,.T.);
#4621 = VERTEX_POINT('',#4622);
#4622 = CARTESIAN_POINT('',(0.,2.737104E+03,7.));
#4623 = LINE('',#4624,#4625);
#4624 = CARTESIAN_POINT('',(0.,2.737104E+03,0.));
#4625 = VECTOR('',#4626,1.);
#4626 = DIRECTION('',(0.,0.,1.));
#4627 = ORIENTED_EDGE('',*,*,#4628,.F.);
#4628 = EDGE_CURVE('',#4605,#4621,#4629,.T.);
#4629 = LINE('',#4630,#4631);
#4630 = CARTESIAN_POINT('',(0.,0.,7.));
#4631 = VECTOR('',#4632,1.);
#4632 = DIRECTION('',(-0.,1.,0.));
#4633 = PLANE('',#4634);
#4634 = AXIS2_PLACEMENT_3D('',#4635,#4636,#4637);
#4635 = CARTESIAN_POINT('',(0.,0.,0.));
#4636 = DIRECTION('',(1.,0.,-0.));
#4637 = DIRECTION('',(0.,0.,1.));
#4638 = ADVANCED_FACE('',(#4639),#4673,.T.);
#4639 = FACE_BOUND('',#4640,.T.);
#4640 = EDGE_LOOP('',(#4641,#4651,#4659,#4667));
#4641 = ORIENTED_EDGE('',*,*,#4642,.F.);
#4642 = EDGE_CURVE('',#4643,#4645,#4647,.T.);
#4643 = VERTEX_POINT('',#4644);
#4644 = CARTESIAN_POINT('',(1.517904E+03,0.,0.));
#4645 = VERTEX_POINT('',#4646);
#4646 = CARTESIAN_POINT('',(1.517904E+03,0.,7.));
#4647 = LINE('',#4648,#4649);
#4648 = CARTESIAN_POINT('',(1.517904E+03,0.,0.));
#4649 = VECTOR('',#4650,1.);
#4650 = DIRECTION('',(0.,0.,1.));
#4651 = ORIENTED_EDGE('',*,*,#4652,.T.);
#4652 = EDGE_CURVE('',#4643,#4653,#4655,.T.);
#4653 = VERTEX_POINT('',#4654);
#4654 = CARTESIAN_POINT('',(1.517904E+03,2.737104E+03,0.));
#4655 = LINE('',#4656,#4657);
#4656 = CARTESIAN_POINT('',(1.517904E+03,0.,0.));
#4657 = VECTOR('',#4658,1.);
#4658 = DIRECTION('',(-0.,1.,0.));
#4659 = ORIENTED_EDGE('',*,*,#4660,.T.);
#4660 = EDGE_CURVE('',#4653,#4661,#4663,.T.);
#4661 = VERTEX_POINT('',#4662);
#4662 = CARTESIAN_POINT('',(1.517904E+03,2.737104E+03,7.));
#4663 = LINE('',#4664,#4665);
#4664 = CARTESIAN_POINT('',(1.517904E+03,2.737104E+03,0.));
#4665 = VECTOR('',#4666,1.);
#4666 = DIRECTION('',(0.,0.,1.));
#4667 = ORIENTED_EDGE('',*,*,#4668,.F.);
#4668 = EDGE_CURVE('',#4645,#4661,#4669,.T.);
#4669 = LINE('',#4670,#4671);
#4670 = CARTESIAN_POINT('',(1.517904E+03,0.,7.));
#4671 = VECTOR('',#4672,1.);
#4672 = DIRECTION('',(-0.,1.,0.));
#4673 = PLANE('',#4674);
#4674 = AXIS2_PLACEMENT_3D('',#4675,#4676,#4677);
#4675 = CARTESIAN_POINT('',(1.517904E+03,0.,0.));
#4676 = DIRECTION('',(1.,0.,-0.));
#4677 = DIRECTION('',(0.,0.,1.));
#4678 = ADVANCED_FACE('',(#4679),#4695,.F.);
#4679 = FACE_BOUND('',#4680,.F.);
#4680 = EDGE_LOOP('',(#4681,#4687,#4688,#4694));
#4681 = ORIENTED_EDGE('',*,*,#4682,.F.);
#4682 = EDGE_CURVE('',#4603,#4643,#4683,.T.);
#4683 = LINE('',#4684,#4685);
#4684 = CARTESIAN_POINT('',(0.,0.,0.));
#4685 = VECTOR('',#4686,1.);
#4686 = DIRECTION('',(1.,0.,-0.));
#4687 = ORIENTED_EDGE('',*,*,#4602,.T.);
#4688 = ORIENTED_EDGE('',*,*,#4689,.T.);
#4689 = EDGE_CURVE('',#4605,#4645,#4690,.T.);
#4690 = LINE('',#4691,#4692);
#4691 = CARTESIAN_POINT('',(0.,0.,7.));
#4692 = VECTOR('',#4693,1.);
#4693 = DIRECTION('',(1.,0.,-0.));
#4694 = ORIENTED_EDGE('',*,*,#4642,.F.);
#4695 = PLANE('',#4696);
#4696 = AXIS2_PLACEMENT_3D('',#4697,#4698,#4699);
#4697 = CARTESIAN_POINT('',(0.,0.,0.));
#4698 = DIRECTION('',(-0.,1.,0.));
#4699 = DIRECTION('',(0.,0.,1.));
#4700 = ADVANCED_FACE('',(#4701),#4717,.T.);
#4701 = FACE_BOUND('',#4702,.T.);
#4702 = EDGE_LOOP('',(#4703,#4709,#4710,#4716));
#4703 = ORIENTED_EDGE('',*,*,#4704,.F.);
#4704 = EDGE_CURVE('',#4613,#4653,#4705,.T.);
#4705 = LINE('',#4706,#4707);
#4706 = CARTESIAN_POINT('',(0.,2.737104E+03,0.));
#4707 = VECTOR('',#4708,1.);
#4708 = DIRECTION('',(1.,0.,-0.));
#4709 = ORIENTED_EDGE('',*,*,#4620,.T.);
#4710 = ORIENTED_EDGE('',*,*,#4711,.T.);
#4711 = EDGE_CURVE('',#4621,#4661,#4712,.T.);
#4712 = LINE('',#4713,#4714);
#4713 = CARTESIAN_POINT('',(0.,2.737104E+03,7.));
#4714 = VECTOR('',#4715,1.);
#4715 = DIRECTION('',(1.,0.,-0.));
#4716 = ORIENTED_EDGE('',*,*,#4660,.F.);
#4717 = PLANE('',#4718);
#4718 = AXIS2_PLACEMENT_3D('',#4719,#4720,#4721);
#4719 = CARTESIAN_POINT('',(0.,2.737104E+03,0.));
#4720 = DIRECTION('',(-0.,1.,0.));
#4721 = DIRECTION('',(0.,0.,1.));
#4722 = ADVANCED_FACE('',(#4723),#4729,.F.);
#4723 = FACE_BOUND('',#4724,.F.);
#4724 = EDGE_LOOP('',(#4725,#4726,#4727,#4728));
#4725 = ORIENTED_EDGE('',*,*,#4612,.F.);
#4726 = ORIENTED_EDGE('',*,*,#4682,.T.);
#4727 = ORIENTED_EDGE('',*,*,#4652,.T.);
#4728 = ORIENTED_EDGE('',*,*,#4704,.F.);
#4729 = PLANE('',#4730);
#4730 = AXIS2_PLACEMENT_3D('',#4731,#4732,#4733);
#4731 = CARTESIAN_POINT('',(0.,0.,0.));
#4732 = DIRECTION('',(0.,0.,1.));
#4733 = DIRECTION('',(1.,0.,-0.));
#4734 = ADVANCED_FACE('',(#4735),#4741,.T.);
#4735 = FACE_BOUND('',#4736,.T.);
#4736 = EDGE_LOOP('',(#4737,#4738,#4739,#4740));
#4737 = ORIENTED_EDGE('',*,*,#4628,.F.);
#4738 = ORIENTED_EDGE('',*,*,#4689,.T.);
#4739 = ORIENTED_EDGE('',*,*,#4668,.T.);
#4740 = ORIENTED_EDGE('',*,*,#4711,.F.);
#4741 = PLANE('',#4742);
#4742 = AXIS2_PLACEMENT_3D('',#4743,#4744,#4745);
#4743 = CARTESIAN_POINT('',(0.,0.,7.));
#4744 = DIRECTION('',(0.,0.,1.));
#4745 = DIRECTION('',(1.,0.,-0.));
#4746 = ( GEOMETRIC_REPRESENTATION_CONTEXT(3) 
GLOBAL_UNCERTAINTY_ASSIGNED_CONTEXT((#4750)) 
GLOBAL_UNIT_ASSIGNED_CONTEXT((#4747,#4748,#4749)) REPRESENTATION_CONTEXT
('Context #1','3D Context with UNIT and UNCERTAINTY') );
#4747 = ( LENGTH_UNIT() NAMED_UNIT(*) SI_UNIT(.MILLI.,.METRE.) );
#4748 = ( NAMED_UNIT(*) PLANE_ANGLE_UNIT() SI_UNIT($,.RADIAN.) );
#4749 = ( NAMED_UNIT(*) SI_UNIT($,.STERADIAN.) SOLID_ANGLE_UNIT() );
#4750 = UNCERTAINTY_MEASURE_WITH_UNIT(LENGTH_MEASURE(1.E-07),#4747,
  'distance_accuracy_value','confusion accuracy');
#4751 = CONTEXT_DEPENDENT_SHAPE_REPRESENTATION(#4752,#4754);
#4752 = ( REPRESENTATION_RELATIONSHIP('','',#4595,#3876) 
REPRESENTATION_RELATIONSHIP_WITH_TRANSFORMATION(#4753) 
SHAPE_REPRESENTATION_RELATIONSHIP() );
#4753 = ITEM_DEFINED_TRANSFORMATION('','',#11,#3893);
#4754 = PRODUCT_DEFINITION_SHAPE('Placement','Placement of an item',
  #4755);
#4755 = NEXT_ASSEMBLY_USAGE_OCCURRENCE('14','Glass005','',#3871,#4590,$
  );
#4756 = PRODUCT_RELATED_PRODUCT_CATEGORY('part',$,(#4592));
#4757 = SHAPE_DEFINITION_REPRESENTATION(#4758,#4764);
#4758 = PRODUCT_DEFINITION_SHAPE('','',#4759);
#4759 = PRODUCT_DEFINITION('design','',#4760,#4763);
#4760 = PRODUCT_DEFINITION_FORMATION('','',#4761);
#4761 = PRODUCT('Glass006','Glass006','',(#4762));
#4762 = PRODUCT_CONTEXT('',#2,'mechanical');
#4763 = PRODUCT_DEFINITION_CONTEXT('part definition',#2,'design');
#4764 = ADVANCED_BREP_SHAPE_REPRESENTATION('',(#11,#4765),#4915);
#4765 = MANIFOLD_SOLID_BREP('',#4766);
#4766 = CLOSED_SHELL('',(#4767,#4807,#4847,#4869,#4891,#4903));
#4767 = ADVANCED_FACE('',(#4768),#4802,.F.);
#4768 = FACE_BOUND('',#4769,.F.);
#4769 = EDGE_LOOP('',(#4770,#4780,#4788,#4796));
#4770 = ORIENTED_EDGE('',*,*,#4771,.F.);
#4771 = EDGE_CURVE('',#4772,#4774,#4776,.T.);
#4772 = VERTEX_POINT('',#4773);
#4773 = CARTESIAN_POINT('',(0.,0.,0.));
#4774 = VERTEX_POINT('',#4775);
#4775 = CARTESIAN_POINT('',(0.,0.,7.));
#4776 = LINE('',#4777,#4778);
#4777 = CARTESIAN_POINT('',(0.,0.,0.));
#4778 = VECTOR('',#4779,1.);
#4779 = DIRECTION('',(0.,0.,1.));
#4780 = ORIENTED_EDGE('',*,*,#4781,.T.);
#4781 = EDGE_CURVE('',#4772,#4782,#4784,.T.);
#4782 = VERTEX_POINT('',#4783);
#4783 = CARTESIAN_POINT('',(0.,2.737104E+03,0.));
#4784 = LINE('',#4785,#4786);
#4785 = CARTESIAN_POINT('',(0.,0.,0.));
#4786 = VECTOR('',#4787,1.);
#4787 = DIRECTION('',(-0.,1.,0.));
#4788 = ORIENTED_EDGE('',*,*,#4789,.T.);
#4789 = EDGE_CURVE('',#4782,#4790,#4792,.T.);
#4790 = VERTEX_POINT('',#4791);
#4791 = CARTESIAN_POINT('',(0.,2.737104E+03,7.));
#4792 = LINE('',#4793,#4794);
#4793 = CARTESIAN_POINT('',(0.,2.737104E+03,0.));
#4794 = VECTOR('',#4795,1.);
#4795 = DIRECTION('',(0.,0.,1.));
#4796 = ORIENTED_EDGE('',*,*,#4797,.F.);
#4797 = EDGE_CURVE('',#4774,#4790,#4798,.T.);
#4798 = LINE('',#4799,#4800);
#4799 = CARTESIAN_POINT('',(0.,0.,7.));
#4800 = VECTOR('',#4801,1.);
#4801 = DIRECTION('',(-0.,1.,0.));
#4802 = PLANE('',#4803);
#4803 = AXIS2_PLACEMENT_3D('',#4804,#4805,#4806);
#4804 = CARTESIAN_POINT('',(0.,0.,0.));
#4805 = DIRECTION('',(1.,0.,-0.));
#4806 = DIRECTION('',(0.,0.,1.));
#4807 = ADVANCED_FACE('',(#4808),#4842,.T.);
#4808 = FACE_BOUND('',#4809,.T.);
#4809 = EDGE_LOOP('',(#4810,#4820,#4828,#4836));
#4810 = ORIENTED_EDGE('',*,*,#4811,.F.);
#4811 = EDGE_CURVE('',#4812,#4814,#4816,.T.);
#4812 = VERTEX_POINT('',#4813);
#4813 = CARTESIAN_POINT('',(1.517904E+03,0.,0.));
#4814 = VERTEX_POINT('',#4815);
#4815 = CARTESIAN_POINT('',(1.517904E+03,0.,7.));
#4816 = LINE('',#4817,#4818);
#4817 = CARTESIAN_POINT('',(1.517904E+03,0.,0.));
#4818 = VECTOR('',#4819,1.);
#4819 = DIRECTION('',(0.,0.,1.));
#4820 = ORIENTED_EDGE('',*,*,#4821,.T.);
#4821 = EDGE_CURVE('',#4812,#4822,#4824,.T.);
#4822 = VERTEX_POINT('',#4823);
#4823 = CARTESIAN_POINT('',(1.517904E+03,2.737104E+03,0.));
#4824 = LINE('',#4825,#4826);
#4825 = CARTESIAN_POINT('',(1.517904E+03,0.,0.));
#4826 = VECTOR('',#4827,1.);
#4827 = DIRECTION('',(-0.,1.,0.));
#4828 = ORIENTED_EDGE('',*,*,#4829,.T.);
#4829 = EDGE_CURVE('',#4822,#4830,#4832,.T.);
#4830 = VERTEX_POINT('',#4831);
#4831 = CARTESIAN_POINT('',(1.517904E+03,2.737104E+03,7.));
#4832 = LINE('',#4833,#4834);
#4833 = CARTESIAN_POINT('',(1.517904E+03,2.737104E+03,0.));
#4834 = VECTOR('',#4835,1.);
#4835 = DIRECTION('',(0.,0.,1.));
#4836 = ORIENTED_EDGE('',*,*,#4837,.F.);
#4837 = EDGE_CURVE('',#4814,#4830,#4838,.T.);
#4838 = LINE('',#4839,#4840);
#4839 = CARTESIAN_POINT('',(1.517904E+03,0.,7.));
#4840 = VECTOR('',#4841,1.);
#4841 = DIRECTION('',(-0.,1.,0.));
#4842 = PLANE('',#4843);
#4843 = AXIS2_PLACEMENT_3D('',#4844,#4845,#4846);
#4844 = CARTESIAN_POINT('',(1.517904E+03,0.,0.));
#4845 = DIRECTION('',(1.,0.,-0.));
#4846 = DIRECTION('',(0.,0.,1.));
#4847 = ADVANCED_FACE('',(#4848),#4864,.F.);
#4848 = FACE_BOUND('',#4849,.F.);
#4849 = EDGE_LOOP('',(#4850,#4856,#4857,#4863));
#4850 = ORIENTED_EDGE('',*,*,#4851,.F.);
#4851 = EDGE_CURVE('',#4772,#4812,#4852,.T.);
#4852 = LINE('',#4853,#4854);
#4853 = CARTESIAN_POINT('',(0.,0.,0.));
#4854 = VECTOR('',#4855,1.);
#4855 = DIRECTION('',(1.,0.,-0.));
#4856 = ORIENTED_EDGE('',*,*,#4771,.T.);
#4857 = ORIENTED_EDGE('',*,*,#4858,.T.);
#4858 = EDGE_CURVE('',#4774,#4814,#4859,.T.);
#4859 = LINE('',#4860,#4861);
#4860 = CARTESIAN_POINT('',(0.,0.,7.));
#4861 = VECTOR('',#4862,1.);
#4862 = DIRECTION('',(1.,0.,-0.));
#4863 = ORIENTED_EDGE('',*,*,#4811,.F.);
#4864 = PLANE('',#4865);
#4865 = AXIS2_PLACEMENT_3D('',#4866,#4867,#4868);
#4866 = CARTESIAN_POINT('',(0.,0.,0.));
#4867 = DIRECTION('',(-0.,1.,0.));
#4868 = DIRECTION('',(0.,0.,1.));
#4869 = ADVANCED_FACE('',(#4870),#4886,.T.);
#4870 = FACE_BOUND('',#4871,.T.);
#4871 = EDGE_LOOP('',(#4872,#4878,#4879,#4885));
#4872 = ORIENTED_EDGE('',*,*,#4873,.F.);
#4873 = EDGE_CURVE('',#4782,#4822,#4874,.T.);
#4874 = LINE('',#4875,#4876);
#4875 = CARTESIAN_POINT('',(0.,2.737104E+03,0.));
#4876 = VECTOR('',#4877,1.);
#4877 = DIRECTION('',(1.,0.,-0.));
#4878 = ORIENTED_EDGE('',*,*,#4789,.T.);
#4879 = ORIENTED_EDGE('',*,*,#4880,.T.);
#4880 = EDGE_CURVE('',#4790,#4830,#4881,.T.);
#4881 = LINE('',#4882,#4883);
#4882 = CARTESIAN_POINT('',(0.,2.737104E+03,7.));
#4883 = VECTOR('',#4884,1.);
#4884 = DIRECTION('',(1.,0.,-0.));
#4885 = ORIENTED_EDGE('',*,*,#4829,.F.);
#4886 = PLANE('',#4887);
#4887 = AXIS2_PLACEMENT_3D('',#4888,#4889,#4890);
#4888 = CARTESIAN_POINT('',(0.,2.737104E+03,0.));
#4889 = DIRECTION('',(-0.,1.,0.));
#4890 = DIRECTION('',(0.,0.,1.));
#4891 = ADVANCED_FACE('',(#4892),#4898,.F.);
#4892 = FACE_BOUND('',#4893,.F.);
#4893 = EDGE_LOOP('',(#4894,#4895,#4896,#4897));
#4894 = ORIENTED_EDGE('',*,*,#4781,.F.);
#4895 = ORIENTED_EDGE('',*,*,#4851,.T.);
#4896 = ORIENTED_EDGE('',*,*,#4821,.T.);
#4897 = ORIENTED_EDGE('',*,*,#4873,.F.);
#4898 = PLANE('',#4899);
#4899 = AXIS2_PLACEMENT_3D('',#4900,#4901,#4902);
#4900 = CARTESIAN_POINT('',(0.,0.,0.));
#4901 = DIRECTION('',(0.,0.,1.));
#4902 = DIRECTION('',(1.,0.,-0.));
#4903 = ADVANCED_FACE('',(#4904),#4910,.T.);
#4904 = FACE_BOUND('',#4905,.T.);
#4905 = EDGE_LOOP('',(#4906,#4907,#4908,#4909));
#4906 = ORIENTED_EDGE('',*,*,#4797,.F.);
#4907 = ORIENTED_EDGE('',*,*,#4858,.T.);
#4908 = ORIENTED_EDGE('',*,*,#4837,.T.);
#4909 = ORIENTED_EDGE('',*,*,#4880,.F.);
#4910 = PLANE('',#4911);
#4911 = AXIS2_PLACEMENT_3D('',#4912,#4913,#4914);
#4912 = CARTESIAN_POINT('',(0.,0.,7.));
#4913 = DIRECTION('',(0.,0.,1.));
#4914 = DIRECTION('',(1.,0.,-0.));
#4915 = ( GEOMETRIC_REPRESENTATION_CONTEXT(3) 
GLOBAL_UNCERTAINTY_ASSIGNED_CONTEXT((#4919)) 
GLOBAL_UNIT_ASSIGNED_CONTEXT((#4916,#4917,#4918)) REPRESENTATION_CONTEXT
('Context #1','3D Context with UNIT and UNCERTAINTY') );
#4916 = ( LENGTH_UNIT() NAMED_UNIT(*) SI_UNIT(.MILLI.,.METRE.) );
#4917 = ( NAMED_UNIT(*) PLANE_ANGLE_UNIT() SI_UNIT($,.RADIAN.) );
#4918 = ( NAMED_UNIT(*) SI_UNIT($,.STERADIAN.) SOLID_ANGLE_UNIT() );
#4919 = UNCERTAINTY_MEASURE_WITH_UNIT(LENGTH_MEASURE(1.E-07),#4916,
  'distance_accuracy_value','confusion accuracy');
#4920 = CONTEXT_DEPENDENT_SHAPE_REPRESENTATION(#4921,#4923);
#4921 = ( REPRESENTATION_RELATIONSHIP('','',#4764,#3876) 
REPRESENTATION_RELATIONSHIP_WITH_TRANSFORMATION(#4922) 
SHAPE_REPRESENTATION_RELATIONSHIP() );
#4922 = ITEM_DEFINED_TRANSFORMATION('','',#11,#3897);
#4923 = PRODUCT_DEFINITION_SHAPE('Placement','Placement of an item',
  #4924);
#4924 = NEXT_ASSEMBLY_USAGE_OCCURRENCE('15','Glass006','',#3871,#4759,$
  );
#4925 = PRODUCT_RELATED_PRODUCT_CATEGORY('part',$,(#4761));
#4926 = SHAPE_DEFINITION_REPRESENTATION(#4927,#4933);
#4927 = PRODUCT_DEFINITION_SHAPE('','',#4928);
#4928 = PRODUCT_DEFINITION('design','',#4929,#4932);
#4929 = PRODUCT_DEFINITION_FORMATION('','',#4930);
#4930 = PRODUCT('ConcreteSlab','ConcreteSlab','',(#4931));
#4931 = PRODUCT_CONTEXT('',#2,'mechanical');
#4932 = PRODUCT_DEFINITION_CONTEXT('part definition',#2,'design');
#4933 = ADVANCED_BREP_SHAPE_REPRESENTATION('',(#11,#4934),#5084);
#4934 = MANIFOLD_SOLID_BREP('',#4935);
#4935 = CLOSED_SHELL('',(#4936,#4976,#5016,#5038,#5060,#5072));
#4936 = ADVANCED_FACE('',(#4937),#4971,.F.);
#4937 = FACE_BOUND('',#4938,.F.);
#4938 = EDGE_LOOP('',(#4939,#4949,#4957,#4965));
#4939 = ORIENTED_EDGE('',*,*,#4940,.F.);
#4940 = EDGE_CURVE('',#4941,#4943,#4945,.T.);
#4941 = VERTEX_POINT('',#4942);
#4942 = CARTESIAN_POINT('',(0.,0.,0.));
#4943 = VERTEX_POINT('',#4944);
#4944 = CARTESIAN_POINT('',(0.,0.,1.8288E+03));
#4945 = LINE('',#4946,#4947);
#4946 = CARTESIAN_POINT('',(0.,0.,0.));
#4947 = VECTOR('',#4948,1.);
#4948 = DIRECTION('',(0.,0.,1.));
#4949 = ORIENTED_EDGE('',*,*,#4950,.T.);
#4950 = EDGE_CURVE('',#4941,#4951,#4953,.T.);
#4951 = VERTEX_POINT('',#4952);
#4952 = CARTESIAN_POINT('',(0.,1.996E+04,0.));
#4953 = LINE('',#4954,#4955);
#4954 = CARTESIAN_POINT('',(0.,0.,0.));
#4955 = VECTOR('',#4956,1.);
#4956 = DIRECTION('',(-0.,1.,0.));
#4957 = ORIENTED_EDGE('',*,*,#4958,.T.);
#4958 = EDGE_CURVE('',#4951,#4959,#4961,.T.);
#4959 = VERTEX_POINT('',#4960);
#4960 = CARTESIAN_POINT('',(0.,1.996E+04,1.8288E+03));
#4961 = LINE('',#4962,#4963);
#4962 = CARTESIAN_POINT('',(0.,1.996E+04,0.));
#4963 = VECTOR('',#4964,1.);
#4964 = DIRECTION('',(0.,0.,1.));
#4965 = ORIENTED_EDGE('',*,*,#4966,.F.);
#4966 = EDGE_CURVE('',#4943,#4959,#4967,.T.);
#4967 = LINE('',#4968,#4969);
#4968 = CARTESIAN_POINT('',(0.,0.,1.8288E+03));
#4969 = VECTOR('',#4970,1.);
#4970 = DIRECTION('',(-0.,1.,0.));
#4971 = PLANE('',#4972);
#4972 = AXIS2_PLACEMENT_3D('',#4973,#4974,#4975);
#4973 = CARTESIAN_POINT('',(0.,0.,0.));
#4974 = DIRECTION('',(1.,0.,-0.));
#4975 = DIRECTION('',(0.,0.,1.));
#4976 = ADVANCED_FACE('',(#4977),#5011,.T.);
#4977 = FACE_BOUND('',#4978,.T.);
#4978 = EDGE_LOOP('',(#4979,#4989,#4997,#5005));
#4979 = ORIENTED_EDGE('',*,*,#4980,.F.);
#4980 = EDGE_CURVE('',#4981,#4983,#4985,.T.);
#4981 = VERTEX_POINT('',#4982);
#4982 = CARTESIAN_POINT('',(1.024E+04,0.,0.));
#4983 = VERTEX_POINT('',#4984);
#4984 = CARTESIAN_POINT('',(1.024E+04,0.,1.8288E+03));
#4985 = LINE('',#4986,#4987);
#4986 = CARTESIAN_POINT('',(1.024E+04,0.,0.));
#4987 = VECTOR('',#4988,1.);
#4988 = DIRECTION('',(0.,0.,1.));
#4989 = ORIENTED_EDGE('',*,*,#4990,.T.);
#4990 = EDGE_CURVE('',#4981,#4991,#4993,.T.);
#4991 = VERTEX_POINT('',#4992);
#4992 = CARTESIAN_POINT('',(1.024E+04,1.996E+04,0.));
#4993 = LINE('',#4994,#4995);
#4994 = CARTESIAN_POINT('',(1.024E+04,0.,0.));
#4995 = VECTOR('',#4996,1.);
#4996 = DIRECTION('',(-0.,1.,0.));
#4997 = ORIENTED_EDGE('',*,*,#4998,.T.);
#4998 = EDGE_CURVE('',#4991,#4999,#5001,.T.);
#4999 = VERTEX_POINT('',#5000);
#5000 = CARTESIAN_POINT('',(1.024E+04,1.996E+04,1.8288E+03));
#5001 = LINE('',#5002,#5003);
#5002 = CARTESIAN_POINT('',(1.024E+04,1.996E+04,0.));
#5003 = VECTOR('',#5004,1.);
#5004 = DIRECTION('',(0.,0.,1.));
#5005 = ORIENTED_EDGE('',*,*,#5006,.F.);
#5006 = EDGE_CURVE('',#4983,#4999,#5007,.T.);
#5007 = LINE('',#5008,#5009);
#5008 = CARTESIAN_POINT('',(1.024E+04,0.,1.8288E+03));
#5009 = VECTOR('',#5010,1.);
#5010 = DIRECTION('',(-0.,1.,0.));
#5011 = PLANE('',#5012);
#5012 = AXIS2_PLACEMENT_3D('',#5013,#5014,#5015);
#5013 = CARTESIAN_POINT('',(1.024E+04,0.,0.));
#5014 = DIRECTION('',(1.,0.,-0.));
#5015 = DIRECTION('',(0.,0.,1.));
#5016 = ADVANCED_FACE('',(#5017),#5033,.F.);
#5017 = FACE_BOUND('',#5018,.F.);
#5018 = EDGE_LOOP('',(#5019,#5025,#5026,#5032));
#5019 = ORIENTED_EDGE('',*,*,#5020,.F.);
#5020 = EDGE_CURVE('',#4941,#4981,#5021,.T.);
#5021 = LINE('',#5022,#5023);
#5022 = CARTESIAN_POINT('',(0.,0.,0.));
#5023 = VECTOR('',#5024,1.);
#5024 = DIRECTION('',(1.,0.,-0.));
#5025 = ORIENTED_EDGE('',*,*,#4940,.T.);
#5026 = ORIENTED_EDGE('',*,*,#5027,.T.);
#5027 = EDGE_CURVE('',#4943,#4983,#5028,.T.);
#5028 = LINE('',#5029,#5030);
#5029 = CARTESIAN_POINT('',(0.,0.,1.8288E+03));
#5030 = VECTOR('',#5031,1.);
#5031 = DIRECTION('',(1.,0.,-0.));
#5032 = ORIENTED_EDGE('',*,*,#4980,.F.);
#5033 = PLANE('',#5034);
#5034 = AXIS2_PLACEMENT_3D('',#5035,#5036,#5037);
#5035 = CARTESIAN_POINT('',(0.,0.,0.));
#5036 = DIRECTION('',(-0.,1.,0.));
#5037 = DIRECTION('',(0.,0.,1.));
#5038 = ADVANCED_FACE('',(#5039),#5055,.T.);
#5039 = FACE_BOUND('',#5040,.T.);
#5040 = EDGE_LOOP('',(#5041,#5047,#5048,#5054));
#5041 = ORIENTED_EDGE('',*,*,#5042,.F.);
#5042 = EDGE_CURVE('',#4951,#4991,#5043,.T.);
#5043 = LINE('',#5044,#5045);
#5044 = CARTESIAN_POINT('',(0.,1.996E+04,0.));
#5045 = VECTOR('',#5046,1.);
#5046 = DIRECTION('',(1.,0.,-0.));
#5047 = ORIENTED_EDGE('',*,*,#4958,.T.);
#5048 = ORIENTED_EDGE('',*,*,#5049,.T.);
#5049 = EDGE_CURVE('',#4959,#4999,#5050,.T.);
#5050 = LINE('',#5051,#5052);
#5051 = CARTESIAN_POINT('',(0.,1.996E+04,1.8288E+03));
#5052 = VECTOR('',#5053,1.);
#5053 = DIRECTION('',(1.,0.,-0.));
#5054 = ORIENTED_EDGE('',*,*,#4998,.F.);
#5055 = PLANE('',#5056);
#5056 = AXIS2_PLACEMENT_3D('',#5057,#5058,#5059);
#5057 = CARTESIAN_POINT('',(0.,1.996E+04,0.));
#5058 = DIRECTION('',(-0.,1.,0.));
#5059 = DIRECTION('',(0.,0.,1.));
#5060 = ADVANCED_FACE('',(#5061),#5067,.F.);
#5061 = FACE_BOUND('',#5062,.F.);
#5062 = EDGE_LOOP('',(#5063,#5064,#5065,#5066));
#5063 = ORIENTED_EDGE('',*,*,#4950,.F.);
#5064 = ORIENTED_EDGE('',*,*,#5020,.T.);
#5065 = ORIENTED_EDGE('',*,*,#4990,.T.);
#5066 = ORIENTED_EDGE('',*,*,#5042,.F.);
#5067 = PLANE('',#5068);
#5068 = AXIS2_PLACEMENT_3D('',#5069,#5070,#5071);
#5069 = CARTESIAN_POINT('',(0.,0.,0.));
#5070 = DIRECTION('',(0.,0.,1.));
#5071 = DIRECTION('',(1.,0.,-0.));
#5072 = ADVANCED_FACE('',(#5073),#5079,.T.);
#5073 = FACE_BOUND('',#5074,.T.);
#5074 = EDGE_LOOP('',(#5075,#5076,#5077,#5078));
#5075 = ORIENTED_EDGE('',*,*,#4966,.F.);
#5076 = ORIENTED_EDGE('',*,*,#5027,.T.);
#5077 = ORIENTED_EDGE('',*,*,#5006,.T.);
#5078 = ORIENTED_EDGE('',*,*,#5049,.F.);
#5079 = PLANE('',#5080);
#5080 = AXIS2_PLACEMENT_3D('',#5081,#5082,#5083);
#5081 = CARTESIAN_POINT('',(0.,0.,1.8288E+03));
#5082 = DIRECTION('',(0.,0.,1.));
#5083 = DIRECTION('',(1.,0.,-0.));
#5084 = ( GEOMETRIC_REPRESENTATION_CONTEXT(3) 
GLOBAL_UNCERTAINTY_ASSIGNED_CONTEXT((#5088)) 
GLOBAL_UNIT_ASSIGNED_CONTEXT((#5085,#5086,#5087)) REPRESENTATION_CONTEXT
('Context #1','3D Context with UNIT and UNCERTAINTY') );
#5085 = ( LENGTH_UNIT() NAMED_UNIT(*) SI_UNIT(.MILLI.,.METRE.) );
#5086 = ( NAMED_UNIT(*) PLANE_ANGLE_UNIT() SI_UNIT($,.RADIAN.) );
#5087 = ( NAMED_UNIT(*) SI_UNIT($,.STERADIAN.) SOLID_ANGLE_UNIT() );
#5088 = UNCERTAINTY_MEASURE_WITH_UNIT(LENGTH_MEASURE(1.E-07),#5085,
  'distance_accuracy_value','confusion accuracy');
#5089 = CONTEXT_DEPENDENT_SHAPE_REPRESENTATION(#5090,#5092);
#5090 = ( REPRESENTATION_RELATIONSHIP('','',#4933,#691) 
REPRESENTATION_RELATIONSHIP_WITH_TRANSFORMATION(#5091) 
SHAPE_REPRESENTATION_RELATIONSHIP() );
#5091 = ITEM_DEFINED_TRANSFORMATION('','',#11,#712);
#5092 = PRODUCT_DEFINITION_SHAPE('Placement','Placement of an item',
  #5093);
#5093 = NEXT_ASSEMBLY_USAGE_OCCURRENCE('17','ConcreteSlab','',#686,#4928
  ,$);
#5094 = PRODUCT_RELATED_PRODUCT_CATEGORY('part',$,(#4930));
#5095 = SHAPE_DEFINITION_REPRESENTATION(#5096,#5102);
#5096 = PRODUCT_DEFINITION_SHAPE('','',#5097);
#5097 = PRODUCT_DEFINITION('design','',#5098,#5101);
#5098 = PRODUCT_DEFINITION_FORMATION('','',#5099);
#5099 = PRODUCT('ConcreteVault','ConcreteVault','',(#5100));
#5100 = PRODUCT_CONTEXT('',#2,'mechanical');
#5101 = PRODUCT_DEFINITION_CONTEXT('part definition',#2,'design');
#5102 = SHAPE_REPRESENTATION('',(#11,#5103),#5107);
#5103 = AXIS2_PLACEMENT_3D('',#5104,#5105,#5106);
#5104 = CARTESIAN_POINT('',(0.,0.,0.));
#5105 = DIRECTION('',(0.,0.,1.));
#5106 = DIRECTION('',(1.,0.,0.));
#5107 = ( GEOMETRIC_REPRESENTATION_CONTEXT(3) 
GLOBAL_UNCERTAINTY_ASSIGNED_CONTEXT((#5111)) 
GLOBAL_UNIT_ASSIGNED_CONTEXT((#5108,#5109,#5110)) REPRESENTATION_CONTEXT
('Context #1','3D Context with UNIT and UNCERTAINTY') );
#5108 = ( LENGTH_UNIT() NAMED_UNIT(*) SI_UNIT(.MILLI.,.METRE.) );
#5109 = ( NAMED_UNIT(*) PLANE_ANGLE_UNIT() SI_UNIT($,.RADIAN.) );
#5110 = ( NAMED_UNIT(*) SI_UNIT($,.STERADIAN.) SOLID_ANGLE_UNIT() );
#5111 = UNCERTAINTY_MEASURE_WITH_UNIT(LENGTH_MEASURE(1.E-07),#5108,
  'distance_accuracy_value','confusion accuracy');
#5112 = CONTEXT_DEPENDENT_SHAPE_REPRESENTATION(#5113,#5115);
#5113 = ( REPRESENTATION_RELATIONSHIP('','',#5102,#10) 
REPRESENTATION_RELATIONSHIP_WITH_TRANSFORMATION(#5114) 
SHAPE_REPRESENTATION_RELATIONSHIP() );
#5114 = ITEM_DEFINED_TRANSFORMATION('','',#11,#27);
#5115 = PRODUCT_DEFINITION_SHAPE('Placement','Placement of an item',
  #5116);
#5116 = NEXT_ASSEMBLY_USAGE_OCCURRENCE('20','ConcreteVault','',#5,#5097,
  $);
#5117 = PRODUCT_RELATED_PRODUCT_CATEGORY('part',$,(#5099));
#5118 = SHAPE_DEFINITION_REPRESENTATION(#5119,#5125);
#5119 = PRODUCT_DEFINITION_SHAPE('','',#5120);
#5120 = PRODUCT_DEFINITION('design','',#5121,#5124);
#5121 = PRODUCT_DEFINITION_FORMATION('','',#5122);
#5122 = PRODUCT('Arc','Arc','',(#5123));
#5123 = PRODUCT_CONTEXT('',#2,'mechanical');
#5124 = PRODUCT_DEFINITION_CONTEXT('part definition',#2,'design');
#5125 = ADVANCED_BREP_SHAPE_REPRESENTATION('',(#11,#5126),#5562);
#5126 = BREP_WITH_VOIDS('',#5127,(#5410));
#5127 = CLOSED_SHELL('',(#5128,#5201,#5232,#5296,#5313,#5335,#5352,#5369
    ,#5386,#5398));
#5128 = ADVANCED_FACE('',(#5129),#5196,.T.);
#5129 = FACE_BOUND('',#5130,.T.);
#5130 = EDGE_LOOP('',(#5131,#5141,#5149,#5157,#5165,#5173,#5181,#5189));
#5131 = ORIENTED_EDGE('',*,*,#5132,.T.);
#5132 = EDGE_CURVE('',#5133,#5135,#5137,.T.);
#5133 = VERTEX_POINT('',#5134);
#5134 = CARTESIAN_POINT('',(-1.462E+03,9.E-14,450.));
#5135 = VERTEX_POINT('',#5136);
#5136 = CARTESIAN_POINT('',(-1.462E+03,-745.,450.));
#5137 = LINE('',#5138,#5139);
#5138 = CARTESIAN_POINT('',(-1.462E+03,0.,450.));
#5139 = VECTOR('',#5140,1.);
#5140 = DIRECTION('',(-2.136E-14,-1.,0.));
#5141 = ORIENTED_EDGE('',*,*,#5142,.T.);
#5142 = EDGE_CURVE('',#5135,#5143,#5145,.T.);
#5143 = VERTEX_POINT('',#5144);
#5144 = CARTESIAN_POINT('',(-1.718E+03,-1.051E+03,450.));
#5145 = LINE('',#5146,#5147);
#5146 = CARTESIAN_POINT('',(-1.462E+03,-745.,450.));
#5147 = VECTOR('',#5148,1.);
#5148 = DIRECTION('',(-0.641662455194,-0.766987153474,0.));
#5149 = ORIENTED_EDGE('',*,*,#5150,.T.);
#5150 = EDGE_CURVE('',#5143,#5151,#5153,.T.);
#5151 = VERTEX_POINT('',#5152);
#5152 = CARTESIAN_POINT('',(-1.718E+03,-1.556E+03,450.));
#5153 = LINE('',#5154,#5155);
#5154 = CARTESIAN_POINT('',(-1.718E+03,-1.051E+03,450.));
#5155 = VECTOR('',#5156,1.);
#5156 = DIRECTION('',(0.,-1.,0.));
#5157 = ORIENTED_EDGE('',*,*,#5158,.T.);
#5158 = EDGE_CURVE('',#5151,#5159,#5161,.T.);
#5159 = VERTEX_POINT('',#5160);
#5160 = CARTESIAN_POINT('',(1.718E+03,-1.556E+03,450.));
#5161 = LINE('',#5162,#5163);
#5162 = CARTESIAN_POINT('',(-1.718E+03,-1.556E+03,450.));
#5163 = VECTOR('',#5164,1.);
#5164 = DIRECTION('',(1.,0.,0.));
#5165 = ORIENTED_EDGE('',*,*,#5166,.T.);
#5166 = EDGE_CURVE('',#5159,#5167,#5169,.T.);
#5167 = VERTEX_POINT('',#5168);
#5168 = CARTESIAN_POINT('',(1.718E+03,-1.051E+03,450.));
#5169 = LINE('',#5170,#5171);
#5170 = CARTESIAN_POINT('',(1.718E+03,-1.556E+03,450.));
#5171 = VECTOR('',#5172,1.);
#5172 = DIRECTION('',(0.,1.,0.));
#5173 = ORIENTED_EDGE('',*,*,#5174,.T.);
#5174 = EDGE_CURVE('',#5167,#5175,#5177,.T.);
#5175 = VERTEX_POINT('',#5176);
#5176 = CARTESIAN_POINT('',(1.462E+03,-745.,450.));
#5177 = LINE('',#5178,#5179);
#5178 = CARTESIAN_POINT('',(1.718E+03,-1.051E+03,450.));
#5179 = VECTOR('',#5180,1.);
#5180 = DIRECTION('',(-0.641662455194,0.766987153474,0.));
#5181 = ORIENTED_EDGE('',*,*,#5182,.T.);
#5182 = EDGE_CURVE('',#5175,#5183,#5185,.T.);
#5183 = VERTEX_POINT('',#5184);
#5184 = CARTESIAN_POINT('',(1.462E+03,0.,450.));
#5185 = LINE('',#5186,#5187);
#5186 = CARTESIAN_POINT('',(1.462E+03,-745.,450.));
#5187 = VECTOR('',#5188,1.);
#5188 = DIRECTION('',(0.,1.,0.));
#5189 = ORIENTED_EDGE('',*,*,#5190,.T.);
#5190 = EDGE_CURVE('',#5183,#5133,#5191,.T.);
#5191 = CIRCLE('',#5192,1.462E+03);
#5192 = AXIS2_PLACEMENT_3D('',#5193,#5194,#5195);
#5193 = CARTESIAN_POINT('',(0.,0.,450.));
#5194 = DIRECTION('',(0.,0.,1.));
#5195 = DIRECTION('',(1.,0.,0.));
#5196 = PLANE('',#5197);
#5197 = AXIS2_PLACEMENT_3D('',#5198,#5199,#5200);
#5198 = CARTESIAN_POINT('',(2.9313E-13,-380.6097830172,450.));
#5199 = DIRECTION('',(0.,0.,1.));
#5200 = DIRECTION('',(1.,0.,0.));
#5201 = ADVANCED_FACE('',(#5202),#5227,.T.);
#5202 = FACE_BOUND('',#5203,.T.);
#5203 = EDGE_LOOP('',(#5204,#5205,#5213,#5221));
#5204 = ORIENTED_EDGE('',*,*,#5182,.F.);
#5205 = ORIENTED_EDGE('',*,*,#5206,.F.);
#5206 = EDGE_CURVE('',#5207,#5175,#5209,.T.);
#5207 = VERTEX_POINT('',#5208);
#5208 = CARTESIAN_POINT('',(1.462E+03,-745.,-1.09E+04));
#5209 = LINE('',#5210,#5211);
#5210 = CARTESIAN_POINT('',(1.462E+03,-745.,0.));
#5211 = VECTOR('',#5212,1.);
#5212 = DIRECTION('',(0.,0.,1.));
#5213 = ORIENTED_EDGE('',*,*,#5214,.T.);
#5214 = EDGE_CURVE('',#5207,#5215,#5217,.T.);
#5215 = VERTEX_POINT('',#5216);
#5216 = CARTESIAN_POINT('',(1.462E+03,1.79E-13,-1.09E+04));
#5217 = LINE('',#5218,#5219);
#5218 = CARTESIAN_POINT('',(1.462E+03,-745.,-1.09E+04));
#5219 = VECTOR('',#5220,1.);
#5220 = DIRECTION('',(0.,1.,0.));
#5221 = ORIENTED_EDGE('',*,*,#5222,.F.);
#5222 = EDGE_CURVE('',#5183,#5215,#5223,.T.);
#5223 = LINE('',#5224,#5225);
#5224 = CARTESIAN_POINT('',(1.462E+03,1.7904E-13,-1.025E+04));
#5225 = VECTOR('',#5226,1.);
#5226 = DIRECTION('',(0.,0.,-1.));
#5227 = PLANE('',#5228);
#5228 = AXIS2_PLACEMENT_3D('',#5229,#5230,#5231);
#5229 = CARTESIAN_POINT('',(1.462E+03,-372.5,-5.225E+03));
#5230 = DIRECTION('',(1.,0.,0.));
#5231 = DIRECTION('',(0.,0.,1.));
#5232 = ADVANCED_FACE('',(#5233),#5291,.F.);
#5233 = FACE_BOUND('',#5234,.F.);
#5234 = EDGE_LOOP('',(#5235,#5245,#5253,#5261,#5269,#5277,#5283,#5284));
#5235 = ORIENTED_EDGE('',*,*,#5236,.T.);
#5236 = EDGE_CURVE('',#5237,#5239,#5241,.T.);
#5237 = VERTEX_POINT('',#5238);
#5238 = CARTESIAN_POINT('',(-1.462E+03,-9.E-14,-1.09E+04));
#5239 = VERTEX_POINT('',#5240);
#5240 = CARTESIAN_POINT('',(-1.462E+03,-745.,-1.09E+04));
#5241 = LINE('',#5242,#5243);
#5242 = CARTESIAN_POINT('',(-1.462E+03,0.,-1.09E+04));
#5243 = VECTOR('',#5244,1.);
#5244 = DIRECTION('',(0.,-1.,0.));
#5245 = ORIENTED_EDGE('',*,*,#5246,.T.);
#5246 = EDGE_CURVE('',#5239,#5247,#5249,.T.);
#5247 = VERTEX_POINT('',#5248);
#5248 = CARTESIAN_POINT('',(-1.718E+03,-1.051E+03,-1.09E+04));
#5249 = LINE('',#5250,#5251);
#5250 = CARTESIAN_POINT('',(-1.462E+03,-745.,-1.09E+04));
#5251 = VECTOR('',#5252,1.);
#5252 = DIRECTION('',(-0.641662455194,-0.766987153474,0.));
#5253 = ORIENTED_EDGE('',*,*,#5254,.T.);
#5254 = EDGE_CURVE('',#5247,#5255,#5257,.T.);
#5255 = VERTEX_POINT('',#5256);
#5256 = CARTESIAN_POINT('',(-1.718E+03,-1.556E+03,-1.09E+04));
#5257 = LINE('',#5258,#5259);
#5258 = CARTESIAN_POINT('',(-1.718E+03,-1.051E+03,-1.09E+04));
#5259 = VECTOR('',#5260,1.);
#5260 = DIRECTION('',(0.,-1.,0.));
#5261 = ORIENTED_EDGE('',*,*,#5262,.T.);
#5262 = EDGE_CURVE('',#5255,#5263,#5265,.T.);
#5263 = VERTEX_POINT('',#5264);
#5264 = CARTESIAN_POINT('',(1.718E+03,-1.556E+03,-1.09E+04));
#5265 = LINE('',#5266,#5267);
#5266 = CARTESIAN_POINT('',(-1.718E+03,-1.556E+03,-1.09E+04));
#5267 = VECTOR('',#5268,1.);
#5268 = DIRECTION('',(1.,0.,0.));
#5269 = ORIENTED_EDGE('',*,*,#5270,.T.);
#5270 = EDGE_CURVE('',#5263,#5271,#5273,.T.);
#5271 = VERTEX_POINT('',#5272);
#5272 = CARTESIAN_POINT('',(1.718E+03,-1.051E+03,-1.09E+04));
#5273 = LINE('',#5274,#5275);
#5274 = CARTESIAN_POINT('',(1.718E+03,-1.556E+03,-1.09E+04));
#5275 = VECTOR('',#5276,1.);
#5276 = DIRECTION('',(0.,1.,0.));
#5277 = ORIENTED_EDGE('',*,*,#5278,.T.);
#5278 = EDGE_CURVE('',#5271,#5207,#5279,.T.);
#5279 = LINE('',#5280,#5281);
#5280 = CARTESIAN_POINT('',(1.718E+03,-1.051E+03,-1.09E+04));
#5281 = VECTOR('',#5282,1.);
#5282 = DIRECTION('',(-0.641662455194,0.766987153474,-0.));
#5283 = ORIENTED_EDGE('',*,*,#5214,.T.);
#5284 = ORIENTED_EDGE('',*,*,#5285,.F.);
#5285 = EDGE_CURVE('',#5237,#5215,#5286,.T.);
#5286 = CIRCLE('',#5287,1.462E+03);
#5287 = AXIS2_PLACEMENT_3D('',#5288,#5289,#5290);
#5288 = CARTESIAN_POINT('',(0.,0.,-1.09E+04));
#5289 = DIRECTION('',(0.,0.,-1.));
#5290 = DIRECTION('',(1.,0.,0.));
#5291 = PLANE('',#5292);
#5292 = AXIS2_PLACEMENT_3D('',#5293,#5294,#5295);
#5293 = CARTESIAN_POINT('',(-8.375E-14,-380.6097830172,-1.09E+04));
#5294 = DIRECTION('',(0.,0.,1.));
#5295 = DIRECTION('',(1.,0.,0.));
#5296 = ADVANCED_FACE('',(#5297),#5308,.T.);
#5297 = FACE_BOUND('',#5298,.T.);
#5298 = EDGE_LOOP('',(#5299,#5300,#5301,#5307));
#5299 = ORIENTED_EDGE('',*,*,#5206,.T.);
#5300 = ORIENTED_EDGE('',*,*,#5174,.F.);
#5301 = ORIENTED_EDGE('',*,*,#5302,.F.);
#5302 = EDGE_CURVE('',#5271,#5167,#5303,.T.);
#5303 = LINE('',#5304,#5305);
#5304 = CARTESIAN_POINT('',(1.718E+03,-1.051E+03,0.));
#5305 = VECTOR('',#5306,1.);
#5306 = DIRECTION('',(0.,0.,1.));
#5307 = ORIENTED_EDGE('',*,*,#5278,.T.);
#5308 = PLANE('',#5309);
#5309 = AXIS2_PLACEMENT_3D('',#5310,#5311,#5312);
#5310 = CARTESIAN_POINT('',(1.59E+03,-898.,-5.225E+03));
#5311 = DIRECTION('',(0.766987153474,0.641662455194,0.));
#5312 = DIRECTION('',(-0.641662455194,0.766987153474,0.));
#5313 = ADVANCED_FACE('',(#5314),#5330,.T.);
#5314 = FACE_BOUND('',#5315,.T.);
#5315 = EDGE_LOOP('',(#5316,#5317,#5323,#5324));
#5316 = ORIENTED_EDGE('',*,*,#5132,.F.);
#5317 = ORIENTED_EDGE('',*,*,#5318,.F.);
#5318 = EDGE_CURVE('',#5237,#5133,#5319,.T.);
#5319 = LINE('',#5320,#5321);
#5320 = CARTESIAN_POINT('',(-1.462E+03,8.952E-14,0.));
#5321 = VECTOR('',#5322,1.);
#5322 = DIRECTION('',(0.,0.,1.));
#5323 = ORIENTED_EDGE('',*,*,#5236,.T.);
#5324 = ORIENTED_EDGE('',*,*,#5325,.F.);
#5325 = EDGE_CURVE('',#5135,#5239,#5326,.T.);
#5326 = LINE('',#5327,#5328);
#5327 = CARTESIAN_POINT('',(-1.462E+03,-745.,-1.025E+04));
#5328 = VECTOR('',#5329,1.);
#5329 = DIRECTION('',(0.,0.,-1.));
#5330 = PLANE('',#5331);
#5331 = AXIS2_PLACEMENT_3D('',#5332,#5333,#5334);
#5332 = CARTESIAN_POINT('',(-1.462E+03,-372.5,-5.225E+03));
#5333 = DIRECTION('',(-1.,6.6E-16,0.));
#5334 = DIRECTION('',(-6.6E-16,-1.,0.));
#5335 = ADVANCED_FACE('',(#5336),#5347,.T.);
#5336 = FACE_BOUND('',#5337,.T.);
#5337 = EDGE_LOOP('',(#5338,#5339,#5340,#5346));
#5338 = ORIENTED_EDGE('',*,*,#5325,.T.);
#5339 = ORIENTED_EDGE('',*,*,#5246,.T.);
#5340 = ORIENTED_EDGE('',*,*,#5341,.F.);
#5341 = EDGE_CURVE('',#5143,#5247,#5342,.T.);
#5342 = LINE('',#5343,#5344);
#5343 = CARTESIAN_POINT('',(-1.718E+03,-1.051E+03,-1.025E+04));
#5344 = VECTOR('',#5345,1.);
#5345 = DIRECTION('',(0.,0.,-1.));
#5346 = ORIENTED_EDGE('',*,*,#5142,.F.);
#5347 = PLANE('',#5348);
#5348 = AXIS2_PLACEMENT_3D('',#5349,#5350,#5351);
#5349 = CARTESIAN_POINT('',(-1.59E+03,-898.,-5.225E+03));
#5350 = DIRECTION('',(-0.766987153474,0.641662455194,0.));
#5351 = DIRECTION('',(-0.641662455194,-0.766987153474,0.));
#5352 = ADVANCED_FACE('',(#5353),#5364,.T.);
#5353 = FACE_BOUND('',#5354,.T.);
#5354 = EDGE_LOOP('',(#5355,#5356,#5357,#5363));
#5355 = ORIENTED_EDGE('',*,*,#5341,.T.);
#5356 = ORIENTED_EDGE('',*,*,#5254,.T.);
#5357 = ORIENTED_EDGE('',*,*,#5358,.F.);
#5358 = EDGE_CURVE('',#5151,#5255,#5359,.T.);
#5359 = LINE('',#5360,#5361);
#5360 = CARTESIAN_POINT('',(-1.718E+03,-1.556E+03,-1.025E+04));
#5361 = VECTOR('',#5362,1.);
#5362 = DIRECTION('',(0.,0.,-1.));
#5363 = ORIENTED_EDGE('',*,*,#5150,.F.);
#5364 = PLANE('',#5365);
#5365 = AXIS2_PLACEMENT_3D('',#5366,#5367,#5368);
#5366 = CARTESIAN_POINT('',(-1.718E+03,-1.3035E+03,-5.225E+03));
#5367 = DIRECTION('',(-1.,-0.,-0.));
#5368 = DIRECTION('',(0.,0.,-1.));
#5369 = ADVANCED_FACE('',(#5370),#5381,.T.);
#5370 = FACE_BOUND('',#5371,.T.);
#5371 = EDGE_LOOP('',(#5372,#5373,#5374,#5380));
#5372 = ORIENTED_EDGE('',*,*,#5358,.T.);
#5373 = ORIENTED_EDGE('',*,*,#5262,.T.);
#5374 = ORIENTED_EDGE('',*,*,#5375,.F.);
#5375 = EDGE_CURVE('',#5159,#5263,#5376,.T.);
#5376 = LINE('',#5377,#5378);
#5377 = CARTESIAN_POINT('',(1.718E+03,-1.556E+03,-1.025E+04));
#5378 = VECTOR('',#5379,1.);
#5379 = DIRECTION('',(0.,0.,-1.));
#5380 = ORIENTED_EDGE('',*,*,#5158,.F.);
#5381 = PLANE('',#5382);
#5382 = AXIS2_PLACEMENT_3D('',#5383,#5384,#5385);
#5383 = CARTESIAN_POINT('',(0.,-1.556E+03,-5.225E+03));
#5384 = DIRECTION('',(-0.,-1.,-0.));
#5385 = DIRECTION('',(0.,0.,-1.));
#5386 = ADVANCED_FACE('',(#5387),#5393,.T.);
#5387 = FACE_BOUND('',#5388,.T.);
#5388 = EDGE_LOOP('',(#5389,#5390,#5391,#5392));
#5389 = ORIENTED_EDGE('',*,*,#5375,.T.);
#5390 = ORIENTED_EDGE('',*,*,#5270,.T.);
#5391 = ORIENTED_EDGE('',*,*,#5302,.T.);
#5392 = ORIENTED_EDGE('',*,*,#5166,.F.);
#5393 = PLANE('',#5394);
#5394 = AXIS2_PLACEMENT_3D('',#5395,#5396,#5397);
#5395 = CARTESIAN_POINT('',(1.718E+03,-1.3035E+03,-5.225E+03));
#5396 = DIRECTION('',(1.,0.,0.));
#5397 = DIRECTION('',(0.,0.,1.));
#5398 = ADVANCED_FACE('',(#5399),#5405,.T.);
#5399 = FACE_BOUND('',#5400,.T.);
#5400 = EDGE_LOOP('',(#5401,#5402,#5403,#5404));
#5401 = ORIENTED_EDGE('',*,*,#5285,.F.);
#5402 = ORIENTED_EDGE('',*,*,#5318,.T.);
#5403 = ORIENTED_EDGE('',*,*,#5190,.F.);
#5404 = ORIENTED_EDGE('',*,*,#5222,.T.);
#5405 = CYLINDRICAL_SURFACE('',#5406,1.462E+03);
#5406 = AXIS2_PLACEMENT_3D('',#5407,#5408,#5409);
#5407 = CARTESIAN_POINT('',(0.,0.,0.));
#5408 = DIRECTION('',(0.,0.,1.));
#5409 = DIRECTION('',(1.,0.,-0.));
#5410 = ORIENTED_CLOSED_SHELL('',*,#5411,.F.);
#5411 = CLOSED_SHELL('',(#5412,#5454,#5485,#5516,#5533,#5550));
#5412 = ADVANCED_FACE('',(#5413),#5449,.T.);
#5413 = FACE_BOUND('',#5414,.T.);
#5414 = EDGE_LOOP('',(#5415,#5425,#5434,#5442));
#5415 = ORIENTED_EDGE('',*,*,#5416,.T.);
#5416 = EDGE_CURVE('',#5417,#5419,#5421,.T.);
#5417 = VERTEX_POINT('',#5418);
#5418 = CARTESIAN_POINT('',(1.012E+03,0.,0.));
#5419 = VERTEX_POINT('',#5420);
#5420 = CARTESIAN_POINT('',(1.012E+03,0.,-1.025E+04));
#5421 = LINE('',#5422,#5423);
#5422 = CARTESIAN_POINT('',(1.012E+03,0.,0.));
#5423 = VECTOR('',#5424,1.);
#5424 = DIRECTION('',(-0.,-0.,-1.));
#5425 = ORIENTED_EDGE('',*,*,#5426,.T.);
#5426 = EDGE_CURVE('',#5419,#5427,#5429,.T.);
#5427 = VERTEX_POINT('',#5428);
#5428 = CARTESIAN_POINT('',(-1.012E+03,1.24E-13,-1.025E+04));
#5429 = CIRCLE('',#5430,1.012E+03);
#5430 = AXIS2_PLACEMENT_3D('',#5431,#5432,#5433);
#5431 = CARTESIAN_POINT('',(0.,0.,-1.025E+04));
#5432 = DIRECTION('',(0.,0.,1.));
#5433 = DIRECTION('',(1.,0.,0.));
#5434 = ORIENTED_EDGE('',*,*,#5435,.F.);
#5435 = EDGE_CURVE('',#5436,#5427,#5438,.T.);
#5436 = VERTEX_POINT('',#5437);
#5437 = CARTESIAN_POINT('',(-1.012E+03,1.24E-13,0.));
#5438 = LINE('',#5439,#5440);
#5439 = CARTESIAN_POINT('',(-1.012E+03,1.2392E-13,0.));
#5440 = VECTOR('',#5441,1.);
#5441 = DIRECTION('',(-0.,-0.,-1.));
#5442 = ORIENTED_EDGE('',*,*,#5443,.F.);
#5443 = EDGE_CURVE('',#5417,#5436,#5444,.T.);
#5444 = CIRCLE('',#5445,1.012E+03);
#5445 = AXIS2_PLACEMENT_3D('',#5446,#5447,#5448);
#5446 = CARTESIAN_POINT('',(0.,0.,0.));
#5447 = DIRECTION('',(0.,0.,1.));
#5448 = DIRECTION('',(1.,0.,0.));
#5449 = CYLINDRICAL_SURFACE('',#5450,1.012E+03);
#5450 = AXIS2_PLACEMENT_3D('',#5451,#5452,#5453);
#5451 = CARTESIAN_POINT('',(0.,0.,0.));
#5452 = DIRECTION('',(0.,0.,1.));
#5453 = DIRECTION('',(1.,0.,0.));
#5454 = ADVANCED_FACE('',(#5455),#5480,.T.);
#5455 = FACE_BOUND('',#5456,.T.);
#5456 = EDGE_LOOP('',(#5457,#5467,#5473,#5474));
#5457 = ORIENTED_EDGE('',*,*,#5458,.T.);
#5458 = EDGE_CURVE('',#5459,#5461,#5463,.T.);
#5459 = VERTEX_POINT('',#5460);
#5460 = CARTESIAN_POINT('',(1.012E+03,-1.19E+03,0.));
#5461 = VERTEX_POINT('',#5462);
#5462 = CARTESIAN_POINT('',(1.012E+03,-1.19E+03,-1.025E+04));
#5463 = LINE('',#5464,#5465);
#5464 = CARTESIAN_POINT('',(1.012E+03,-1.19E+03,0.));
#5465 = VECTOR('',#5466,1.);
#5466 = DIRECTION('',(-0.,-0.,-1.));
#5467 = ORIENTED_EDGE('',*,*,#5468,.T.);
#5468 = EDGE_CURVE('',#5461,#5419,#5469,.T.);
#5469 = LINE('',#5470,#5471);
#5470 = CARTESIAN_POINT('',(1.012E+03,-1.19E+03,-1.025E+04));
#5471 = VECTOR('',#5472,1.);
#5472 = DIRECTION('',(0.,1.,0.));
#5473 = ORIENTED_EDGE('',*,*,#5416,.F.);
#5474 = ORIENTED_EDGE('',*,*,#5475,.F.);
#5475 = EDGE_CURVE('',#5459,#5417,#5476,.T.);
#5476 = LINE('',#5477,#5478);
#5477 = CARTESIAN_POINT('',(1.012E+03,-1.19E+03,0.));
#5478 = VECTOR('',#5479,1.);
#5479 = DIRECTION('',(0.,1.,0.));
#5480 = PLANE('',#5481);
#5481 = AXIS2_PLACEMENT_3D('',#5482,#5483,#5484);
#5482 = CARTESIAN_POINT('',(1.012E+03,-1.19E+03,0.));
#5483 = DIRECTION('',(1.,0.,0.));
#5484 = DIRECTION('',(0.,1.,0.));
#5485 = ADVANCED_FACE('',(#5486),#5511,.T.);
#5486 = FACE_BOUND('',#5487,.T.);
#5487 = EDGE_LOOP('',(#5488,#5489,#5497,#5505));
#5488 = ORIENTED_EDGE('',*,*,#5435,.T.);
#5489 = ORIENTED_EDGE('',*,*,#5490,.T.);
#5490 = EDGE_CURVE('',#5427,#5491,#5493,.T.);
#5491 = VERTEX_POINT('',#5492);
#5492 = CARTESIAN_POINT('',(-1.012E+03,-1.19E+03,-1.025E+04));
#5493 = LINE('',#5494,#5495);
#5494 = CARTESIAN_POINT('',(-1.012E+03,1.239E-13,-1.025E+04));
#5495 = VECTOR('',#5496,1.);
#5496 = DIRECTION('',(0.,-1.,0.));
#5497 = ORIENTED_EDGE('',*,*,#5498,.F.);
#5498 = EDGE_CURVE('',#5499,#5491,#5501,.T.);
#5499 = VERTEX_POINT('',#5500);
#5500 = CARTESIAN_POINT('',(-1.012E+03,-1.19E+03,0.));
#5501 = LINE('',#5502,#5503);
#5502 = CARTESIAN_POINT('',(-1.012E+03,-1.19E+03,0.));
#5503 = VECTOR('',#5504,1.);
#5504 = DIRECTION('',(-0.,-0.,-1.));
#5505 = ORIENTED_EDGE('',*,*,#5506,.F.);
#5506 = EDGE_CURVE('',#5436,#5499,#5507,.T.);
#5507 = LINE('',#5508,#5509);
#5508 = CARTESIAN_POINT('',(-1.012E+03,1.239E-13,0.));
#5509 = VECTOR('',#5510,1.);
#5510 = DIRECTION('',(0.,-1.,0.));
#5511 = PLANE('',#5512);
#5512 = AXIS2_PLACEMENT_3D('',#5513,#5514,#5515);
#5513 = CARTESIAN_POINT('',(-1.012E+03,1.239E-13,0.));
#5514 = DIRECTION('',(-1.,0.,0.));
#5515 = DIRECTION('',(0.,-1.,0.));
#5516 = ADVANCED_FACE('',(#5517),#5528,.T.);
#5517 = FACE_BOUND('',#5518,.T.);
#5518 = EDGE_LOOP('',(#5519,#5520,#5521,#5522));
#5519 = ORIENTED_EDGE('',*,*,#5475,.T.);
#5520 = ORIENTED_EDGE('',*,*,#5443,.T.);
#5521 = ORIENTED_EDGE('',*,*,#5506,.T.);
#5522 = ORIENTED_EDGE('',*,*,#5523,.T.);
#5523 = EDGE_CURVE('',#5499,#5459,#5524,.T.);
#5524 = LINE('',#5525,#5526);
#5525 = CARTESIAN_POINT('',(-1.012E+03,-1.19E+03,0.));
#5526 = VECTOR('',#5527,1.);
#5527 = DIRECTION('',(1.,0.,0.));
#5528 = PLANE('',#5529);
#5529 = AXIS2_PLACEMENT_3D('',#5530,#5531,#5532);
#5530 = CARTESIAN_POINT('',(2.9313E-13,-380.6097830172,0.));
#5531 = DIRECTION('',(0.,0.,1.));
#5532 = DIRECTION('',(1.,0.,0.));
#5533 = ADVANCED_FACE('',(#5534),#5545,.F.);
#5534 = FACE_BOUND('',#5535,.F.);
#5535 = EDGE_LOOP('',(#5536,#5537,#5538,#5539));
#5536 = ORIENTED_EDGE('',*,*,#5468,.T.);
#5537 = ORIENTED_EDGE('',*,*,#5426,.T.);
#5538 = ORIENTED_EDGE('',*,*,#5490,.T.);
#5539 = ORIENTED_EDGE('',*,*,#5540,.T.);
#5540 = EDGE_CURVE('',#5491,#5461,#5541,.T.);
#5541 = LINE('',#5542,#5543);
#5542 = CARTESIAN_POINT('',(-1.012E+03,-1.19E+03,-1.025E+04));
#5543 = VECTOR('',#5544,1.);
#5544 = DIRECTION('',(1.,0.,0.));
#5545 = PLANE('',#5546);
#5546 = AXIS2_PLACEMENT_3D('',#5547,#5548,#5549);
#5547 = CARTESIAN_POINT('',(-8.375E-14,-380.6097830172,-1.025E+04));
#5548 = DIRECTION('',(0.,0.,1.));
#5549 = DIRECTION('',(1.,0.,0.));
#5550 = ADVANCED_FACE('',(#5551),#5557,.T.);
#5551 = FACE_BOUND('',#5552,.T.);
#5552 = EDGE_LOOP('',(#5553,#5554,#5555,#5556));
#5553 = ORIENTED_EDGE('',*,*,#5498,.T.);
#5554 = ORIENTED_EDGE('',*,*,#5540,.T.);
#5555 = ORIENTED_EDGE('',*,*,#5458,.F.);
#5556 = ORIENTED_EDGE('',*,*,#5523,.F.);
#5557 = PLANE('',#5558);
#5558 = AXIS2_PLACEMENT_3D('',#5559,#5560,#5561);
#5559 = CARTESIAN_POINT('',(-1.012E+03,-1.19E+03,0.));
#5560 = DIRECTION('',(0.,-1.,0.));
#5561 = DIRECTION('',(1.,0.,0.));
#5562 = ( GEOMETRIC_REPRESENTATION_CONTEXT(3) 
GLOBAL_UNCERTAINTY_ASSIGNED_CONTEXT((#5566)) 
GLOBAL_UNIT_ASSIGNED_CONTEXT((#5563,#5564,#5565)) REPRESENTATION_CONTEXT
('Context #1','3D Context with UNIT and UNCERTAINTY') );
#5563 = ( LENGTH_UNIT() NAMED_UNIT(*) SI_UNIT(.MILLI.,.METRE.) );
#5564 = ( NAMED_UNIT(*) PLANE_ANGLE_UNIT() SI_UNIT($,.RADIAN.) );
#5565 = ( NAMED_UNIT(*) SI_UNIT($,.STERADIAN.) SOLID_ANGLE_UNIT() );
#5566 = UNCERTAINTY_MEASURE_WITH_UNIT(LENGTH_MEASURE(1.E-07),#5563,
  'distance_accuracy_value','confusion accuracy');
#5567 = CONTEXT_DEPENDENT_SHAPE_REPRESENTATION(#5568,#5570);
#5568 = ( REPRESENTATION_RELATIONSHIP('','',#5125,#5102) 
REPRESENTATION_RELATIONSHIP_WITH_TRANSFORMATION(#5569) 
SHAPE_REPRESENTATION_RELATIONSHIP() );
#5569 = ITEM_DEFINED_TRANSFORMATION('','',#11,#5103);
#5570 = PRODUCT_DEFINITION_SHAPE('Placement','Placement of an item',
  #5571);
#5571 = NEXT_ASSEMBLY_USAGE_OCCURRENCE('19','Arc','',#5097,#5120,$);
#5572 = PRODUCT_RELATED_PRODUCT_CATEGORY('part',$,(#5122));
#5573 = MECHANICAL_DESIGN_GEOMETRIC_PRESENTATION_REPRESENTATION('',(
    #5574),#673);
#5574 = STYLED_ITEM('color',(#5575),#620);
#5575 = PRESENTATION_STYLE_ASSIGNMENT((#5576,#5584));
#5576 = SURFACE_STYLE_USAGE(.BOTH.,#5577);
#5577 = SURFACE_SIDE_STYLE('',(#5578,#5582));
#5578 = SURFACE_STYLE_FILL_AREA(#5579);
#5579 = FILL_AREA_STYLE('',(#5580));
#5580 = FILL_AREA_STYLE_COLOUR('',#5581);
#5581 = COLOUR_RGB('',0.800000010877,0.800000010877,0.901960800373);
#5582 = SURFACE_STYLE_RENDERING_WITH_PROPERTIES(.NORMAL_SHADING.,#5581,(
    #5583));
#5583 = SURFACE_STYLE_TRANSPARENT(0.800000011921);
#5584 = CURVE_STYLE('',#5585,POSITIVE_LENGTH_MEASURE(0.1),#5586);
#5585 = DRAUGHTING_PRE_DEFINED_CURVE_FONT('continuous');
#5586 = COLOUR_RGB('',9.803921802644E-02,9.803921802644E-02,
  9.803921802644E-02);
#5587 = MECHANICAL_DESIGN_GEOMETRIC_PRESENTATION_REPRESENTATION('',(
    #5588),#5084);
#5588 = STYLED_ITEM('color',(#5589),#4934);
#5589 = PRESENTATION_STYLE_ASSIGNMENT((#5590,#5596));
#5590 = SURFACE_STYLE_USAGE(.BOTH.,#5591);
#5591 = SURFACE_SIDE_STYLE('',(#5592));
#5592 = SURFACE_STYLE_FILL_AREA(#5593);
#5593 = FILL_AREA_STYLE('',(#5594));
#5594 = FILL_AREA_STYLE_COLOUR('',#5595);
#5595 = COLOUR_RGB('',0.447058818107,0.474509808674,0.501960817233);
#5596 = CURVE_STYLE('',#5597,POSITIVE_LENGTH_MEASURE(0.1),#5586);
#5597 = DRAUGHTING_PRE_DEFINED_CURVE_FONT('continuous');
#5598 = MECHANICAL_DESIGN_GEOMETRIC_PRESENTATION_REPRESENTATION('',(
    #5599),#4577);
#5599 = STYLED_ITEM('color',(#5600),#4427);
#5600 = PRESENTATION_STYLE_ASSIGNMENT((#5601,#5608));
#5601 = SURFACE_STYLE_USAGE(.BOTH.,#5602);
#5602 = SURFACE_SIDE_STYLE('',(#5603,#5606));
#5603 = SURFACE_STYLE_FILL_AREA(#5604);
#5604 = FILL_AREA_STYLE('',(#5605));
#5605 = FILL_AREA_STYLE_COLOUR('',#5595);
#5606 = SURFACE_STYLE_RENDERING_WITH_PROPERTIES(.NORMAL_SHADING.,#5595,(
    #5607));
#5607 = SURFACE_STYLE_TRANSPARENT(0.800000011921);
#5608 = CURVE_STYLE('',#5609,POSITIVE_LENGTH_MEASURE(0.1),#5586);
#5609 = DRAUGHTING_PRE_DEFINED_CURVE_FONT('continuous');
#5610 = MECHANICAL_DESIGN_GEOMETRIC_PRESENTATION_REPRESENTATION('',(
    #5611),#4915);
#5611 = STYLED_ITEM('color',(#5612),#4765);
#5612 = PRESENTATION_STYLE_ASSIGNMENT((#5613,#5620));
#5613 = SURFACE_STYLE_USAGE(.BOTH.,#5614);
#5614 = SURFACE_SIDE_STYLE('',(#5615,#5618));
#5615 = SURFACE_STYLE_FILL_AREA(#5616);
#5616 = FILL_AREA_STYLE('',(#5617));
#5617 = FILL_AREA_STYLE_COLOUR('',#5595);
#5618 = SURFACE_STYLE_RENDERING_WITH_PROPERTIES(.NORMAL_SHADING.,#5595,(
    #5619));
#5619 = SURFACE_STYLE_TRANSPARENT(0.800000011921);
#5620 = CURVE_STYLE('',#5621,POSITIVE_LENGTH_MEASURE(0.1),#5586);
#5621 = DRAUGHTING_PRE_DEFINED_CURVE_FONT('continuous');
#5622 = MECHANICAL_DESIGN_GEOMETRIC_PRESENTATION_REPRESENTATION('',(
    #5623),#5562);
#5623 = STYLED_ITEM('color',(#5624),#5126);
#5624 = PRESENTATION_STYLE_ASSIGNMENT((#5625,#5633));
#5625 = SURFACE_STYLE_USAGE(.BOTH.,#5626);
#5626 = SURFACE_SIDE_STYLE('',(#5627,#5631));
#5627 = SURFACE_STYLE_FILL_AREA(#5628);
#5628 = FILL_AREA_STYLE('',(#5629));
#5629 = FILL_AREA_STYLE_COLOUR('',#5630);
#5630 = COLOUR_RGB('',0.40784314916,0.533333357804,0.431372551983);
#5631 = SURFACE_STYLE_RENDERING_WITH_PROPERTIES(.NORMAL_SHADING.,#5630,(
    #5632));
#5632 = SURFACE_STYLE_TRANSPARENT(0.600000023842);
#5633 = CURVE_STYLE('',#5634,POSITIVE_LENGTH_MEASURE(0.1),#5586);
#5634 = DRAUGHTING_PRE_DEFINED_CURVE_FONT('continuous');
#5635 = MECHANICAL_DESIGN_GEOMETRIC_PRESENTATION_REPRESENTATION('',(
    #5636),#218);
#5636 = STYLED_ITEM('color',(#5637),#68);
#5637 = PRESENTATION_STYLE_ASSIGNMENT((#5638,#5643));
#5638 = SURFACE_STYLE_USAGE(.BOTH.,#5639);
#5639 = SURFACE_SIDE_STYLE('',(#5640));
#5640 = SURFACE_STYLE_FILL_AREA(#5641);
#5641 = FILL_AREA_STYLE('',(#5642));
#5642 = FILL_AREA_STYLE_COLOUR('',#5595);
#5643 = CURVE_STYLE('',#5644,POSITIVE_LENGTH_MEASURE(0.1),#5586);
#5644 = DRAUGHTING_PRE_DEFINED_CURVE_FONT('continuous');
#5645 = MECHANICAL_DESIGN_GEOMETRIC_PRESENTATION_REPRESENTATION('',(
    #5646),#4239);
#5646 = STYLED_ITEM('color',(#5647),#4089);
#5647 = PRESENTATION_STYLE_ASSIGNMENT((#5648,#5655));
#5648 = SURFACE_STYLE_USAGE(.BOTH.,#5649);
#5649 = SURFACE_SIDE_STYLE('',(#5650,#5653));
#5650 = SURFACE_STYLE_FILL_AREA(#5651);
#5651 = FILL_AREA_STYLE('',(#5652));
#5652 = FILL_AREA_STYLE_COLOUR('',#5595);
#5653 = SURFACE_STYLE_RENDERING_WITH_PROPERTIES(.NORMAL_SHADING.,#5595,(
    #5654));
#5654 = SURFACE_STYLE_TRANSPARENT(0.800000011921);
#5655 = CURVE_STYLE('',#5656,POSITIVE_LENGTH_MEASURE(0.1),#5586);
#5656 = DRAUGHTING_PRE_DEFINED_CURVE_FONT('continuous');
#5657 = MECHANICAL_DESIGN_GEOMETRIC_PRESENTATION_REPRESENTATION('',(
    #5658),#1912);
#5658 = STYLED_ITEM('color',(#5659),#1333);
#5659 = PRESENTATION_STYLE_ASSIGNMENT((#5660,#5666));
#5660 = SURFACE_STYLE_USAGE(.BOTH.,#5661);
#5661 = SURFACE_SIDE_STYLE('',(#5662));
#5662 = SURFACE_STYLE_FILL_AREA(#5663);
#5663 = FILL_AREA_STYLE('',(#5664));
#5664 = FILL_AREA_STYLE_COLOUR('',#5665);
#5665 = COLOUR_RGB('',0.749019635948,0.600000020288,0.466666661095);
#5666 = CURVE_STYLE('',#5667,POSITIVE_LENGTH_MEASURE(0.1),#5586);
#5667 = DRAUGHTING_PRE_DEFINED_CURVE_FONT('continuous');
#5668 = MECHANICAL_DESIGN_GEOMETRIC_PRESENTATION_REPRESENTATION('',(
    #5669),#1314);
#5669 = STYLED_ITEM('color',(#5670),#735);
#5670 = PRESENTATION_STYLE_ASSIGNMENT((#5671,#5676));
#5671 = SURFACE_STYLE_USAGE(.BOTH.,#5672);
#5672 = SURFACE_SIDE_STYLE('',(#5673));
#5673 = SURFACE_STYLE_FILL_AREA(#5674);
#5674 = FILL_AREA_STYLE('',(#5675));
#5675 = FILL_AREA_STYLE_COLOUR('',#5665);
#5676 = CURVE_STYLE('',#5677,POSITIVE_LENGTH_MEASURE(0.1),#5586);
#5677 = DRAUGHTING_PRE_DEFINED_CURVE_FONT('continuous');
#5678 = MECHANICAL_DESIGN_GEOMETRIC_PRESENTATION_REPRESENTATION('',(
    #5679),#4070);
#5679 = STYLED_ITEM('color',(#5680),#3920);
#5680 = PRESENTATION_STYLE_ASSIGNMENT((#5681,#5688));
#5681 = SURFACE_STYLE_USAGE(.BOTH.,#5682);
#5682 = SURFACE_SIDE_STYLE('',(#5683,#5686));
#5683 = SURFACE_STYLE_FILL_AREA(#5684);
#5684 = FILL_AREA_STYLE('',(#5685));
#5685 = FILL_AREA_STYLE_COLOUR('',#5595);
#5686 = SURFACE_STYLE_RENDERING_WITH_PROPERTIES(.NORMAL_SHADING.,#5595,(
    #5687));
#5687 = SURFACE_STYLE_TRANSPARENT(0.800000011921);
#5688 = CURVE_STYLE('',#5689,POSITIVE_LENGTH_MEASURE(0.1),#5586);
#5689 = DRAUGHTING_PRE_DEFINED_CURVE_FONT('continuous');
#5690 = MECHANICAL_DESIGN_GEOMETRIC_PRESENTATION_REPRESENTATION('',(
    #5691),#4746);
#5691 = STYLED_ITEM('color',(#5692),#4596);
#5692 = PRESENTATION_STYLE_ASSIGNMENT((#5693,#5700));
#5693 = SURFACE_STYLE_USAGE(.BOTH.,#5694);
#5694 = SURFACE_SIDE_STYLE('',(#5695,#5698));
#5695 = SURFACE_STYLE_FILL_AREA(#5696);
#5696 = FILL_AREA_STYLE('',(#5697));
#5697 = FILL_AREA_STYLE_COLOUR('',#5595);
#5698 = SURFACE_STYLE_RENDERING_WITH_PROPERTIES(.NORMAL_SHADING.,#5595,(
    #5699));
#5699 = SURFACE_STYLE_TRANSPARENT(0.800000011921);
#5700 = CURVE_STYLE('',#5701,POSITIVE_LENGTH_MEASURE(0.1),#5586);
#5701 = DRAUGHTING_PRE_DEFINED_CURVE_FONT('continuous');
#5702 = MECHANICAL_DESIGN_GEOMETRIC_PRESENTATION_REPRESENTATION('',(
    #5703),#2477);
#5703 = STYLED_ITEM('color',(#5704),#1931);
#5704 = PRESENTATION_STYLE_ASSIGNMENT((#5705,#5711));
#5705 = SURFACE_STYLE_USAGE(.BOTH.,#5706);
#5706 = SURFACE_SIDE_STYLE('',(#5707));
#5707 = SURFACE_STYLE_FILL_AREA(#5708);
#5708 = FILL_AREA_STYLE('',(#5709));
#5709 = FILL_AREA_STYLE_COLOUR('',#5710);
#5710 = COLOUR_RGB('',0.898039222556,0.729411790161,0.392156863511);
#5711 = CURVE_STYLE('',#5712,POSITIVE_LENGTH_MEASURE(0.1),#5586);
#5712 = DRAUGHTING_PRE_DEFINED_CURVE_FONT('continuous');
#5713 = MECHANICAL_DESIGN_GEOMETRIC_PRESENTATION_REPRESENTATION('',(
    #5714),#3858);
#5714 = STYLED_ITEM('color',(#5715),#2496);
#5715 = PRESENTATION_STYLE_ASSIGNMENT((#5716,#5721));
#5716 = SURFACE_STYLE_USAGE(.BOTH.,#5717);
#5717 = SURFACE_SIDE_STYLE('',(#5718));
#5718 = SURFACE_STYLE_FILL_AREA(#5719);
#5719 = FILL_AREA_STYLE('',(#5720));
#5720 = FILL_AREA_STYLE_COLOUR('',#5710);
#5721 = CURVE_STYLE('',#5722,POSITIVE_LENGTH_MEASURE(0.1),#5586);
#5722 = DRAUGHTING_PRE_DEFINED_CURVE_FONT('continuous');
#5723 = MECHANICAL_DESIGN_GEOMETRIC_PRESENTATION_REPRESENTATION('',(
    #5724),#601);
#5724 = STYLED_ITEM('color',(#5725),#264);
#5725 = PRESENTATION_STYLE_ASSIGNMENT((#5726,#5734));
#5726 = SURFACE_STYLE_USAGE(.BOTH.,#5727);
#5727 = SURFACE_SIDE_STYLE('',(#5728,#5732));
#5728 = SURFACE_STYLE_FILL_AREA(#5729);
#5729 = FILL_AREA_STYLE('',(#5730));
#5730 = FILL_AREA_STYLE_COLOUR('',#5731);
#5731 = COLOUR_RGB('',0.301960791261,0.301960791261,0.301960791261);
#5732 = SURFACE_STYLE_RENDERING_WITH_PROPERTIES(.NORMAL_SHADING.,#5731,(
    #5733));
#5733 = SURFACE_STYLE_TRANSPARENT(0.899999976158);
#5734 = CURVE_STYLE('',#5735,POSITIVE_LENGTH_MEASURE(0.1),#5586);
#5735 = DRAUGHTING_PRE_DEFINED_CURVE_FONT('continuous');
#5736 = MECHANICAL_DESIGN_GEOMETRIC_PRESENTATION_REPRESENTATION('',(
    #5737),#4408);
#5737 = STYLED_ITEM('color',(#5738),#4258);
#5738 = PRESENTATION_STYLE_ASSIGNMENT((#5739,#5746));
#5739 = SURFACE_STYLE_USAGE(.BOTH.,#5740);
#5740 = SURFACE_SIDE_STYLE('',(#5741,#5744));
#5741 = SURFACE_STYLE_FILL_AREA(#5742);
#5742 = FILL_AREA_STYLE('',(#5743));
#5743 = FILL_AREA_STYLE_COLOUR('',#5595);
#5744 = SURFACE_STYLE_RENDERING_WITH_PROPERTIES(.NORMAL_SHADING.,#5595,(
    #5745));
#5745 = SURFACE_STYLE_TRANSPARENT(0.800000011921);
#5746 = CURVE_STYLE('',#5747,POSITIVE_LENGTH_MEASURE(0.1),#5586);
#5747 = DRAUGHTING_PRE_DEFINED_CURVE_FONT('continuous');
ENDSEC;
END-ISO-10303-21;
