ISO-10303-21;
HEADER;
FILE_DESCRIPTION(('FreeCAD Model'),'2;1');
FILE_NAME('Open CASCADE Shape Model','2025-09-16T09:10:47',('Author'),(
    ''),'Open CASCADE STEP processor 7.7','FreeCAD','Unknown');
FILE_SCHEMA(('AUTOMOTIVE_DESIGN { 1 0 10303 214 1 1 1 1 }'));
ENDSEC;
DATA;
#1 = APPLICATION_PROTOCOL_DEFINITION('international standard',
  'automotive_design',2000,#2);
#2 = APPLICATION_CONTEXT(
  'core data for automotive mechanical design processes');
#3 = SHAPE_DEFINITION_REPRESENTATION(#4,#10);
#4 = PRODUCT_DEFINITION_SHAPE('','',#5);
#5 = PRODUCT_DEFINITION('design','',#6,#9);
#6 = PRODUCT_DEFINITION_FORMATION('','',#7);
#7 = PRODUCT('DetailedArcWithFloorPlan_Magnet2',
  'DetailedArcWithFloorPlan_Magnet2','',(#8));
#8 = PRODUCT_CONTEXT('',#2,'mechanical');
#9 = PRODUCT_DEFINITION_CONTEXT('part definition',#2,'design');
#10 = SHAPE_REPRESENTATION('',(#11,#15,#19,#23,#27,#31),#35);
#11 = AXIS2_PLACEMENT_3D('',#12,#13,#14);
#12 = CARTESIAN_POINT('',(0.,0.,0.));
#13 = DIRECTION('',(0.,0.,1.));
#14 = DIRECTION('',(1.,0.,-0.));
#15 = AXIS2_PLACEMENT_3D('',#16,#17,#18);
#16 = CARTESIAN_POINT('',(0.,0.,0.));
#17 = DIRECTION('',(0.,0.,1.));
#18 = DIRECTION('',(1.,0.,0.));
#19 = AXIS2_PLACEMENT_3D('',#20,#21,#22);
#20 = CARTESIAN_POINT('',(9.18E+03,9.8E+03,1.E+03));
#21 = DIRECTION('',(0.,-1.,2.22044604925E-16));
#22 = DIRECTION('',(1.,0.,0.));
#23 = AXIS2_PLACEMENT_3D('',#24,#25,#26);
#24 = CARTESIAN_POINT('',(9.429995E+03,1.0668543E+04,1.28E+03));
#25 = DIRECTION('',(0.,0.,1.));
#26 = DIRECTION('',(1.,0.,0.));
#27 = AXIS2_PLACEMENT_3D('',#28,#29,#30);
#28 = CARTESIAN_POINT('',(9.43E+03,7.37E+03,0.));
#29 = DIRECTION('',(0.,-1.,-2.22044604925E-16));
#30 = DIRECTION('',(1.,0.,0.));
#31 = AXIS2_PLACEMENT_3D('',#32,#33,#34);
#32 = CARTESIAN_POINT('',(9.429995E+03,1.0409543E+04,1.25E+03));
#33 = DIRECTION('',(0.,-1.,2.22044604925E-16));
#34 = DIRECTION('',(1.,0.,0.));
#35 = ( GEOMETRIC_REPRESENTATION_CONTEXT(3) 
GLOBAL_UNCERTAINTY_ASSIGNED_CONTEXT((#39)) GLOBAL_UNIT_ASSIGNED_CONTEXT(
(#36,#37,#38)) REPRESENTATION_CONTEXT('Context #1',
  '3D Context with UNIT and UNCERTAINTY') );
#36 = ( LENGTH_UNIT() NAMED_UNIT(*) SI_UNIT(.MILLI.,.METRE.) );
#37 = ( NAMED_UNIT(*) PLANE_ANGLE_UNIT() SI_UNIT($,.RADIAN.) );
#38 = ( NAMED_UNIT(*) SI_UNIT($,.STERADIAN.) SOLID_ANGLE_UNIT() );
#39 = UNCERTAINTY_MEASURE_WITH_UNIT(LENGTH_MEASURE(2.E-03),#36,
  'distance_accuracy_value','confusion accuracy');
#40 = PRODUCT_RELATED_PRODUCT_CATEGORY('part',$,(#7));
#41 = SHAPE_DEFINITION_REPRESENTATION(#42,#48);
#42 = PRODUCT_DEFINITION_SHAPE('','',#43);
#43 = PRODUCT_DEFINITION('design','',#44,#47);
#44 = PRODUCT_DEFINITION_FORMATION('','',#45);
#45 = PRODUCT('Building','Building','',(#46));
#46 = PRODUCT_CONTEXT('',#2,'mechanical');
#47 = PRODUCT_DEFINITION_CONTEXT('part definition',#2,'design');
#48 = SHAPE_REPRESENTATION('',(#11,#49,#53,#57,#61,#65,#69,#73),#77);
#49 = AXIS2_PLACEMENT_3D('',#50,#51,#52);
#50 = CARTESIAN_POINT('',(0.,0.,0.));
#51 = DIRECTION('',(0.,0.,1.));
#52 = DIRECTION('',(1.,0.,0.));
#53 = AXIS2_PLACEMENT_3D('',#54,#55,#56);
#54 = CARTESIAN_POINT('',(0.,0.,4.15036E+03));
#55 = DIRECTION('',(0.,0.,1.));
#56 = DIRECTION('',(1.,0.,0.));
#57 = AXIS2_PLACEMENT_3D('',#58,#59,#60);
#58 = CARTESIAN_POINT('',(0.,0.,0.));
#59 = DIRECTION('',(0.,0.,1.));
#60 = DIRECTION('',(1.,0.,0.));
#61 = AXIS2_PLACEMENT_3D('',#62,#63,#64);
#62 = CARTESIAN_POINT('',(0.,0.,0.));
#63 = DIRECTION('',(0.,0.,1.));
#64 = DIRECTION('',(1.,0.,0.));
#65 = AXIS2_PLACEMENT_3D('',#66,#67,#68);
#66 = CARTESIAN_POINT('',(0.,0.,0.));
#67 = DIRECTION('',(0.,0.,1.));
#68 = DIRECTION('',(1.,0.,0.));
#69 = AXIS2_PLACEMENT_3D('',#70,#71,#72);
#70 = CARTESIAN_POINT('',(1.219101E+03,2.6085688E+04,-254.007));
#71 = DIRECTION('',(0.,-1.224646799147E-16,-1.));
#72 = DIRECTION('',(1.,0.,0.));
#73 = AXIS2_PLACEMENT_3D('',#74,#75,#76);
#74 = CARTESIAN_POINT('',(0.,0.,9.01647E+03));
#75 = DIRECTION('',(0.,0.,1.));
#76 = DIRECTION('',(1.,0.,0.));
#77 = ( GEOMETRIC_REPRESENTATION_CONTEXT(3) 
GLOBAL_UNCERTAINTY_ASSIGNED_CONTEXT((#81)) GLOBAL_UNIT_ASSIGNED_CONTEXT(
(#78,#79,#80)) REPRESENTATION_CONTEXT('Context #1',
  '3D Context with UNIT and UNCERTAINTY') );
#78 = ( LENGTH_UNIT() NAMED_UNIT(*) SI_UNIT(.MILLI.,.METRE.) );
#79 = ( NAMED_UNIT(*) PLANE_ANGLE_UNIT() SI_UNIT($,.RADIAN.) );
#80 = ( NAMED_UNIT(*) SI_UNIT($,.STERADIAN.) SOLID_ANGLE_UNIT() );
#81 = UNCERTAINTY_MEASURE_WITH_UNIT(LENGTH_MEASURE(5.E-03),#78,
  'distance_accuracy_value','confusion accuracy');
#82 = CONTEXT_DEPENDENT_SHAPE_REPRESENTATION(#83,#85);
#83 = ( REPRESENTATION_RELATIONSHIP('','',#48,#10) 
REPRESENTATION_RELATIONSHIP_WITH_TRANSFORMATION(#84) 
SHAPE_REPRESENTATION_RELATIONSHIP() );
#84 = ITEM_DEFINED_TRANSFORMATION('','',#11,#15);
#85 = PRODUCT_DEFINITION_SHAPE('Placement','Placement of an item',#86);
#86 = NEXT_ASSEMBLY_USAGE_OCCURRENCE('14','Building','',#5,#43,$);
#87 = PRODUCT_RELATED_PRODUCT_CATEGORY('part',$,(#45));
#88 = SHAPE_DEFINITION_REPRESENTATION(#89,#95);
#89 = PRODUCT_DEFINITION_SHAPE('','',#90);
#90 = PRODUCT_DEFINITION('design','',#91,#94);
#91 = PRODUCT_DEFINITION_FORMATION('','',#92);
#92 = PRODUCT('FirstFloor','FirstFloor','',(#93));
#93 = PRODUCT_CONTEXT('',#2,'mechanical');
#94 = PRODUCT_DEFINITION_CONTEXT('part definition',#2,'design');
#95 = ADVANCED_BREP_SHAPE_REPRESENTATION('',(#11,#96),#675);
#96 = MANIFOLD_SOLID_BREP('',#97);
#97 = CLOSED_SHELL('',(#98,#138,#169,#200,#231,#262,#293,#324,#355,#386,
    #417,#448,#479,#510,#541,#581,#603,#633,#663));
#98 = ADVANCED_FACE('',(#99),#133,.T.);
#99 = FACE_BOUND('',#100,.T.);
#100 = EDGE_LOOP('',(#101,#111,#119,#127));
#101 = ORIENTED_EDGE('',*,*,#102,.T.);
#102 = EDGE_CURVE('',#103,#105,#107,.T.);
#103 = VERTEX_POINT('',#104);
#104 = CARTESIAN_POINT('',(1.34112E+04,1.58496E+04,0.));
#105 = VERTEX_POINT('',#106);
#106 = CARTESIAN_POINT('',(1.34112E+04,1.58496E+04,-254.));
#107 = LINE('',#108,#109);
#108 = CARTESIAN_POINT('',(1.34112E+04,1.58496E+04,0.));
#109 = VECTOR('',#110,1.);
#110 = DIRECTION('',(-0.,-0.,-1.));
#111 = ORIENTED_EDGE('',*,*,#112,.T.);
#112 = EDGE_CURVE('',#105,#113,#115,.T.);
#113 = VERTEX_POINT('',#114);
#114 = CARTESIAN_POINT('',(1.34112E+04,2.80416E+04,-254.));
#115 = LINE('',#116,#117);
#116 = CARTESIAN_POINT('',(1.34112E+04,1.58496E+04,-254.));
#117 = VECTOR('',#118,1.);
#118 = DIRECTION('',(0.,1.,0.));
#119 = ORIENTED_EDGE('',*,*,#120,.F.);
#120 = EDGE_CURVE('',#121,#113,#123,.T.);
#121 = VERTEX_POINT('',#122);
#122 = CARTESIAN_POINT('',(1.34112E+04,2.80416E+04,0.));
#123 = LINE('',#124,#125);
#124 = CARTESIAN_POINT('',(1.34112E+04,2.80416E+04,0.));
#125 = VECTOR('',#126,1.);
#126 = DIRECTION('',(-0.,-0.,-1.));
#127 = ORIENTED_EDGE('',*,*,#128,.F.);
#128 = EDGE_CURVE('',#103,#121,#129,.T.);
#129 = LINE('',#130,#131);
#130 = CARTESIAN_POINT('',(1.34112E+04,1.58496E+04,0.));
#131 = VECTOR('',#132,1.);
#132 = DIRECTION('',(0.,1.,0.));
#133 = PLANE('',#134);
#134 = AXIS2_PLACEMENT_3D('',#135,#136,#137);
#135 = CARTESIAN_POINT('',(1.34112E+04,1.58496E+04,0.));
#136 = DIRECTION('',(1.,0.,0.));
#137 = DIRECTION('',(0.,1.,0.));
#138 = ADVANCED_FACE('',(#139),#164,.F.);
#139 = FACE_BOUND('',#140,.F.);
#140 = EDGE_LOOP('',(#141,#142,#150,#158));
#141 = ORIENTED_EDGE('',*,*,#102,.T.);
#142 = ORIENTED_EDGE('',*,*,#143,.T.);
#143 = EDGE_CURVE('',#105,#144,#146,.T.);
#144 = VERTEX_POINT('',#145);
#145 = CARTESIAN_POINT('',(1.46304E+04,1.58496E+04,-254.));
#146 = LINE('',#147,#148);
#147 = CARTESIAN_POINT('',(1.34112E+04,1.58496E+04,-254.));
#148 = VECTOR('',#149,1.);
#149 = DIRECTION('',(1.,0.,0.));
#150 = ORIENTED_EDGE('',*,*,#151,.F.);
#151 = EDGE_CURVE('',#152,#144,#154,.T.);
#152 = VERTEX_POINT('',#153);
#153 = CARTESIAN_POINT('',(1.46304E+04,1.58496E+04,0.));
#154 = LINE('',#155,#156);
#155 = CARTESIAN_POINT('',(1.46304E+04,1.58496E+04,0.));
#156 = VECTOR('',#157,1.);
#157 = DIRECTION('',(-0.,-0.,-1.));
#158 = ORIENTED_EDGE('',*,*,#159,.F.);
#159 = EDGE_CURVE('',#103,#152,#160,.T.);
#160 = LINE('',#161,#162);
#161 = CARTESIAN_POINT('',(1.34112E+04,1.58496E+04,0.));
#162 = VECTOR('',#163,1.);
#163 = DIRECTION('',(1.,0.,0.));
#164 = PLANE('',#165);
#165 = AXIS2_PLACEMENT_3D('',#166,#167,#168);
#166 = CARTESIAN_POINT('',(1.34112E+04,1.58496E+04,0.));
#167 = DIRECTION('',(0.,-1.,0.));
#168 = DIRECTION('',(1.,0.,0.));
#169 = ADVANCED_FACE('',(#170),#195,.F.);
#170 = FACE_BOUND('',#171,.F.);
#171 = EDGE_LOOP('',(#172,#173,#181,#189));
#172 = ORIENTED_EDGE('',*,*,#151,.T.);
#173 = ORIENTED_EDGE('',*,*,#174,.T.);
#174 = EDGE_CURVE('',#144,#175,#177,.T.);
#175 = VERTEX_POINT('',#176);
#176 = CARTESIAN_POINT('',(1.46304E+04,-1.46304E+04,-254.));
#177 = LINE('',#178,#179);
#178 = CARTESIAN_POINT('',(1.46304E+04,1.58496E+04,-254.));
#179 = VECTOR('',#180,1.);
#180 = DIRECTION('',(-5.967813003759E-17,-1.,0.));
#181 = ORIENTED_EDGE('',*,*,#182,.F.);
#182 = EDGE_CURVE('',#183,#175,#185,.T.);
#183 = VERTEX_POINT('',#184);
#184 = CARTESIAN_POINT('',(1.46304E+04,-1.46304E+04,0.));
#185 = LINE('',#186,#187);
#186 = CARTESIAN_POINT('',(1.46304E+04,-1.46304E+04,0.));
#187 = VECTOR('',#188,1.);
#188 = DIRECTION('',(-0.,-0.,-1.));
#189 = ORIENTED_EDGE('',*,*,#190,.F.);
#190 = EDGE_CURVE('',#152,#183,#191,.T.);
#191 = LINE('',#192,#193);
#192 = CARTESIAN_POINT('',(1.46304E+04,1.58496E+04,0.));
#193 = VECTOR('',#194,1.);
#194 = DIRECTION('',(-5.967813003759E-17,-1.,0.));
#195 = PLANE('',#196);
#196 = AXIS2_PLACEMENT_3D('',#197,#198,#199);
#197 = CARTESIAN_POINT('',(1.46304E+04,1.58496E+04,0.));
#198 = DIRECTION('',(-1.,5.967813003759E-17,0.));
#199 = DIRECTION('',(-5.967813003759E-17,-1.,0.));
#200 = ADVANCED_FACE('',(#201),#226,.F.);
#201 = FACE_BOUND('',#202,.F.);
#202 = EDGE_LOOP('',(#203,#204,#212,#220));
#203 = ORIENTED_EDGE('',*,*,#182,.T.);
#204 = ORIENTED_EDGE('',*,*,#205,.T.);
#205 = EDGE_CURVE('',#175,#206,#208,.T.);
#206 = VERTEX_POINT('',#207);
#207 = CARTESIAN_POINT('',(1.34112E+04,-1.46304E+04,-254.));
#208 = LINE('',#209,#210);
#209 = CARTESIAN_POINT('',(1.46304E+04,-1.46304E+04,-254.));
#210 = VECTOR('',#211,1.);
#211 = DIRECTION('',(-1.,0.,0.));
#212 = ORIENTED_EDGE('',*,*,#213,.F.);
#213 = EDGE_CURVE('',#214,#206,#216,.T.);
#214 = VERTEX_POINT('',#215);
#215 = CARTESIAN_POINT('',(1.34112E+04,-1.46304E+04,0.));
#216 = LINE('',#217,#218);
#217 = CARTESIAN_POINT('',(1.34112E+04,-1.46304E+04,0.));
#218 = VECTOR('',#219,1.);
#219 = DIRECTION('',(-0.,-0.,-1.));
#220 = ORIENTED_EDGE('',*,*,#221,.F.);
#221 = EDGE_CURVE('',#183,#214,#222,.T.);
#222 = LINE('',#223,#224);
#223 = CARTESIAN_POINT('',(1.46304E+04,-1.46304E+04,0.));
#224 = VECTOR('',#225,1.);
#225 = DIRECTION('',(-1.,0.,0.));
#226 = PLANE('',#227);
#227 = AXIS2_PLACEMENT_3D('',#228,#229,#230);
#228 = CARTESIAN_POINT('',(1.46304E+04,-1.46304E+04,0.));
#229 = DIRECTION('',(0.,1.,0.));
#230 = DIRECTION('',(-1.,0.,0.));
#231 = ADVANCED_FACE('',(#232),#257,.F.);
#232 = FACE_BOUND('',#233,.F.);
#233 = EDGE_LOOP('',(#234,#235,#243,#251));
#234 = ORIENTED_EDGE('',*,*,#213,.T.);
#235 = ORIENTED_EDGE('',*,*,#236,.T.);
#236 = EDGE_CURVE('',#206,#237,#239,.T.);
#237 = VERTEX_POINT('',#238);
#238 = CARTESIAN_POINT('',(1.34112E+04,-2.80416E+04,-254.));
#239 = LINE('',#240,#241);
#240 = CARTESIAN_POINT('',(1.34112E+04,-1.46304E+04,-254.));
#241 = VECTOR('',#242,1.);
#242 = DIRECTION('',(0.,-1.,0.));
#243 = ORIENTED_EDGE('',*,*,#244,.F.);
#244 = EDGE_CURVE('',#245,#237,#247,.T.);
#245 = VERTEX_POINT('',#246);
#246 = CARTESIAN_POINT('',(1.34112E+04,-2.80416E+04,0.));
#247 = LINE('',#248,#249);
#248 = CARTESIAN_POINT('',(1.34112E+04,-2.80416E+04,0.));
#249 = VECTOR('',#250,1.);
#250 = DIRECTION('',(-0.,-0.,-1.));
#251 = ORIENTED_EDGE('',*,*,#252,.F.);
#252 = EDGE_CURVE('',#214,#245,#253,.T.);
#253 = LINE('',#254,#255);
#254 = CARTESIAN_POINT('',(1.34112E+04,-1.46304E+04,0.));
#255 = VECTOR('',#256,1.);
#256 = DIRECTION('',(0.,-1.,0.));
#257 = PLANE('',#258);
#258 = AXIS2_PLACEMENT_3D('',#259,#260,#261);
#259 = CARTESIAN_POINT('',(1.34112E+04,-1.46304E+04,0.));
#260 = DIRECTION('',(-1.,0.,0.));
#261 = DIRECTION('',(0.,-1.,0.));
#262 = ADVANCED_FACE('',(#263),#288,.F.);
#263 = FACE_BOUND('',#264,.F.);
#264 = EDGE_LOOP('',(#265,#266,#274,#282));
#265 = ORIENTED_EDGE('',*,*,#244,.T.);
#266 = ORIENTED_EDGE('',*,*,#267,.T.);
#267 = EDGE_CURVE('',#237,#268,#270,.T.);
#268 = VERTEX_POINT('',#269);
#269 = CARTESIAN_POINT('',(1.2192E+03,-2.80416E+04,-254.));
#270 = LINE('',#271,#272);
#271 = CARTESIAN_POINT('',(1.34112E+04,-2.80416E+04,-254.));
#272 = VECTOR('',#273,1.);
#273 = DIRECTION('',(-1.,0.,0.));
#274 = ORIENTED_EDGE('',*,*,#275,.F.);
#275 = EDGE_CURVE('',#276,#268,#278,.T.);
#276 = VERTEX_POINT('',#277);
#277 = CARTESIAN_POINT('',(1.2192E+03,-2.80416E+04,0.));
#278 = LINE('',#279,#280);
#279 = CARTESIAN_POINT('',(1.2192E+03,-2.80416E+04,0.));
#280 = VECTOR('',#281,1.);
#281 = DIRECTION('',(-0.,-0.,-1.));
#282 = ORIENTED_EDGE('',*,*,#283,.F.);
#283 = EDGE_CURVE('',#245,#276,#284,.T.);
#284 = LINE('',#285,#286);
#285 = CARTESIAN_POINT('',(1.34112E+04,-2.80416E+04,0.));
#286 = VECTOR('',#287,1.);
#287 = DIRECTION('',(-1.,0.,0.));
#288 = PLANE('',#289);
#289 = AXIS2_PLACEMENT_3D('',#290,#291,#292);
#290 = CARTESIAN_POINT('',(1.34112E+04,-2.80416E+04,0.));
#291 = DIRECTION('',(0.,1.,0.));
#292 = DIRECTION('',(-1.,0.,0.));
#293 = ADVANCED_FACE('',(#294),#319,.F.);
#294 = FACE_BOUND('',#295,.F.);
#295 = EDGE_LOOP('',(#296,#297,#305,#313));
#296 = ORIENTED_EDGE('',*,*,#275,.T.);
#297 = ORIENTED_EDGE('',*,*,#298,.T.);
#298 = EDGE_CURVE('',#268,#299,#301,.T.);
#299 = VERTEX_POINT('',#300);
#300 = CARTESIAN_POINT('',(1.2192E+03,-2.92608E+04,-254.));
#301 = LINE('',#302,#303);
#302 = CARTESIAN_POINT('',(1.2192E+03,-2.80416E+04,-254.));
#303 = VECTOR('',#304,1.);
#304 = DIRECTION('',(0.,-1.,0.));
#305 = ORIENTED_EDGE('',*,*,#306,.F.);
#306 = EDGE_CURVE('',#307,#299,#309,.T.);
#307 = VERTEX_POINT('',#308);
#308 = CARTESIAN_POINT('',(1.2192E+03,-2.92608E+04,0.));
#309 = LINE('',#310,#311);
#310 = CARTESIAN_POINT('',(1.2192E+03,-2.92608E+04,0.));
#311 = VECTOR('',#312,1.);
#312 = DIRECTION('',(-0.,-0.,-1.));
#313 = ORIENTED_EDGE('',*,*,#314,.F.);
#314 = EDGE_CURVE('',#276,#307,#315,.T.);
#315 = LINE('',#316,#317);
#316 = CARTESIAN_POINT('',(1.2192E+03,-2.80416E+04,0.));
#317 = VECTOR('',#318,1.);
#318 = DIRECTION('',(0.,-1.,0.));
#319 = PLANE('',#320);
#320 = AXIS2_PLACEMENT_3D('',#321,#322,#323);
#321 = CARTESIAN_POINT('',(1.2192E+03,-2.80416E+04,0.));
#322 = DIRECTION('',(-1.,0.,0.));
#323 = DIRECTION('',(0.,-1.,0.));
#324 = ADVANCED_FACE('',(#325),#350,.F.);
#325 = FACE_BOUND('',#326,.F.);
#326 = EDGE_LOOP('',(#327,#328,#336,#344));
#327 = ORIENTED_EDGE('',*,*,#306,.T.);
#328 = ORIENTED_EDGE('',*,*,#329,.T.);
#329 = EDGE_CURVE('',#299,#330,#332,.T.);
#330 = VERTEX_POINT('',#331);
#331 = CARTESIAN_POINT('',(-4.8768E+03,-2.92608E+04,-254.));
#332 = LINE('',#333,#334);
#333 = CARTESIAN_POINT('',(1.2192E+03,-2.92608E+04,-254.));
#334 = VECTOR('',#335,1.);
#335 = DIRECTION('',(-1.,0.,0.));
#336 = ORIENTED_EDGE('',*,*,#337,.F.);
#337 = EDGE_CURVE('',#338,#330,#340,.T.);
#338 = VERTEX_POINT('',#339);
#339 = CARTESIAN_POINT('',(-4.8768E+03,-2.92608E+04,0.));
#340 = LINE('',#341,#342);
#341 = CARTESIAN_POINT('',(-4.8768E+03,-2.92608E+04,0.));
#342 = VECTOR('',#343,1.);
#343 = DIRECTION('',(-0.,-0.,-1.));
#344 = ORIENTED_EDGE('',*,*,#345,.F.);
#345 = EDGE_CURVE('',#307,#338,#346,.T.);
#346 = LINE('',#347,#348);
#347 = CARTESIAN_POINT('',(1.2192E+03,-2.92608E+04,0.));
#348 = VECTOR('',#349,1.);
#349 = DIRECTION('',(-1.,0.,0.));
#350 = PLANE('',#351);
#351 = AXIS2_PLACEMENT_3D('',#352,#353,#354);
#352 = CARTESIAN_POINT('',(1.2192E+03,-2.92608E+04,0.));
#353 = DIRECTION('',(0.,1.,0.));
#354 = DIRECTION('',(-1.,0.,0.));
#355 = ADVANCED_FACE('',(#356),#381,.F.);
#356 = FACE_BOUND('',#357,.F.);
#357 = EDGE_LOOP('',(#358,#359,#367,#375));
#358 = ORIENTED_EDGE('',*,*,#337,.T.);
#359 = ORIENTED_EDGE('',*,*,#360,.T.);
#360 = EDGE_CURVE('',#330,#361,#363,.T.);
#361 = VERTEX_POINT('',#362);
#362 = CARTESIAN_POINT('',(-6.096E+03,-2.80416E+04,-254.));
#363 = LINE('',#364,#365);
#364 = CARTESIAN_POINT('',(-4.8768E+03,-2.92608E+04,-254.));
#365 = VECTOR('',#366,1.);
#366 = DIRECTION('',(-0.707106781187,0.707106781187,0.));
#367 = ORIENTED_EDGE('',*,*,#368,.F.);
#368 = EDGE_CURVE('',#369,#361,#371,.T.);
#369 = VERTEX_POINT('',#370);
#370 = CARTESIAN_POINT('',(-6.096E+03,-2.80416E+04,0.));
#371 = LINE('',#372,#373);
#372 = CARTESIAN_POINT('',(-6.096E+03,-2.80416E+04,0.));
#373 = VECTOR('',#374,1.);
#374 = DIRECTION('',(-0.,-0.,-1.));
#375 = ORIENTED_EDGE('',*,*,#376,.F.);
#376 = EDGE_CURVE('',#338,#369,#377,.T.);
#377 = LINE('',#378,#379);
#378 = CARTESIAN_POINT('',(-4.8768E+03,-2.92608E+04,0.));
#379 = VECTOR('',#380,1.);
#380 = DIRECTION('',(-0.707106781187,0.707106781187,0.));
#381 = PLANE('',#382);
#382 = AXIS2_PLACEMENT_3D('',#383,#384,#385);
#383 = CARTESIAN_POINT('',(-4.8768E+03,-2.92608E+04,0.));
#384 = DIRECTION('',(0.707106781187,0.707106781187,0.));
#385 = DIRECTION('',(-0.707106781187,0.707106781187,0.));
#386 = ADVANCED_FACE('',(#387),#412,.T.);
#387 = FACE_BOUND('',#388,.T.);
#388 = EDGE_LOOP('',(#389,#399,#405,#406));
#389 = ORIENTED_EDGE('',*,*,#390,.T.);
#390 = EDGE_CURVE('',#391,#393,#395,.T.);
#391 = VERTEX_POINT('',#392);
#392 = CARTESIAN_POINT('',(-9.7536E+03,-2.80416E+04,0.));
#393 = VERTEX_POINT('',#394);
#394 = CARTESIAN_POINT('',(-9.7536E+03,-2.80416E+04,-254.));
#395 = LINE('',#396,#397);
#396 = CARTESIAN_POINT('',(-9.7536E+03,-2.80416E+04,0.));
#397 = VECTOR('',#398,1.);
#398 = DIRECTION('',(-0.,-0.,-1.));
#399 = ORIENTED_EDGE('',*,*,#400,.T.);
#400 = EDGE_CURVE('',#393,#361,#401,.T.);
#401 = LINE('',#402,#403);
#402 = CARTESIAN_POINT('',(-9.7536E+03,-2.80416E+04,-254.));
#403 = VECTOR('',#404,1.);
#404 = DIRECTION('',(1.,0.,0.));
#405 = ORIENTED_EDGE('',*,*,#368,.F.);
#406 = ORIENTED_EDGE('',*,*,#407,.F.);
#407 = EDGE_CURVE('',#391,#369,#408,.T.);
#408 = LINE('',#409,#410);
#409 = CARTESIAN_POINT('',(-9.7536E+03,-2.80416E+04,0.));
#410 = VECTOR('',#411,1.);
#411 = DIRECTION('',(1.,0.,0.));
#412 = PLANE('',#413);
#413 = AXIS2_PLACEMENT_3D('',#414,#415,#416);
#414 = CARTESIAN_POINT('',(-9.7536E+03,-2.80416E+04,0.));
#415 = DIRECTION('',(0.,-1.,0.));
#416 = DIRECTION('',(1.,0.,0.));
#417 = ADVANCED_FACE('',(#418),#443,.T.);
#418 = FACE_BOUND('',#419,.T.);
#419 = EDGE_LOOP('',(#420,#430,#436,#437));
#420 = ORIENTED_EDGE('',*,*,#421,.T.);
#421 = EDGE_CURVE('',#422,#424,#426,.T.);
#422 = VERTEX_POINT('',#423);
#423 = CARTESIAN_POINT('',(-1.34112E+04,-2.4384E+04,0.));
#424 = VERTEX_POINT('',#425);
#425 = CARTESIAN_POINT('',(-1.34112E+04,-2.4384E+04,-254.));
#426 = LINE('',#427,#428);
#427 = CARTESIAN_POINT('',(-1.34112E+04,-2.4384E+04,0.));
#428 = VECTOR('',#429,1.);
#429 = DIRECTION('',(-0.,-0.,-1.));
#430 = ORIENTED_EDGE('',*,*,#431,.T.);
#431 = EDGE_CURVE('',#424,#393,#432,.T.);
#432 = LINE('',#433,#434);
#433 = CARTESIAN_POINT('',(-1.34112E+04,-2.4384E+04,-254.));
#434 = VECTOR('',#435,1.);
#435 = DIRECTION('',(0.707106781187,-0.707106781187,0.));
#436 = ORIENTED_EDGE('',*,*,#390,.F.);
#437 = ORIENTED_EDGE('',*,*,#438,.F.);
#438 = EDGE_CURVE('',#422,#391,#439,.T.);
#439 = LINE('',#440,#441);
#440 = CARTESIAN_POINT('',(-1.34112E+04,-2.4384E+04,0.));
#441 = VECTOR('',#442,1.);
#442 = DIRECTION('',(0.707106781187,-0.707106781187,0.));
#443 = PLANE('',#444);
#444 = AXIS2_PLACEMENT_3D('',#445,#446,#447);
#445 = CARTESIAN_POINT('',(-1.34112E+04,-2.4384E+04,0.));
#446 = DIRECTION('',(-0.707106781187,-0.707106781187,0.));
#447 = DIRECTION('',(0.707106781187,-0.707106781187,0.));
#448 = ADVANCED_FACE('',(#449),#474,.T.);
#449 = FACE_BOUND('',#450,.T.);
#450 = EDGE_LOOP('',(#451,#461,#467,#468));
#451 = ORIENTED_EDGE('',*,*,#452,.T.);
#452 = EDGE_CURVE('',#453,#455,#457,.T.);
#453 = VERTEX_POINT('',#454);
#454 = CARTESIAN_POINT('',(-1.34112E+04,-2.07264E+04,0.));
#455 = VERTEX_POINT('',#456);
#456 = CARTESIAN_POINT('',(-1.34112E+04,-2.07264E+04,-254.));
#457 = LINE('',#458,#459);
#458 = CARTESIAN_POINT('',(-1.34112E+04,-2.07264E+04,0.));
#459 = VECTOR('',#460,1.);
#460 = DIRECTION('',(-0.,-0.,-1.));
#461 = ORIENTED_EDGE('',*,*,#462,.T.);
#462 = EDGE_CURVE('',#455,#424,#463,.T.);
#463 = LINE('',#464,#465);
#464 = CARTESIAN_POINT('',(-1.34112E+04,-2.07264E+04,-254.));
#465 = VECTOR('',#466,1.);
#466 = DIRECTION('',(0.,-1.,0.));
#467 = ORIENTED_EDGE('',*,*,#421,.F.);
#468 = ORIENTED_EDGE('',*,*,#469,.F.);
#469 = EDGE_CURVE('',#453,#422,#470,.T.);
#470 = LINE('',#471,#472);
#471 = CARTESIAN_POINT('',(-1.34112E+04,-2.07264E+04,0.));
#472 = VECTOR('',#473,1.);
#473 = DIRECTION('',(0.,-1.,0.));
#474 = PLANE('',#475);
#475 = AXIS2_PLACEMENT_3D('',#476,#477,#478);
#476 = CARTESIAN_POINT('',(-1.34112E+04,-2.07264E+04,0.));
#477 = DIRECTION('',(-1.,0.,0.));
#478 = DIRECTION('',(0.,-1.,0.));
#479 = ADVANCED_FACE('',(#480),#505,.T.);
#480 = FACE_BOUND('',#481,.T.);
#481 = EDGE_LOOP('',(#482,#492,#498,#499));
#482 = ORIENTED_EDGE('',*,*,#483,.T.);
#483 = EDGE_CURVE('',#484,#486,#488,.T.);
#484 = VERTEX_POINT('',#485);
#485 = CARTESIAN_POINT('',(-1.46304E+04,-1.95072E+04,0.));
#486 = VERTEX_POINT('',#487);
#487 = CARTESIAN_POINT('',(-1.46304E+04,-1.95072E+04,-254.));
#488 = LINE('',#489,#490);
#489 = CARTESIAN_POINT('',(-1.46304E+04,-1.95072E+04,0.));
#490 = VECTOR('',#491,1.);
#491 = DIRECTION('',(-0.,-0.,-1.));
#492 = ORIENTED_EDGE('',*,*,#493,.T.);
#493 = EDGE_CURVE('',#486,#455,#494,.T.);
#494 = LINE('',#495,#496);
#495 = CARTESIAN_POINT('',(-1.46304E+04,-1.95072E+04,-254.));
#496 = VECTOR('',#497,1.);
#497 = DIRECTION('',(0.707106781187,-0.707106781187,0.));
#498 = ORIENTED_EDGE('',*,*,#452,.F.);
#499 = ORIENTED_EDGE('',*,*,#500,.F.);
#500 = EDGE_CURVE('',#484,#453,#501,.T.);
#501 = LINE('',#502,#503);
#502 = CARTESIAN_POINT('',(-1.46304E+04,-1.95072E+04,0.));
#503 = VECTOR('',#504,1.);
#504 = DIRECTION('',(0.707106781187,-0.707106781187,0.));
#505 = PLANE('',#506);
#506 = AXIS2_PLACEMENT_3D('',#507,#508,#509);
#507 = CARTESIAN_POINT('',(-1.46304E+04,-1.95072E+04,0.));
#508 = DIRECTION('',(-0.707106781187,-0.707106781187,0.));
#509 = DIRECTION('',(0.707106781187,-0.707106781187,0.));
#510 = ADVANCED_FACE('',(#511),#536,.T.);
#511 = FACE_BOUND('',#512,.T.);
#512 = EDGE_LOOP('',(#513,#514,#522,#530));
#513 = ORIENTED_EDGE('',*,*,#120,.T.);
#514 = ORIENTED_EDGE('',*,*,#515,.T.);
#515 = EDGE_CURVE('',#113,#516,#518,.T.);
#516 = VERTEX_POINT('',#517);
#517 = CARTESIAN_POINT('',(1.2192E+03,2.80416E+04,-254.));
#518 = LINE('',#519,#520);
#519 = CARTESIAN_POINT('',(1.34112E+04,2.80416E+04,-254.));
#520 = VECTOR('',#521,1.);
#521 = DIRECTION('',(-1.,0.,0.));
#522 = ORIENTED_EDGE('',*,*,#523,.F.);
#523 = EDGE_CURVE('',#524,#516,#526,.T.);
#524 = VERTEX_POINT('',#525);
#525 = CARTESIAN_POINT('',(1.2192E+03,2.80416E+04,0.));
#526 = LINE('',#527,#528);
#527 = CARTESIAN_POINT('',(1.2192E+03,2.80416E+04,0.));
#528 = VECTOR('',#529,1.);
#529 = DIRECTION('',(-0.,-0.,-1.));
#530 = ORIENTED_EDGE('',*,*,#531,.F.);
#531 = EDGE_CURVE('',#121,#524,#532,.T.);
#532 = LINE('',#533,#534);
#533 = CARTESIAN_POINT('',(1.34112E+04,2.80416E+04,0.));
#534 = VECTOR('',#535,1.);
#535 = DIRECTION('',(-1.,0.,0.));
#536 = PLANE('',#537);
#537 = AXIS2_PLACEMENT_3D('',#538,#539,#540);
#538 = CARTESIAN_POINT('',(1.34112E+04,2.80416E+04,0.));
#539 = DIRECTION('',(0.,1.,0.));
#540 = DIRECTION('',(-1.,0.,0.));
#541 = ADVANCED_FACE('',(#542),#576,.T.);
#542 = FACE_BOUND('',#543,.T.);
#543 = EDGE_LOOP('',(#544,#554,#562,#570));
#544 = ORIENTED_EDGE('',*,*,#545,.T.);
#545 = EDGE_CURVE('',#546,#548,#550,.T.);
#546 = VERTEX_POINT('',#547);
#547 = CARTESIAN_POINT('',(1.2192E+03,2.92608E+04,0.));
#548 = VERTEX_POINT('',#549);
#549 = CARTESIAN_POINT('',(1.2192E+03,2.92608E+04,-254.));
#550 = LINE('',#551,#552);
#551 = CARTESIAN_POINT('',(1.2192E+03,2.92608E+04,0.));
#552 = VECTOR('',#553,1.);
#553 = DIRECTION('',(-0.,-0.,-1.));
#554 = ORIENTED_EDGE('',*,*,#555,.T.);
#555 = EDGE_CURVE('',#548,#556,#558,.T.);
#556 = VERTEX_POINT('',#557);
#557 = CARTESIAN_POINT('',(-1.46304E+04,2.92608E+04,-254.));
#558 = LINE('',#559,#560);
#559 = CARTESIAN_POINT('',(1.2192E+03,2.92608E+04,-254.));
#560 = VECTOR('',#561,1.);
#561 = DIRECTION('',(-1.,0.,0.));
#562 = ORIENTED_EDGE('',*,*,#563,.F.);
#563 = EDGE_CURVE('',#564,#556,#566,.T.);
#564 = VERTEX_POINT('',#565);
#565 = CARTESIAN_POINT('',(-1.46304E+04,2.92608E+04,0.));
#566 = LINE('',#567,#568);
#567 = CARTESIAN_POINT('',(-1.46304E+04,2.92608E+04,0.));
#568 = VECTOR('',#569,1.);
#569 = DIRECTION('',(-0.,-0.,-1.));
#570 = ORIENTED_EDGE('',*,*,#571,.F.);
#571 = EDGE_CURVE('',#546,#564,#572,.T.);
#572 = LINE('',#573,#574);
#573 = CARTESIAN_POINT('',(1.2192E+03,2.92608E+04,0.));
#574 = VECTOR('',#575,1.);
#575 = DIRECTION('',(-1.,0.,0.));
#576 = PLANE('',#577);
#577 = AXIS2_PLACEMENT_3D('',#578,#579,#580);
#578 = CARTESIAN_POINT('',(1.2192E+03,2.92608E+04,0.));
#579 = DIRECTION('',(0.,1.,0.));
#580 = DIRECTION('',(-1.,0.,0.));
#581 = ADVANCED_FACE('',(#582),#598,.T.);
#582 = FACE_BOUND('',#583,.T.);
#583 = EDGE_LOOP('',(#584,#585,#591,#592));
#584 = ORIENTED_EDGE('',*,*,#523,.T.);
#585 = ORIENTED_EDGE('',*,*,#586,.T.);
#586 = EDGE_CURVE('',#516,#548,#587,.T.);
#587 = LINE('',#588,#589);
#588 = CARTESIAN_POINT('',(1.2192E+03,2.80416E+04,-254.));
#589 = VECTOR('',#590,1.);
#590 = DIRECTION('',(0.,1.,0.));
#591 = ORIENTED_EDGE('',*,*,#545,.F.);
#592 = ORIENTED_EDGE('',*,*,#593,.F.);
#593 = EDGE_CURVE('',#524,#546,#594,.T.);
#594 = LINE('',#595,#596);
#595 = CARTESIAN_POINT('',(1.2192E+03,2.80416E+04,0.));
#596 = VECTOR('',#597,1.);
#597 = DIRECTION('',(0.,1.,0.));
#598 = PLANE('',#599);
#599 = AXIS2_PLACEMENT_3D('',#600,#601,#602);
#600 = CARTESIAN_POINT('',(1.2192E+03,2.80416E+04,0.));
#601 = DIRECTION('',(1.,0.,0.));
#602 = DIRECTION('',(0.,1.,0.));
#603 = ADVANCED_FACE('',(#604),#628,.T.);
#604 = FACE_BOUND('',#605,.F.);
#605 = EDGE_LOOP('',(#606,#607,#608,#609,#610,#611,#612,#613,#614,#615,
    #616,#617,#618,#619,#625,#626,#627));
#606 = ORIENTED_EDGE('',*,*,#128,.F.);
#607 = ORIENTED_EDGE('',*,*,#159,.T.);
#608 = ORIENTED_EDGE('',*,*,#190,.T.);
#609 = ORIENTED_EDGE('',*,*,#221,.T.);
#610 = ORIENTED_EDGE('',*,*,#252,.T.);
#611 = ORIENTED_EDGE('',*,*,#283,.T.);
#612 = ORIENTED_EDGE('',*,*,#314,.T.);
#613 = ORIENTED_EDGE('',*,*,#345,.T.);
#614 = ORIENTED_EDGE('',*,*,#376,.T.);
#615 = ORIENTED_EDGE('',*,*,#407,.F.);
#616 = ORIENTED_EDGE('',*,*,#438,.F.);
#617 = ORIENTED_EDGE('',*,*,#469,.F.);
#618 = ORIENTED_EDGE('',*,*,#500,.F.);
#619 = ORIENTED_EDGE('',*,*,#620,.F.);
#620 = EDGE_CURVE('',#564,#484,#621,.T.);
#621 = LINE('',#622,#623);
#622 = CARTESIAN_POINT('',(-1.46304E+04,2.92608E+04,0.));
#623 = VECTOR('',#624,1.);
#624 = DIRECTION('',(0.,-1.,0.));
#625 = ORIENTED_EDGE('',*,*,#571,.F.);
#626 = ORIENTED_EDGE('',*,*,#593,.F.);
#627 = ORIENTED_EDGE('',*,*,#531,.F.);
#628 = PLANE('',#629);
#629 = AXIS2_PLACEMENT_3D('',#630,#631,#632);
#630 = CARTESIAN_POINT('',(13.547013794027,697.57281002584,0.));
#631 = DIRECTION('',(0.,0.,1.));
#632 = DIRECTION('',(1.,0.,0.));
#633 = ADVANCED_FACE('',(#634),#658,.F.);
#634 = FACE_BOUND('',#635,.T.);
#635 = EDGE_LOOP('',(#636,#637,#638,#639,#640,#641,#642,#643,#644,#645,
    #646,#647,#648,#649,#655,#656,#657));
#636 = ORIENTED_EDGE('',*,*,#112,.F.);
#637 = ORIENTED_EDGE('',*,*,#143,.T.);
#638 = ORIENTED_EDGE('',*,*,#174,.T.);
#639 = ORIENTED_EDGE('',*,*,#205,.T.);
#640 = ORIENTED_EDGE('',*,*,#236,.T.);
#641 = ORIENTED_EDGE('',*,*,#267,.T.);
#642 = ORIENTED_EDGE('',*,*,#298,.T.);
#643 = ORIENTED_EDGE('',*,*,#329,.T.);
#644 = ORIENTED_EDGE('',*,*,#360,.T.);
#645 = ORIENTED_EDGE('',*,*,#400,.F.);
#646 = ORIENTED_EDGE('',*,*,#431,.F.);
#647 = ORIENTED_EDGE('',*,*,#462,.F.);
#648 = ORIENTED_EDGE('',*,*,#493,.F.);
#649 = ORIENTED_EDGE('',*,*,#650,.T.);
#650 = EDGE_CURVE('',#486,#556,#651,.T.);
#651 = LINE('',#652,#653);
#652 = CARTESIAN_POINT('',(-1.46304E+04,-1.95072E+04,-254.));
#653 = VECTOR('',#654,1.);
#654 = DIRECTION('',(0.,1.,0.));
#655 = ORIENTED_EDGE('',*,*,#555,.F.);
#656 = ORIENTED_EDGE('',*,*,#586,.F.);
#657 = ORIENTED_EDGE('',*,*,#515,.F.);
#658 = PLANE('',#659);
#659 = AXIS2_PLACEMENT_3D('',#660,#661,#662);
#660 = CARTESIAN_POINT('',(13.547013794027,697.57281002584,-254.));
#661 = DIRECTION('',(0.,0.,1.));
#662 = DIRECTION('',(1.,0.,0.));
#663 = ADVANCED_FACE('',(#664),#670,.T.);
#664 = FACE_BOUND('',#665,.T.);
#665 = EDGE_LOOP('',(#666,#667,#668,#669));
#666 = ORIENTED_EDGE('',*,*,#483,.F.);
#667 = ORIENTED_EDGE('',*,*,#620,.F.);
#668 = ORIENTED_EDGE('',*,*,#563,.T.);
#669 = ORIENTED_EDGE('',*,*,#650,.F.);
#670 = PLANE('',#671);
#671 = AXIS2_PLACEMENT_3D('',#672,#673,#674);
#672 = CARTESIAN_POINT('',(-1.46304E+04,4.8768E+03,-127.));
#673 = DIRECTION('',(-1.,-0.,-0.));
#674 = DIRECTION('',(0.,0.,-1.));
#675 = ( GEOMETRIC_REPRESENTATION_CONTEXT(3) 
GLOBAL_UNCERTAINTY_ASSIGNED_CONTEXT((#679)) GLOBAL_UNIT_ASSIGNED_CONTEXT
((#676,#677,#678)) REPRESENTATION_CONTEXT('Context #1',
  '3D Context with UNIT and UNCERTAINTY') );
#676 = ( LENGTH_UNIT() NAMED_UNIT(*) SI_UNIT(.MILLI.,.METRE.) );
#677 = ( NAMED_UNIT(*) PLANE_ANGLE_UNIT() SI_UNIT($,.RADIAN.) );
#678 = ( NAMED_UNIT(*) SI_UNIT($,.STERADIAN.) SOLID_ANGLE_UNIT() );
#679 = UNCERTAINTY_MEASURE_WITH_UNIT(LENGTH_MEASURE(1.E-07),#676,
  'distance_accuracy_value','confusion accuracy');
#680 = CONTEXT_DEPENDENT_SHAPE_REPRESENTATION(#681,#683);
#681 = ( REPRESENTATION_RELATIONSHIP('','',#95,#48) 
REPRESENTATION_RELATIONSHIP_WITH_TRANSFORMATION(#682) 
SHAPE_REPRESENTATION_RELATIONSHIP() );
#682 = ITEM_DEFINED_TRANSFORMATION('','',#11,#49);
#683 = PRODUCT_DEFINITION_SHAPE('Placement','Placement of an item',#684
  );
#684 = NEXT_ASSEMBLY_USAGE_OCCURRENCE('1','FirstFloor','',#43,#90,$);
#685 = PRODUCT_RELATED_PRODUCT_CATEGORY('part',$,(#92));
#686 = SHAPE_DEFINITION_REPRESENTATION(#687,#693);
#687 = PRODUCT_DEFINITION_SHAPE('','',#688);
#688 = PRODUCT_DEFINITION('design','',#689,#692);
#689 = PRODUCT_DEFINITION_FORMATION('','',#690);
#690 = PRODUCT('SecondFloor','SecondFloor','',(#691));
#691 = PRODUCT_CONTEXT('',#2,'mechanical');
#692 = PRODUCT_DEFINITION_CONTEXT('part definition',#2,'design');
#693 = ADVANCED_BREP_SHAPE_REPRESENTATION('',(#11,#694),#1273);
#694 = MANIFOLD_SOLID_BREP('',#695);
#695 = CLOSED_SHELL('',(#696,#736,#767,#798,#829,#860,#891,#922,#953,
    #984,#1063,#1094,#1118,#1142,#1166,#1190,#1214,#1249,#1261));
#696 = ADVANCED_FACE('',(#697),#731,.F.);
#697 = FACE_BOUND('',#698,.F.);
#698 = EDGE_LOOP('',(#699,#709,#717,#725));
#699 = ORIENTED_EDGE('',*,*,#700,.T.);
#700 = EDGE_CURVE('',#701,#703,#705,.T.);
#701 = VERTEX_POINT('',#702);
#702 = CARTESIAN_POINT('',(1.34112E+04,-1.46304E+04,0.));
#703 = VERTEX_POINT('',#704);
#704 = CARTESIAN_POINT('',(1.34112E+04,-1.46304E+04,-127.));
#705 = LINE('',#706,#707);
#706 = CARTESIAN_POINT('',(1.34112E+04,-1.46304E+04,0.));
#707 = VECTOR('',#708,1.);
#708 = DIRECTION('',(-0.,-0.,-1.));
#709 = ORIENTED_EDGE('',*,*,#710,.T.);
#710 = EDGE_CURVE('',#703,#711,#713,.T.);
#711 = VERTEX_POINT('',#712);
#712 = CARTESIAN_POINT('',(1.34112E+04,-2.80416E+04,-127.));
#713 = LINE('',#714,#715);
#714 = CARTESIAN_POINT('',(1.34112E+04,-1.46304E+04,-127.));
#715 = VECTOR('',#716,1.);
#716 = DIRECTION('',(0.,-1.,0.));
#717 = ORIENTED_EDGE('',*,*,#718,.F.);
#718 = EDGE_CURVE('',#719,#711,#721,.T.);
#719 = VERTEX_POINT('',#720);
#720 = CARTESIAN_POINT('',(1.34112E+04,-2.80416E+04,0.));
#721 = LINE('',#722,#723);
#722 = CARTESIAN_POINT('',(1.34112E+04,-2.80416E+04,0.));
#723 = VECTOR('',#724,1.);
#724 = DIRECTION('',(-0.,-0.,-1.));
#725 = ORIENTED_EDGE('',*,*,#726,.F.);
#726 = EDGE_CURVE('',#701,#719,#727,.T.);
#727 = LINE('',#728,#729);
#728 = CARTESIAN_POINT('',(1.34112E+04,-1.46304E+04,0.));
#729 = VECTOR('',#730,1.);
#730 = DIRECTION('',(0.,-1.,0.));
#731 = PLANE('',#732);
#732 = AXIS2_PLACEMENT_3D('',#733,#734,#735);
#733 = CARTESIAN_POINT('',(1.34112E+04,-1.46304E+04,0.));
#734 = DIRECTION('',(-1.,0.,0.));
#735 = DIRECTION('',(0.,-1.,0.));
#736 = ADVANCED_FACE('',(#737),#762,.F.);
#737 = FACE_BOUND('',#738,.F.);
#738 = EDGE_LOOP('',(#739,#740,#748,#756));
#739 = ORIENTED_EDGE('',*,*,#718,.T.);
#740 = ORIENTED_EDGE('',*,*,#741,.T.);
#741 = EDGE_CURVE('',#711,#742,#744,.T.);
#742 = VERTEX_POINT('',#743);
#743 = CARTESIAN_POINT('',(1.2192E+03,-2.80416E+04,-127.));
#744 = LINE('',#745,#746);
#745 = CARTESIAN_POINT('',(1.34112E+04,-2.80416E+04,-127.));
#746 = VECTOR('',#747,1.);
#747 = DIRECTION('',(-1.,0.,0.));
#748 = ORIENTED_EDGE('',*,*,#749,.F.);
#749 = EDGE_CURVE('',#750,#742,#752,.T.);
#750 = VERTEX_POINT('',#751);
#751 = CARTESIAN_POINT('',(1.2192E+03,-2.80416E+04,0.));
#752 = LINE('',#753,#754);
#753 = CARTESIAN_POINT('',(1.2192E+03,-2.80416E+04,0.));
#754 = VECTOR('',#755,1.);
#755 = DIRECTION('',(-0.,-0.,-1.));
#756 = ORIENTED_EDGE('',*,*,#757,.F.);
#757 = EDGE_CURVE('',#719,#750,#758,.T.);
#758 = LINE('',#759,#760);
#759 = CARTESIAN_POINT('',(1.34112E+04,-2.80416E+04,0.));
#760 = VECTOR('',#761,1.);
#761 = DIRECTION('',(-1.,0.,0.));
#762 = PLANE('',#763);
#763 = AXIS2_PLACEMENT_3D('',#764,#765,#766);
#764 = CARTESIAN_POINT('',(1.34112E+04,-2.80416E+04,0.));
#765 = DIRECTION('',(0.,1.,0.));
#766 = DIRECTION('',(-1.,0.,0.));
#767 = ADVANCED_FACE('',(#768),#793,.F.);
#768 = FACE_BOUND('',#769,.F.);
#769 = EDGE_LOOP('',(#770,#771,#779,#787));
#770 = ORIENTED_EDGE('',*,*,#749,.T.);
#771 = ORIENTED_EDGE('',*,*,#772,.T.);
#772 = EDGE_CURVE('',#742,#773,#775,.T.);
#773 = VERTEX_POINT('',#774);
#774 = CARTESIAN_POINT('',(1.2192E+03,-2.92608E+04,-127.));
#775 = LINE('',#776,#777);
#776 = CARTESIAN_POINT('',(1.2192E+03,-2.80416E+04,-127.));
#777 = VECTOR('',#778,1.);
#778 = DIRECTION('',(0.,-1.,0.));
#779 = ORIENTED_EDGE('',*,*,#780,.F.);
#780 = EDGE_CURVE('',#781,#773,#783,.T.);
#781 = VERTEX_POINT('',#782);
#782 = CARTESIAN_POINT('',(1.2192E+03,-2.92608E+04,0.));
#783 = LINE('',#784,#785);
#784 = CARTESIAN_POINT('',(1.2192E+03,-2.92608E+04,0.));
#785 = VECTOR('',#786,1.);
#786 = DIRECTION('',(-0.,-0.,-1.));
#787 = ORIENTED_EDGE('',*,*,#788,.F.);
#788 = EDGE_CURVE('',#750,#781,#789,.T.);
#789 = LINE('',#790,#791);
#790 = CARTESIAN_POINT('',(1.2192E+03,-2.80416E+04,0.));
#791 = VECTOR('',#792,1.);
#792 = DIRECTION('',(0.,-1.,0.));
#793 = PLANE('',#794);
#794 = AXIS2_PLACEMENT_3D('',#795,#796,#797);
#795 = CARTESIAN_POINT('',(1.2192E+03,-2.80416E+04,0.));
#796 = DIRECTION('',(-1.,0.,0.));
#797 = DIRECTION('',(0.,-1.,0.));
#798 = ADVANCED_FACE('',(#799),#824,.F.);
#799 = FACE_BOUND('',#800,.F.);
#800 = EDGE_LOOP('',(#801,#802,#810,#818));
#801 = ORIENTED_EDGE('',*,*,#780,.T.);
#802 = ORIENTED_EDGE('',*,*,#803,.T.);
#803 = EDGE_CURVE('',#773,#804,#806,.T.);
#804 = VERTEX_POINT('',#805);
#805 = CARTESIAN_POINT('',(-4.8768E+03,-2.92608E+04,-127.));
#806 = LINE('',#807,#808);
#807 = CARTESIAN_POINT('',(1.2192E+03,-2.92608E+04,-127.));
#808 = VECTOR('',#809,1.);
#809 = DIRECTION('',(-1.,0.,0.));
#810 = ORIENTED_EDGE('',*,*,#811,.F.);
#811 = EDGE_CURVE('',#812,#804,#814,.T.);
#812 = VERTEX_POINT('',#813);
#813 = CARTESIAN_POINT('',(-4.8768E+03,-2.92608E+04,0.));
#814 = LINE('',#815,#816);
#815 = CARTESIAN_POINT('',(-4.8768E+03,-2.92608E+04,0.));
#816 = VECTOR('',#817,1.);
#817 = DIRECTION('',(-0.,-0.,-1.));
#818 = ORIENTED_EDGE('',*,*,#819,.F.);
#819 = EDGE_CURVE('',#781,#812,#820,.T.);
#820 = LINE('',#821,#822);
#821 = CARTESIAN_POINT('',(1.2192E+03,-2.92608E+04,0.));
#822 = VECTOR('',#823,1.);
#823 = DIRECTION('',(-1.,0.,0.));
#824 = PLANE('',#825);
#825 = AXIS2_PLACEMENT_3D('',#826,#827,#828);
#826 = CARTESIAN_POINT('',(1.2192E+03,-2.92608E+04,0.));
#827 = DIRECTION('',(0.,1.,0.));
#828 = DIRECTION('',(-1.,0.,0.));
#829 = ADVANCED_FACE('',(#830),#855,.F.);
#830 = FACE_BOUND('',#831,.F.);
#831 = EDGE_LOOP('',(#832,#833,#841,#849));
#832 = ORIENTED_EDGE('',*,*,#811,.T.);
#833 = ORIENTED_EDGE('',*,*,#834,.T.);
#834 = EDGE_CURVE('',#804,#835,#837,.T.);
#835 = VERTEX_POINT('',#836);
#836 = CARTESIAN_POINT('',(-6.096E+03,-2.80416E+04,-127.));
#837 = LINE('',#838,#839);
#838 = CARTESIAN_POINT('',(-4.8768E+03,-2.92608E+04,-127.));
#839 = VECTOR('',#840,1.);
#840 = DIRECTION('',(-0.707106781187,0.707106781187,0.));
#841 = ORIENTED_EDGE('',*,*,#842,.F.);
#842 = EDGE_CURVE('',#843,#835,#845,.T.);
#843 = VERTEX_POINT('',#844);
#844 = CARTESIAN_POINT('',(-6.096E+03,-2.80416E+04,0.));
#845 = LINE('',#846,#847);
#846 = CARTESIAN_POINT('',(-6.096E+03,-2.80416E+04,0.));
#847 = VECTOR('',#848,1.);
#848 = DIRECTION('',(-0.,-0.,-1.));
#849 = ORIENTED_EDGE('',*,*,#850,.F.);
#850 = EDGE_CURVE('',#812,#843,#851,.T.);
#851 = LINE('',#852,#853);
#852 = CARTESIAN_POINT('',(-4.8768E+03,-2.92608E+04,0.));
#853 = VECTOR('',#854,1.);
#854 = DIRECTION('',(-0.707106781187,0.707106781187,0.));
#855 = PLANE('',#856);
#856 = AXIS2_PLACEMENT_3D('',#857,#858,#859);
#857 = CARTESIAN_POINT('',(-4.8768E+03,-2.92608E+04,0.));
#858 = DIRECTION('',(0.707106781187,0.707106781187,0.));
#859 = DIRECTION('',(-0.707106781187,0.707106781187,0.));
#860 = ADVANCED_FACE('',(#861),#886,.T.);
#861 = FACE_BOUND('',#862,.T.);
#862 = EDGE_LOOP('',(#863,#873,#879,#880));
#863 = ORIENTED_EDGE('',*,*,#864,.T.);
#864 = EDGE_CURVE('',#865,#867,#869,.T.);
#865 = VERTEX_POINT('',#866);
#866 = CARTESIAN_POINT('',(-9.7536E+03,-2.80416E+04,0.));
#867 = VERTEX_POINT('',#868);
#868 = CARTESIAN_POINT('',(-9.7536E+03,-2.80416E+04,-127.));
#869 = LINE('',#870,#871);
#870 = CARTESIAN_POINT('',(-9.7536E+03,-2.80416E+04,0.));
#871 = VECTOR('',#872,1.);
#872 = DIRECTION('',(-0.,-0.,-1.));
#873 = ORIENTED_EDGE('',*,*,#874,.T.);
#874 = EDGE_CURVE('',#867,#835,#875,.T.);
#875 = LINE('',#876,#877);
#876 = CARTESIAN_POINT('',(-9.7536E+03,-2.80416E+04,-127.));
#877 = VECTOR('',#878,1.);
#878 = DIRECTION('',(1.,0.,0.));
#879 = ORIENTED_EDGE('',*,*,#842,.F.);
#880 = ORIENTED_EDGE('',*,*,#881,.F.);
#881 = EDGE_CURVE('',#865,#843,#882,.T.);
#882 = LINE('',#883,#884);
#883 = CARTESIAN_POINT('',(-9.7536E+03,-2.80416E+04,0.));
#884 = VECTOR('',#885,1.);
#885 = DIRECTION('',(1.,0.,0.));
#886 = PLANE('',#887);
#887 = AXIS2_PLACEMENT_3D('',#888,#889,#890);
#888 = CARTESIAN_POINT('',(-9.7536E+03,-2.80416E+04,0.));
#889 = DIRECTION('',(0.,-1.,0.));
#890 = DIRECTION('',(1.,0.,0.));
#891 = ADVANCED_FACE('',(#892),#917,.T.);
#892 = FACE_BOUND('',#893,.T.);
#893 = EDGE_LOOP('',(#894,#904,#910,#911));
#894 = ORIENTED_EDGE('',*,*,#895,.T.);
#895 = EDGE_CURVE('',#896,#898,#900,.T.);
#896 = VERTEX_POINT('',#897);
#897 = CARTESIAN_POINT('',(-1.34112E+04,-2.4384E+04,0.));
#898 = VERTEX_POINT('',#899);
#899 = CARTESIAN_POINT('',(-1.34112E+04,-2.4384E+04,-127.));
#900 = LINE('',#901,#902);
#901 = CARTESIAN_POINT('',(-1.34112E+04,-2.4384E+04,0.));
#902 = VECTOR('',#903,1.);
#903 = DIRECTION('',(-0.,-0.,-1.));
#904 = ORIENTED_EDGE('',*,*,#905,.T.);
#905 = EDGE_CURVE('',#898,#867,#906,.T.);
#906 = LINE('',#907,#908);
#907 = CARTESIAN_POINT('',(-1.34112E+04,-2.4384E+04,-127.));
#908 = VECTOR('',#909,1.);
#909 = DIRECTION('',(0.707106781187,-0.707106781187,0.));
#910 = ORIENTED_EDGE('',*,*,#864,.F.);
#911 = ORIENTED_EDGE('',*,*,#912,.F.);
#912 = EDGE_CURVE('',#896,#865,#913,.T.);
#913 = LINE('',#914,#915);
#914 = CARTESIAN_POINT('',(-1.34112E+04,-2.4384E+04,0.));
#915 = VECTOR('',#916,1.);
#916 = DIRECTION('',(0.707106781187,-0.707106781187,0.));
#917 = PLANE('',#918);
#918 = AXIS2_PLACEMENT_3D('',#919,#920,#921);
#919 = CARTESIAN_POINT('',(-1.34112E+04,-2.4384E+04,0.));
#920 = DIRECTION('',(-0.707106781187,-0.707106781187,0.));
#921 = DIRECTION('',(0.707106781187,-0.707106781187,0.));
#922 = ADVANCED_FACE('',(#923),#948,.T.);
#923 = FACE_BOUND('',#924,.T.);
#924 = EDGE_LOOP('',(#925,#935,#941,#942));
#925 = ORIENTED_EDGE('',*,*,#926,.T.);
#926 = EDGE_CURVE('',#927,#929,#931,.T.);
#927 = VERTEX_POINT('',#928);
#928 = CARTESIAN_POINT('',(-1.34112E+04,-2.07264E+04,0.));
#929 = VERTEX_POINT('',#930);
#930 = CARTESIAN_POINT('',(-1.34112E+04,-2.07264E+04,-127.));
#931 = LINE('',#932,#933);
#932 = CARTESIAN_POINT('',(-1.34112E+04,-2.07264E+04,0.));
#933 = VECTOR('',#934,1.);
#934 = DIRECTION('',(-0.,-0.,-1.));
#935 = ORIENTED_EDGE('',*,*,#936,.T.);
#936 = EDGE_CURVE('',#929,#898,#937,.T.);
#937 = LINE('',#938,#939);
#938 = CARTESIAN_POINT('',(-1.34112E+04,-2.07264E+04,-127.));
#939 = VECTOR('',#940,1.);
#940 = DIRECTION('',(0.,-1.,0.));
#941 = ORIENTED_EDGE('',*,*,#895,.F.);
#942 = ORIENTED_EDGE('',*,*,#943,.F.);
#943 = EDGE_CURVE('',#927,#896,#944,.T.);
#944 = LINE('',#945,#946);
#945 = CARTESIAN_POINT('',(-1.34112E+04,-2.07264E+04,0.));
#946 = VECTOR('',#947,1.);
#947 = DIRECTION('',(0.,-1.,0.));
#948 = PLANE('',#949);
#949 = AXIS2_PLACEMENT_3D('',#950,#951,#952);
#950 = CARTESIAN_POINT('',(-1.34112E+04,-2.07264E+04,0.));
#951 = DIRECTION('',(-1.,0.,0.));
#952 = DIRECTION('',(0.,-1.,0.));
#953 = ADVANCED_FACE('',(#954),#979,.T.);
#954 = FACE_BOUND('',#955,.T.);
#955 = EDGE_LOOP('',(#956,#966,#972,#973));
#956 = ORIENTED_EDGE('',*,*,#957,.T.);
#957 = EDGE_CURVE('',#958,#960,#962,.T.);
#958 = VERTEX_POINT('',#959);
#959 = CARTESIAN_POINT('',(-1.46304E+04,-1.95072E+04,0.));
#960 = VERTEX_POINT('',#961);
#961 = CARTESIAN_POINT('',(-1.46304E+04,-1.95072E+04,-127.));
#962 = LINE('',#963,#964);
#963 = CARTESIAN_POINT('',(-1.46304E+04,-1.95072E+04,0.));
#964 = VECTOR('',#965,1.);
#965 = DIRECTION('',(-0.,-0.,-1.));
#966 = ORIENTED_EDGE('',*,*,#967,.T.);
#967 = EDGE_CURVE('',#960,#929,#968,.T.);
#968 = LINE('',#969,#970);
#969 = CARTESIAN_POINT('',(-1.46304E+04,-1.95072E+04,-127.));
#970 = VECTOR('',#971,1.);
#971 = DIRECTION('',(0.707106781187,-0.707106781187,0.));
#972 = ORIENTED_EDGE('',*,*,#926,.F.);
#973 = ORIENTED_EDGE('',*,*,#974,.F.);
#974 = EDGE_CURVE('',#958,#927,#975,.T.);
#975 = LINE('',#976,#977);
#976 = CARTESIAN_POINT('',(-1.46304E+04,-1.95072E+04,0.));
#977 = VECTOR('',#978,1.);
#978 = DIRECTION('',(0.707106781187,-0.707106781187,0.));
#979 = PLANE('',#980);
#980 = AXIS2_PLACEMENT_3D('',#981,#982,#983);
#981 = CARTESIAN_POINT('',(-1.46304E+04,-1.95072E+04,0.));
#982 = DIRECTION('',(-0.707106781187,-0.707106781187,0.));
#983 = DIRECTION('',(0.707106781187,-0.707106781187,0.));
#984 = ADVANCED_FACE('',(#985),#1058,.T.);
#985 = FACE_BOUND('',#986,.F.);
#986 = EDGE_LOOP('',(#987,#995,#996,#997,#998,#999,#1000,#1001,#1002,
    #1003,#1004,#1012,#1020,#1028,#1036,#1044,#1052));
#987 = ORIENTED_EDGE('',*,*,#988,.T.);
#988 = EDGE_CURVE('',#989,#701,#991,.T.);
#989 = VERTEX_POINT('',#990);
#990 = CARTESIAN_POINT('',(7.069E-13,-1.46304E+04,0.));
#991 = LINE('',#992,#993);
#992 = CARTESIAN_POINT('',(1.114796E+04,-1.46304E+04,0.));
#993 = VECTOR('',#994,1.);
#994 = DIRECTION('',(1.,0.,0.));
#995 = ORIENTED_EDGE('',*,*,#726,.T.);
#996 = ORIENTED_EDGE('',*,*,#757,.T.);
#997 = ORIENTED_EDGE('',*,*,#788,.T.);
#998 = ORIENTED_EDGE('',*,*,#819,.T.);
#999 = ORIENTED_EDGE('',*,*,#850,.T.);
#1000 = ORIENTED_EDGE('',*,*,#881,.F.);
#1001 = ORIENTED_EDGE('',*,*,#912,.F.);
#1002 = ORIENTED_EDGE('',*,*,#943,.F.);
#1003 = ORIENTED_EDGE('',*,*,#974,.F.);
#1004 = ORIENTED_EDGE('',*,*,#1005,.F.);
#1005 = EDGE_CURVE('',#1006,#958,#1008,.T.);
#1006 = VERTEX_POINT('',#1007);
#1007 = CARTESIAN_POINT('',(-1.46304E+04,1.26746E+04,0.));
#1008 = LINE('',#1009,#1010);
#1009 = CARTESIAN_POINT('',(-1.46304E+04,1.26746E+04,0.));
#1010 = VECTOR('',#1011,1.);
#1011 = DIRECTION('',(0.,-1.,0.));
#1012 = ORIENTED_EDGE('',*,*,#1013,.F.);
#1013 = EDGE_CURVE('',#1014,#1006,#1016,.T.);
#1014 = VERTEX_POINT('',#1015);
#1015 = CARTESIAN_POINT('',(-8.21954E+03,1.26746E+04,0.));
#1016 = LINE('',#1017,#1018);
#1017 = CARTESIAN_POINT('',(-8.21954E+03,1.26746E+04,0.));
#1018 = VECTOR('',#1019,1.);
#1019 = DIRECTION('',(-1.,0.,0.));
#1020 = ORIENTED_EDGE('',*,*,#1021,.T.);
#1021 = EDGE_CURVE('',#1014,#1022,#1024,.T.);
#1022 = VERTEX_POINT('',#1023);
#1023 = CARTESIAN_POINT('',(-8.21954E+03,-1.8288E+04,0.));
#1024 = LINE('',#1025,#1026);
#1025 = CARTESIAN_POINT('',(-8.21954E+03,1.26746E+04,0.));
#1026 = VECTOR('',#1027,1.);
#1027 = DIRECTION('',(0.,-1.,0.));
#1028 = ORIENTED_EDGE('',*,*,#1029,.T.);
#1029 = EDGE_CURVE('',#1022,#1030,#1032,.T.);
#1030 = VERTEX_POINT('',#1031);
#1031 = CARTESIAN_POINT('',(-6.87334E+03,-1.8288E+04,0.));
#1032 = LINE('',#1033,#1034);
#1033 = CARTESIAN_POINT('',(-8.21954E+03,-1.8288E+04,0.));
#1034 = VECTOR('',#1035,1.);
#1035 = DIRECTION('',(1.,2.702405888495E-15,0.));
#1036 = ORIENTED_EDGE('',*,*,#1037,.T.);
#1037 = EDGE_CURVE('',#1030,#1038,#1040,.T.);
#1038 = VERTEX_POINT('',#1039);
#1039 = CARTESIAN_POINT('',(-6.87334E+03,-1.07697E+04,0.));
#1040 = LINE('',#1041,#1042);
#1041 = CARTESIAN_POINT('',(-6.87334E+03,-1.8288E+04,0.));
#1042 = VECTOR('',#1043,1.);
#1043 = DIRECTION('',(0.,1.,0.));
#1044 = ORIENTED_EDGE('',*,*,#1045,.T.);
#1045 = EDGE_CURVE('',#1038,#1046,#1048,.T.);
#1046 = VERTEX_POINT('',#1047);
#1047 = CARTESIAN_POINT('',(9.094973508817E-13,-1.07697E+04,0.));
#1048 = LINE('',#1049,#1050);
#1049 = CARTESIAN_POINT('',(-6.87334E+03,-1.07697E+04,0.));
#1050 = VECTOR('',#1051,1.);
#1051 = DIRECTION('',(1.,0.,0.));
#1052 = ORIENTED_EDGE('',*,*,#1053,.F.);
#1053 = EDGE_CURVE('',#989,#1046,#1054,.T.);
#1054 = LINE('',#1055,#1056);
#1055 = CARTESIAN_POINT('',(7.069E-13,-1.46304E+04,0.));
#1056 = VECTOR('',#1057,1.);
#1057 = DIRECTION('',(5.247752998161E-17,1.,0.));
#1058 = PLANE('',#1059);
#1059 = AXIS2_PLACEMENT_3D('',#1060,#1061,#1062);
#1060 = CARTESIAN_POINT('',(-4.664521063408E+03,-1.198507669038E+04,0.)
  );
#1061 = DIRECTION('',(0.,0.,1.));
#1062 = DIRECTION('',(1.,0.,0.));
#1063 = ADVANCED_FACE('',(#1064),#1089,.T.);
#1064 = FACE_BOUND('',#1065,.T.);
#1065 = EDGE_LOOP('',(#1066,#1074,#1082,#1088));
#1066 = ORIENTED_EDGE('',*,*,#1067,.T.);
#1067 = EDGE_CURVE('',#1014,#1068,#1070,.T.);
#1068 = VERTEX_POINT('',#1069);
#1069 = CARTESIAN_POINT('',(-8.21954E+03,1.26746E+04,-127.));
#1070 = LINE('',#1071,#1072);
#1071 = CARTESIAN_POINT('',(-8.21954E+03,1.26746E+04,0.));
#1072 = VECTOR('',#1073,1.);
#1073 = DIRECTION('',(-0.,-0.,-1.));
#1074 = ORIENTED_EDGE('',*,*,#1075,.T.);
#1075 = EDGE_CURVE('',#1068,#1076,#1078,.T.);
#1076 = VERTEX_POINT('',#1077);
#1077 = CARTESIAN_POINT('',(-1.46304E+04,1.26746E+04,-127.));
#1078 = LINE('',#1079,#1080);
#1079 = CARTESIAN_POINT('',(-8.21954E+03,1.26746E+04,-127.));
#1080 = VECTOR('',#1081,1.);
#1081 = DIRECTION('',(-1.,0.,0.));
#1082 = ORIENTED_EDGE('',*,*,#1083,.F.);
#1083 = EDGE_CURVE('',#1006,#1076,#1084,.T.);
#1084 = LINE('',#1085,#1086);
#1085 = CARTESIAN_POINT('',(-1.46304E+04,1.26746E+04,0.));
#1086 = VECTOR('',#1087,1.);
#1087 = DIRECTION('',(-0.,-0.,-1.));
#1088 = ORIENTED_EDGE('',*,*,#1013,.F.);
#1089 = PLANE('',#1090);
#1090 = AXIS2_PLACEMENT_3D('',#1091,#1092,#1093);
#1091 = CARTESIAN_POINT('',(-8.21954E+03,1.26746E+04,0.));
#1092 = DIRECTION('',(0.,1.,0.));
#1093 = DIRECTION('',(-1.,0.,0.));
#1094 = ADVANCED_FACE('',(#1095),#1113,.F.);
#1095 = FACE_BOUND('',#1096,.F.);
#1096 = EDGE_LOOP('',(#1097,#1098,#1106,#1112));
#1097 = ORIENTED_EDGE('',*,*,#1067,.T.);
#1098 = ORIENTED_EDGE('',*,*,#1099,.T.);
#1099 = EDGE_CURVE('',#1068,#1100,#1102,.T.);
#1100 = VERTEX_POINT('',#1101);
#1101 = CARTESIAN_POINT('',(-8.21954E+03,-1.8288E+04,-127.));
#1102 = LINE('',#1103,#1104);
#1103 = CARTESIAN_POINT('',(-8.21954E+03,1.26746E+04,-127.));
#1104 = VECTOR('',#1105,1.);
#1105 = DIRECTION('',(0.,-1.,0.));
#1106 = ORIENTED_EDGE('',*,*,#1107,.F.);
#1107 = EDGE_CURVE('',#1022,#1100,#1108,.T.);
#1108 = LINE('',#1109,#1110);
#1109 = CARTESIAN_POINT('',(-8.21954E+03,-1.8288E+04,0.));
#1110 = VECTOR('',#1111,1.);
#1111 = DIRECTION('',(-0.,-0.,-1.));
#1112 = ORIENTED_EDGE('',*,*,#1021,.F.);
#1113 = PLANE('',#1114);
#1114 = AXIS2_PLACEMENT_3D('',#1115,#1116,#1117);
#1115 = CARTESIAN_POINT('',(-8.21954E+03,1.26746E+04,0.));
#1116 = DIRECTION('',(-1.,0.,0.));
#1117 = DIRECTION('',(0.,-1.,0.));
#1118 = ADVANCED_FACE('',(#1119),#1137,.F.);
#1119 = FACE_BOUND('',#1120,.F.);
#1120 = EDGE_LOOP('',(#1121,#1122,#1130,#1136));
#1121 = ORIENTED_EDGE('',*,*,#1107,.T.);
#1122 = ORIENTED_EDGE('',*,*,#1123,.T.);
#1123 = EDGE_CURVE('',#1100,#1124,#1126,.T.);
#1124 = VERTEX_POINT('',#1125);
#1125 = CARTESIAN_POINT('',(-6.87334E+03,-1.8288E+04,-127.));
#1126 = LINE('',#1127,#1128);
#1127 = CARTESIAN_POINT('',(-8.21954E+03,-1.8288E+04,-127.));
#1128 = VECTOR('',#1129,1.);
#1129 = DIRECTION('',(1.,2.702405888495E-15,0.));
#1130 = ORIENTED_EDGE('',*,*,#1131,.F.);
#1131 = EDGE_CURVE('',#1030,#1124,#1132,.T.);
#1132 = LINE('',#1133,#1134);
#1133 = CARTESIAN_POINT('',(-6.87334E+03,-1.8288E+04,0.));
#1134 = VECTOR('',#1135,1.);
#1135 = DIRECTION('',(-0.,-0.,-1.));
#1136 = ORIENTED_EDGE('',*,*,#1029,.F.);
#1137 = PLANE('',#1138);
#1138 = AXIS2_PLACEMENT_3D('',#1139,#1140,#1141);
#1139 = CARTESIAN_POINT('',(-8.21954E+03,-1.8288E+04,0.));
#1140 = DIRECTION('',(2.702405888495E-15,-1.,0.));
#1141 = DIRECTION('',(1.,2.702405888495E-15,0.));
#1142 = ADVANCED_FACE('',(#1143),#1161,.F.);
#1143 = FACE_BOUND('',#1144,.F.);
#1144 = EDGE_LOOP('',(#1145,#1146,#1154,#1160));
#1145 = ORIENTED_EDGE('',*,*,#1131,.T.);
#1146 = ORIENTED_EDGE('',*,*,#1147,.T.);
#1147 = EDGE_CURVE('',#1124,#1148,#1150,.T.);
#1148 = VERTEX_POINT('',#1149);
#1149 = CARTESIAN_POINT('',(-6.87334E+03,-1.07697E+04,-127.));
#1150 = LINE('',#1151,#1152);
#1151 = CARTESIAN_POINT('',(-6.87334E+03,-1.8288E+04,-127.));
#1152 = VECTOR('',#1153,1.);
#1153 = DIRECTION('',(0.,1.,0.));
#1154 = ORIENTED_EDGE('',*,*,#1155,.F.);
#1155 = EDGE_CURVE('',#1038,#1148,#1156,.T.);
#1156 = LINE('',#1157,#1158);
#1157 = CARTESIAN_POINT('',(-6.87334E+03,-1.07697E+04,0.));
#1158 = VECTOR('',#1159,1.);
#1159 = DIRECTION('',(-0.,-0.,-1.));
#1160 = ORIENTED_EDGE('',*,*,#1037,.F.);
#1161 = PLANE('',#1162);
#1162 = AXIS2_PLACEMENT_3D('',#1163,#1164,#1165);
#1163 = CARTESIAN_POINT('',(-6.87334E+03,-1.8288E+04,0.));
#1164 = DIRECTION('',(1.,0.,0.));
#1165 = DIRECTION('',(0.,1.,0.));
#1166 = ADVANCED_FACE('',(#1167),#1185,.F.);
#1167 = FACE_BOUND('',#1168,.F.);
#1168 = EDGE_LOOP('',(#1169,#1170,#1178,#1184));
#1169 = ORIENTED_EDGE('',*,*,#1155,.T.);
#1170 = ORIENTED_EDGE('',*,*,#1171,.T.);
#1171 = EDGE_CURVE('',#1148,#1172,#1174,.T.);
#1172 = VERTEX_POINT('',#1173);
#1173 = CARTESIAN_POINT('',(9.094973508817E-13,-1.07697E+04,-127.));
#1174 = LINE('',#1175,#1176);
#1175 = CARTESIAN_POINT('',(-6.87334E+03,-1.07697E+04,-127.));
#1176 = VECTOR('',#1177,1.);
#1177 = DIRECTION('',(1.,0.,0.));
#1178 = ORIENTED_EDGE('',*,*,#1179,.F.);
#1179 = EDGE_CURVE('',#1046,#1172,#1180,.T.);
#1180 = LINE('',#1181,#1182);
#1181 = CARTESIAN_POINT('',(9.094973508817E-13,-1.07697E+04,0.));
#1182 = VECTOR('',#1183,1.);
#1183 = DIRECTION('',(-0.,-0.,-1.));
#1184 = ORIENTED_EDGE('',*,*,#1045,.F.);
#1185 = PLANE('',#1186);
#1186 = AXIS2_PLACEMENT_3D('',#1187,#1188,#1189);
#1187 = CARTESIAN_POINT('',(-6.87334E+03,-1.07697E+04,0.));
#1188 = DIRECTION('',(0.,-1.,0.));
#1189 = DIRECTION('',(1.,0.,0.));
#1190 = ADVANCED_FACE('',(#1191),#1209,.T.);
#1191 = FACE_BOUND('',#1192,.T.);
#1192 = EDGE_LOOP('',(#1193,#1201,#1207,#1208));
#1193 = ORIENTED_EDGE('',*,*,#1194,.T.);
#1194 = EDGE_CURVE('',#989,#1195,#1197,.T.);
#1195 = VERTEX_POINT('',#1196);
#1196 = CARTESIAN_POINT('',(7.069E-13,-1.46304E+04,-127.));
#1197 = LINE('',#1198,#1199);
#1198 = CARTESIAN_POINT('',(7.069E-13,-1.46304E+04,0.));
#1199 = VECTOR('',#1200,1.);
#1200 = DIRECTION('',(-0.,-0.,-1.));
#1201 = ORIENTED_EDGE('',*,*,#1202,.T.);
#1202 = EDGE_CURVE('',#1195,#1172,#1203,.T.);
#1203 = LINE('',#1204,#1205);
#1204 = CARTESIAN_POINT('',(7.069E-13,-1.46304E+04,-127.));
#1205 = VECTOR('',#1206,1.);
#1206 = DIRECTION('',(5.247752998161E-17,1.,0.));
#1207 = ORIENTED_EDGE('',*,*,#1179,.F.);
#1208 = ORIENTED_EDGE('',*,*,#1053,.F.);
#1209 = PLANE('',#1210);
#1210 = AXIS2_PLACEMENT_3D('',#1211,#1212,#1213);
#1211 = CARTESIAN_POINT('',(7.069E-13,-1.46304E+04,0.));
#1212 = DIRECTION('',(1.,-5.247752998161E-17,0.));
#1213 = DIRECTION('',(5.247752998161E-17,1.,0.));
#1214 = ADVANCED_FACE('',(#1215),#1244,.F.);
#1215 = FACE_BOUND('',#1216,.T.);
#1216 = EDGE_LOOP('',(#1217,#1223,#1224,#1225,#1226,#1227,#1228,#1229,
    #1230,#1231,#1232,#1238,#1239,#1240,#1241,#1242,#1243));
#1217 = ORIENTED_EDGE('',*,*,#1218,.T.);
#1218 = EDGE_CURVE('',#1195,#703,#1219,.T.);
#1219 = LINE('',#1220,#1221);
#1220 = CARTESIAN_POINT('',(7.069E-13,-1.46304E+04,-127.));
#1221 = VECTOR('',#1222,1.);
#1222 = DIRECTION('',(1.,0.,0.));
#1223 = ORIENTED_EDGE('',*,*,#710,.T.);
#1224 = ORIENTED_EDGE('',*,*,#741,.T.);
#1225 = ORIENTED_EDGE('',*,*,#772,.T.);
#1226 = ORIENTED_EDGE('',*,*,#803,.T.);
#1227 = ORIENTED_EDGE('',*,*,#834,.T.);
#1228 = ORIENTED_EDGE('',*,*,#874,.F.);
#1229 = ORIENTED_EDGE('',*,*,#905,.F.);
#1230 = ORIENTED_EDGE('',*,*,#936,.F.);
#1231 = ORIENTED_EDGE('',*,*,#967,.F.);
#1232 = ORIENTED_EDGE('',*,*,#1233,.T.);
#1233 = EDGE_CURVE('',#960,#1076,#1234,.T.);
#1234 = LINE('',#1235,#1236);
#1235 = CARTESIAN_POINT('',(-1.46304E+04,-1.95072E+04,-127.));
#1236 = VECTOR('',#1237,1.);
#1237 = DIRECTION('',(-3.72988312735E-16,1.,0.));
#1238 = ORIENTED_EDGE('',*,*,#1075,.F.);
#1239 = ORIENTED_EDGE('',*,*,#1099,.T.);
#1240 = ORIENTED_EDGE('',*,*,#1123,.T.);
#1241 = ORIENTED_EDGE('',*,*,#1147,.T.);
#1242 = ORIENTED_EDGE('',*,*,#1171,.T.);
#1243 = ORIENTED_EDGE('',*,*,#1202,.F.);
#1244 = PLANE('',#1245);
#1245 = AXIS2_PLACEMENT_3D('',#1246,#1247,#1248);
#1246 = CARTESIAN_POINT('',(-4.664521063408E+03,-1.198507669038E+04,
    -127.));
#1247 = DIRECTION('',(0.,0.,1.));
#1248 = DIRECTION('',(1.,0.,0.));
#1249 = ADVANCED_FACE('',(#1250),#1256,.T.);
#1250 = FACE_BOUND('',#1251,.T.);
#1251 = EDGE_LOOP('',(#1252,#1253,#1254,#1255));
#1252 = ORIENTED_EDGE('',*,*,#1194,.F.);
#1253 = ORIENTED_EDGE('',*,*,#988,.T.);
#1254 = ORIENTED_EDGE('',*,*,#700,.T.);
#1255 = ORIENTED_EDGE('',*,*,#1218,.F.);
#1256 = PLANE('',#1257);
#1257 = AXIS2_PLACEMENT_3D('',#1258,#1259,#1260);
#1258 = CARTESIAN_POINT('',(6.7056E+03,-1.46304E+04,-63.5));
#1259 = DIRECTION('',(0.,1.,0.));
#1260 = DIRECTION('',(0.,0.,1.));
#1261 = ADVANCED_FACE('',(#1262),#1268,.T.);
#1262 = FACE_BOUND('',#1263,.T.);
#1263 = EDGE_LOOP('',(#1264,#1265,#1266,#1267));
#1264 = ORIENTED_EDGE('',*,*,#957,.F.);
#1265 = ORIENTED_EDGE('',*,*,#1005,.F.);
#1266 = ORIENTED_EDGE('',*,*,#1083,.T.);
#1267 = ORIENTED_EDGE('',*,*,#1233,.F.);
#1268 = PLANE('',#1269);
#1269 = AXIS2_PLACEMENT_3D('',#1270,#1271,#1272);
#1270 = CARTESIAN_POINT('',(-1.46304E+04,-3.4163E+03,-63.5));
#1271 = DIRECTION('',(-1.,-0.,-0.));
#1272 = DIRECTION('',(0.,0.,-1.));
#1273 = ( GEOMETRIC_REPRESENTATION_CONTEXT(3) 
GLOBAL_UNCERTAINTY_ASSIGNED_CONTEXT((#1277)) 
GLOBAL_UNIT_ASSIGNED_CONTEXT((#1274,#1275,#1276)) REPRESENTATION_CONTEXT
('Context #1','3D Context with UNIT and UNCERTAINTY') );
#1274 = ( LENGTH_UNIT() NAMED_UNIT(*) SI_UNIT(.MILLI.,.METRE.) );
#1275 = ( NAMED_UNIT(*) PLANE_ANGLE_UNIT() SI_UNIT($,.RADIAN.) );
#1276 = ( NAMED_UNIT(*) SI_UNIT($,.STERADIAN.) SOLID_ANGLE_UNIT() );
#1277 = UNCERTAINTY_MEASURE_WITH_UNIT(LENGTH_MEASURE(1.E-07),#1274,
  'distance_accuracy_value','confusion accuracy');
#1278 = CONTEXT_DEPENDENT_SHAPE_REPRESENTATION(#1279,#1281);
#1279 = ( REPRESENTATION_RELATIONSHIP('','',#693,#48) 
REPRESENTATION_RELATIONSHIP_WITH_TRANSFORMATION(#1280) 
SHAPE_REPRESENTATION_RELATIONSHIP() );
#1280 = ITEM_DEFINED_TRANSFORMATION('','',#11,#53);
#1281 = PRODUCT_DEFINITION_SHAPE('Placement','Placement of an item',
  #1282);
#1282 = NEXT_ASSEMBLY_USAGE_OCCURRENCE('2','SecondFloor','',#43,#688,$);
#1283 = PRODUCT_RELATED_PRODUCT_CATEGORY('part',$,(#690));
#1284 = SHAPE_DEFINITION_REPRESENTATION(#1285,#1291);
#1285 = PRODUCT_DEFINITION_SHAPE('','',#1286);
#1286 = PRODUCT_DEFINITION('design','',#1287,#1290);
#1287 = PRODUCT_DEFINITION_FORMATION('','',#1288);
#1288 = PRODUCT('FirstFloorWalls','FirstFloorWalls','',(#1289));
#1289 = PRODUCT_CONTEXT('',#2,'mechanical');
#1290 = PRODUCT_DEFINITION_CONTEXT('part definition',#2,'design');
#1291 = ADVANCED_BREP_SHAPE_REPRESENTATION('',(#11,#1292),#1838);
#1292 = MANIFOLD_SOLID_BREP('',#1293);
#1293 = CLOSED_SHELL('',(#1294,#1334,#1365,#1396,#1427,#1458,#1489,#1520
    ,#1551,#1582,#1613,#1644,#1675,#1706,#1737,#1768,#1790,#1814));
#1294 = ADVANCED_FACE('',(#1295),#1329,.F.);
#1295 = FACE_BOUND('',#1296,.F.);
#1296 = EDGE_LOOP('',(#1297,#1307,#1315,#1323));
#1297 = ORIENTED_EDGE('',*,*,#1298,.T.);
#1298 = EDGE_CURVE('',#1299,#1301,#1303,.T.);
#1299 = VERTEX_POINT('',#1300);
#1300 = CARTESIAN_POINT('',(1.34112E+04,1.58496E+04,0.));
#1301 = VERTEX_POINT('',#1302);
#1302 = CARTESIAN_POINT('',(1.34112E+04,1.58496E+04,9.E+03));
#1303 = LINE('',#1304,#1305);
#1304 = CARTESIAN_POINT('',(1.34112E+04,1.58496E+04,0.));
#1305 = VECTOR('',#1306,1.);
#1306 = DIRECTION('',(0.,0.,1.));
#1307 = ORIENTED_EDGE('',*,*,#1308,.T.);
#1308 = EDGE_CURVE('',#1301,#1309,#1311,.T.);
#1309 = VERTEX_POINT('',#1310);
#1310 = CARTESIAN_POINT('',(1.34112E+04,2.80416E+04,9.E+03));
#1311 = LINE('',#1312,#1313);
#1312 = CARTESIAN_POINT('',(1.34112E+04,1.58496E+04,9.E+03));
#1313 = VECTOR('',#1314,1.);
#1314 = DIRECTION('',(-1.49195325094E-16,1.,0.));
#1315 = ORIENTED_EDGE('',*,*,#1316,.F.);
#1316 = EDGE_CURVE('',#1317,#1309,#1319,.T.);
#1317 = VERTEX_POINT('',#1318);
#1318 = CARTESIAN_POINT('',(1.34112E+04,2.80416E+04,0.));
#1319 = LINE('',#1320,#1321);
#1320 = CARTESIAN_POINT('',(1.34112E+04,2.80416E+04,0.));
#1321 = VECTOR('',#1322,1.);
#1322 = DIRECTION('',(0.,0.,1.));
#1323 = ORIENTED_EDGE('',*,*,#1324,.F.);
#1324 = EDGE_CURVE('',#1299,#1317,#1325,.T.);
#1325 = LINE('',#1326,#1327);
#1326 = CARTESIAN_POINT('',(1.34112E+04,1.58496E+04,0.));
#1327 = VECTOR('',#1328,1.);
#1328 = DIRECTION('',(-1.49195325094E-16,1.,0.));
#1329 = PLANE('',#1330);
#1330 = AXIS2_PLACEMENT_3D('',#1331,#1332,#1333);
#1331 = CARTESIAN_POINT('',(1.34112E+04,1.58496E+04,0.));
#1332 = DIRECTION('',(-1.,-1.49195325094E-16,0.));
#1333 = DIRECTION('',(-1.49195325094E-16,1.,0.));
#1334 = ADVANCED_FACE('',(#1335),#1360,.T.);
#1335 = FACE_BOUND('',#1336,.T.);
#1336 = EDGE_LOOP('',(#1337,#1338,#1346,#1354));
#1337 = ORIENTED_EDGE('',*,*,#1298,.T.);
#1338 = ORIENTED_EDGE('',*,*,#1339,.T.);
#1339 = EDGE_CURVE('',#1301,#1340,#1342,.T.);
#1340 = VERTEX_POINT('',#1341);
#1341 = CARTESIAN_POINT('',(1.46304E+04,1.58496E+04,9.E+03));
#1342 = LINE('',#1343,#1344);
#1343 = CARTESIAN_POINT('',(1.34112E+04,1.58496E+04,9.E+03));
#1344 = VECTOR('',#1345,1.);
#1345 = DIRECTION('',(1.,0.,0.));
#1346 = ORIENTED_EDGE('',*,*,#1347,.F.);
#1347 = EDGE_CURVE('',#1348,#1340,#1350,.T.);
#1348 = VERTEX_POINT('',#1349);
#1349 = CARTESIAN_POINT('',(1.46304E+04,1.58496E+04,0.));
#1350 = LINE('',#1351,#1352);
#1351 = CARTESIAN_POINT('',(1.46304E+04,1.58496E+04,0.));
#1352 = VECTOR('',#1353,1.);
#1353 = DIRECTION('',(0.,0.,1.));
#1354 = ORIENTED_EDGE('',*,*,#1355,.F.);
#1355 = EDGE_CURVE('',#1299,#1348,#1356,.T.);
#1356 = LINE('',#1357,#1358);
#1357 = CARTESIAN_POINT('',(1.34112E+04,1.58496E+04,0.));
#1358 = VECTOR('',#1359,1.);
#1359 = DIRECTION('',(1.,0.,0.));
#1360 = PLANE('',#1361);
#1361 = AXIS2_PLACEMENT_3D('',#1362,#1363,#1364);
#1362 = CARTESIAN_POINT('',(1.34112E+04,1.58496E+04,0.));
#1363 = DIRECTION('',(0.,1.,0.));
#1364 = DIRECTION('',(1.,0.,0.));
#1365 = ADVANCED_FACE('',(#1366),#1391,.T.);
#1366 = FACE_BOUND('',#1367,.T.);
#1367 = EDGE_LOOP('',(#1368,#1369,#1377,#1385));
#1368 = ORIENTED_EDGE('',*,*,#1347,.T.);
#1369 = ORIENTED_EDGE('',*,*,#1370,.T.);
#1370 = EDGE_CURVE('',#1340,#1371,#1373,.T.);
#1371 = VERTEX_POINT('',#1372);
#1372 = CARTESIAN_POINT('',(1.46304E+04,1.46304E+04,9.E+03));
#1373 = LINE('',#1374,#1375);
#1374 = CARTESIAN_POINT('',(1.46304E+04,1.58496E+04,9.E+03));
#1375 = VECTOR('',#1376,1.);
#1376 = DIRECTION('',(-2.98390650188E-15,-1.,0.));
#1377 = ORIENTED_EDGE('',*,*,#1378,.F.);
#1378 = EDGE_CURVE('',#1379,#1371,#1381,.T.);
#1379 = VERTEX_POINT('',#1380);
#1380 = CARTESIAN_POINT('',(1.46304E+04,1.46304E+04,0.));
#1381 = LINE('',#1382,#1383);
#1382 = CARTESIAN_POINT('',(1.46304E+04,1.46304E+04,0.));
#1383 = VECTOR('',#1384,1.);
#1384 = DIRECTION('',(0.,0.,1.));
#1385 = ORIENTED_EDGE('',*,*,#1386,.F.);
#1386 = EDGE_CURVE('',#1348,#1379,#1387,.T.);
#1387 = LINE('',#1388,#1389);
#1388 = CARTESIAN_POINT('',(1.46304E+04,1.58496E+04,0.));
#1389 = VECTOR('',#1390,1.);
#1390 = DIRECTION('',(-2.98390650188E-15,-1.,0.));
#1391 = PLANE('',#1392);
#1392 = AXIS2_PLACEMENT_3D('',#1393,#1394,#1395);
#1393 = CARTESIAN_POINT('',(1.46304E+04,1.58496E+04,0.));
#1394 = DIRECTION('',(1.,-2.98390650188E-15,0.));
#1395 = DIRECTION('',(-2.98390650188E-15,-1.,0.));
#1396 = ADVANCED_FACE('',(#1397),#1422,.F.);
#1397 = FACE_BOUND('',#1398,.F.);
#1398 = EDGE_LOOP('',(#1399,#1409,#1415,#1416));
#1399 = ORIENTED_EDGE('',*,*,#1400,.T.);
#1400 = EDGE_CURVE('',#1401,#1403,#1405,.T.);
#1401 = VERTEX_POINT('',#1402);
#1402 = CARTESIAN_POINT('',(1.45034E+04,1.46304E+04,0.));
#1403 = VERTEX_POINT('',#1404);
#1404 = CARTESIAN_POINT('',(1.45034E+04,1.46304E+04,9.E+03));
#1405 = LINE('',#1406,#1407);
#1406 = CARTESIAN_POINT('',(1.45034E+04,1.46304E+04,0.));
#1407 = VECTOR('',#1408,1.);
#1408 = DIRECTION('',(0.,0.,1.));
#1409 = ORIENTED_EDGE('',*,*,#1410,.T.);
#1410 = EDGE_CURVE('',#1403,#1371,#1411,.T.);
#1411 = LINE('',#1412,#1413);
#1412 = CARTESIAN_POINT('',(1.45034E+04,1.46304E+04,9.E+03));
#1413 = VECTOR('',#1414,1.);
#1414 = DIRECTION('',(1.,0.,0.));
#1415 = ORIENTED_EDGE('',*,*,#1378,.F.);
#1416 = ORIENTED_EDGE('',*,*,#1417,.F.);
#1417 = EDGE_CURVE('',#1401,#1379,#1418,.T.);
#1418 = LINE('',#1419,#1420);
#1419 = CARTESIAN_POINT('',(1.45034E+04,1.46304E+04,0.));
#1420 = VECTOR('',#1421,1.);
#1421 = DIRECTION('',(1.,0.,0.));
#1422 = PLANE('',#1423);
#1423 = AXIS2_PLACEMENT_3D('',#1424,#1425,#1426);
#1424 = CARTESIAN_POINT('',(1.45034E+04,1.46304E+04,0.));
#1425 = DIRECTION('',(0.,1.,0.));
#1426 = DIRECTION('',(1.,0.,0.));
#1427 = ADVANCED_FACE('',(#1428),#1453,.F.);
#1428 = FACE_BOUND('',#1429,.F.);
#1429 = EDGE_LOOP('',(#1430,#1440,#1446,#1447));
#1430 = ORIENTED_EDGE('',*,*,#1431,.T.);
#1431 = EDGE_CURVE('',#1432,#1434,#1436,.T.);
#1432 = VERTEX_POINT('',#1433);
#1433 = CARTESIAN_POINT('',(1.45034E+04,1.57226E+04,0.));
#1434 = VERTEX_POINT('',#1435);
#1435 = CARTESIAN_POINT('',(1.45034E+04,1.57226E+04,9.E+03));
#1436 = LINE('',#1437,#1438);
#1437 = CARTESIAN_POINT('',(1.45034E+04,1.57226E+04,0.));
#1438 = VECTOR('',#1439,1.);
#1439 = DIRECTION('',(0.,0.,1.));
#1440 = ORIENTED_EDGE('',*,*,#1441,.T.);
#1441 = EDGE_CURVE('',#1434,#1403,#1442,.T.);
#1442 = LINE('',#1443,#1444);
#1443 = CARTESIAN_POINT('',(1.45034E+04,1.57226E+04,9.E+03));
#1444 = VECTOR('',#1445,1.);
#1445 = DIRECTION('',(0.,-1.,0.));
#1446 = ORIENTED_EDGE('',*,*,#1400,.F.);
#1447 = ORIENTED_EDGE('',*,*,#1448,.F.);
#1448 = EDGE_CURVE('',#1432,#1401,#1449,.T.);
#1449 = LINE('',#1450,#1451);
#1450 = CARTESIAN_POINT('',(1.45034E+04,1.57226E+04,0.));
#1451 = VECTOR('',#1452,1.);
#1452 = DIRECTION('',(0.,-1.,0.));
#1453 = PLANE('',#1454);
#1454 = AXIS2_PLACEMENT_3D('',#1455,#1456,#1457);
#1455 = CARTESIAN_POINT('',(1.45034E+04,1.57226E+04,0.));
#1456 = DIRECTION('',(1.,0.,0.));
#1457 = DIRECTION('',(0.,-1.,0.));
#1458 = ADVANCED_FACE('',(#1459),#1484,.F.);
#1459 = FACE_BOUND('',#1460,.F.);
#1460 = EDGE_LOOP('',(#1461,#1471,#1477,#1478));
#1461 = ORIENTED_EDGE('',*,*,#1462,.T.);
#1462 = EDGE_CURVE('',#1463,#1465,#1467,.T.);
#1463 = VERTEX_POINT('',#1464);
#1464 = CARTESIAN_POINT('',(1.32842E+04,1.57226E+04,0.));
#1465 = VERTEX_POINT('',#1466);
#1466 = CARTESIAN_POINT('',(1.32842E+04,1.57226E+04,9.E+03));
#1467 = LINE('',#1468,#1469);
#1468 = CARTESIAN_POINT('',(1.32842E+04,1.57226E+04,0.));
#1469 = VECTOR('',#1470,1.);
#1470 = DIRECTION('',(0.,0.,1.));
#1471 = ORIENTED_EDGE('',*,*,#1472,.T.);
#1472 = EDGE_CURVE('',#1465,#1434,#1473,.T.);
#1473 = LINE('',#1474,#1475);
#1474 = CARTESIAN_POINT('',(1.32842E+04,1.57226E+04,9.E+03));
#1475 = VECTOR('',#1476,1.);
#1476 = DIRECTION('',(1.,0.,0.));
#1477 = ORIENTED_EDGE('',*,*,#1431,.F.);
#1478 = ORIENTED_EDGE('',*,*,#1479,.F.);
#1479 = EDGE_CURVE('',#1463,#1432,#1480,.T.);
#1480 = LINE('',#1481,#1482);
#1481 = CARTESIAN_POINT('',(1.32842E+04,1.57226E+04,0.));
#1482 = VECTOR('',#1483,1.);
#1483 = DIRECTION('',(1.,0.,0.));
#1484 = PLANE('',#1485);
#1485 = AXIS2_PLACEMENT_3D('',#1486,#1487,#1488);
#1486 = CARTESIAN_POINT('',(1.32842E+04,1.57226E+04,0.));
#1487 = DIRECTION('',(0.,1.,0.));
#1488 = DIRECTION('',(1.,0.,0.));
#1489 = ADVANCED_FACE('',(#1490),#1515,.F.);
#1490 = FACE_BOUND('',#1491,.F.);
#1491 = EDGE_LOOP('',(#1492,#1502,#1508,#1509));
#1492 = ORIENTED_EDGE('',*,*,#1493,.T.);
#1493 = EDGE_CURVE('',#1494,#1496,#1498,.T.);
#1494 = VERTEX_POINT('',#1495);
#1495 = CARTESIAN_POINT('',(1.32842E+04,2.79146E+04,0.));
#1496 = VERTEX_POINT('',#1497);
#1497 = CARTESIAN_POINT('',(1.32842E+04,2.79146E+04,9.E+03));
#1498 = LINE('',#1499,#1500);
#1499 = CARTESIAN_POINT('',(1.32842E+04,2.79146E+04,0.));
#1500 = VECTOR('',#1501,1.);
#1501 = DIRECTION('',(0.,0.,1.));
#1502 = ORIENTED_EDGE('',*,*,#1503,.T.);
#1503 = EDGE_CURVE('',#1496,#1465,#1504,.T.);
#1504 = LINE('',#1505,#1506);
#1505 = CARTESIAN_POINT('',(1.32842E+04,2.79146E+04,9.E+03));
#1506 = VECTOR('',#1507,1.);
#1507 = DIRECTION('',(0.,-1.,0.));
#1508 = ORIENTED_EDGE('',*,*,#1462,.F.);
#1509 = ORIENTED_EDGE('',*,*,#1510,.F.);
#1510 = EDGE_CURVE('',#1494,#1463,#1511,.T.);
#1511 = LINE('',#1512,#1513);
#1512 = CARTESIAN_POINT('',(1.32842E+04,2.79146E+04,0.));
#1513 = VECTOR('',#1514,1.);
#1514 = DIRECTION('',(0.,-1.,0.));
#1515 = PLANE('',#1516);
#1516 = AXIS2_PLACEMENT_3D('',#1517,#1518,#1519);
#1517 = CARTESIAN_POINT('',(1.32842E+04,2.79146E+04,0.));
#1518 = DIRECTION('',(1.,0.,0.));
#1519 = DIRECTION('',(0.,-1.,0.));
#1520 = ADVANCED_FACE('',(#1521),#1546,.F.);
#1521 = FACE_BOUND('',#1522,.F.);
#1522 = EDGE_LOOP('',(#1523,#1533,#1539,#1540));
#1523 = ORIENTED_EDGE('',*,*,#1524,.T.);
#1524 = EDGE_CURVE('',#1525,#1527,#1529,.T.);
#1525 = VERTEX_POINT('',#1526);
#1526 = CARTESIAN_POINT('',(1.0922E+03,2.79146E+04,0.));
#1527 = VERTEX_POINT('',#1528);
#1528 = CARTESIAN_POINT('',(1.0922E+03,2.79146E+04,9.E+03));
#1529 = LINE('',#1530,#1531);
#1530 = CARTESIAN_POINT('',(1.0922E+03,2.79146E+04,0.));
#1531 = VECTOR('',#1532,1.);
#1532 = DIRECTION('',(0.,0.,1.));
#1533 = ORIENTED_EDGE('',*,*,#1534,.T.);
#1534 = EDGE_CURVE('',#1527,#1496,#1535,.T.);
#1535 = LINE('',#1536,#1537);
#1536 = CARTESIAN_POINT('',(1.0922E+03,2.79146E+04,9.E+03));
#1537 = VECTOR('',#1538,1.);
#1538 = DIRECTION('',(1.,0.,0.));
#1539 = ORIENTED_EDGE('',*,*,#1493,.F.);
#1540 = ORIENTED_EDGE('',*,*,#1541,.F.);
#1541 = EDGE_CURVE('',#1525,#1494,#1542,.T.);
#1542 = LINE('',#1543,#1544);
#1543 = CARTESIAN_POINT('',(1.0922E+03,2.79146E+04,0.));
#1544 = VECTOR('',#1545,1.);
#1545 = DIRECTION('',(1.,0.,0.));
#1546 = PLANE('',#1547);
#1547 = AXIS2_PLACEMENT_3D('',#1548,#1549,#1550);
#1548 = CARTESIAN_POINT('',(1.0922E+03,2.79146E+04,0.));
#1549 = DIRECTION('',(0.,1.,0.));
#1550 = DIRECTION('',(1.,0.,0.));
#1551 = ADVANCED_FACE('',(#1552),#1577,.F.);
#1552 = FACE_BOUND('',#1553,.F.);
#1553 = EDGE_LOOP('',(#1554,#1564,#1570,#1571));
#1554 = ORIENTED_EDGE('',*,*,#1555,.T.);
#1555 = EDGE_CURVE('',#1556,#1558,#1560,.T.);
#1556 = VERTEX_POINT('',#1557);
#1557 = CARTESIAN_POINT('',(1.0922E+03,2.91338E+04,0.));
#1558 = VERTEX_POINT('',#1559);
#1559 = CARTESIAN_POINT('',(1.0922E+03,2.91338E+04,9.E+03));
#1560 = LINE('',#1561,#1562);
#1561 = CARTESIAN_POINT('',(1.0922E+03,2.91338E+04,0.));
#1562 = VECTOR('',#1563,1.);
#1563 = DIRECTION('',(0.,0.,1.));
#1564 = ORIENTED_EDGE('',*,*,#1565,.T.);
#1565 = EDGE_CURVE('',#1558,#1527,#1566,.T.);
#1566 = LINE('',#1567,#1568);
#1567 = CARTESIAN_POINT('',(1.0922E+03,2.91338E+04,9.E+03));
#1568 = VECTOR('',#1569,1.);
#1569 = DIRECTION('',(0.,-1.,0.));
#1570 = ORIENTED_EDGE('',*,*,#1524,.F.);
#1571 = ORIENTED_EDGE('',*,*,#1572,.F.);
#1572 = EDGE_CURVE('',#1556,#1525,#1573,.T.);
#1573 = LINE('',#1574,#1575);
#1574 = CARTESIAN_POINT('',(1.0922E+03,2.91338E+04,0.));
#1575 = VECTOR('',#1576,1.);
#1576 = DIRECTION('',(0.,-1.,0.));
#1577 = PLANE('',#1578);
#1578 = AXIS2_PLACEMENT_3D('',#1579,#1580,#1581);
#1579 = CARTESIAN_POINT('',(1.0922E+03,2.91338E+04,0.));
#1580 = DIRECTION('',(1.,0.,0.));
#1581 = DIRECTION('',(0.,-1.,0.));
#1582 = ADVANCED_FACE('',(#1583),#1608,.F.);
#1583 = FACE_BOUND('',#1584,.F.);
#1584 = EDGE_LOOP('',(#1585,#1595,#1601,#1602));
#1585 = ORIENTED_EDGE('',*,*,#1586,.T.);
#1586 = EDGE_CURVE('',#1587,#1589,#1591,.T.);
#1587 = VERTEX_POINT('',#1588);
#1588 = CARTESIAN_POINT('',(-1.45034E+04,2.91338E+04,0.));
#1589 = VERTEX_POINT('',#1590);
#1590 = CARTESIAN_POINT('',(-1.45034E+04,2.91338E+04,9.E+03));
#1591 = LINE('',#1592,#1593);
#1592 = CARTESIAN_POINT('',(-1.45034E+04,2.91338E+04,0.));
#1593 = VECTOR('',#1594,1.);
#1594 = DIRECTION('',(0.,0.,1.));
#1595 = ORIENTED_EDGE('',*,*,#1596,.T.);
#1596 = EDGE_CURVE('',#1589,#1558,#1597,.T.);
#1597 = LINE('',#1598,#1599);
#1598 = CARTESIAN_POINT('',(-1.45034E+04,2.91338E+04,9.E+03));
#1599 = VECTOR('',#1600,1.);
#1600 = DIRECTION('',(1.,0.,0.));
#1601 = ORIENTED_EDGE('',*,*,#1555,.F.);
#1602 = ORIENTED_EDGE('',*,*,#1603,.F.);
#1603 = EDGE_CURVE('',#1587,#1556,#1604,.T.);
#1604 = LINE('',#1605,#1606);
#1605 = CARTESIAN_POINT('',(-1.45034E+04,2.91338E+04,0.));
#1606 = VECTOR('',#1607,1.);
#1607 = DIRECTION('',(1.,0.,0.));
#1608 = PLANE('',#1609);
#1609 = AXIS2_PLACEMENT_3D('',#1610,#1611,#1612);
#1610 = CARTESIAN_POINT('',(-1.45034E+04,2.91338E+04,0.));
#1611 = DIRECTION('',(0.,1.,0.));
#1612 = DIRECTION('',(1.,0.,0.));
#1613 = ADVANCED_FACE('',(#1614),#1639,.F.);
#1614 = FACE_BOUND('',#1615,.F.);
#1615 = EDGE_LOOP('',(#1616,#1626,#1632,#1633));
#1616 = ORIENTED_EDGE('',*,*,#1617,.T.);
#1617 = EDGE_CURVE('',#1618,#1620,#1622,.T.);
#1618 = VERTEX_POINT('',#1619);
#1619 = CARTESIAN_POINT('',(-1.45034E+04,1.46304E+04,0.));
#1620 = VERTEX_POINT('',#1621);
#1621 = CARTESIAN_POINT('',(-1.45034E+04,1.46304E+04,9.E+03));
#1622 = LINE('',#1623,#1624);
#1623 = CARTESIAN_POINT('',(-1.45034E+04,1.46304E+04,0.));
#1624 = VECTOR('',#1625,1.);
#1625 = DIRECTION('',(0.,0.,1.));
#1626 = ORIENTED_EDGE('',*,*,#1627,.T.);
#1627 = EDGE_CURVE('',#1620,#1589,#1628,.T.);
#1628 = LINE('',#1629,#1630);
#1629 = CARTESIAN_POINT('',(-1.45034E+04,1.46304E+04,9.E+03));
#1630 = VECTOR('',#1631,1.);
#1631 = DIRECTION('',(0.,1.,0.));
#1632 = ORIENTED_EDGE('',*,*,#1586,.F.);
#1633 = ORIENTED_EDGE('',*,*,#1634,.F.);
#1634 = EDGE_CURVE('',#1618,#1587,#1635,.T.);
#1635 = LINE('',#1636,#1637);
#1636 = CARTESIAN_POINT('',(-1.45034E+04,1.46304E+04,0.));
#1637 = VECTOR('',#1638,1.);
#1638 = DIRECTION('',(0.,1.,0.));
#1639 = PLANE('',#1640);
#1640 = AXIS2_PLACEMENT_3D('',#1641,#1642,#1643);
#1641 = CARTESIAN_POINT('',(-1.45034E+04,1.46304E+04,0.));
#1642 = DIRECTION('',(-1.,0.,0.));
#1643 = DIRECTION('',(0.,1.,0.));
#1644 = ADVANCED_FACE('',(#1645),#1670,.F.);
#1645 = FACE_BOUND('',#1646,.F.);
#1646 = EDGE_LOOP('',(#1647,#1657,#1663,#1664));
#1647 = ORIENTED_EDGE('',*,*,#1648,.T.);
#1648 = EDGE_CURVE('',#1649,#1651,#1653,.T.);
#1649 = VERTEX_POINT('',#1650);
#1650 = CARTESIAN_POINT('',(-1.46304E+04,1.46304E+04,0.));
#1651 = VERTEX_POINT('',#1652);
#1652 = CARTESIAN_POINT('',(-1.46304E+04,1.46304E+04,9.E+03));
#1653 = LINE('',#1654,#1655);
#1654 = CARTESIAN_POINT('',(-1.46304E+04,1.46304E+04,0.));
#1655 = VECTOR('',#1656,1.);
#1656 = DIRECTION('',(0.,0.,1.));
#1657 = ORIENTED_EDGE('',*,*,#1658,.T.);
#1658 = EDGE_CURVE('',#1651,#1620,#1659,.T.);
#1659 = LINE('',#1660,#1661);
#1660 = CARTESIAN_POINT('',(-1.46304E+04,1.46304E+04,9.E+03));
#1661 = VECTOR('',#1662,1.);
#1662 = DIRECTION('',(1.,0.,0.));
#1663 = ORIENTED_EDGE('',*,*,#1617,.F.);
#1664 = ORIENTED_EDGE('',*,*,#1665,.F.);
#1665 = EDGE_CURVE('',#1649,#1618,#1666,.T.);
#1666 = LINE('',#1667,#1668);
#1667 = CARTESIAN_POINT('',(-1.46304E+04,1.46304E+04,0.));
#1668 = VECTOR('',#1669,1.);
#1669 = DIRECTION('',(1.,0.,0.));
#1670 = PLANE('',#1671);
#1671 = AXIS2_PLACEMENT_3D('',#1672,#1673,#1674);
#1672 = CARTESIAN_POINT('',(-1.46304E+04,1.46304E+04,0.));
#1673 = DIRECTION('',(0.,1.,0.));
#1674 = DIRECTION('',(1.,0.,0.));
#1675 = ADVANCED_FACE('',(#1676),#1701,.F.);
#1676 = FACE_BOUND('',#1677,.F.);
#1677 = EDGE_LOOP('',(#1678,#1688,#1694,#1695));
#1678 = ORIENTED_EDGE('',*,*,#1679,.T.);
#1679 = EDGE_CURVE('',#1680,#1682,#1684,.T.);
#1680 = VERTEX_POINT('',#1681);
#1681 = CARTESIAN_POINT('',(-1.46304E+04,2.92608E+04,0.));
#1682 = VERTEX_POINT('',#1683);
#1683 = CARTESIAN_POINT('',(-1.46304E+04,2.92608E+04,9.E+03));
#1684 = LINE('',#1685,#1686);
#1685 = CARTESIAN_POINT('',(-1.46304E+04,2.92608E+04,0.));
#1686 = VECTOR('',#1687,1.);
#1687 = DIRECTION('',(0.,0.,1.));
#1688 = ORIENTED_EDGE('',*,*,#1689,.T.);
#1689 = EDGE_CURVE('',#1682,#1651,#1690,.T.);
#1690 = LINE('',#1691,#1692);
#1691 = CARTESIAN_POINT('',(-1.46304E+04,2.92608E+04,9.E+03));
#1692 = VECTOR('',#1693,1.);
#1693 = DIRECTION('',(1.243294375783E-16,-1.,0.));
#1694 = ORIENTED_EDGE('',*,*,#1648,.F.);
#1695 = ORIENTED_EDGE('',*,*,#1696,.F.);
#1696 = EDGE_CURVE('',#1680,#1649,#1697,.T.);
#1697 = LINE('',#1698,#1699);
#1698 = CARTESIAN_POINT('',(-1.46304E+04,2.92608E+04,0.));
#1699 = VECTOR('',#1700,1.);
#1700 = DIRECTION('',(1.243294375783E-16,-1.,0.));
#1701 = PLANE('',#1702);
#1702 = AXIS2_PLACEMENT_3D('',#1703,#1704,#1705);
#1703 = CARTESIAN_POINT('',(-1.46304E+04,2.92608E+04,0.));
#1704 = DIRECTION('',(1.,1.243294375783E-16,0.));
#1705 = DIRECTION('',(1.243294375783E-16,-1.,0.));
#1706 = ADVANCED_FACE('',(#1707),#1732,.F.);
#1707 = FACE_BOUND('',#1708,.F.);
#1708 = EDGE_LOOP('',(#1709,#1719,#1725,#1726));
#1709 = ORIENTED_EDGE('',*,*,#1710,.T.);
#1710 = EDGE_CURVE('',#1711,#1713,#1715,.T.);
#1711 = VERTEX_POINT('',#1712);
#1712 = CARTESIAN_POINT('',(1.2192E+03,2.92608E+04,0.));
#1713 = VERTEX_POINT('',#1714);
#1714 = CARTESIAN_POINT('',(1.2192E+03,2.92608E+04,9.E+03));
#1715 = LINE('',#1716,#1717);
#1716 = CARTESIAN_POINT('',(1.2192E+03,2.92608E+04,0.));
#1717 = VECTOR('',#1718,1.);
#1718 = DIRECTION('',(0.,0.,1.));
#1719 = ORIENTED_EDGE('',*,*,#1720,.T.);
#1720 = EDGE_CURVE('',#1713,#1682,#1721,.T.);
#1721 = LINE('',#1722,#1723);
#1722 = CARTESIAN_POINT('',(1.2192E+03,2.92608E+04,9.E+03));
#1723 = VECTOR('',#1724,1.);
#1724 = DIRECTION('',(-1.,0.,0.));
#1725 = ORIENTED_EDGE('',*,*,#1679,.F.);
#1726 = ORIENTED_EDGE('',*,*,#1727,.F.);
#1727 = EDGE_CURVE('',#1711,#1680,#1728,.T.);
#1728 = LINE('',#1729,#1730);
#1729 = CARTESIAN_POINT('',(1.2192E+03,2.92608E+04,0.));
#1730 = VECTOR('',#1731,1.);
#1731 = DIRECTION('',(-1.,0.,0.));
#1732 = PLANE('',#1733);
#1733 = AXIS2_PLACEMENT_3D('',#1734,#1735,#1736);
#1734 = CARTESIAN_POINT('',(1.2192E+03,2.92608E+04,0.));
#1735 = DIRECTION('',(0.,-1.,0.));
#1736 = DIRECTION('',(-1.,0.,0.));
#1737 = ADVANCED_FACE('',(#1738),#1763,.F.);
#1738 = FACE_BOUND('',#1739,.F.);
#1739 = EDGE_LOOP('',(#1740,#1750,#1756,#1757));
#1740 = ORIENTED_EDGE('',*,*,#1741,.T.);
#1741 = EDGE_CURVE('',#1742,#1744,#1746,.T.);
#1742 = VERTEX_POINT('',#1743);
#1743 = CARTESIAN_POINT('',(1.2192E+03,2.80416E+04,0.));
#1744 = VERTEX_POINT('',#1745);
#1745 = CARTESIAN_POINT('',(1.2192E+03,2.80416E+04,9.E+03));
#1746 = LINE('',#1747,#1748);
#1747 = CARTESIAN_POINT('',(1.2192E+03,2.80416E+04,0.));
#1748 = VECTOR('',#1749,1.);
#1749 = DIRECTION('',(0.,0.,1.));
#1750 = ORIENTED_EDGE('',*,*,#1751,.T.);
#1751 = EDGE_CURVE('',#1744,#1713,#1752,.T.);
#1752 = LINE('',#1753,#1754);
#1753 = CARTESIAN_POINT('',(1.2192E+03,2.80416E+04,9.E+03));
#1754 = VECTOR('',#1755,1.);
#1755 = DIRECTION('',(0.,1.,0.));
#1756 = ORIENTED_EDGE('',*,*,#1710,.F.);
#1757 = ORIENTED_EDGE('',*,*,#1758,.F.);
#1758 = EDGE_CURVE('',#1742,#1711,#1759,.T.);
#1759 = LINE('',#1760,#1761);
#1760 = CARTESIAN_POINT('',(1.2192E+03,2.80416E+04,0.));
#1761 = VECTOR('',#1762,1.);
#1762 = DIRECTION('',(0.,1.,0.));
#1763 = PLANE('',#1764);
#1764 = AXIS2_PLACEMENT_3D('',#1765,#1766,#1767);
#1765 = CARTESIAN_POINT('',(1.2192E+03,2.80416E+04,0.));
#1766 = DIRECTION('',(-1.,0.,0.));
#1767 = DIRECTION('',(0.,1.,0.));
#1768 = ADVANCED_FACE('',(#1769),#1785,.F.);
#1769 = FACE_BOUND('',#1770,.F.);
#1770 = EDGE_LOOP('',(#1771,#1772,#1778,#1779));
#1771 = ORIENTED_EDGE('',*,*,#1316,.T.);
#1772 = ORIENTED_EDGE('',*,*,#1773,.T.);
#1773 = EDGE_CURVE('',#1309,#1744,#1774,.T.);
#1774 = LINE('',#1775,#1776);
#1775 = CARTESIAN_POINT('',(1.34112E+04,2.80416E+04,9.E+03));
#1776 = VECTOR('',#1777,1.);
#1777 = DIRECTION('',(-1.,0.,0.));
#1778 = ORIENTED_EDGE('',*,*,#1741,.F.);
#1779 = ORIENTED_EDGE('',*,*,#1780,.F.);
#1780 = EDGE_CURVE('',#1317,#1742,#1781,.T.);
#1781 = LINE('',#1782,#1783);
#1782 = CARTESIAN_POINT('',(1.34112E+04,2.80416E+04,0.));
#1783 = VECTOR('',#1784,1.);
#1784 = DIRECTION('',(-1.,0.,0.));
#1785 = PLANE('',#1786);
#1786 = AXIS2_PLACEMENT_3D('',#1787,#1788,#1789);
#1787 = CARTESIAN_POINT('',(1.34112E+04,2.80416E+04,0.));
#1788 = DIRECTION('',(0.,-1.,0.));
#1789 = DIRECTION('',(-1.,0.,0.));
#1790 = ADVANCED_FACE('',(#1791),#1809,.F.);
#1791 = FACE_BOUND('',#1792,.T.);
#1792 = EDGE_LOOP('',(#1793,#1794,#1795,#1796,#1797,#1798,#1799,#1800,
    #1801,#1802,#1803,#1804,#1805,#1806,#1807,#1808));
#1793 = ORIENTED_EDGE('',*,*,#1324,.F.);
#1794 = ORIENTED_EDGE('',*,*,#1355,.T.);
#1795 = ORIENTED_EDGE('',*,*,#1386,.T.);
#1796 = ORIENTED_EDGE('',*,*,#1417,.F.);
#1797 = ORIENTED_EDGE('',*,*,#1448,.F.);
#1798 = ORIENTED_EDGE('',*,*,#1479,.F.);
#1799 = ORIENTED_EDGE('',*,*,#1510,.F.);
#1800 = ORIENTED_EDGE('',*,*,#1541,.F.);
#1801 = ORIENTED_EDGE('',*,*,#1572,.F.);
#1802 = ORIENTED_EDGE('',*,*,#1603,.F.);
#1803 = ORIENTED_EDGE('',*,*,#1634,.F.);
#1804 = ORIENTED_EDGE('',*,*,#1665,.F.);
#1805 = ORIENTED_EDGE('',*,*,#1696,.F.);
#1806 = ORIENTED_EDGE('',*,*,#1727,.F.);
#1807 = ORIENTED_EDGE('',*,*,#1758,.F.);
#1808 = ORIENTED_EDGE('',*,*,#1780,.F.);
#1809 = PLANE('',#1810);
#1810 = AXIS2_PLACEMENT_3D('',#1811,#1812,#1813);
#1811 = CARTESIAN_POINT('',(-534.5600695954,2.499746137451E+04,0.));
#1812 = DIRECTION('',(0.,0.,1.));
#1813 = DIRECTION('',(1.,0.,0.));
#1814 = ADVANCED_FACE('',(#1815),#1833,.T.);
#1815 = FACE_BOUND('',#1816,.F.);
#1816 = EDGE_LOOP('',(#1817,#1818,#1819,#1820,#1821,#1822,#1823,#1824,
    #1825,#1826,#1827,#1828,#1829,#1830,#1831,#1832));
#1817 = ORIENTED_EDGE('',*,*,#1308,.F.);
#1818 = ORIENTED_EDGE('',*,*,#1339,.T.);
#1819 = ORIENTED_EDGE('',*,*,#1370,.T.);
#1820 = ORIENTED_EDGE('',*,*,#1410,.F.);
#1821 = ORIENTED_EDGE('',*,*,#1441,.F.);
#1822 = ORIENTED_EDGE('',*,*,#1472,.F.);
#1823 = ORIENTED_EDGE('',*,*,#1503,.F.);
#1824 = ORIENTED_EDGE('',*,*,#1534,.F.);
#1825 = ORIENTED_EDGE('',*,*,#1565,.F.);
#1826 = ORIENTED_EDGE('',*,*,#1596,.F.);
#1827 = ORIENTED_EDGE('',*,*,#1627,.F.);
#1828 = ORIENTED_EDGE('',*,*,#1658,.F.);
#1829 = ORIENTED_EDGE('',*,*,#1689,.F.);
#1830 = ORIENTED_EDGE('',*,*,#1720,.F.);
#1831 = ORIENTED_EDGE('',*,*,#1751,.F.);
#1832 = ORIENTED_EDGE('',*,*,#1773,.F.);
#1833 = PLANE('',#1834);
#1834 = AXIS2_PLACEMENT_3D('',#1835,#1836,#1837);
#1835 = CARTESIAN_POINT('',(-534.5600695954,2.499746137451E+04,9.E+03));
#1836 = DIRECTION('',(0.,0.,1.));
#1837 = DIRECTION('',(1.,0.,0.));
#1838 = ( GEOMETRIC_REPRESENTATION_CONTEXT(3) 
GLOBAL_UNCERTAINTY_ASSIGNED_CONTEXT((#1842)) 
GLOBAL_UNIT_ASSIGNED_CONTEXT((#1839,#1840,#1841)) REPRESENTATION_CONTEXT
('Context #1','3D Context with UNIT and UNCERTAINTY') );
#1839 = ( LENGTH_UNIT() NAMED_UNIT(*) SI_UNIT(.MILLI.,.METRE.) );
#1840 = ( NAMED_UNIT(*) PLANE_ANGLE_UNIT() SI_UNIT($,.RADIAN.) );
#1841 = ( NAMED_UNIT(*) SI_UNIT($,.STERADIAN.) SOLID_ANGLE_UNIT() );
#1842 = UNCERTAINTY_MEASURE_WITH_UNIT(LENGTH_MEASURE(1.E-07),#1839,
  'distance_accuracy_value','confusion accuracy');
#1843 = CONTEXT_DEPENDENT_SHAPE_REPRESENTATION(#1844,#1846);
#1844 = ( REPRESENTATION_RELATIONSHIP('','',#1291,#48) 
REPRESENTATION_RELATIONSHIP_WITH_TRANSFORMATION(#1845) 
SHAPE_REPRESENTATION_RELATIONSHIP() );
#1845 = ITEM_DEFINED_TRANSFORMATION('','',#11,#57);
#1846 = PRODUCT_DEFINITION_SHAPE('Placement','Placement of an item',
  #1847);
#1847 = NEXT_ASSEMBLY_USAGE_OCCURRENCE('3','FirstFloorWalls','',#43,
  #1286,$);
#1848 = PRODUCT_RELATED_PRODUCT_CATEGORY('part',$,(#1288));
#1849 = SHAPE_DEFINITION_REPRESENTATION(#1850,#1856);
#1850 = PRODUCT_DEFINITION_SHAPE('','',#1851);
#1851 = PRODUCT_DEFINITION('design','',#1852,#1855);
#1852 = PRODUCT_DEFINITION_FORMATION('','',#1853);
#1853 = PRODUCT('SecondFloorWalls','SecondFloorWalls','',(#1854));
#1854 = PRODUCT_CONTEXT('',#2,'mechanical');
#1855 = PRODUCT_DEFINITION_CONTEXT('part definition',#2,'design');
#1856 = ADVANCED_BREP_SHAPE_REPRESENTATION('',(#11,#1857),#3219);
#1857 = MANIFOLD_SOLID_BREP('',#1858);
#1858 = CLOSED_SHELL('',(#1859,#1899,#1930,#1961,#2074,#2187,#2204,#2221
    ,#2238,#2459,#2476,#2493,#2510,#2731,#2748,#2765,#2782,#2799,#2811,
    #2833,#2850,#2867,#2879,#2901,#2918,#2935,#2947,#2969,#2986,#3003,
    #3015,#3037,#3054,#3071,#3083,#3105,#3122,#3139,#3151,#3173,#3190,
    #3207));
#1859 = ADVANCED_FACE('',(#1860),#1894,.T.);
#1860 = FACE_BOUND('',#1861,.T.);
#1861 = EDGE_LOOP('',(#1862,#1872,#1880,#1888));
#1862 = ORIENTED_EDGE('',*,*,#1863,.T.);
#1863 = EDGE_CURVE('',#1864,#1866,#1868,.T.);
#1864 = VERTEX_POINT('',#1865);
#1865 = CARTESIAN_POINT('',(-1.225E-12,-1.46304E+04,0.));
#1866 = VERTEX_POINT('',#1867);
#1867 = CARTESIAN_POINT('',(-1.225E-12,-1.46304E+04,9.E+03));
#1868 = LINE('',#1869,#1870);
#1869 = CARTESIAN_POINT('',(-1.225E-12,-1.46304E+04,0.));
#1870 = VECTOR('',#1871,1.);
#1871 = DIRECTION('',(0.,0.,1.));
#1872 = ORIENTED_EDGE('',*,*,#1873,.T.);
#1873 = EDGE_CURVE('',#1866,#1874,#1876,.T.);
#1874 = VERTEX_POINT('',#1875);
#1875 = CARTESIAN_POINT('',(-9.094947017729E-13,-1.07697E+04,9.E+03));
#1876 = LINE('',#1877,#1878);
#1877 = CARTESIAN_POINT('',(-1.225E-12,-1.46304E+04,9.E+03));
#1878 = VECTOR('',#1879,1.);
#1879 = DIRECTION('',(8.172230378612E-17,1.,0.));
#1880 = ORIENTED_EDGE('',*,*,#1881,.F.);
#1881 = EDGE_CURVE('',#1882,#1874,#1884,.T.);
#1882 = VERTEX_POINT('',#1883);
#1883 = CARTESIAN_POINT('',(-9.094947017729E-13,-1.07697E+04,0.));
#1884 = LINE('',#1885,#1886);
#1885 = CARTESIAN_POINT('',(-9.094947017729E-13,-1.07697E+04,0.));
#1886 = VECTOR('',#1887,1.);
#1887 = DIRECTION('',(0.,0.,1.));
#1888 = ORIENTED_EDGE('',*,*,#1889,.F.);
#1889 = EDGE_CURVE('',#1864,#1882,#1890,.T.);
#1890 = LINE('',#1891,#1892);
#1891 = CARTESIAN_POINT('',(-1.225E-12,-1.46304E+04,0.));
#1892 = VECTOR('',#1893,1.);
#1893 = DIRECTION('',(8.172230378612E-17,1.,0.));
#1894 = PLANE('',#1895);
#1895 = AXIS2_PLACEMENT_3D('',#1896,#1897,#1898);
#1896 = CARTESIAN_POINT('',(-1.225E-12,-1.46304E+04,0.));
#1897 = DIRECTION('',(-1.,8.172230378612E-17,0.));
#1898 = DIRECTION('',(8.172230378612E-17,1.,0.));
#1899 = ADVANCED_FACE('',(#1900),#1925,.T.);
#1900 = FACE_BOUND('',#1901,.T.);
#1901 = EDGE_LOOP('',(#1902,#1903,#1911,#1919));
#1902 = ORIENTED_EDGE('',*,*,#1863,.F.);
#1903 = ORIENTED_EDGE('',*,*,#1904,.T.);
#1904 = EDGE_CURVE('',#1864,#1905,#1907,.T.);
#1905 = VERTEX_POINT('',#1906);
#1906 = CARTESIAN_POINT('',(1.46304E+04,-1.46304E+04,0.));
#1907 = LINE('',#1908,#1909);
#1908 = CARTESIAN_POINT('',(1.34112E+04,-1.46304E+04,0.));
#1909 = VECTOR('',#1910,1.);
#1910 = DIRECTION('',(1.,-2.98390650188E-15,0.));
#1911 = ORIENTED_EDGE('',*,*,#1912,.T.);
#1912 = EDGE_CURVE('',#1905,#1913,#1915,.T.);
#1913 = VERTEX_POINT('',#1914);
#1914 = CARTESIAN_POINT('',(1.46304E+04,-1.46304E+04,9.E+03));
#1915 = LINE('',#1916,#1917);
#1916 = CARTESIAN_POINT('',(1.46304E+04,-1.46304E+04,0.));
#1917 = VECTOR('',#1918,1.);
#1918 = DIRECTION('',(0.,0.,1.));
#1919 = ORIENTED_EDGE('',*,*,#1920,.F.);
#1920 = EDGE_CURVE('',#1866,#1913,#1921,.T.);
#1921 = LINE('',#1922,#1923);
#1922 = CARTESIAN_POINT('',(-1.225E-12,-1.46304E+04,9.E+03));
#1923 = VECTOR('',#1924,1.);
#1924 = DIRECTION('',(1.,-1.631679162417E-16,0.));
#1925 = PLANE('',#1926);
#1926 = AXIS2_PLACEMENT_3D('',#1927,#1928,#1929);
#1927 = CARTESIAN_POINT('',(7.3152E+03,-1.46304E+04,4.5E+03));
#1928 = DIRECTION('',(-0.,-1.,-0.));
#1929 = DIRECTION('',(0.,0.,-1.));
#1930 = ADVANCED_FACE('',(#1931),#1956,.F.);
#1931 = FACE_BOUND('',#1932,.F.);
#1932 = EDGE_LOOP('',(#1933,#1943,#1949,#1950));
#1933 = ORIENTED_EDGE('',*,*,#1934,.T.);
#1934 = EDGE_CURVE('',#1935,#1937,#1939,.T.);
#1935 = VERTEX_POINT('',#1936);
#1936 = CARTESIAN_POINT('',(-6.87334E+03,-1.07697E+04,0.));
#1937 = VERTEX_POINT('',#1938);
#1938 = CARTESIAN_POINT('',(-6.87334E+03,-1.07697E+04,9.E+03));
#1939 = LINE('',#1940,#1941);
#1940 = CARTESIAN_POINT('',(-6.87334E+03,-1.07697E+04,0.));
#1941 = VECTOR('',#1942,1.);
#1942 = DIRECTION('',(0.,0.,1.));
#1943 = ORIENTED_EDGE('',*,*,#1944,.T.);
#1944 = EDGE_CURVE('',#1937,#1874,#1945,.T.);
#1945 = LINE('',#1946,#1947);
#1946 = CARTESIAN_POINT('',(-6.87334E+03,-1.07697E+04,9.E+03));
#1947 = VECTOR('',#1948,1.);
#1948 = DIRECTION('',(1.,0.,0.));
#1949 = ORIENTED_EDGE('',*,*,#1881,.F.);
#1950 = ORIENTED_EDGE('',*,*,#1951,.F.);
#1951 = EDGE_CURVE('',#1935,#1882,#1952,.T.);
#1952 = LINE('',#1953,#1954);
#1953 = CARTESIAN_POINT('',(-6.87334E+03,-1.07697E+04,0.));
#1954 = VECTOR('',#1955,1.);
#1955 = DIRECTION('',(1.,0.,0.));
#1956 = PLANE('',#1957);
#1957 = AXIS2_PLACEMENT_3D('',#1958,#1959,#1960);
#1958 = CARTESIAN_POINT('',(-6.87334E+03,-1.07697E+04,0.));
#1959 = DIRECTION('',(0.,1.,0.));
#1960 = DIRECTION('',(1.,0.,0.));
#1961 = ADVANCED_FACE('',(#1962),#2069,.F.);
#1962 = FACE_BOUND('',#1963,.T.);
#1963 = EDGE_LOOP('',(#1964,#1965,#1966,#1974,#1982,#1990,#1998,#2006,
    #2014,#2022,#2030,#2038,#2046,#2054,#2062,#2068));
#1964 = ORIENTED_EDGE('',*,*,#1889,.T.);
#1965 = ORIENTED_EDGE('',*,*,#1951,.F.);
#1966 = ORIENTED_EDGE('',*,*,#1967,.F.);
#1967 = EDGE_CURVE('',#1968,#1935,#1970,.T.);
#1968 = VERTEX_POINT('',#1969);
#1969 = CARTESIAN_POINT('',(-6.87334E+03,-1.8288E+04,0.));
#1970 = LINE('',#1971,#1972);
#1971 = CARTESIAN_POINT('',(-6.87334E+03,-1.8288E+04,0.));
#1972 = VECTOR('',#1973,1.);
#1973 = DIRECTION('',(0.,1.,0.));
#1974 = ORIENTED_EDGE('',*,*,#1975,.F.);
#1975 = EDGE_CURVE('',#1976,#1968,#1978,.T.);
#1976 = VERTEX_POINT('',#1977);
#1977 = CARTESIAN_POINT('',(-8.21954E+03,-1.8288E+04,0.));
#1978 = LINE('',#1979,#1980);
#1979 = CARTESIAN_POINT('',(-8.21954E+03,-1.8288E+04,0.));
#1980 = VECTOR('',#1981,1.);
#1981 = DIRECTION('',(1.,2.702405888495E-15,0.));
#1982 = ORIENTED_EDGE('',*,*,#1983,.F.);
#1983 = EDGE_CURVE('',#1984,#1976,#1986,.T.);
#1984 = VERTEX_POINT('',#1985);
#1985 = CARTESIAN_POINT('',(-8.21954E+03,1.26746E+04,0.));
#1986 = LINE('',#1987,#1988);
#1987 = CARTESIAN_POINT('',(-8.21954E+03,1.26746E+04,0.));
#1988 = VECTOR('',#1989,1.);
#1989 = DIRECTION('',(0.,-1.,0.));
#1990 = ORIENTED_EDGE('',*,*,#1991,.T.);
#1991 = EDGE_CURVE('',#1984,#1992,#1994,.T.);
#1992 = VERTEX_POINT('',#1993);
#1993 = CARTESIAN_POINT('',(-1.46304E+04,1.26746E+04,0.));
#1994 = LINE('',#1995,#1996);
#1995 = CARTESIAN_POINT('',(-8.21954E+03,1.26746E+04,0.));
#1996 = VECTOR('',#1997,1.);
#1997 = DIRECTION('',(-1.,0.,0.));
#1998 = ORIENTED_EDGE('',*,*,#1999,.T.);
#1999 = EDGE_CURVE('',#1992,#2000,#2002,.T.);
#2000 = VERTEX_POINT('',#2001);
#2001 = CARTESIAN_POINT('',(-1.46304E+04,1.28016E+04,0.));
#2002 = LINE('',#2003,#2004);
#2003 = CARTESIAN_POINT('',(-1.46304E+04,1.26746E+04,0.));
#2004 = VECTOR('',#2005,1.);
#2005 = DIRECTION('',(-1.432275120902E-14,1.,0.));
#2006 = ORIENTED_EDGE('',*,*,#2007,.T.);
#2007 = EDGE_CURVE('',#2000,#2008,#2010,.T.);
#2008 = VERTEX_POINT('',#2009);
#2009 = CARTESIAN_POINT('',(-8.09254E+03,1.28016E+04,0.));
#2010 = LINE('',#2011,#2012);
#2011 = CARTESIAN_POINT('',(-1.46304E+04,1.28016E+04,0.));
#2012 = VECTOR('',#2013,1.);
#2013 = DIRECTION('',(1.,0.,0.));
#2014 = ORIENTED_EDGE('',*,*,#2015,.T.);
#2015 = EDGE_CURVE('',#2008,#2016,#2018,.T.);
#2016 = VERTEX_POINT('',#2017);
#2017 = CARTESIAN_POINT('',(-8.09254E+03,-1.8161E+04,0.));
#2018 = LINE('',#2019,#2020);
#2019 = CARTESIAN_POINT('',(-8.09254E+03,1.28016E+04,0.));
#2020 = VECTOR('',#2021,1.);
#2021 = DIRECTION('',(0.,-1.,0.));
#2022 = ORIENTED_EDGE('',*,*,#2023,.T.);
#2023 = EDGE_CURVE('',#2016,#2024,#2026,.T.);
#2024 = VERTEX_POINT('',#2025);
#2025 = CARTESIAN_POINT('',(-7.00034E+03,-1.8161E+04,0.));
#2026 = LINE('',#2027,#2028);
#2027 = CARTESIAN_POINT('',(-8.09254E+03,-1.8161E+04,0.));
#2028 = VECTOR('',#2029,1.);
#2029 = DIRECTION('',(1.,0.,0.));
#2030 = ORIENTED_EDGE('',*,*,#2031,.T.);
#2031 = EDGE_CURVE('',#2024,#2032,#2034,.T.);
#2032 = VERTEX_POINT('',#2033);
#2033 = CARTESIAN_POINT('',(-7.00034E+03,-1.06427E+04,0.));
#2034 = LINE('',#2035,#2036);
#2035 = CARTESIAN_POINT('',(-7.00034E+03,-1.8161E+04,0.));
#2036 = VECTOR('',#2037,1.);
#2037 = DIRECTION('',(0.,1.,0.));
#2038 = ORIENTED_EDGE('',*,*,#2039,.T.);
#2039 = EDGE_CURVE('',#2032,#2040,#2042,.T.);
#2040 = VERTEX_POINT('',#2041);
#2041 = CARTESIAN_POINT('',(126.99999999999,-1.06427E+04,0.));
#2042 = LINE('',#2043,#2044);
#2043 = CARTESIAN_POINT('',(-7.00034E+03,-1.06427E+04,0.));
#2044 = VECTOR('',#2045,1.);
#2045 = DIRECTION('',(1.,0.,0.));
#2046 = ORIENTED_EDGE('',*,*,#2047,.T.);
#2047 = EDGE_CURVE('',#2040,#2048,#2050,.T.);
#2048 = VERTEX_POINT('',#2049);
#2049 = CARTESIAN_POINT('',(126.99999999999,-1.45034E+04,0.));
#2050 = LINE('',#2051,#2052);
#2051 = CARTESIAN_POINT('',(126.99999999999,-1.06427E+04,0.));
#2052 = VECTOR('',#2053,1.);
#2053 = DIRECTION('',(0.,-1.,0.));
#2054 = ORIENTED_EDGE('',*,*,#2055,.T.);
#2055 = EDGE_CURVE('',#2048,#2056,#2058,.T.);
#2056 = VERTEX_POINT('',#2057);
#2057 = CARTESIAN_POINT('',(1.46304E+04,-1.45034E+04,0.));
#2058 = LINE('',#2059,#2060);
#2059 = CARTESIAN_POINT('',(126.99999999999,-1.45034E+04,0.));
#2060 = VECTOR('',#2061,1.);
#2061 = DIRECTION('',(1.,0.,0.));
#2062 = ORIENTED_EDGE('',*,*,#2063,.T.);
#2063 = EDGE_CURVE('',#2056,#1905,#2064,.T.);
#2064 = LINE('',#2065,#2066);
#2065 = CARTESIAN_POINT('',(1.46304E+04,-1.45034E+04,0.));
#2066 = VECTOR('',#2067,1.);
#2067 = DIRECTION('',(0.,-1.,0.));
#2068 = ORIENTED_EDGE('',*,*,#1904,.F.);
#2069 = PLANE('',#2070);
#2070 = AXIS2_PLACEMENT_3D('',#2071,#2072,#2073);
#2071 = CARTESIAN_POINT('',(-4.244288866574E+03,-6.545201599511E+03,0.)
  );
#2072 = DIRECTION('',(0.,0.,1.));
#2073 = DIRECTION('',(1.,0.,0.));
#2074 = ADVANCED_FACE('',(#2075),#2182,.T.);
#2075 = FACE_BOUND('',#2076,.F.);
#2076 = EDGE_LOOP('',(#2077,#2078,#2079,#2080,#2088,#2096,#2104,#2112,
    #2120,#2128,#2136,#2144,#2152,#2160,#2168,#2176));
#2077 = ORIENTED_EDGE('',*,*,#1920,.F.);
#2078 = ORIENTED_EDGE('',*,*,#1873,.T.);
#2079 = ORIENTED_EDGE('',*,*,#1944,.F.);
#2080 = ORIENTED_EDGE('',*,*,#2081,.F.);
#2081 = EDGE_CURVE('',#2082,#1937,#2084,.T.);
#2082 = VERTEX_POINT('',#2083);
#2083 = CARTESIAN_POINT('',(-6.87334E+03,-1.8288E+04,9.E+03));
#2084 = LINE('',#2085,#2086);
#2085 = CARTESIAN_POINT('',(-6.87334E+03,-1.8288E+04,9.E+03));
#2086 = VECTOR('',#2087,1.);
#2087 = DIRECTION('',(0.,1.,0.));
#2088 = ORIENTED_EDGE('',*,*,#2089,.F.);
#2089 = EDGE_CURVE('',#2090,#2082,#2092,.T.);
#2090 = VERTEX_POINT('',#2091);
#2091 = CARTESIAN_POINT('',(-8.21954E+03,-1.8288E+04,9.E+03));
#2092 = LINE('',#2093,#2094);
#2093 = CARTESIAN_POINT('',(-8.21954E+03,-1.8288E+04,9.E+03));
#2094 = VECTOR('',#2095,1.);
#2095 = DIRECTION('',(1.,2.702405888495E-15,0.));
#2096 = ORIENTED_EDGE('',*,*,#2097,.F.);
#2097 = EDGE_CURVE('',#2098,#2090,#2100,.T.);
#2098 = VERTEX_POINT('',#2099);
#2099 = CARTESIAN_POINT('',(-8.21954E+03,1.26746E+04,9.E+03));
#2100 = LINE('',#2101,#2102);
#2101 = CARTESIAN_POINT('',(-8.21954E+03,1.26746E+04,9.E+03));
#2102 = VECTOR('',#2103,1.);
#2103 = DIRECTION('',(0.,-1.,0.));
#2104 = ORIENTED_EDGE('',*,*,#2105,.T.);
#2105 = EDGE_CURVE('',#2098,#2106,#2108,.T.);
#2106 = VERTEX_POINT('',#2107);
#2107 = CARTESIAN_POINT('',(-1.46304E+04,1.26746E+04,9.E+03));
#2108 = LINE('',#2109,#2110);
#2109 = CARTESIAN_POINT('',(-8.21954E+03,1.26746E+04,9.E+03));
#2110 = VECTOR('',#2111,1.);
#2111 = DIRECTION('',(-1.,0.,0.));
#2112 = ORIENTED_EDGE('',*,*,#2113,.T.);
#2113 = EDGE_CURVE('',#2106,#2114,#2116,.T.);
#2114 = VERTEX_POINT('',#2115);
#2115 = CARTESIAN_POINT('',(-1.46304E+04,1.28016E+04,9.E+03));
#2116 = LINE('',#2117,#2118);
#2117 = CARTESIAN_POINT('',(-1.46304E+04,1.26746E+04,9.E+03));
#2118 = VECTOR('',#2119,1.);
#2119 = DIRECTION('',(-1.432275120902E-14,1.,0.));
#2120 = ORIENTED_EDGE('',*,*,#2121,.T.);
#2121 = EDGE_CURVE('',#2114,#2122,#2124,.T.);
#2122 = VERTEX_POINT('',#2123);
#2123 = CARTESIAN_POINT('',(-8.09254E+03,1.28016E+04,9.E+03));
#2124 = LINE('',#2125,#2126);
#2125 = CARTESIAN_POINT('',(-1.46304E+04,1.28016E+04,9.E+03));
#2126 = VECTOR('',#2127,1.);
#2127 = DIRECTION('',(1.,0.,0.));
#2128 = ORIENTED_EDGE('',*,*,#2129,.T.);
#2129 = EDGE_CURVE('',#2122,#2130,#2132,.T.);
#2130 = VERTEX_POINT('',#2131);
#2131 = CARTESIAN_POINT('',(-8.09254E+03,-1.8161E+04,9.E+03));
#2132 = LINE('',#2133,#2134);
#2133 = CARTESIAN_POINT('',(-8.09254E+03,1.28016E+04,9.E+03));
#2134 = VECTOR('',#2135,1.);
#2135 = DIRECTION('',(0.,-1.,0.));
#2136 = ORIENTED_EDGE('',*,*,#2137,.T.);
#2137 = EDGE_CURVE('',#2130,#2138,#2140,.T.);
#2138 = VERTEX_POINT('',#2139);
#2139 = CARTESIAN_POINT('',(-7.00034E+03,-1.8161E+04,9.E+03));
#2140 = LINE('',#2141,#2142);
#2141 = CARTESIAN_POINT('',(-8.09254E+03,-1.8161E+04,9.E+03));
#2142 = VECTOR('',#2143,1.);
#2143 = DIRECTION('',(1.,0.,0.));
#2144 = ORIENTED_EDGE('',*,*,#2145,.T.);
#2145 = EDGE_CURVE('',#2138,#2146,#2148,.T.);
#2146 = VERTEX_POINT('',#2147);
#2147 = CARTESIAN_POINT('',(-7.00034E+03,-1.06427E+04,9.E+03));
#2148 = LINE('',#2149,#2150);
#2149 = CARTESIAN_POINT('',(-7.00034E+03,-1.8161E+04,9.E+03));
#2150 = VECTOR('',#2151,1.);
#2151 = DIRECTION('',(0.,1.,0.));
#2152 = ORIENTED_EDGE('',*,*,#2153,.T.);
#2153 = EDGE_CURVE('',#2146,#2154,#2156,.T.);
#2154 = VERTEX_POINT('',#2155);
#2155 = CARTESIAN_POINT('',(126.99999999999,-1.06427E+04,9.E+03));
#2156 = LINE('',#2157,#2158);
#2157 = CARTESIAN_POINT('',(-7.00034E+03,-1.06427E+04,9.E+03));
#2158 = VECTOR('',#2159,1.);
#2159 = DIRECTION('',(1.,0.,0.));
#2160 = ORIENTED_EDGE('',*,*,#2161,.T.);
#2161 = EDGE_CURVE('',#2154,#2162,#2164,.T.);
#2162 = VERTEX_POINT('',#2163);
#2163 = CARTESIAN_POINT('',(126.99999999999,-1.45034E+04,9.E+03));
#2164 = LINE('',#2165,#2166);
#2165 = CARTESIAN_POINT('',(126.99999999999,-1.06427E+04,9.E+03));
#2166 = VECTOR('',#2167,1.);
#2167 = DIRECTION('',(0.,-1.,0.));
#2168 = ORIENTED_EDGE('',*,*,#2169,.T.);
#2169 = EDGE_CURVE('',#2162,#2170,#2172,.T.);
#2170 = VERTEX_POINT('',#2171);
#2171 = CARTESIAN_POINT('',(1.46304E+04,-1.45034E+04,9.E+03));
#2172 = LINE('',#2173,#2174);
#2173 = CARTESIAN_POINT('',(126.99999999999,-1.45034E+04,9.E+03));
#2174 = VECTOR('',#2175,1.);
#2175 = DIRECTION('',(1.,0.,0.));
#2176 = ORIENTED_EDGE('',*,*,#2177,.T.);
#2177 = EDGE_CURVE('',#2170,#1913,#2178,.T.);
#2178 = LINE('',#2179,#2180);
#2179 = CARTESIAN_POINT('',(1.46304E+04,-1.45034E+04,9.E+03));
#2180 = VECTOR('',#2181,1.);
#2181 = DIRECTION('',(0.,-1.,0.));
#2182 = PLANE('',#2183);
#2183 = AXIS2_PLACEMENT_3D('',#2184,#2185,#2186);
#2184 = CARTESIAN_POINT('',(-4.244288866574E+03,-6.545201599511E+03,
    9.E+03));
#2185 = DIRECTION('',(0.,0.,1.));
#2186 = DIRECTION('',(1.,0.,0.));
#2187 = ADVANCED_FACE('',(#2188),#2199,.T.);
#2188 = FACE_BOUND('',#2189,.T.);
#2189 = EDGE_LOOP('',(#2190,#2196,#2197,#2198));
#2190 = ORIENTED_EDGE('',*,*,#2191,.T.);
#2191 = EDGE_CURVE('',#2056,#2170,#2192,.T.);
#2192 = LINE('',#2193,#2194);
#2193 = CARTESIAN_POINT('',(1.46304E+04,-1.45034E+04,0.));
#2194 = VECTOR('',#2195,1.);
#2195 = DIRECTION('',(0.,0.,1.));
#2196 = ORIENTED_EDGE('',*,*,#2177,.T.);
#2197 = ORIENTED_EDGE('',*,*,#1912,.F.);
#2198 = ORIENTED_EDGE('',*,*,#2063,.F.);
#2199 = PLANE('',#2200);
#2200 = AXIS2_PLACEMENT_3D('',#2201,#2202,#2203);
#2201 = CARTESIAN_POINT('',(1.46304E+04,-1.45034E+04,0.));
#2202 = DIRECTION('',(1.,0.,0.));
#2203 = DIRECTION('',(0.,-1.,0.));
#2204 = ADVANCED_FACE('',(#2205),#2216,.F.);
#2205 = FACE_BOUND('',#2206,.F.);
#2206 = EDGE_LOOP('',(#2207,#2213,#2214,#2215));
#2207 = ORIENTED_EDGE('',*,*,#2208,.T.);
#2208 = EDGE_CURVE('',#1968,#2082,#2209,.T.);
#2209 = LINE('',#2210,#2211);
#2210 = CARTESIAN_POINT('',(-6.87334E+03,-1.8288E+04,0.));
#2211 = VECTOR('',#2212,1.);
#2212 = DIRECTION('',(0.,0.,1.));
#2213 = ORIENTED_EDGE('',*,*,#2081,.T.);
#2214 = ORIENTED_EDGE('',*,*,#1934,.F.);
#2215 = ORIENTED_EDGE('',*,*,#1967,.F.);
#2216 = PLANE('',#2217);
#2217 = AXIS2_PLACEMENT_3D('',#2218,#2219,#2220);
#2218 = CARTESIAN_POINT('',(-6.87334E+03,-1.8288E+04,0.));
#2219 = DIRECTION('',(-1.,0.,0.));
#2220 = DIRECTION('',(0.,1.,0.));
#2221 = ADVANCED_FACE('',(#2222),#2233,.F.);
#2222 = FACE_BOUND('',#2223,.F.);
#2223 = EDGE_LOOP('',(#2224,#2230,#2231,#2232));
#2224 = ORIENTED_EDGE('',*,*,#2225,.T.);
#2225 = EDGE_CURVE('',#1976,#2090,#2226,.T.);
#2226 = LINE('',#2227,#2228);
#2227 = CARTESIAN_POINT('',(-8.21954E+03,-1.8288E+04,0.));
#2228 = VECTOR('',#2229,1.);
#2229 = DIRECTION('',(0.,0.,1.));
#2230 = ORIENTED_EDGE('',*,*,#2089,.T.);
#2231 = ORIENTED_EDGE('',*,*,#2208,.F.);
#2232 = ORIENTED_EDGE('',*,*,#1975,.F.);
#2233 = PLANE('',#2234);
#2234 = AXIS2_PLACEMENT_3D('',#2235,#2236,#2237);
#2235 = CARTESIAN_POINT('',(-8.21954E+03,-1.8288E+04,0.));
#2236 = DIRECTION('',(-2.702405888495E-15,1.,0.));
#2237 = DIRECTION('',(1.,2.702405888495E-15,0.));
#2238 = ADVANCED_FACE('',(#2239,#2250,#2284,#2318,#2352,#2386,#2420),
  #2454,.F.);
#2239 = FACE_BOUND('',#2240,.F.);
#2240 = EDGE_LOOP('',(#2241,#2247,#2248,#2249));
#2241 = ORIENTED_EDGE('',*,*,#2242,.T.);
#2242 = EDGE_CURVE('',#1984,#2098,#2243,.T.);
#2243 = LINE('',#2244,#2245);
#2244 = CARTESIAN_POINT('',(-8.21954E+03,1.26746E+04,0.));
#2245 = VECTOR('',#2246,1.);
#2246 = DIRECTION('',(0.,0.,1.));
#2247 = ORIENTED_EDGE('',*,*,#2097,.T.);
#2248 = ORIENTED_EDGE('',*,*,#2225,.F.);
#2249 = ORIENTED_EDGE('',*,*,#1983,.F.);
#2250 = FACE_BOUND('',#2251,.F.);
#2251 = EDGE_LOOP('',(#2252,#2262,#2270,#2278));
#2252 = ORIENTED_EDGE('',*,*,#2253,.F.);
#2253 = EDGE_CURVE('',#2254,#2256,#2258,.T.);
#2254 = VERTEX_POINT('',#2255);
#2255 = CARTESIAN_POINT('',(-8.21954E+03,9.26328E+03,6.58876E+03));
#2256 = VERTEX_POINT('',#2257);
#2257 = CARTESIAN_POINT('',(-8.21954E+03,9.26328E+03,5.06476E+03));
#2258 = LINE('',#2259,#2260);
#2259 = CARTESIAN_POINT('',(-8.21954E+03,9.26328E+03,3.29438E+03));
#2260 = VECTOR('',#2261,1.);
#2261 = DIRECTION('',(0.,0.,-1.));
#2262 = ORIENTED_EDGE('',*,*,#2263,.F.);
#2263 = EDGE_CURVE('',#2264,#2254,#2266,.T.);
#2264 = VERTEX_POINT('',#2265);
#2265 = CARTESIAN_POINT('',(-8.21954E+03,1.200648E+04,6.58876E+03));
#2266 = LINE('',#2267,#2268);
#2267 = CARTESIAN_POINT('',(-8.21954E+03,1.234054E+04,6.58876E+03));
#2268 = VECTOR('',#2269,1.);
#2269 = DIRECTION('',(0.,-1.,0.));
#2270 = ORIENTED_EDGE('',*,*,#2271,.F.);
#2271 = EDGE_CURVE('',#2272,#2264,#2274,.T.);
#2272 = VERTEX_POINT('',#2273);
#2273 = CARTESIAN_POINT('',(-8.21954E+03,1.200648E+04,5.06476E+03));
#2274 = LINE('',#2275,#2276);
#2275 = CARTESIAN_POINT('',(-8.21954E+03,1.200648E+04,2.53238E+03));
#2276 = VECTOR('',#2277,1.);
#2277 = DIRECTION('',(0.,0.,1.));
#2278 = ORIENTED_EDGE('',*,*,#2279,.F.);
#2279 = EDGE_CURVE('',#2256,#2272,#2280,.T.);
#2280 = LINE('',#2281,#2282);
#2281 = CARTESIAN_POINT('',(-8.21954E+03,1.096894E+04,5.06476E+03));
#2282 = VECTOR('',#2283,1.);
#2283 = DIRECTION('',(0.,1.,0.));
#2284 = FACE_BOUND('',#2285,.F.);
#2285 = EDGE_LOOP('',(#2286,#2296,#2304,#2312));
#2286 = ORIENTED_EDGE('',*,*,#2287,.F.);
#2287 = EDGE_CURVE('',#2288,#2290,#2292,.T.);
#2288 = VERTEX_POINT('',#2289);
#2289 = CARTESIAN_POINT('',(-8.21954E+03,6.21528E+03,6.58876E+03));
#2290 = VERTEX_POINT('',#2291);
#2291 = CARTESIAN_POINT('',(-8.21954E+03,6.21528E+03,5.06476E+03));
#2292 = LINE('',#2293,#2294);
#2293 = CARTESIAN_POINT('',(-8.21954E+03,6.21528E+03,3.29438E+03));
#2294 = VECTOR('',#2295,1.);
#2295 = DIRECTION('',(0.,0.,-1.));
#2296 = ORIENTED_EDGE('',*,*,#2297,.F.);
#2297 = EDGE_CURVE('',#2298,#2288,#2300,.T.);
#2298 = VERTEX_POINT('',#2299);
#2299 = CARTESIAN_POINT('',(-8.21954E+03,8.95848E+03,6.58876E+03));
#2300 = LINE('',#2301,#2302);
#2301 = CARTESIAN_POINT('',(-8.21954E+03,1.081654E+04,6.58876E+03));
#2302 = VECTOR('',#2303,1.);
#2303 = DIRECTION('',(0.,-1.,0.));
#2304 = ORIENTED_EDGE('',*,*,#2305,.F.);
#2305 = EDGE_CURVE('',#2306,#2298,#2308,.T.);
#2306 = VERTEX_POINT('',#2307);
#2307 = CARTESIAN_POINT('',(-8.21954E+03,8.95848E+03,5.06476E+03));
#2308 = LINE('',#2309,#2310);
#2309 = CARTESIAN_POINT('',(-8.21954E+03,8.95848E+03,2.53238E+03));
#2310 = VECTOR('',#2311,1.);
#2311 = DIRECTION('',(0.,0.,1.));
#2312 = ORIENTED_EDGE('',*,*,#2313,.F.);
#2313 = EDGE_CURVE('',#2290,#2306,#2314,.T.);
#2314 = LINE('',#2315,#2316);
#2315 = CARTESIAN_POINT('',(-8.21954E+03,9.44494E+03,5.06476E+03));
#2316 = VECTOR('',#2317,1.);
#2317 = DIRECTION('',(0.,1.,0.));
#2318 = FACE_BOUND('',#2319,.F.);
#2319 = EDGE_LOOP('',(#2320,#2330,#2338,#2346));
#2320 = ORIENTED_EDGE('',*,*,#2321,.F.);
#2321 = EDGE_CURVE('',#2322,#2324,#2326,.T.);
#2322 = VERTEX_POINT('',#2323);
#2323 = CARTESIAN_POINT('',(-8.21954E+03,3.16728E+03,6.58876E+03));
#2324 = VERTEX_POINT('',#2325);
#2325 = CARTESIAN_POINT('',(-8.21954E+03,3.16728E+03,5.06476E+03));
#2326 = LINE('',#2327,#2328);
#2327 = CARTESIAN_POINT('',(-8.21954E+03,3.16728E+03,3.29438E+03));
#2328 = VECTOR('',#2329,1.);
#2329 = DIRECTION('',(0.,0.,-1.));
#2330 = ORIENTED_EDGE('',*,*,#2331,.F.);
#2331 = EDGE_CURVE('',#2332,#2322,#2334,.T.);
#2332 = VERTEX_POINT('',#2333);
#2333 = CARTESIAN_POINT('',(-8.21954E+03,5.91048E+03,6.58876E+03));
#2334 = LINE('',#2335,#2336);
#2335 = CARTESIAN_POINT('',(-8.21954E+03,9.29254E+03,6.58876E+03));
#2336 = VECTOR('',#2337,1.);
#2337 = DIRECTION('',(0.,-1.,0.));
#2338 = ORIENTED_EDGE('',*,*,#2339,.F.);
#2339 = EDGE_CURVE('',#2340,#2332,#2342,.T.);
#2340 = VERTEX_POINT('',#2341);
#2341 = CARTESIAN_POINT('',(-8.21954E+03,5.91048E+03,5.06476E+03));
#2342 = LINE('',#2343,#2344);
#2343 = CARTESIAN_POINT('',(-8.21954E+03,5.91048E+03,2.53238E+03));
#2344 = VECTOR('',#2345,1.);
#2345 = DIRECTION('',(0.,0.,1.));
#2346 = ORIENTED_EDGE('',*,*,#2347,.F.);
#2347 = EDGE_CURVE('',#2324,#2340,#2348,.T.);
#2348 = LINE('',#2349,#2350);
#2349 = CARTESIAN_POINT('',(-8.21954E+03,7.92094E+03,5.06476E+03));
#2350 = VECTOR('',#2351,1.);
#2351 = DIRECTION('',(0.,1.,0.));
#2352 = FACE_BOUND('',#2353,.F.);
#2353 = EDGE_LOOP('',(#2354,#2364,#2372,#2380));
#2354 = ORIENTED_EDGE('',*,*,#2355,.F.);
#2355 = EDGE_CURVE('',#2356,#2358,#2360,.T.);
#2356 = VERTEX_POINT('',#2357);
#2357 = CARTESIAN_POINT('',(-8.21954E+03,119.27999999999,6.58876E+03));
#2358 = VERTEX_POINT('',#2359);
#2359 = CARTESIAN_POINT('',(-8.21954E+03,119.27999999999,5.06476E+03));
#2360 = LINE('',#2361,#2362);
#2361 = CARTESIAN_POINT('',(-8.21954E+03,119.27999999999,3.29438E+03));
#2362 = VECTOR('',#2363,1.);
#2363 = DIRECTION('',(0.,0.,-1.));
#2364 = ORIENTED_EDGE('',*,*,#2365,.F.);
#2365 = EDGE_CURVE('',#2366,#2356,#2368,.T.);
#2366 = VERTEX_POINT('',#2367);
#2367 = CARTESIAN_POINT('',(-8.21954E+03,2.86248E+03,6.58876E+03));
#2368 = LINE('',#2369,#2370);
#2369 = CARTESIAN_POINT('',(-8.21954E+03,7.76854E+03,6.58876E+03));
#2370 = VECTOR('',#2371,1.);
#2371 = DIRECTION('',(0.,-1.,0.));
#2372 = ORIENTED_EDGE('',*,*,#2373,.F.);
#2373 = EDGE_CURVE('',#2374,#2366,#2376,.T.);
#2374 = VERTEX_POINT('',#2375);
#2375 = CARTESIAN_POINT('',(-8.21954E+03,2.86248E+03,5.06476E+03));
#2376 = LINE('',#2377,#2378);
#2377 = CARTESIAN_POINT('',(-8.21954E+03,2.86248E+03,2.53238E+03));
#2378 = VECTOR('',#2379,1.);
#2379 = DIRECTION('',(0.,0.,1.));
#2380 = ORIENTED_EDGE('',*,*,#2381,.F.);
#2381 = EDGE_CURVE('',#2358,#2374,#2382,.T.);
#2382 = LINE('',#2383,#2384);
#2383 = CARTESIAN_POINT('',(-8.21954E+03,6.39694E+03,5.06476E+03));
#2384 = VECTOR('',#2385,1.);
#2385 = DIRECTION('',(0.,1.,0.));
#2386 = FACE_BOUND('',#2387,.F.);
#2387 = EDGE_LOOP('',(#2388,#2398,#2406,#2414));
#2388 = ORIENTED_EDGE('',*,*,#2389,.F.);
#2389 = EDGE_CURVE('',#2390,#2392,#2394,.T.);
#2390 = VERTEX_POINT('',#2391);
#2391 = CARTESIAN_POINT('',(-8.21954E+03,-2.92872E+03,6.58876E+03));
#2392 = VERTEX_POINT('',#2393);
#2393 = CARTESIAN_POINT('',(-8.21954E+03,-2.92872E+03,5.06476E+03));
#2394 = LINE('',#2395,#2396);
#2395 = CARTESIAN_POINT('',(-8.21954E+03,-2.92872E+03,3.29438E+03));
#2396 = VECTOR('',#2397,1.);
#2397 = DIRECTION('',(0.,0.,-1.));
#2398 = ORIENTED_EDGE('',*,*,#2399,.F.);
#2399 = EDGE_CURVE('',#2400,#2390,#2402,.T.);
#2400 = VERTEX_POINT('',#2401);
#2401 = CARTESIAN_POINT('',(-8.21954E+03,-185.52,6.58876E+03));
#2402 = LINE('',#2403,#2404);
#2403 = CARTESIAN_POINT('',(-8.21954E+03,6.24454E+03,6.58876E+03));
#2404 = VECTOR('',#2405,1.);
#2405 = DIRECTION('',(0.,-1.,0.));
#2406 = ORIENTED_EDGE('',*,*,#2407,.F.);
#2407 = EDGE_CURVE('',#2408,#2400,#2410,.T.);
#2408 = VERTEX_POINT('',#2409);
#2409 = CARTESIAN_POINT('',(-8.21954E+03,-185.52,5.06476E+03));
#2410 = LINE('',#2411,#2412);
#2411 = CARTESIAN_POINT('',(-8.21954E+03,-185.52,2.53238E+03));
#2412 = VECTOR('',#2413,1.);
#2413 = DIRECTION('',(0.,0.,1.));
#2414 = ORIENTED_EDGE('',*,*,#2415,.F.);
#2415 = EDGE_CURVE('',#2392,#2408,#2416,.T.);
#2416 = LINE('',#2417,#2418);
#2417 = CARTESIAN_POINT('',(-8.21954E+03,4.87294E+03,5.06476E+03));
#2418 = VECTOR('',#2419,1.);
#2419 = DIRECTION('',(0.,1.,0.));
#2420 = FACE_BOUND('',#2421,.F.);
#2421 = EDGE_LOOP('',(#2422,#2432,#2440,#2448));
#2422 = ORIENTED_EDGE('',*,*,#2423,.F.);
#2423 = EDGE_CURVE('',#2424,#2426,#2428,.T.);
#2424 = VERTEX_POINT('',#2425);
#2425 = CARTESIAN_POINT('',(-8.21954E+03,-5.97672E+03,6.58876E+03));
#2426 = VERTEX_POINT('',#2427);
#2427 = CARTESIAN_POINT('',(-8.21954E+03,-5.97672E+03,5.06476E+03));
#2428 = LINE('',#2429,#2430);
#2429 = CARTESIAN_POINT('',(-8.21954E+03,-5.97672E+03,3.29438E+03));
#2430 = VECTOR('',#2431,1.);
#2431 = DIRECTION('',(0.,0.,-1.));
#2432 = ORIENTED_EDGE('',*,*,#2433,.F.);
#2433 = EDGE_CURVE('',#2434,#2424,#2436,.T.);
#2434 = VERTEX_POINT('',#2435);
#2435 = CARTESIAN_POINT('',(-8.21954E+03,-3.23352E+03,6.58876E+03));
#2436 = LINE('',#2437,#2438);
#2437 = CARTESIAN_POINT('',(-8.21954E+03,4.72054E+03,6.58876E+03));
#2438 = VECTOR('',#2439,1.);
#2439 = DIRECTION('',(0.,-1.,0.));
#2440 = ORIENTED_EDGE('',*,*,#2441,.F.);
#2441 = EDGE_CURVE('',#2442,#2434,#2444,.T.);
#2442 = VERTEX_POINT('',#2443);
#2443 = CARTESIAN_POINT('',(-8.21954E+03,-3.23352E+03,5.06476E+03));
#2444 = LINE('',#2445,#2446);
#2445 = CARTESIAN_POINT('',(-8.21954E+03,-3.23352E+03,2.53238E+03));
#2446 = VECTOR('',#2447,1.);
#2447 = DIRECTION('',(0.,0.,1.));
#2448 = ORIENTED_EDGE('',*,*,#2449,.F.);
#2449 = EDGE_CURVE('',#2426,#2442,#2450,.T.);
#2450 = LINE('',#2451,#2452);
#2451 = CARTESIAN_POINT('',(-8.21954E+03,3.34894E+03,5.06476E+03));
#2452 = VECTOR('',#2453,1.);
#2453 = DIRECTION('',(0.,1.,0.));
#2454 = PLANE('',#2455);
#2455 = AXIS2_PLACEMENT_3D('',#2456,#2457,#2458);
#2456 = CARTESIAN_POINT('',(-8.21954E+03,1.26746E+04,0.));
#2457 = DIRECTION('',(1.,0.,0.));
#2458 = DIRECTION('',(0.,-1.,0.));
#2459 = ADVANCED_FACE('',(#2460),#2471,.T.);
#2460 = FACE_BOUND('',#2461,.T.);
#2461 = EDGE_LOOP('',(#2462,#2463,#2464,#2470));
#2462 = ORIENTED_EDGE('',*,*,#2242,.T.);
#2463 = ORIENTED_EDGE('',*,*,#2105,.T.);
#2464 = ORIENTED_EDGE('',*,*,#2465,.F.);
#2465 = EDGE_CURVE('',#1992,#2106,#2466,.T.);
#2466 = LINE('',#2467,#2468);
#2467 = CARTESIAN_POINT('',(-1.46304E+04,1.26746E+04,0.));
#2468 = VECTOR('',#2469,1.);
#2469 = DIRECTION('',(0.,0.,1.));
#2470 = ORIENTED_EDGE('',*,*,#1991,.F.);
#2471 = PLANE('',#2472);
#2472 = AXIS2_PLACEMENT_3D('',#2473,#2474,#2475);
#2473 = CARTESIAN_POINT('',(-8.21954E+03,1.26746E+04,0.));
#2474 = DIRECTION('',(0.,-1.,0.));
#2475 = DIRECTION('',(-1.,0.,0.));
#2476 = ADVANCED_FACE('',(#2477),#2488,.T.);
#2477 = FACE_BOUND('',#2478,.T.);
#2478 = EDGE_LOOP('',(#2479,#2480,#2481,#2487));
#2479 = ORIENTED_EDGE('',*,*,#2465,.T.);
#2480 = ORIENTED_EDGE('',*,*,#2113,.T.);
#2481 = ORIENTED_EDGE('',*,*,#2482,.F.);
#2482 = EDGE_CURVE('',#2000,#2114,#2483,.T.);
#2483 = LINE('',#2484,#2485);
#2484 = CARTESIAN_POINT('',(-1.46304E+04,1.28016E+04,0.));
#2485 = VECTOR('',#2486,1.);
#2486 = DIRECTION('',(0.,0.,1.));
#2487 = ORIENTED_EDGE('',*,*,#1999,.F.);
#2488 = PLANE('',#2489);
#2489 = AXIS2_PLACEMENT_3D('',#2490,#2491,#2492);
#2490 = CARTESIAN_POINT('',(-1.46304E+04,1.26746E+04,0.));
#2491 = DIRECTION('',(-1.,-1.432275120902E-14,0.));
#2492 = DIRECTION('',(-1.432275120902E-14,1.,0.));
#2493 = ADVANCED_FACE('',(#2494),#2505,.T.);
#2494 = FACE_BOUND('',#2495,.T.);
#2495 = EDGE_LOOP('',(#2496,#2497,#2498,#2504));
#2496 = ORIENTED_EDGE('',*,*,#2482,.T.);
#2497 = ORIENTED_EDGE('',*,*,#2121,.T.);
#2498 = ORIENTED_EDGE('',*,*,#2499,.F.);
#2499 = EDGE_CURVE('',#2008,#2122,#2500,.T.);
#2500 = LINE('',#2501,#2502);
#2501 = CARTESIAN_POINT('',(-8.09254E+03,1.28016E+04,0.));
#2502 = VECTOR('',#2503,1.);
#2503 = DIRECTION('',(0.,0.,1.));
#2504 = ORIENTED_EDGE('',*,*,#2007,.F.);
#2505 = PLANE('',#2506);
#2506 = AXIS2_PLACEMENT_3D('',#2507,#2508,#2509);
#2507 = CARTESIAN_POINT('',(-1.46304E+04,1.28016E+04,0.));
#2508 = DIRECTION('',(0.,1.,0.));
#2509 = DIRECTION('',(1.,0.,0.));
#2510 = ADVANCED_FACE('',(#2511,#2522,#2556,#2590,#2624,#2658,#2692),
  #2726,.T.);
#2511 = FACE_BOUND('',#2512,.T.);
#2512 = EDGE_LOOP('',(#2513,#2514,#2515,#2521));
#2513 = ORIENTED_EDGE('',*,*,#2499,.T.);
#2514 = ORIENTED_EDGE('',*,*,#2129,.T.);
#2515 = ORIENTED_EDGE('',*,*,#2516,.F.);
#2516 = EDGE_CURVE('',#2016,#2130,#2517,.T.);
#2517 = LINE('',#2518,#2519);
#2518 = CARTESIAN_POINT('',(-8.09254E+03,-1.8161E+04,0.));
#2519 = VECTOR('',#2520,1.);
#2520 = DIRECTION('',(0.,0.,1.));
#2521 = ORIENTED_EDGE('',*,*,#2015,.F.);
#2522 = FACE_BOUND('',#2523,.T.);
#2523 = EDGE_LOOP('',(#2524,#2534,#2542,#2550));
#2524 = ORIENTED_EDGE('',*,*,#2525,.F.);
#2525 = EDGE_CURVE('',#2526,#2528,#2530,.T.);
#2526 = VERTEX_POINT('',#2527);
#2527 = CARTESIAN_POINT('',(-8.09254E+03,9.26328E+03,6.58876E+03));
#2528 = VERTEX_POINT('',#2529);
#2529 = CARTESIAN_POINT('',(-8.09254E+03,9.26328E+03,5.06476E+03));
#2530 = LINE('',#2531,#2532);
#2531 = CARTESIAN_POINT('',(-8.09254E+03,9.26328E+03,6.58876E+03));
#2532 = VECTOR('',#2533,1.);
#2533 = DIRECTION('',(0.,0.,-1.));
#2534 = ORIENTED_EDGE('',*,*,#2535,.F.);
#2535 = EDGE_CURVE('',#2536,#2526,#2538,.T.);
#2536 = VERTEX_POINT('',#2537);
#2537 = CARTESIAN_POINT('',(-8.09254E+03,1.200648E+04,6.58876E+03));
#2538 = LINE('',#2539,#2540);
#2539 = CARTESIAN_POINT('',(-8.09254E+03,1.200648E+04,6.58876E+03));
#2540 = VECTOR('',#2541,1.);
#2541 = DIRECTION('',(0.,-1.,0.));
#2542 = ORIENTED_EDGE('',*,*,#2543,.F.);
#2543 = EDGE_CURVE('',#2544,#2536,#2546,.T.);
#2544 = VERTEX_POINT('',#2545);
#2545 = CARTESIAN_POINT('',(-8.09254E+03,1.200648E+04,5.06476E+03));
#2546 = LINE('',#2547,#2548);
#2547 = CARTESIAN_POINT('',(-8.09254E+03,1.200648E+04,5.06476E+03));
#2548 = VECTOR('',#2549,1.);
#2549 = DIRECTION('',(0.,0.,1.));
#2550 = ORIENTED_EDGE('',*,*,#2551,.F.);
#2551 = EDGE_CURVE('',#2528,#2544,#2552,.T.);
#2552 = LINE('',#2553,#2554);
#2553 = CARTESIAN_POINT('',(-8.09254E+03,9.26328E+03,5.06476E+03));
#2554 = VECTOR('',#2555,1.);
#2555 = DIRECTION('',(0.,1.,0.));
#2556 = FACE_BOUND('',#2557,.T.);
#2557 = EDGE_LOOP('',(#2558,#2568,#2576,#2584));
#2558 = ORIENTED_EDGE('',*,*,#2559,.F.);
#2559 = EDGE_CURVE('',#2560,#2562,#2564,.T.);
#2560 = VERTEX_POINT('',#2561);
#2561 = CARTESIAN_POINT('',(-8.09254E+03,6.21528E+03,6.58876E+03));
#2562 = VERTEX_POINT('',#2563);
#2563 = CARTESIAN_POINT('',(-8.09254E+03,6.21528E+03,5.06476E+03));
#2564 = LINE('',#2565,#2566);
#2565 = CARTESIAN_POINT('',(-8.09254E+03,6.21528E+03,6.58876E+03));
#2566 = VECTOR('',#2567,1.);
#2567 = DIRECTION('',(0.,0.,-1.));
#2568 = ORIENTED_EDGE('',*,*,#2569,.F.);
#2569 = EDGE_CURVE('',#2570,#2560,#2572,.T.);
#2570 = VERTEX_POINT('',#2571);
#2571 = CARTESIAN_POINT('',(-8.09254E+03,8.95848E+03,6.58876E+03));
#2572 = LINE('',#2573,#2574);
#2573 = CARTESIAN_POINT('',(-8.09254E+03,8.95848E+03,6.58876E+03));
#2574 = VECTOR('',#2575,1.);
#2575 = DIRECTION('',(0.,-1.,0.));
#2576 = ORIENTED_EDGE('',*,*,#2577,.F.);
#2577 = EDGE_CURVE('',#2578,#2570,#2580,.T.);
#2578 = VERTEX_POINT('',#2579);
#2579 = CARTESIAN_POINT('',(-8.09254E+03,8.95848E+03,5.06476E+03));
#2580 = LINE('',#2581,#2582);
#2581 = CARTESIAN_POINT('',(-8.09254E+03,8.95848E+03,5.06476E+03));
#2582 = VECTOR('',#2583,1.);
#2583 = DIRECTION('',(0.,0.,1.));
#2584 = ORIENTED_EDGE('',*,*,#2585,.F.);
#2585 = EDGE_CURVE('',#2562,#2578,#2586,.T.);
#2586 = LINE('',#2587,#2588);
#2587 = CARTESIAN_POINT('',(-8.09254E+03,6.21528E+03,5.06476E+03));
#2588 = VECTOR('',#2589,1.);
#2589 = DIRECTION('',(0.,1.,0.));
#2590 = FACE_BOUND('',#2591,.T.);
#2591 = EDGE_LOOP('',(#2592,#2602,#2610,#2618));
#2592 = ORIENTED_EDGE('',*,*,#2593,.F.);
#2593 = EDGE_CURVE('',#2594,#2596,#2598,.T.);
#2594 = VERTEX_POINT('',#2595);
#2595 = CARTESIAN_POINT('',(-8.09254E+03,3.16728E+03,6.58876E+03));
#2596 = VERTEX_POINT('',#2597);
#2597 = CARTESIAN_POINT('',(-8.09254E+03,3.16728E+03,5.06476E+03));
#2598 = LINE('',#2599,#2600);
#2599 = CARTESIAN_POINT('',(-8.09254E+03,3.16728E+03,6.58876E+03));
#2600 = VECTOR('',#2601,1.);
#2601 = DIRECTION('',(0.,0.,-1.));
#2602 = ORIENTED_EDGE('',*,*,#2603,.F.);
#2603 = EDGE_CURVE('',#2604,#2594,#2606,.T.);
#2604 = VERTEX_POINT('',#2605);
#2605 = CARTESIAN_POINT('',(-8.09254E+03,5.91048E+03,6.58876E+03));
#2606 = LINE('',#2607,#2608);
#2607 = CARTESIAN_POINT('',(-8.09254E+03,5.91048E+03,6.58876E+03));
#2608 = VECTOR('',#2609,1.);
#2609 = DIRECTION('',(0.,-1.,0.));
#2610 = ORIENTED_EDGE('',*,*,#2611,.F.);
#2611 = EDGE_CURVE('',#2612,#2604,#2614,.T.);
#2612 = VERTEX_POINT('',#2613);
#2613 = CARTESIAN_POINT('',(-8.09254E+03,5.91048E+03,5.06476E+03));
#2614 = LINE('',#2615,#2616);
#2615 = CARTESIAN_POINT('',(-8.09254E+03,5.91048E+03,5.06476E+03));
#2616 = VECTOR('',#2617,1.);
#2617 = DIRECTION('',(0.,0.,1.));
#2618 = ORIENTED_EDGE('',*,*,#2619,.F.);
#2619 = EDGE_CURVE('',#2596,#2612,#2620,.T.);
#2620 = LINE('',#2621,#2622);
#2621 = CARTESIAN_POINT('',(-8.09254E+03,3.16728E+03,5.06476E+03));
#2622 = VECTOR('',#2623,1.);
#2623 = DIRECTION('',(0.,1.,0.));
#2624 = FACE_BOUND('',#2625,.T.);
#2625 = EDGE_LOOP('',(#2626,#2636,#2644,#2652));
#2626 = ORIENTED_EDGE('',*,*,#2627,.F.);
#2627 = EDGE_CURVE('',#2628,#2630,#2632,.T.);
#2628 = VERTEX_POINT('',#2629);
#2629 = CARTESIAN_POINT('',(-8.09254E+03,119.27999999999,6.58876E+03));
#2630 = VERTEX_POINT('',#2631);
#2631 = CARTESIAN_POINT('',(-8.09254E+03,119.27999999999,5.06476E+03));
#2632 = LINE('',#2633,#2634);
#2633 = CARTESIAN_POINT('',(-8.09254E+03,119.27999999999,6.58876E+03));
#2634 = VECTOR('',#2635,1.);
#2635 = DIRECTION('',(0.,0.,-1.));
#2636 = ORIENTED_EDGE('',*,*,#2637,.F.);
#2637 = EDGE_CURVE('',#2638,#2628,#2640,.T.);
#2638 = VERTEX_POINT('',#2639);
#2639 = CARTESIAN_POINT('',(-8.09254E+03,2.86248E+03,6.58876E+03));
#2640 = LINE('',#2641,#2642);
#2641 = CARTESIAN_POINT('',(-8.09254E+03,2.86248E+03,6.58876E+03));
#2642 = VECTOR('',#2643,1.);
#2643 = DIRECTION('',(0.,-1.,0.));
#2644 = ORIENTED_EDGE('',*,*,#2645,.F.);
#2645 = EDGE_CURVE('',#2646,#2638,#2648,.T.);
#2646 = VERTEX_POINT('',#2647);
#2647 = CARTESIAN_POINT('',(-8.09254E+03,2.86248E+03,5.06476E+03));
#2648 = LINE('',#2649,#2650);
#2649 = CARTESIAN_POINT('',(-8.09254E+03,2.86248E+03,5.06476E+03));
#2650 = VECTOR('',#2651,1.);
#2651 = DIRECTION('',(0.,0.,1.));
#2652 = ORIENTED_EDGE('',*,*,#2653,.F.);
#2653 = EDGE_CURVE('',#2630,#2646,#2654,.T.);
#2654 = LINE('',#2655,#2656);
#2655 = CARTESIAN_POINT('',(-8.09254E+03,119.27999999999,5.06476E+03));
#2656 = VECTOR('',#2657,1.);
#2657 = DIRECTION('',(0.,1.,0.));
#2658 = FACE_BOUND('',#2659,.T.);
#2659 = EDGE_LOOP('',(#2660,#2670,#2678,#2686));
#2660 = ORIENTED_EDGE('',*,*,#2661,.F.);
#2661 = EDGE_CURVE('',#2662,#2664,#2666,.T.);
#2662 = VERTEX_POINT('',#2663);
#2663 = CARTESIAN_POINT('',(-8.09254E+03,-2.92872E+03,6.58876E+03));
#2664 = VERTEX_POINT('',#2665);
#2665 = CARTESIAN_POINT('',(-8.09254E+03,-2.92872E+03,5.06476E+03));
#2666 = LINE('',#2667,#2668);
#2667 = CARTESIAN_POINT('',(-8.09254E+03,-2.92872E+03,6.58876E+03));
#2668 = VECTOR('',#2669,1.);
#2669 = DIRECTION('',(0.,0.,-1.));
#2670 = ORIENTED_EDGE('',*,*,#2671,.F.);
#2671 = EDGE_CURVE('',#2672,#2662,#2674,.T.);
#2672 = VERTEX_POINT('',#2673);
#2673 = CARTESIAN_POINT('',(-8.09254E+03,-185.52,6.58876E+03));
#2674 = LINE('',#2675,#2676);
#2675 = CARTESIAN_POINT('',(-8.09254E+03,-185.52,6.58876E+03));
#2676 = VECTOR('',#2677,1.);
#2677 = DIRECTION('',(0.,-1.,0.));
#2678 = ORIENTED_EDGE('',*,*,#2679,.F.);
#2679 = EDGE_CURVE('',#2680,#2672,#2682,.T.);
#2680 = VERTEX_POINT('',#2681);
#2681 = CARTESIAN_POINT('',(-8.09254E+03,-185.52,5.06476E+03));
#2682 = LINE('',#2683,#2684);
#2683 = CARTESIAN_POINT('',(-8.09254E+03,-185.52,5.06476E+03));
#2684 = VECTOR('',#2685,1.);
#2685 = DIRECTION('',(0.,0.,1.));
#2686 = ORIENTED_EDGE('',*,*,#2687,.F.);
#2687 = EDGE_CURVE('',#2664,#2680,#2688,.T.);
#2688 = LINE('',#2689,#2690);
#2689 = CARTESIAN_POINT('',(-8.09254E+03,-2.92872E+03,5.06476E+03));
#2690 = VECTOR('',#2691,1.);
#2691 = DIRECTION('',(0.,1.,0.));
#2692 = FACE_BOUND('',#2693,.T.);
#2693 = EDGE_LOOP('',(#2694,#2704,#2712,#2720));
#2694 = ORIENTED_EDGE('',*,*,#2695,.F.);
#2695 = EDGE_CURVE('',#2696,#2698,#2700,.T.);
#2696 = VERTEX_POINT('',#2697);
#2697 = CARTESIAN_POINT('',(-8.09254E+03,-5.97672E+03,6.58876E+03));
#2698 = VERTEX_POINT('',#2699);
#2699 = CARTESIAN_POINT('',(-8.09254E+03,-5.97672E+03,5.06476E+03));
#2700 = LINE('',#2701,#2702);
#2701 = CARTESIAN_POINT('',(-8.09254E+03,-5.97672E+03,6.58876E+03));
#2702 = VECTOR('',#2703,1.);
#2703 = DIRECTION('',(0.,0.,-1.));
#2704 = ORIENTED_EDGE('',*,*,#2705,.F.);
#2705 = EDGE_CURVE('',#2706,#2696,#2708,.T.);
#2706 = VERTEX_POINT('',#2707);
#2707 = CARTESIAN_POINT('',(-8.09254E+03,-3.23352E+03,6.58876E+03));
#2708 = LINE('',#2709,#2710);
#2709 = CARTESIAN_POINT('',(-8.09254E+03,-3.23352E+03,6.58876E+03));
#2710 = VECTOR('',#2711,1.);
#2711 = DIRECTION('',(0.,-1.,0.));
#2712 = ORIENTED_EDGE('',*,*,#2713,.F.);
#2713 = EDGE_CURVE('',#2714,#2706,#2716,.T.);
#2714 = VERTEX_POINT('',#2715);
#2715 = CARTESIAN_POINT('',(-8.09254E+03,-3.23352E+03,5.06476E+03));
#2716 = LINE('',#2717,#2718);
#2717 = CARTESIAN_POINT('',(-8.09254E+03,-3.23352E+03,5.06476E+03));
#2718 = VECTOR('',#2719,1.);
#2719 = DIRECTION('',(0.,0.,1.));
#2720 = ORIENTED_EDGE('',*,*,#2721,.F.);
#2721 = EDGE_CURVE('',#2698,#2714,#2722,.T.);
#2722 = LINE('',#2723,#2724);
#2723 = CARTESIAN_POINT('',(-8.09254E+03,-5.97672E+03,5.06476E+03));
#2724 = VECTOR('',#2725,1.);
#2725 = DIRECTION('',(0.,1.,0.));
#2726 = PLANE('',#2727);
#2727 = AXIS2_PLACEMENT_3D('',#2728,#2729,#2730);
#2728 = CARTESIAN_POINT('',(-8.09254E+03,1.28016E+04,0.));
#2729 = DIRECTION('',(1.,0.,0.));
#2730 = DIRECTION('',(0.,-1.,0.));
#2731 = ADVANCED_FACE('',(#2732),#2743,.T.);
#2732 = FACE_BOUND('',#2733,.T.);
#2733 = EDGE_LOOP('',(#2734,#2735,#2736,#2742));
#2734 = ORIENTED_EDGE('',*,*,#2516,.T.);
#2735 = ORIENTED_EDGE('',*,*,#2137,.T.);
#2736 = ORIENTED_EDGE('',*,*,#2737,.F.);
#2737 = EDGE_CURVE('',#2024,#2138,#2738,.T.);
#2738 = LINE('',#2739,#2740);
#2739 = CARTESIAN_POINT('',(-7.00034E+03,-1.8161E+04,0.));
#2740 = VECTOR('',#2741,1.);
#2741 = DIRECTION('',(0.,0.,1.));
#2742 = ORIENTED_EDGE('',*,*,#2023,.F.);
#2743 = PLANE('',#2744);
#2744 = AXIS2_PLACEMENT_3D('',#2745,#2746,#2747);
#2745 = CARTESIAN_POINT('',(-8.09254E+03,-1.8161E+04,0.));
#2746 = DIRECTION('',(0.,1.,0.));
#2747 = DIRECTION('',(1.,0.,0.));
#2748 = ADVANCED_FACE('',(#2749),#2760,.T.);
#2749 = FACE_BOUND('',#2750,.T.);
#2750 = EDGE_LOOP('',(#2751,#2752,#2753,#2759));
#2751 = ORIENTED_EDGE('',*,*,#2737,.T.);
#2752 = ORIENTED_EDGE('',*,*,#2145,.T.);
#2753 = ORIENTED_EDGE('',*,*,#2754,.F.);
#2754 = EDGE_CURVE('',#2032,#2146,#2755,.T.);
#2755 = LINE('',#2756,#2757);
#2756 = CARTESIAN_POINT('',(-7.00034E+03,-1.06427E+04,0.));
#2757 = VECTOR('',#2758,1.);
#2758 = DIRECTION('',(0.,0.,1.));
#2759 = ORIENTED_EDGE('',*,*,#2031,.F.);
#2760 = PLANE('',#2761);
#2761 = AXIS2_PLACEMENT_3D('',#2762,#2763,#2764);
#2762 = CARTESIAN_POINT('',(-7.00034E+03,-1.8161E+04,0.));
#2763 = DIRECTION('',(-1.,0.,0.));
#2764 = DIRECTION('',(0.,1.,0.));
#2765 = ADVANCED_FACE('',(#2766),#2777,.T.);
#2766 = FACE_BOUND('',#2767,.T.);
#2767 = EDGE_LOOP('',(#2768,#2769,#2770,#2776));
#2768 = ORIENTED_EDGE('',*,*,#2754,.T.);
#2769 = ORIENTED_EDGE('',*,*,#2153,.T.);
#2770 = ORIENTED_EDGE('',*,*,#2771,.F.);
#2771 = EDGE_CURVE('',#2040,#2154,#2772,.T.);
#2772 = LINE('',#2773,#2774);
#2773 = CARTESIAN_POINT('',(126.99999999999,-1.06427E+04,0.));
#2774 = VECTOR('',#2775,1.);
#2775 = DIRECTION('',(0.,0.,1.));
#2776 = ORIENTED_EDGE('',*,*,#2039,.F.);
#2777 = PLANE('',#2778);
#2778 = AXIS2_PLACEMENT_3D('',#2779,#2780,#2781);
#2779 = CARTESIAN_POINT('',(-7.00034E+03,-1.06427E+04,0.));
#2780 = DIRECTION('',(0.,1.,0.));
#2781 = DIRECTION('',(1.,0.,0.));
#2782 = ADVANCED_FACE('',(#2783),#2794,.T.);
#2783 = FACE_BOUND('',#2784,.T.);
#2784 = EDGE_LOOP('',(#2785,#2786,#2787,#2793));
#2785 = ORIENTED_EDGE('',*,*,#2771,.T.);
#2786 = ORIENTED_EDGE('',*,*,#2161,.T.);
#2787 = ORIENTED_EDGE('',*,*,#2788,.F.);
#2788 = EDGE_CURVE('',#2048,#2162,#2789,.T.);
#2789 = LINE('',#2790,#2791);
#2790 = CARTESIAN_POINT('',(126.99999999999,-1.45034E+04,0.));
#2791 = VECTOR('',#2792,1.);
#2792 = DIRECTION('',(0.,0.,1.));
#2793 = ORIENTED_EDGE('',*,*,#2047,.F.);
#2794 = PLANE('',#2795);
#2795 = AXIS2_PLACEMENT_3D('',#2796,#2797,#2798);
#2796 = CARTESIAN_POINT('',(126.99999999999,-1.06427E+04,0.));
#2797 = DIRECTION('',(1.,0.,0.));
#2798 = DIRECTION('',(0.,-1.,0.));
#2799 = ADVANCED_FACE('',(#2800),#2806,.T.);
#2800 = FACE_BOUND('',#2801,.T.);
#2801 = EDGE_LOOP('',(#2802,#2803,#2804,#2805));
#2802 = ORIENTED_EDGE('',*,*,#2788,.T.);
#2803 = ORIENTED_EDGE('',*,*,#2169,.T.);
#2804 = ORIENTED_EDGE('',*,*,#2191,.F.);
#2805 = ORIENTED_EDGE('',*,*,#2055,.F.);
#2806 = PLANE('',#2807);
#2807 = AXIS2_PLACEMENT_3D('',#2808,#2809,#2810);
#2808 = CARTESIAN_POINT('',(126.99999999999,-1.45034E+04,0.));
#2809 = DIRECTION('',(0.,1.,0.));
#2810 = DIRECTION('',(1.,0.,0.));
#2811 = ADVANCED_FACE('',(#2812),#2828,.F.);
#2812 = FACE_BOUND('',#2813,.F.);
#2813 = EDGE_LOOP('',(#2814,#2815,#2821,#2822));
#2814 = ORIENTED_EDGE('',*,*,#2525,.F.);
#2815 = ORIENTED_EDGE('',*,*,#2816,.T.);
#2816 = EDGE_CURVE('',#2526,#2254,#2817,.T.);
#2817 = LINE('',#2818,#2819);
#2818 = CARTESIAN_POINT('',(-8.09254E+03,9.26328E+03,6.58876E+03));
#2819 = VECTOR('',#2820,1.);
#2820 = DIRECTION('',(-1.,-0.,-0.));
#2821 = ORIENTED_EDGE('',*,*,#2253,.T.);
#2822 = ORIENTED_EDGE('',*,*,#2823,.F.);
#2823 = EDGE_CURVE('',#2528,#2256,#2824,.T.);
#2824 = LINE('',#2825,#2826);
#2825 = CARTESIAN_POINT('',(-8.09254E+03,9.26328E+03,5.06476E+03));
#2826 = VECTOR('',#2827,1.);
#2827 = DIRECTION('',(-1.,-0.,-0.));
#2828 = PLANE('',#2829);
#2829 = AXIS2_PLACEMENT_3D('',#2830,#2831,#2832);
#2830 = CARTESIAN_POINT('',(-8.09254E+03,9.26328E+03,6.58876E+03));
#2831 = DIRECTION('',(0.,-1.,0.));
#2832 = DIRECTION('',(0.,0.,-1.));
#2833 = ADVANCED_FACE('',(#2834),#2845,.F.);
#2834 = FACE_BOUND('',#2835,.F.);
#2835 = EDGE_LOOP('',(#2836,#2837,#2838,#2839));
#2836 = ORIENTED_EDGE('',*,*,#2551,.F.);
#2837 = ORIENTED_EDGE('',*,*,#2823,.T.);
#2838 = ORIENTED_EDGE('',*,*,#2279,.T.);
#2839 = ORIENTED_EDGE('',*,*,#2840,.F.);
#2840 = EDGE_CURVE('',#2544,#2272,#2841,.T.);
#2841 = LINE('',#2842,#2843);
#2842 = CARTESIAN_POINT('',(-8.09254E+03,1.200648E+04,5.06476E+03));
#2843 = VECTOR('',#2844,1.);
#2844 = DIRECTION('',(-1.,-0.,-0.));
#2845 = PLANE('',#2846);
#2846 = AXIS2_PLACEMENT_3D('',#2847,#2848,#2849);
#2847 = CARTESIAN_POINT('',(-8.09254E+03,9.26328E+03,5.06476E+03));
#2848 = DIRECTION('',(0.,0.,-1.));
#2849 = DIRECTION('',(0.,1.,0.));
#2850 = ADVANCED_FACE('',(#2851),#2862,.F.);
#2851 = FACE_BOUND('',#2852,.F.);
#2852 = EDGE_LOOP('',(#2853,#2854,#2855,#2856));
#2853 = ORIENTED_EDGE('',*,*,#2543,.F.);
#2854 = ORIENTED_EDGE('',*,*,#2840,.T.);
#2855 = ORIENTED_EDGE('',*,*,#2271,.T.);
#2856 = ORIENTED_EDGE('',*,*,#2857,.F.);
#2857 = EDGE_CURVE('',#2536,#2264,#2858,.T.);
#2858 = LINE('',#2859,#2860);
#2859 = CARTESIAN_POINT('',(-8.09254E+03,1.200648E+04,6.58876E+03));
#2860 = VECTOR('',#2861,1.);
#2861 = DIRECTION('',(-1.,-0.,-0.));
#2862 = PLANE('',#2863);
#2863 = AXIS2_PLACEMENT_3D('',#2864,#2865,#2866);
#2864 = CARTESIAN_POINT('',(-8.09254E+03,1.200648E+04,5.06476E+03));
#2865 = DIRECTION('',(0.,1.,0.));
#2866 = DIRECTION('',(0.,0.,1.));
#2867 = ADVANCED_FACE('',(#2868),#2874,.F.);
#2868 = FACE_BOUND('',#2869,.F.);
#2869 = EDGE_LOOP('',(#2870,#2871,#2872,#2873));
#2870 = ORIENTED_EDGE('',*,*,#2535,.F.);
#2871 = ORIENTED_EDGE('',*,*,#2857,.T.);
#2872 = ORIENTED_EDGE('',*,*,#2263,.T.);
#2873 = ORIENTED_EDGE('',*,*,#2816,.F.);
#2874 = PLANE('',#2875);
#2875 = AXIS2_PLACEMENT_3D('',#2876,#2877,#2878);
#2876 = CARTESIAN_POINT('',(-8.09254E+03,1.200648E+04,6.58876E+03));
#2877 = DIRECTION('',(0.,0.,1.));
#2878 = DIRECTION('',(0.,-1.,0.));
#2879 = ADVANCED_FACE('',(#2880),#2896,.F.);
#2880 = FACE_BOUND('',#2881,.F.);
#2881 = EDGE_LOOP('',(#2882,#2883,#2889,#2890));
#2882 = ORIENTED_EDGE('',*,*,#2559,.F.);
#2883 = ORIENTED_EDGE('',*,*,#2884,.T.);
#2884 = EDGE_CURVE('',#2560,#2288,#2885,.T.);
#2885 = LINE('',#2886,#2887);
#2886 = CARTESIAN_POINT('',(-8.09254E+03,6.21528E+03,6.58876E+03));
#2887 = VECTOR('',#2888,1.);
#2888 = DIRECTION('',(-1.,-0.,-0.));
#2889 = ORIENTED_EDGE('',*,*,#2287,.T.);
#2890 = ORIENTED_EDGE('',*,*,#2891,.F.);
#2891 = EDGE_CURVE('',#2562,#2290,#2892,.T.);
#2892 = LINE('',#2893,#2894);
#2893 = CARTESIAN_POINT('',(-8.09254E+03,6.21528E+03,5.06476E+03));
#2894 = VECTOR('',#2895,1.);
#2895 = DIRECTION('',(-1.,-0.,-0.));
#2896 = PLANE('',#2897);
#2897 = AXIS2_PLACEMENT_3D('',#2898,#2899,#2900);
#2898 = CARTESIAN_POINT('',(-8.09254E+03,6.21528E+03,6.58876E+03));
#2899 = DIRECTION('',(0.,-1.,0.));
#2900 = DIRECTION('',(0.,0.,-1.));
#2901 = ADVANCED_FACE('',(#2902),#2913,.F.);
#2902 = FACE_BOUND('',#2903,.F.);
#2903 = EDGE_LOOP('',(#2904,#2905,#2906,#2907));
#2904 = ORIENTED_EDGE('',*,*,#2585,.F.);
#2905 = ORIENTED_EDGE('',*,*,#2891,.T.);
#2906 = ORIENTED_EDGE('',*,*,#2313,.T.);
#2907 = ORIENTED_EDGE('',*,*,#2908,.F.);
#2908 = EDGE_CURVE('',#2578,#2306,#2909,.T.);
#2909 = LINE('',#2910,#2911);
#2910 = CARTESIAN_POINT('',(-8.09254E+03,8.95848E+03,5.06476E+03));
#2911 = VECTOR('',#2912,1.);
#2912 = DIRECTION('',(-1.,-0.,-0.));
#2913 = PLANE('',#2914);
#2914 = AXIS2_PLACEMENT_3D('',#2915,#2916,#2917);
#2915 = CARTESIAN_POINT('',(-8.09254E+03,6.21528E+03,5.06476E+03));
#2916 = DIRECTION('',(0.,0.,-1.));
#2917 = DIRECTION('',(0.,1.,0.));
#2918 = ADVANCED_FACE('',(#2919),#2930,.F.);
#2919 = FACE_BOUND('',#2920,.F.);
#2920 = EDGE_LOOP('',(#2921,#2922,#2923,#2924));
#2921 = ORIENTED_EDGE('',*,*,#2577,.F.);
#2922 = ORIENTED_EDGE('',*,*,#2908,.T.);
#2923 = ORIENTED_EDGE('',*,*,#2305,.T.);
#2924 = ORIENTED_EDGE('',*,*,#2925,.F.);
#2925 = EDGE_CURVE('',#2570,#2298,#2926,.T.);
#2926 = LINE('',#2927,#2928);
#2927 = CARTESIAN_POINT('',(-8.09254E+03,8.95848E+03,6.58876E+03));
#2928 = VECTOR('',#2929,1.);
#2929 = DIRECTION('',(-1.,-0.,-0.));
#2930 = PLANE('',#2931);
#2931 = AXIS2_PLACEMENT_3D('',#2932,#2933,#2934);
#2932 = CARTESIAN_POINT('',(-8.09254E+03,8.95848E+03,5.06476E+03));
#2933 = DIRECTION('',(0.,1.,0.));
#2934 = DIRECTION('',(0.,0.,1.));
#2935 = ADVANCED_FACE('',(#2936),#2942,.F.);
#2936 = FACE_BOUND('',#2937,.F.);
#2937 = EDGE_LOOP('',(#2938,#2939,#2940,#2941));
#2938 = ORIENTED_EDGE('',*,*,#2569,.F.);
#2939 = ORIENTED_EDGE('',*,*,#2925,.T.);
#2940 = ORIENTED_EDGE('',*,*,#2297,.T.);
#2941 = ORIENTED_EDGE('',*,*,#2884,.F.);
#2942 = PLANE('',#2943);
#2943 = AXIS2_PLACEMENT_3D('',#2944,#2945,#2946);
#2944 = CARTESIAN_POINT('',(-8.09254E+03,8.95848E+03,6.58876E+03));
#2945 = DIRECTION('',(0.,0.,1.));
#2946 = DIRECTION('',(0.,-1.,0.));
#2947 = ADVANCED_FACE('',(#2948),#2964,.F.);
#2948 = FACE_BOUND('',#2949,.F.);
#2949 = EDGE_LOOP('',(#2950,#2951,#2957,#2958));
#2950 = ORIENTED_EDGE('',*,*,#2593,.F.);
#2951 = ORIENTED_EDGE('',*,*,#2952,.T.);
#2952 = EDGE_CURVE('',#2594,#2322,#2953,.T.);
#2953 = LINE('',#2954,#2955);
#2954 = CARTESIAN_POINT('',(-8.09254E+03,3.16728E+03,6.58876E+03));
#2955 = VECTOR('',#2956,1.);
#2956 = DIRECTION('',(-1.,-0.,-0.));
#2957 = ORIENTED_EDGE('',*,*,#2321,.T.);
#2958 = ORIENTED_EDGE('',*,*,#2959,.F.);
#2959 = EDGE_CURVE('',#2596,#2324,#2960,.T.);
#2960 = LINE('',#2961,#2962);
#2961 = CARTESIAN_POINT('',(-8.09254E+03,3.16728E+03,5.06476E+03));
#2962 = VECTOR('',#2963,1.);
#2963 = DIRECTION('',(-1.,-0.,-0.));
#2964 = PLANE('',#2965);
#2965 = AXIS2_PLACEMENT_3D('',#2966,#2967,#2968);
#2966 = CARTESIAN_POINT('',(-8.09254E+03,3.16728E+03,6.58876E+03));
#2967 = DIRECTION('',(0.,-1.,0.));
#2968 = DIRECTION('',(0.,0.,-1.));
#2969 = ADVANCED_FACE('',(#2970),#2981,.F.);
#2970 = FACE_BOUND('',#2971,.F.);
#2971 = EDGE_LOOP('',(#2972,#2973,#2974,#2975));
#2972 = ORIENTED_EDGE('',*,*,#2619,.F.);
#2973 = ORIENTED_EDGE('',*,*,#2959,.T.);
#2974 = ORIENTED_EDGE('',*,*,#2347,.T.);
#2975 = ORIENTED_EDGE('',*,*,#2976,.F.);
#2976 = EDGE_CURVE('',#2612,#2340,#2977,.T.);
#2977 = LINE('',#2978,#2979);
#2978 = CARTESIAN_POINT('',(-8.09254E+03,5.91048E+03,5.06476E+03));
#2979 = VECTOR('',#2980,1.);
#2980 = DIRECTION('',(-1.,-0.,-0.));
#2981 = PLANE('',#2982);
#2982 = AXIS2_PLACEMENT_3D('',#2983,#2984,#2985);
#2983 = CARTESIAN_POINT('',(-8.09254E+03,3.16728E+03,5.06476E+03));
#2984 = DIRECTION('',(0.,0.,-1.));
#2985 = DIRECTION('',(0.,1.,0.));
#2986 = ADVANCED_FACE('',(#2987),#2998,.F.);
#2987 = FACE_BOUND('',#2988,.F.);
#2988 = EDGE_LOOP('',(#2989,#2990,#2991,#2992));
#2989 = ORIENTED_EDGE('',*,*,#2611,.F.);
#2990 = ORIENTED_EDGE('',*,*,#2976,.T.);
#2991 = ORIENTED_EDGE('',*,*,#2339,.T.);
#2992 = ORIENTED_EDGE('',*,*,#2993,.F.);
#2993 = EDGE_CURVE('',#2604,#2332,#2994,.T.);
#2994 = LINE('',#2995,#2996);
#2995 = CARTESIAN_POINT('',(-8.09254E+03,5.91048E+03,6.58876E+03));
#2996 = VECTOR('',#2997,1.);
#2997 = DIRECTION('',(-1.,-0.,-0.));
#2998 = PLANE('',#2999);
#2999 = AXIS2_PLACEMENT_3D('',#3000,#3001,#3002);
#3000 = CARTESIAN_POINT('',(-8.09254E+03,5.91048E+03,5.06476E+03));
#3001 = DIRECTION('',(0.,1.,0.));
#3002 = DIRECTION('',(0.,0.,1.));
#3003 = ADVANCED_FACE('',(#3004),#3010,.F.);
#3004 = FACE_BOUND('',#3005,.F.);
#3005 = EDGE_LOOP('',(#3006,#3007,#3008,#3009));
#3006 = ORIENTED_EDGE('',*,*,#2603,.F.);
#3007 = ORIENTED_EDGE('',*,*,#2993,.T.);
#3008 = ORIENTED_EDGE('',*,*,#2331,.T.);
#3009 = ORIENTED_EDGE('',*,*,#2952,.F.);
#3010 = PLANE('',#3011);
#3011 = AXIS2_PLACEMENT_3D('',#3012,#3013,#3014);
#3012 = CARTESIAN_POINT('',(-8.09254E+03,5.91048E+03,6.58876E+03));
#3013 = DIRECTION('',(0.,0.,1.));
#3014 = DIRECTION('',(0.,-1.,0.));
#3015 = ADVANCED_FACE('',(#3016),#3032,.F.);
#3016 = FACE_BOUND('',#3017,.F.);
#3017 = EDGE_LOOP('',(#3018,#3019,#3025,#3026));
#3018 = ORIENTED_EDGE('',*,*,#2627,.F.);
#3019 = ORIENTED_EDGE('',*,*,#3020,.T.);
#3020 = EDGE_CURVE('',#2628,#2356,#3021,.T.);
#3021 = LINE('',#3022,#3023);
#3022 = CARTESIAN_POINT('',(-8.09254E+03,119.27999999999,6.58876E+03));
#3023 = VECTOR('',#3024,1.);
#3024 = DIRECTION('',(-1.,-0.,-0.));
#3025 = ORIENTED_EDGE('',*,*,#2355,.T.);
#3026 = ORIENTED_EDGE('',*,*,#3027,.F.);
#3027 = EDGE_CURVE('',#2630,#2358,#3028,.T.);
#3028 = LINE('',#3029,#3030);
#3029 = CARTESIAN_POINT('',(-8.09254E+03,119.27999999999,5.06476E+03));
#3030 = VECTOR('',#3031,1.);
#3031 = DIRECTION('',(-1.,-0.,-0.));
#3032 = PLANE('',#3033);
#3033 = AXIS2_PLACEMENT_3D('',#3034,#3035,#3036);
#3034 = CARTESIAN_POINT('',(-8.09254E+03,119.27999999999,6.58876E+03));
#3035 = DIRECTION('',(0.,-1.,0.));
#3036 = DIRECTION('',(0.,0.,-1.));
#3037 = ADVANCED_FACE('',(#3038),#3049,.F.);
#3038 = FACE_BOUND('',#3039,.F.);
#3039 = EDGE_LOOP('',(#3040,#3041,#3042,#3043));
#3040 = ORIENTED_EDGE('',*,*,#2653,.F.);
#3041 = ORIENTED_EDGE('',*,*,#3027,.T.);
#3042 = ORIENTED_EDGE('',*,*,#2381,.T.);
#3043 = ORIENTED_EDGE('',*,*,#3044,.F.);
#3044 = EDGE_CURVE('',#2646,#2374,#3045,.T.);
#3045 = LINE('',#3046,#3047);
#3046 = CARTESIAN_POINT('',(-8.09254E+03,2.86248E+03,5.06476E+03));
#3047 = VECTOR('',#3048,1.);
#3048 = DIRECTION('',(-1.,-0.,-0.));
#3049 = PLANE('',#3050);
#3050 = AXIS2_PLACEMENT_3D('',#3051,#3052,#3053);
#3051 = CARTESIAN_POINT('',(-8.09254E+03,119.27999999999,5.06476E+03));
#3052 = DIRECTION('',(0.,0.,-1.));
#3053 = DIRECTION('',(0.,1.,0.));
#3054 = ADVANCED_FACE('',(#3055),#3066,.F.);
#3055 = FACE_BOUND('',#3056,.F.);
#3056 = EDGE_LOOP('',(#3057,#3058,#3059,#3060));
#3057 = ORIENTED_EDGE('',*,*,#2645,.F.);
#3058 = ORIENTED_EDGE('',*,*,#3044,.T.);
#3059 = ORIENTED_EDGE('',*,*,#2373,.T.);
#3060 = ORIENTED_EDGE('',*,*,#3061,.F.);
#3061 = EDGE_CURVE('',#2638,#2366,#3062,.T.);
#3062 = LINE('',#3063,#3064);
#3063 = CARTESIAN_POINT('',(-8.09254E+03,2.86248E+03,6.58876E+03));
#3064 = VECTOR('',#3065,1.);
#3065 = DIRECTION('',(-1.,-0.,-0.));
#3066 = PLANE('',#3067);
#3067 = AXIS2_PLACEMENT_3D('',#3068,#3069,#3070);
#3068 = CARTESIAN_POINT('',(-8.09254E+03,2.86248E+03,5.06476E+03));
#3069 = DIRECTION('',(0.,1.,0.));
#3070 = DIRECTION('',(0.,0.,1.));
#3071 = ADVANCED_FACE('',(#3072),#3078,.F.);
#3072 = FACE_BOUND('',#3073,.F.);
#3073 = EDGE_LOOP('',(#3074,#3075,#3076,#3077));
#3074 = ORIENTED_EDGE('',*,*,#2637,.F.);
#3075 = ORIENTED_EDGE('',*,*,#3061,.T.);
#3076 = ORIENTED_EDGE('',*,*,#2365,.T.);
#3077 = ORIENTED_EDGE('',*,*,#3020,.F.);
#3078 = PLANE('',#3079);
#3079 = AXIS2_PLACEMENT_3D('',#3080,#3081,#3082);
#3080 = CARTESIAN_POINT('',(-8.09254E+03,2.86248E+03,6.58876E+03));
#3081 = DIRECTION('',(0.,0.,1.));
#3082 = DIRECTION('',(0.,-1.,0.));
#3083 = ADVANCED_FACE('',(#3084),#3100,.F.);
#3084 = FACE_BOUND('',#3085,.F.);
#3085 = EDGE_LOOP('',(#3086,#3087,#3093,#3094));
#3086 = ORIENTED_EDGE('',*,*,#2661,.F.);
#3087 = ORIENTED_EDGE('',*,*,#3088,.T.);
#3088 = EDGE_CURVE('',#2662,#2390,#3089,.T.);
#3089 = LINE('',#3090,#3091);
#3090 = CARTESIAN_POINT('',(-8.09254E+03,-2.92872E+03,6.58876E+03));
#3091 = VECTOR('',#3092,1.);
#3092 = DIRECTION('',(-1.,-0.,-0.));
#3093 = ORIENTED_EDGE('',*,*,#2389,.T.);
#3094 = ORIENTED_EDGE('',*,*,#3095,.F.);
#3095 = EDGE_CURVE('',#2664,#2392,#3096,.T.);
#3096 = LINE('',#3097,#3098);
#3097 = CARTESIAN_POINT('',(-8.09254E+03,-2.92872E+03,5.06476E+03));
#3098 = VECTOR('',#3099,1.);
#3099 = DIRECTION('',(-1.,-0.,-0.));
#3100 = PLANE('',#3101);
#3101 = AXIS2_PLACEMENT_3D('',#3102,#3103,#3104);
#3102 = CARTESIAN_POINT('',(-8.09254E+03,-2.92872E+03,6.58876E+03));
#3103 = DIRECTION('',(0.,-1.,0.));
#3104 = DIRECTION('',(0.,0.,-1.));
#3105 = ADVANCED_FACE('',(#3106),#3117,.F.);
#3106 = FACE_BOUND('',#3107,.F.);
#3107 = EDGE_LOOP('',(#3108,#3109,#3110,#3111));
#3108 = ORIENTED_EDGE('',*,*,#2687,.F.);
#3109 = ORIENTED_EDGE('',*,*,#3095,.T.);
#3110 = ORIENTED_EDGE('',*,*,#2415,.T.);
#3111 = ORIENTED_EDGE('',*,*,#3112,.F.);
#3112 = EDGE_CURVE('',#2680,#2408,#3113,.T.);
#3113 = LINE('',#3114,#3115);
#3114 = CARTESIAN_POINT('',(-8.09254E+03,-185.52,5.06476E+03));
#3115 = VECTOR('',#3116,1.);
#3116 = DIRECTION('',(-1.,-0.,-0.));
#3117 = PLANE('',#3118);
#3118 = AXIS2_PLACEMENT_3D('',#3119,#3120,#3121);
#3119 = CARTESIAN_POINT('',(-8.09254E+03,-2.92872E+03,5.06476E+03));
#3120 = DIRECTION('',(0.,0.,-1.));
#3121 = DIRECTION('',(0.,1.,0.));
#3122 = ADVANCED_FACE('',(#3123),#3134,.F.);
#3123 = FACE_BOUND('',#3124,.F.);
#3124 = EDGE_LOOP('',(#3125,#3126,#3127,#3128));
#3125 = ORIENTED_EDGE('',*,*,#2679,.F.);
#3126 = ORIENTED_EDGE('',*,*,#3112,.T.);
#3127 = ORIENTED_EDGE('',*,*,#2407,.T.);
#3128 = ORIENTED_EDGE('',*,*,#3129,.F.);
#3129 = EDGE_CURVE('',#2672,#2400,#3130,.T.);
#3130 = LINE('',#3131,#3132);
#3131 = CARTESIAN_POINT('',(-8.09254E+03,-185.52,6.58876E+03));
#3132 = VECTOR('',#3133,1.);
#3133 = DIRECTION('',(-1.,-0.,-0.));
#3134 = PLANE('',#3135);
#3135 = AXIS2_PLACEMENT_3D('',#3136,#3137,#3138);
#3136 = CARTESIAN_POINT('',(-8.09254E+03,-185.52,5.06476E+03));
#3137 = DIRECTION('',(0.,1.,0.));
#3138 = DIRECTION('',(0.,0.,1.));
#3139 = ADVANCED_FACE('',(#3140),#3146,.F.);
#3140 = FACE_BOUND('',#3141,.F.);
#3141 = EDGE_LOOP('',(#3142,#3143,#3144,#3145));
#3142 = ORIENTED_EDGE('',*,*,#2671,.F.);
#3143 = ORIENTED_EDGE('',*,*,#3129,.T.);
#3144 = ORIENTED_EDGE('',*,*,#2399,.T.);
#3145 = ORIENTED_EDGE('',*,*,#3088,.F.);
#3146 = PLANE('',#3147);
#3147 = AXIS2_PLACEMENT_3D('',#3148,#3149,#3150);
#3148 = CARTESIAN_POINT('',(-8.09254E+03,-185.52,6.58876E+03));
#3149 = DIRECTION('',(0.,0.,1.));
#3150 = DIRECTION('',(0.,-1.,0.));
#3151 = ADVANCED_FACE('',(#3152),#3168,.F.);
#3152 = FACE_BOUND('',#3153,.F.);
#3153 = EDGE_LOOP('',(#3154,#3155,#3161,#3162));
#3154 = ORIENTED_EDGE('',*,*,#2695,.F.);
#3155 = ORIENTED_EDGE('',*,*,#3156,.T.);
#3156 = EDGE_CURVE('',#2696,#2424,#3157,.T.);
#3157 = LINE('',#3158,#3159);
#3158 = CARTESIAN_POINT('',(-8.09254E+03,-5.97672E+03,6.58876E+03));
#3159 = VECTOR('',#3160,1.);
#3160 = DIRECTION('',(-1.,-0.,-0.));
#3161 = ORIENTED_EDGE('',*,*,#2423,.T.);
#3162 = ORIENTED_EDGE('',*,*,#3163,.F.);
#3163 = EDGE_CURVE('',#2698,#2426,#3164,.T.);
#3164 = LINE('',#3165,#3166);
#3165 = CARTESIAN_POINT('',(-8.09254E+03,-5.97672E+03,5.06476E+03));
#3166 = VECTOR('',#3167,1.);
#3167 = DIRECTION('',(-1.,-0.,-0.));
#3168 = PLANE('',#3169);
#3169 = AXIS2_PLACEMENT_3D('',#3170,#3171,#3172);
#3170 = CARTESIAN_POINT('',(-8.09254E+03,-5.97672E+03,6.58876E+03));
#3171 = DIRECTION('',(0.,-1.,0.));
#3172 = DIRECTION('',(0.,0.,-1.));
#3173 = ADVANCED_FACE('',(#3174),#3185,.F.);
#3174 = FACE_BOUND('',#3175,.F.);
#3175 = EDGE_LOOP('',(#3176,#3177,#3178,#3179));
#3176 = ORIENTED_EDGE('',*,*,#2721,.F.);
#3177 = ORIENTED_EDGE('',*,*,#3163,.T.);
#3178 = ORIENTED_EDGE('',*,*,#2449,.T.);
#3179 = ORIENTED_EDGE('',*,*,#3180,.F.);
#3180 = EDGE_CURVE('',#2714,#2442,#3181,.T.);
#3181 = LINE('',#3182,#3183);
#3182 = CARTESIAN_POINT('',(-8.09254E+03,-3.23352E+03,5.06476E+03));
#3183 = VECTOR('',#3184,1.);
#3184 = DIRECTION('',(-1.,-0.,-0.));
#3185 = PLANE('',#3186);
#3186 = AXIS2_PLACEMENT_3D('',#3187,#3188,#3189);
#3187 = CARTESIAN_POINT('',(-8.09254E+03,-5.97672E+03,5.06476E+03));
#3188 = DIRECTION('',(0.,0.,-1.));
#3189 = DIRECTION('',(0.,1.,0.));
#3190 = ADVANCED_FACE('',(#3191),#3202,.F.);
#3191 = FACE_BOUND('',#3192,.F.);
#3192 = EDGE_LOOP('',(#3193,#3194,#3195,#3196));
#3193 = ORIENTED_EDGE('',*,*,#2713,.F.);
#3194 = ORIENTED_EDGE('',*,*,#3180,.T.);
#3195 = ORIENTED_EDGE('',*,*,#2441,.T.);
#3196 = ORIENTED_EDGE('',*,*,#3197,.F.);
#3197 = EDGE_CURVE('',#2706,#2434,#3198,.T.);
#3198 = LINE('',#3199,#3200);
#3199 = CARTESIAN_POINT('',(-8.09254E+03,-3.23352E+03,6.58876E+03));
#3200 = VECTOR('',#3201,1.);
#3201 = DIRECTION('',(-1.,-0.,-0.));
#3202 = PLANE('',#3203);
#3203 = AXIS2_PLACEMENT_3D('',#3204,#3205,#3206);
#3204 = CARTESIAN_POINT('',(-8.09254E+03,-3.23352E+03,5.06476E+03));
#3205 = DIRECTION('',(0.,1.,0.));
#3206 = DIRECTION('',(0.,0.,1.));
#3207 = ADVANCED_FACE('',(#3208),#3214,.F.);
#3208 = FACE_BOUND('',#3209,.F.);
#3209 = EDGE_LOOP('',(#3210,#3211,#3212,#3213));
#3210 = ORIENTED_EDGE('',*,*,#2705,.F.);
#3211 = ORIENTED_EDGE('',*,*,#3197,.T.);
#3212 = ORIENTED_EDGE('',*,*,#2433,.T.);
#3213 = ORIENTED_EDGE('',*,*,#3156,.F.);
#3214 = PLANE('',#3215);
#3215 = AXIS2_PLACEMENT_3D('',#3216,#3217,#3218);
#3216 = CARTESIAN_POINT('',(-8.09254E+03,-3.23352E+03,6.58876E+03));
#3217 = DIRECTION('',(0.,0.,1.));
#3218 = DIRECTION('',(0.,-1.,0.));
#3219 = ( GEOMETRIC_REPRESENTATION_CONTEXT(3) 
GLOBAL_UNCERTAINTY_ASSIGNED_CONTEXT((#3223)) 
GLOBAL_UNIT_ASSIGNED_CONTEXT((#3220,#3221,#3222)) REPRESENTATION_CONTEXT
('Context #1','3D Context with UNIT and UNCERTAINTY') );
#3220 = ( LENGTH_UNIT() NAMED_UNIT(*) SI_UNIT(.MILLI.,.METRE.) );
#3221 = ( NAMED_UNIT(*) PLANE_ANGLE_UNIT() SI_UNIT($,.RADIAN.) );
#3222 = ( NAMED_UNIT(*) SI_UNIT($,.STERADIAN.) SOLID_ANGLE_UNIT() );
#3223 = UNCERTAINTY_MEASURE_WITH_UNIT(LENGTH_MEASURE(2.E-02),#3220,
  'distance_accuracy_value','confusion accuracy');
#3224 = CONTEXT_DEPENDENT_SHAPE_REPRESENTATION(#3225,#3227);
#3225 = ( REPRESENTATION_RELATIONSHIP('','',#1856,#48) 
REPRESENTATION_RELATIONSHIP_WITH_TRANSFORMATION(#3226) 
SHAPE_REPRESENTATION_RELATIONSHIP() );
#3226 = ITEM_DEFINED_TRANSFORMATION('','',#11,#61);
#3227 = PRODUCT_DEFINITION_SHAPE('Placement','Placement of an item',
  #3228);
#3228 = NEXT_ASSEMBLY_USAGE_OCCURRENCE('4','SecondFloorWalls','',#43,
  #1851,$);
#3229 = PRODUCT_RELATED_PRODUCT_CATEGORY('part',$,(#1853));
#3230 = SHAPE_DEFINITION_REPRESENTATION(#3231,#3237);
#3231 = PRODUCT_DEFINITION_SHAPE('','',#3232);
#3232 = PRODUCT_DEFINITION('design','',#3233,#3236);
#3233 = PRODUCT_DEFINITION_FORMATION('','',#3234);
#3234 = PRODUCT('Glass','Glass','',(#3235));
#3235 = PRODUCT_CONTEXT('',#2,'mechanical');
#3236 = PRODUCT_DEFINITION_CONTEXT('part definition',#2,'design');
#3237 = SHAPE_REPRESENTATION('',(#11,#3238,#3242,#3246,#3250,#3254,#3258
    ),#3262);
#3238 = AXIS2_PLACEMENT_3D('',#3239,#3240,#3241);
#3239 = CARTESIAN_POINT('',(-8.21793E+03,-5.97584E+03,6.5879E+03));
#3240 = DIRECTION('',(1.,-0.,2.22044604925E-16));
#3241 = DIRECTION('',(2.22044604925E-16,0.,-1.));
#3242 = AXIS2_PLACEMENT_3D('',#3243,#3244,#3245);
#3243 = CARTESIAN_POINT('',(-8.21793E+03,-2.92784E+03,6.5879E+03));
#3244 = DIRECTION('',(1.,-0.,2.22044604925E-16));
#3245 = DIRECTION('',(2.22044604925E-16,0.,-1.));
#3246 = AXIS2_PLACEMENT_3D('',#3247,#3248,#3249);
#3247 = CARTESIAN_POINT('',(-8.21793E+03,120.15999999999,6.5879E+03));
#3248 = DIRECTION('',(1.,-0.,2.22044604925E-16));
#3249 = DIRECTION('',(2.22044604925E-16,0.,-1.));
#3250 = AXIS2_PLACEMENT_3D('',#3251,#3252,#3253);
#3251 = CARTESIAN_POINT('',(-8.21793E+03,3.16816E+03,6.5879E+03));
#3252 = DIRECTION('',(1.,-0.,2.22044604925E-16));
#3253 = DIRECTION('',(2.22044604925E-16,0.,-1.));
#3254 = AXIS2_PLACEMENT_3D('',#3255,#3256,#3257);
#3255 = CARTESIAN_POINT('',(-8.21793E+03,6.21616E+03,6.5879E+03));
#3256 = DIRECTION('',(1.,-0.,2.22044604925E-16));
#3257 = DIRECTION('',(2.22044604925E-16,0.,-1.));
#3258 = AXIS2_PLACEMENT_3D('',#3259,#3260,#3261);
#3259 = CARTESIAN_POINT('',(-8.21793E+03,9.26416E+03,6.5879E+03));
#3260 = DIRECTION('',(1.,-0.,2.22044604925E-16));
#3261 = DIRECTION('',(2.22044604925E-16,0.,-1.));
#3262 = ( GEOMETRIC_REPRESENTATION_CONTEXT(3) 
GLOBAL_UNCERTAINTY_ASSIGNED_CONTEXT((#3266)) 
GLOBAL_UNIT_ASSIGNED_CONTEXT((#3263,#3264,#3265)) REPRESENTATION_CONTEXT
('Context #1','3D Context with UNIT and UNCERTAINTY') );
#3263 = ( LENGTH_UNIT() NAMED_UNIT(*) SI_UNIT(.MILLI.,.METRE.) );
#3264 = ( NAMED_UNIT(*) PLANE_ANGLE_UNIT() SI_UNIT($,.RADIAN.) );
#3265 = ( NAMED_UNIT(*) SI_UNIT($,.STERADIAN.) SOLID_ANGLE_UNIT() );
#3266 = UNCERTAINTY_MEASURE_WITH_UNIT(LENGTH_MEASURE(1.E-07),#3263,
  'distance_accuracy_value','confusion accuracy');
#3267 = CONTEXT_DEPENDENT_SHAPE_REPRESENTATION(#3268,#3270);
#3268 = ( REPRESENTATION_RELATIONSHIP('','',#3237,#48) 
REPRESENTATION_RELATIONSHIP_WITH_TRANSFORMATION(#3269) 
SHAPE_REPRESENTATION_RELATIONSHIP() );
#3269 = ITEM_DEFINED_TRANSFORMATION('','',#11,#65);
#3270 = PRODUCT_DEFINITION_SHAPE('Placement','Placement of an item',
  #3271);
#3271 = NEXT_ASSEMBLY_USAGE_OCCURRENCE('11','Glass','',#43,#3232,$);
#3272 = PRODUCT_RELATED_PRODUCT_CATEGORY('part',$,(#3234));
#3273 = SHAPE_DEFINITION_REPRESENTATION(#3274,#3280);
#3274 = PRODUCT_DEFINITION_SHAPE('','',#3275);
#3275 = PRODUCT_DEFINITION('design','',#3276,#3279);
#3276 = PRODUCT_DEFINITION_FORMATION('','',#3277);
#3277 = PRODUCT('Glass001','Glass001','',(#3278));
#3278 = PRODUCT_CONTEXT('',#2,'mechanical');
#3279 = PRODUCT_DEFINITION_CONTEXT('part definition',#2,'design');
#3280 = ADVANCED_BREP_SHAPE_REPRESENTATION('',(#11,#3281),#3431);
#3281 = MANIFOLD_SOLID_BREP('',#3282);
#3282 = CLOSED_SHELL('',(#3283,#3323,#3363,#3385,#3407,#3419));
#3283 = ADVANCED_FACE('',(#3284),#3318,.F.);
#3284 = FACE_BOUND('',#3285,.F.);
#3285 = EDGE_LOOP('',(#3286,#3296,#3304,#3312));
#3286 = ORIENTED_EDGE('',*,*,#3287,.F.);
#3287 = EDGE_CURVE('',#3288,#3290,#3292,.T.);
#3288 = VERTEX_POINT('',#3289);
#3289 = CARTESIAN_POINT('',(0.,0.,0.));
#3290 = VERTEX_POINT('',#3291);
#3291 = CARTESIAN_POINT('',(0.,0.,7.));
#3292 = LINE('',#3293,#3294);
#3293 = CARTESIAN_POINT('',(0.,0.,0.));
#3294 = VECTOR('',#3295,1.);
#3295 = DIRECTION('',(0.,0.,1.));
#3296 = ORIENTED_EDGE('',*,*,#3297,.T.);
#3297 = EDGE_CURVE('',#3288,#3298,#3300,.T.);
#3298 = VERTEX_POINT('',#3299);
#3299 = CARTESIAN_POINT('',(0.,2.737104E+03,0.));
#3300 = LINE('',#3301,#3302);
#3301 = CARTESIAN_POINT('',(0.,0.,0.));
#3302 = VECTOR('',#3303,1.);
#3303 = DIRECTION('',(-0.,1.,0.));
#3304 = ORIENTED_EDGE('',*,*,#3305,.T.);
#3305 = EDGE_CURVE('',#3298,#3306,#3308,.T.);
#3306 = VERTEX_POINT('',#3307);
#3307 = CARTESIAN_POINT('',(0.,2.737104E+03,7.));
#3308 = LINE('',#3309,#3310);
#3309 = CARTESIAN_POINT('',(0.,2.737104E+03,0.));
#3310 = VECTOR('',#3311,1.);
#3311 = DIRECTION('',(0.,0.,1.));
#3312 = ORIENTED_EDGE('',*,*,#3313,.F.);
#3313 = EDGE_CURVE('',#3290,#3306,#3314,.T.);
#3314 = LINE('',#3315,#3316);
#3315 = CARTESIAN_POINT('',(0.,0.,7.));
#3316 = VECTOR('',#3317,1.);
#3317 = DIRECTION('',(-0.,1.,0.));
#3318 = PLANE('',#3319);
#3319 = AXIS2_PLACEMENT_3D('',#3320,#3321,#3322);
#3320 = CARTESIAN_POINT('',(0.,0.,0.));
#3321 = DIRECTION('',(1.,0.,-0.));
#3322 = DIRECTION('',(0.,0.,1.));
#3323 = ADVANCED_FACE('',(#3324),#3358,.T.);
#3324 = FACE_BOUND('',#3325,.T.);
#3325 = EDGE_LOOP('',(#3326,#3336,#3344,#3352));
#3326 = ORIENTED_EDGE('',*,*,#3327,.F.);
#3327 = EDGE_CURVE('',#3328,#3330,#3332,.T.);
#3328 = VERTEX_POINT('',#3329);
#3329 = CARTESIAN_POINT('',(1.517904E+03,0.,0.));
#3330 = VERTEX_POINT('',#3331);
#3331 = CARTESIAN_POINT('',(1.517904E+03,0.,7.));
#3332 = LINE('',#3333,#3334);
#3333 = CARTESIAN_POINT('',(1.517904E+03,0.,0.));
#3334 = VECTOR('',#3335,1.);
#3335 = DIRECTION('',(0.,0.,1.));
#3336 = ORIENTED_EDGE('',*,*,#3337,.T.);
#3337 = EDGE_CURVE('',#3328,#3338,#3340,.T.);
#3338 = VERTEX_POINT('',#3339);
#3339 = CARTESIAN_POINT('',(1.517904E+03,2.737104E+03,0.));
#3340 = LINE('',#3341,#3342);
#3341 = CARTESIAN_POINT('',(1.517904E+03,0.,0.));
#3342 = VECTOR('',#3343,1.);
#3343 = DIRECTION('',(-0.,1.,0.));
#3344 = ORIENTED_EDGE('',*,*,#3345,.T.);
#3345 = EDGE_CURVE('',#3338,#3346,#3348,.T.);
#3346 = VERTEX_POINT('',#3347);
#3347 = CARTESIAN_POINT('',(1.517904E+03,2.737104E+03,7.));
#3348 = LINE('',#3349,#3350);
#3349 = CARTESIAN_POINT('',(1.517904E+03,2.737104E+03,0.));
#3350 = VECTOR('',#3351,1.);
#3351 = DIRECTION('',(0.,0.,1.));
#3352 = ORIENTED_EDGE('',*,*,#3353,.F.);
#3353 = EDGE_CURVE('',#3330,#3346,#3354,.T.);
#3354 = LINE('',#3355,#3356);
#3355 = CARTESIAN_POINT('',(1.517904E+03,0.,7.));
#3356 = VECTOR('',#3357,1.);
#3357 = DIRECTION('',(-0.,1.,0.));
#3358 = PLANE('',#3359);
#3359 = AXIS2_PLACEMENT_3D('',#3360,#3361,#3362);
#3360 = CARTESIAN_POINT('',(1.517904E+03,0.,0.));
#3361 = DIRECTION('',(1.,0.,-0.));
#3362 = DIRECTION('',(0.,0.,1.));
#3363 = ADVANCED_FACE('',(#3364),#3380,.F.);
#3364 = FACE_BOUND('',#3365,.F.);
#3365 = EDGE_LOOP('',(#3366,#3372,#3373,#3379));
#3366 = ORIENTED_EDGE('',*,*,#3367,.F.);
#3367 = EDGE_CURVE('',#3288,#3328,#3368,.T.);
#3368 = LINE('',#3369,#3370);
#3369 = CARTESIAN_POINT('',(0.,0.,0.));
#3370 = VECTOR('',#3371,1.);
#3371 = DIRECTION('',(1.,0.,-0.));
#3372 = ORIENTED_EDGE('',*,*,#3287,.T.);
#3373 = ORIENTED_EDGE('',*,*,#3374,.T.);
#3374 = EDGE_CURVE('',#3290,#3330,#3375,.T.);
#3375 = LINE('',#3376,#3377);
#3376 = CARTESIAN_POINT('',(0.,0.,7.));
#3377 = VECTOR('',#3378,1.);
#3378 = DIRECTION('',(1.,0.,-0.));
#3379 = ORIENTED_EDGE('',*,*,#3327,.F.);
#3380 = PLANE('',#3381);
#3381 = AXIS2_PLACEMENT_3D('',#3382,#3383,#3384);
#3382 = CARTESIAN_POINT('',(0.,0.,0.));
#3383 = DIRECTION('',(-0.,1.,0.));
#3384 = DIRECTION('',(0.,0.,1.));
#3385 = ADVANCED_FACE('',(#3386),#3402,.T.);
#3386 = FACE_BOUND('',#3387,.T.);
#3387 = EDGE_LOOP('',(#3388,#3394,#3395,#3401));
#3388 = ORIENTED_EDGE('',*,*,#3389,.F.);
#3389 = EDGE_CURVE('',#3298,#3338,#3390,.T.);
#3390 = LINE('',#3391,#3392);
#3391 = CARTESIAN_POINT('',(0.,2.737104E+03,0.));
#3392 = VECTOR('',#3393,1.);
#3393 = DIRECTION('',(1.,0.,-0.));
#3394 = ORIENTED_EDGE('',*,*,#3305,.T.);
#3395 = ORIENTED_EDGE('',*,*,#3396,.T.);
#3396 = EDGE_CURVE('',#3306,#3346,#3397,.T.);
#3397 = LINE('',#3398,#3399);
#3398 = CARTESIAN_POINT('',(0.,2.737104E+03,7.));
#3399 = VECTOR('',#3400,1.);
#3400 = DIRECTION('',(1.,0.,-0.));
#3401 = ORIENTED_EDGE('',*,*,#3345,.F.);
#3402 = PLANE('',#3403);
#3403 = AXIS2_PLACEMENT_3D('',#3404,#3405,#3406);
#3404 = CARTESIAN_POINT('',(0.,2.737104E+03,0.));
#3405 = DIRECTION('',(-0.,1.,0.));
#3406 = DIRECTION('',(0.,0.,1.));
#3407 = ADVANCED_FACE('',(#3408),#3414,.F.);
#3408 = FACE_BOUND('',#3409,.F.);
#3409 = EDGE_LOOP('',(#3410,#3411,#3412,#3413));
#3410 = ORIENTED_EDGE('',*,*,#3297,.F.);
#3411 = ORIENTED_EDGE('',*,*,#3367,.T.);
#3412 = ORIENTED_EDGE('',*,*,#3337,.T.);
#3413 = ORIENTED_EDGE('',*,*,#3389,.F.);
#3414 = PLANE('',#3415);
#3415 = AXIS2_PLACEMENT_3D('',#3416,#3417,#3418);
#3416 = CARTESIAN_POINT('',(0.,0.,0.));
#3417 = DIRECTION('',(0.,0.,1.));
#3418 = DIRECTION('',(1.,0.,-0.));
#3419 = ADVANCED_FACE('',(#3420),#3426,.T.);
#3420 = FACE_BOUND('',#3421,.T.);
#3421 = EDGE_LOOP('',(#3422,#3423,#3424,#3425));
#3422 = ORIENTED_EDGE('',*,*,#3313,.F.);
#3423 = ORIENTED_EDGE('',*,*,#3374,.T.);
#3424 = ORIENTED_EDGE('',*,*,#3353,.T.);
#3425 = ORIENTED_EDGE('',*,*,#3396,.F.);
#3426 = PLANE('',#3427);
#3427 = AXIS2_PLACEMENT_3D('',#3428,#3429,#3430);
#3428 = CARTESIAN_POINT('',(0.,0.,7.));
#3429 = DIRECTION('',(0.,0.,1.));
#3430 = DIRECTION('',(1.,0.,-0.));
#3431 = ( GEOMETRIC_REPRESENTATION_CONTEXT(3) 
GLOBAL_UNCERTAINTY_ASSIGNED_CONTEXT((#3435)) 
GLOBAL_UNIT_ASSIGNED_CONTEXT((#3432,#3433,#3434)) REPRESENTATION_CONTEXT
('Context #1','3D Context with UNIT and UNCERTAINTY') );
#3432 = ( LENGTH_UNIT() NAMED_UNIT(*) SI_UNIT(.MILLI.,.METRE.) );
#3433 = ( NAMED_UNIT(*) PLANE_ANGLE_UNIT() SI_UNIT($,.RADIAN.) );
#3434 = ( NAMED_UNIT(*) SI_UNIT($,.STERADIAN.) SOLID_ANGLE_UNIT() );
#3435 = UNCERTAINTY_MEASURE_WITH_UNIT(LENGTH_MEASURE(1.E-07),#3432,
  'distance_accuracy_value','confusion accuracy');
#3436 = CONTEXT_DEPENDENT_SHAPE_REPRESENTATION(#3437,#3439);
#3437 = ( REPRESENTATION_RELATIONSHIP('','',#3280,#3237) 
REPRESENTATION_RELATIONSHIP_WITH_TRANSFORMATION(#3438) 
SHAPE_REPRESENTATION_RELATIONSHIP() );
#3438 = ITEM_DEFINED_TRANSFORMATION('','',#11,#3238);
#3439 = PRODUCT_DEFINITION_SHAPE('Placement','Placement of an item',
  #3440);
#3440 = NEXT_ASSEMBLY_USAGE_OCCURRENCE('5','Glass001','',#3232,#3275,$);
#3441 = PRODUCT_RELATED_PRODUCT_CATEGORY('part',$,(#3277));
#3442 = SHAPE_DEFINITION_REPRESENTATION(#3443,#3449);
#3443 = PRODUCT_DEFINITION_SHAPE('','',#3444);
#3444 = PRODUCT_DEFINITION('design','',#3445,#3448);
#3445 = PRODUCT_DEFINITION_FORMATION('','',#3446);
#3446 = PRODUCT('Glass002','Glass002','',(#3447));
#3447 = PRODUCT_CONTEXT('',#2,'mechanical');
#3448 = PRODUCT_DEFINITION_CONTEXT('part definition',#2,'design');
#3449 = ADVANCED_BREP_SHAPE_REPRESENTATION('',(#11,#3450),#3600);
#3450 = MANIFOLD_SOLID_BREP('',#3451);
#3451 = CLOSED_SHELL('',(#3452,#3492,#3532,#3554,#3576,#3588));
#3452 = ADVANCED_FACE('',(#3453),#3487,.F.);
#3453 = FACE_BOUND('',#3454,.F.);
#3454 = EDGE_LOOP('',(#3455,#3465,#3473,#3481));
#3455 = ORIENTED_EDGE('',*,*,#3456,.F.);
#3456 = EDGE_CURVE('',#3457,#3459,#3461,.T.);
#3457 = VERTEX_POINT('',#3458);
#3458 = CARTESIAN_POINT('',(0.,0.,0.));
#3459 = VERTEX_POINT('',#3460);
#3460 = CARTESIAN_POINT('',(0.,0.,7.));
#3461 = LINE('',#3462,#3463);
#3462 = CARTESIAN_POINT('',(0.,0.,0.));
#3463 = VECTOR('',#3464,1.);
#3464 = DIRECTION('',(0.,0.,1.));
#3465 = ORIENTED_EDGE('',*,*,#3466,.T.);
#3466 = EDGE_CURVE('',#3457,#3467,#3469,.T.);
#3467 = VERTEX_POINT('',#3468);
#3468 = CARTESIAN_POINT('',(0.,2.737104E+03,0.));
#3469 = LINE('',#3470,#3471);
#3470 = CARTESIAN_POINT('',(0.,0.,0.));
#3471 = VECTOR('',#3472,1.);
#3472 = DIRECTION('',(-0.,1.,0.));
#3473 = ORIENTED_EDGE('',*,*,#3474,.T.);
#3474 = EDGE_CURVE('',#3467,#3475,#3477,.T.);
#3475 = VERTEX_POINT('',#3476);
#3476 = CARTESIAN_POINT('',(0.,2.737104E+03,7.));
#3477 = LINE('',#3478,#3479);
#3478 = CARTESIAN_POINT('',(0.,2.737104E+03,0.));
#3479 = VECTOR('',#3480,1.);
#3480 = DIRECTION('',(0.,0.,1.));
#3481 = ORIENTED_EDGE('',*,*,#3482,.F.);
#3482 = EDGE_CURVE('',#3459,#3475,#3483,.T.);
#3483 = LINE('',#3484,#3485);
#3484 = CARTESIAN_POINT('',(0.,0.,7.));
#3485 = VECTOR('',#3486,1.);
#3486 = DIRECTION('',(-0.,1.,0.));
#3487 = PLANE('',#3488);
#3488 = AXIS2_PLACEMENT_3D('',#3489,#3490,#3491);
#3489 = CARTESIAN_POINT('',(0.,0.,0.));
#3490 = DIRECTION('',(1.,0.,-0.));
#3491 = DIRECTION('',(0.,0.,1.));
#3492 = ADVANCED_FACE('',(#3493),#3527,.T.);
#3493 = FACE_BOUND('',#3494,.T.);
#3494 = EDGE_LOOP('',(#3495,#3505,#3513,#3521));
#3495 = ORIENTED_EDGE('',*,*,#3496,.F.);
#3496 = EDGE_CURVE('',#3497,#3499,#3501,.T.);
#3497 = VERTEX_POINT('',#3498);
#3498 = CARTESIAN_POINT('',(1.517904E+03,0.,0.));
#3499 = VERTEX_POINT('',#3500);
#3500 = CARTESIAN_POINT('',(1.517904E+03,0.,7.));
#3501 = LINE('',#3502,#3503);
#3502 = CARTESIAN_POINT('',(1.517904E+03,0.,0.));
#3503 = VECTOR('',#3504,1.);
#3504 = DIRECTION('',(0.,0.,1.));
#3505 = ORIENTED_EDGE('',*,*,#3506,.T.);
#3506 = EDGE_CURVE('',#3497,#3507,#3509,.T.);
#3507 = VERTEX_POINT('',#3508);
#3508 = CARTESIAN_POINT('',(1.517904E+03,2.737104E+03,0.));
#3509 = LINE('',#3510,#3511);
#3510 = CARTESIAN_POINT('',(1.517904E+03,0.,0.));
#3511 = VECTOR('',#3512,1.);
#3512 = DIRECTION('',(-0.,1.,0.));
#3513 = ORIENTED_EDGE('',*,*,#3514,.T.);
#3514 = EDGE_CURVE('',#3507,#3515,#3517,.T.);
#3515 = VERTEX_POINT('',#3516);
#3516 = CARTESIAN_POINT('',(1.517904E+03,2.737104E+03,7.));
#3517 = LINE('',#3518,#3519);
#3518 = CARTESIAN_POINT('',(1.517904E+03,2.737104E+03,0.));
#3519 = VECTOR('',#3520,1.);
#3520 = DIRECTION('',(0.,0.,1.));
#3521 = ORIENTED_EDGE('',*,*,#3522,.F.);
#3522 = EDGE_CURVE('',#3499,#3515,#3523,.T.);
#3523 = LINE('',#3524,#3525);
#3524 = CARTESIAN_POINT('',(1.517904E+03,0.,7.));
#3525 = VECTOR('',#3526,1.);
#3526 = DIRECTION('',(-0.,1.,0.));
#3527 = PLANE('',#3528);
#3528 = AXIS2_PLACEMENT_3D('',#3529,#3530,#3531);
#3529 = CARTESIAN_POINT('',(1.517904E+03,0.,0.));
#3530 = DIRECTION('',(1.,0.,-0.));
#3531 = DIRECTION('',(0.,0.,1.));
#3532 = ADVANCED_FACE('',(#3533),#3549,.F.);
#3533 = FACE_BOUND('',#3534,.F.);
#3534 = EDGE_LOOP('',(#3535,#3541,#3542,#3548));
#3535 = ORIENTED_EDGE('',*,*,#3536,.F.);
#3536 = EDGE_CURVE('',#3457,#3497,#3537,.T.);
#3537 = LINE('',#3538,#3539);
#3538 = CARTESIAN_POINT('',(0.,0.,0.));
#3539 = VECTOR('',#3540,1.);
#3540 = DIRECTION('',(1.,0.,-0.));
#3541 = ORIENTED_EDGE('',*,*,#3456,.T.);
#3542 = ORIENTED_EDGE('',*,*,#3543,.T.);
#3543 = EDGE_CURVE('',#3459,#3499,#3544,.T.);
#3544 = LINE('',#3545,#3546);
#3545 = CARTESIAN_POINT('',(0.,0.,7.));
#3546 = VECTOR('',#3547,1.);
#3547 = DIRECTION('',(1.,0.,-0.));
#3548 = ORIENTED_EDGE('',*,*,#3496,.F.);
#3549 = PLANE('',#3550);
#3550 = AXIS2_PLACEMENT_3D('',#3551,#3552,#3553);
#3551 = CARTESIAN_POINT('',(0.,0.,0.));
#3552 = DIRECTION('',(-0.,1.,0.));
#3553 = DIRECTION('',(0.,0.,1.));
#3554 = ADVANCED_FACE('',(#3555),#3571,.T.);
#3555 = FACE_BOUND('',#3556,.T.);
#3556 = EDGE_LOOP('',(#3557,#3563,#3564,#3570));
#3557 = ORIENTED_EDGE('',*,*,#3558,.F.);
#3558 = EDGE_CURVE('',#3467,#3507,#3559,.T.);
#3559 = LINE('',#3560,#3561);
#3560 = CARTESIAN_POINT('',(0.,2.737104E+03,0.));
#3561 = VECTOR('',#3562,1.);
#3562 = DIRECTION('',(1.,0.,-0.));
#3563 = ORIENTED_EDGE('',*,*,#3474,.T.);
#3564 = ORIENTED_EDGE('',*,*,#3565,.T.);
#3565 = EDGE_CURVE('',#3475,#3515,#3566,.T.);
#3566 = LINE('',#3567,#3568);
#3567 = CARTESIAN_POINT('',(0.,2.737104E+03,7.));
#3568 = VECTOR('',#3569,1.);
#3569 = DIRECTION('',(1.,0.,-0.));
#3570 = ORIENTED_EDGE('',*,*,#3514,.F.);
#3571 = PLANE('',#3572);
#3572 = AXIS2_PLACEMENT_3D('',#3573,#3574,#3575);
#3573 = CARTESIAN_POINT('',(0.,2.737104E+03,0.));
#3574 = DIRECTION('',(-0.,1.,0.));
#3575 = DIRECTION('',(0.,0.,1.));
#3576 = ADVANCED_FACE('',(#3577),#3583,.F.);
#3577 = FACE_BOUND('',#3578,.F.);
#3578 = EDGE_LOOP('',(#3579,#3580,#3581,#3582));
#3579 = ORIENTED_EDGE('',*,*,#3466,.F.);
#3580 = ORIENTED_EDGE('',*,*,#3536,.T.);
#3581 = ORIENTED_EDGE('',*,*,#3506,.T.);
#3582 = ORIENTED_EDGE('',*,*,#3558,.F.);
#3583 = PLANE('',#3584);
#3584 = AXIS2_PLACEMENT_3D('',#3585,#3586,#3587);
#3585 = CARTESIAN_POINT('',(0.,0.,0.));
#3586 = DIRECTION('',(0.,0.,1.));
#3587 = DIRECTION('',(1.,0.,-0.));
#3588 = ADVANCED_FACE('',(#3589),#3595,.T.);
#3589 = FACE_BOUND('',#3590,.T.);
#3590 = EDGE_LOOP('',(#3591,#3592,#3593,#3594));
#3591 = ORIENTED_EDGE('',*,*,#3482,.F.);
#3592 = ORIENTED_EDGE('',*,*,#3543,.T.);
#3593 = ORIENTED_EDGE('',*,*,#3522,.T.);
#3594 = ORIENTED_EDGE('',*,*,#3565,.F.);
#3595 = PLANE('',#3596);
#3596 = AXIS2_PLACEMENT_3D('',#3597,#3598,#3599);
#3597 = CARTESIAN_POINT('',(0.,0.,7.));
#3598 = DIRECTION('',(0.,0.,1.));
#3599 = DIRECTION('',(1.,0.,-0.));
#3600 = ( GEOMETRIC_REPRESENTATION_CONTEXT(3) 
GLOBAL_UNCERTAINTY_ASSIGNED_CONTEXT((#3604)) 
GLOBAL_UNIT_ASSIGNED_CONTEXT((#3601,#3602,#3603)) REPRESENTATION_CONTEXT
('Context #1','3D Context with UNIT and UNCERTAINTY') );
#3601 = ( LENGTH_UNIT() NAMED_UNIT(*) SI_UNIT(.MILLI.,.METRE.) );
#3602 = ( NAMED_UNIT(*) PLANE_ANGLE_UNIT() SI_UNIT($,.RADIAN.) );
#3603 = ( NAMED_UNIT(*) SI_UNIT($,.STERADIAN.) SOLID_ANGLE_UNIT() );
#3604 = UNCERTAINTY_MEASURE_WITH_UNIT(LENGTH_MEASURE(1.E-07),#3601,
  'distance_accuracy_value','confusion accuracy');
#3605 = CONTEXT_DEPENDENT_SHAPE_REPRESENTATION(#3606,#3608);
#3606 = ( REPRESENTATION_RELATIONSHIP('','',#3449,#3237) 
REPRESENTATION_RELATIONSHIP_WITH_TRANSFORMATION(#3607) 
SHAPE_REPRESENTATION_RELATIONSHIP() );
#3607 = ITEM_DEFINED_TRANSFORMATION('','',#11,#3242);
#3608 = PRODUCT_DEFINITION_SHAPE('Placement','Placement of an item',
  #3609);
#3609 = NEXT_ASSEMBLY_USAGE_OCCURRENCE('6','Glass002','',#3232,#3444,$);
#3610 = PRODUCT_RELATED_PRODUCT_CATEGORY('part',$,(#3446));
#3611 = SHAPE_DEFINITION_REPRESENTATION(#3612,#3618);
#3612 = PRODUCT_DEFINITION_SHAPE('','',#3613);
#3613 = PRODUCT_DEFINITION('design','',#3614,#3617);
#3614 = PRODUCT_DEFINITION_FORMATION('','',#3615);
#3615 = PRODUCT('Glass003','Glass003','',(#3616));
#3616 = PRODUCT_CONTEXT('',#2,'mechanical');
#3617 = PRODUCT_DEFINITION_CONTEXT('part definition',#2,'design');
#3618 = ADVANCED_BREP_SHAPE_REPRESENTATION('',(#11,#3619),#3769);
#3619 = MANIFOLD_SOLID_BREP('',#3620);
#3620 = CLOSED_SHELL('',(#3621,#3661,#3701,#3723,#3745,#3757));
#3621 = ADVANCED_FACE('',(#3622),#3656,.F.);
#3622 = FACE_BOUND('',#3623,.F.);
#3623 = EDGE_LOOP('',(#3624,#3634,#3642,#3650));
#3624 = ORIENTED_EDGE('',*,*,#3625,.F.);
#3625 = EDGE_CURVE('',#3626,#3628,#3630,.T.);
#3626 = VERTEX_POINT('',#3627);
#3627 = CARTESIAN_POINT('',(0.,0.,0.));
#3628 = VERTEX_POINT('',#3629);
#3629 = CARTESIAN_POINT('',(0.,0.,7.));
#3630 = LINE('',#3631,#3632);
#3631 = CARTESIAN_POINT('',(0.,0.,0.));
#3632 = VECTOR('',#3633,1.);
#3633 = DIRECTION('',(0.,0.,1.));
#3634 = ORIENTED_EDGE('',*,*,#3635,.T.);
#3635 = EDGE_CURVE('',#3626,#3636,#3638,.T.);
#3636 = VERTEX_POINT('',#3637);
#3637 = CARTESIAN_POINT('',(0.,2.737104E+03,0.));
#3638 = LINE('',#3639,#3640);
#3639 = CARTESIAN_POINT('',(0.,0.,0.));
#3640 = VECTOR('',#3641,1.);
#3641 = DIRECTION('',(-0.,1.,0.));
#3642 = ORIENTED_EDGE('',*,*,#3643,.T.);
#3643 = EDGE_CURVE('',#3636,#3644,#3646,.T.);
#3644 = VERTEX_POINT('',#3645);
#3645 = CARTESIAN_POINT('',(0.,2.737104E+03,7.));
#3646 = LINE('',#3647,#3648);
#3647 = CARTESIAN_POINT('',(0.,2.737104E+03,0.));
#3648 = VECTOR('',#3649,1.);
#3649 = DIRECTION('',(0.,0.,1.));
#3650 = ORIENTED_EDGE('',*,*,#3651,.F.);
#3651 = EDGE_CURVE('',#3628,#3644,#3652,.T.);
#3652 = LINE('',#3653,#3654);
#3653 = CARTESIAN_POINT('',(0.,0.,7.));
#3654 = VECTOR('',#3655,1.);
#3655 = DIRECTION('',(-0.,1.,0.));
#3656 = PLANE('',#3657);
#3657 = AXIS2_PLACEMENT_3D('',#3658,#3659,#3660);
#3658 = CARTESIAN_POINT('',(0.,0.,0.));
#3659 = DIRECTION('',(1.,0.,-0.));
#3660 = DIRECTION('',(0.,0.,1.));
#3661 = ADVANCED_FACE('',(#3662),#3696,.T.);
#3662 = FACE_BOUND('',#3663,.T.);
#3663 = EDGE_LOOP('',(#3664,#3674,#3682,#3690));
#3664 = ORIENTED_EDGE('',*,*,#3665,.F.);
#3665 = EDGE_CURVE('',#3666,#3668,#3670,.T.);
#3666 = VERTEX_POINT('',#3667);
#3667 = CARTESIAN_POINT('',(1.517904E+03,0.,0.));
#3668 = VERTEX_POINT('',#3669);
#3669 = CARTESIAN_POINT('',(1.517904E+03,0.,7.));
#3670 = LINE('',#3671,#3672);
#3671 = CARTESIAN_POINT('',(1.517904E+03,0.,0.));
#3672 = VECTOR('',#3673,1.);
#3673 = DIRECTION('',(0.,0.,1.));
#3674 = ORIENTED_EDGE('',*,*,#3675,.T.);
#3675 = EDGE_CURVE('',#3666,#3676,#3678,.T.);
#3676 = VERTEX_POINT('',#3677);
#3677 = CARTESIAN_POINT('',(1.517904E+03,2.737104E+03,0.));
#3678 = LINE('',#3679,#3680);
#3679 = CARTESIAN_POINT('',(1.517904E+03,0.,0.));
#3680 = VECTOR('',#3681,1.);
#3681 = DIRECTION('',(-0.,1.,0.));
#3682 = ORIENTED_EDGE('',*,*,#3683,.T.);
#3683 = EDGE_CURVE('',#3676,#3684,#3686,.T.);
#3684 = VERTEX_POINT('',#3685);
#3685 = CARTESIAN_POINT('',(1.517904E+03,2.737104E+03,7.));
#3686 = LINE('',#3687,#3688);
#3687 = CARTESIAN_POINT('',(1.517904E+03,2.737104E+03,0.));
#3688 = VECTOR('',#3689,1.);
#3689 = DIRECTION('',(0.,0.,1.));
#3690 = ORIENTED_EDGE('',*,*,#3691,.F.);
#3691 = EDGE_CURVE('',#3668,#3684,#3692,.T.);
#3692 = LINE('',#3693,#3694);
#3693 = CARTESIAN_POINT('',(1.517904E+03,0.,7.));
#3694 = VECTOR('',#3695,1.);
#3695 = DIRECTION('',(-0.,1.,0.));
#3696 = PLANE('',#3697);
#3697 = AXIS2_PLACEMENT_3D('',#3698,#3699,#3700);
#3698 = CARTESIAN_POINT('',(1.517904E+03,0.,0.));
#3699 = DIRECTION('',(1.,0.,-0.));
#3700 = DIRECTION('',(0.,0.,1.));
#3701 = ADVANCED_FACE('',(#3702),#3718,.F.);
#3702 = FACE_BOUND('',#3703,.F.);
#3703 = EDGE_LOOP('',(#3704,#3710,#3711,#3717));
#3704 = ORIENTED_EDGE('',*,*,#3705,.F.);
#3705 = EDGE_CURVE('',#3626,#3666,#3706,.T.);
#3706 = LINE('',#3707,#3708);
#3707 = CARTESIAN_POINT('',(0.,0.,0.));
#3708 = VECTOR('',#3709,1.);
#3709 = DIRECTION('',(1.,0.,-0.));
#3710 = ORIENTED_EDGE('',*,*,#3625,.T.);
#3711 = ORIENTED_EDGE('',*,*,#3712,.T.);
#3712 = EDGE_CURVE('',#3628,#3668,#3713,.T.);
#3713 = LINE('',#3714,#3715);
#3714 = CARTESIAN_POINT('',(0.,0.,7.));
#3715 = VECTOR('',#3716,1.);
#3716 = DIRECTION('',(1.,0.,-0.));
#3717 = ORIENTED_EDGE('',*,*,#3665,.F.);
#3718 = PLANE('',#3719);
#3719 = AXIS2_PLACEMENT_3D('',#3720,#3721,#3722);
#3720 = CARTESIAN_POINT('',(0.,0.,0.));
#3721 = DIRECTION('',(-0.,1.,0.));
#3722 = DIRECTION('',(0.,0.,1.));
#3723 = ADVANCED_FACE('',(#3724),#3740,.T.);
#3724 = FACE_BOUND('',#3725,.T.);
#3725 = EDGE_LOOP('',(#3726,#3732,#3733,#3739));
#3726 = ORIENTED_EDGE('',*,*,#3727,.F.);
#3727 = EDGE_CURVE('',#3636,#3676,#3728,.T.);
#3728 = LINE('',#3729,#3730);
#3729 = CARTESIAN_POINT('',(0.,2.737104E+03,0.));
#3730 = VECTOR('',#3731,1.);
#3731 = DIRECTION('',(1.,0.,-0.));
#3732 = ORIENTED_EDGE('',*,*,#3643,.T.);
#3733 = ORIENTED_EDGE('',*,*,#3734,.T.);
#3734 = EDGE_CURVE('',#3644,#3684,#3735,.T.);
#3735 = LINE('',#3736,#3737);
#3736 = CARTESIAN_POINT('',(0.,2.737104E+03,7.));
#3737 = VECTOR('',#3738,1.);
#3738 = DIRECTION('',(1.,0.,-0.));
#3739 = ORIENTED_EDGE('',*,*,#3683,.F.);
#3740 = PLANE('',#3741);
#3741 = AXIS2_PLACEMENT_3D('',#3742,#3743,#3744);
#3742 = CARTESIAN_POINT('',(0.,2.737104E+03,0.));
#3743 = DIRECTION('',(-0.,1.,0.));
#3744 = DIRECTION('',(0.,0.,1.));
#3745 = ADVANCED_FACE('',(#3746),#3752,.F.);
#3746 = FACE_BOUND('',#3747,.F.);
#3747 = EDGE_LOOP('',(#3748,#3749,#3750,#3751));
#3748 = ORIENTED_EDGE('',*,*,#3635,.F.);
#3749 = ORIENTED_EDGE('',*,*,#3705,.T.);
#3750 = ORIENTED_EDGE('',*,*,#3675,.T.);
#3751 = ORIENTED_EDGE('',*,*,#3727,.F.);
#3752 = PLANE('',#3753);
#3753 = AXIS2_PLACEMENT_3D('',#3754,#3755,#3756);
#3754 = CARTESIAN_POINT('',(0.,0.,0.));
#3755 = DIRECTION('',(0.,0.,1.));
#3756 = DIRECTION('',(1.,0.,-0.));
#3757 = ADVANCED_FACE('',(#3758),#3764,.T.);
#3758 = FACE_BOUND('',#3759,.T.);
#3759 = EDGE_LOOP('',(#3760,#3761,#3762,#3763));
#3760 = ORIENTED_EDGE('',*,*,#3651,.F.);
#3761 = ORIENTED_EDGE('',*,*,#3712,.T.);
#3762 = ORIENTED_EDGE('',*,*,#3691,.T.);
#3763 = ORIENTED_EDGE('',*,*,#3734,.F.);
#3764 = PLANE('',#3765);
#3765 = AXIS2_PLACEMENT_3D('',#3766,#3767,#3768);
#3766 = CARTESIAN_POINT('',(0.,0.,7.));
#3767 = DIRECTION('',(0.,0.,1.));
#3768 = DIRECTION('',(1.,0.,-0.));
#3769 = ( GEOMETRIC_REPRESENTATION_CONTEXT(3) 
GLOBAL_UNCERTAINTY_ASSIGNED_CONTEXT((#3773)) 
GLOBAL_UNIT_ASSIGNED_CONTEXT((#3770,#3771,#3772)) REPRESENTATION_CONTEXT
('Context #1','3D Context with UNIT and UNCERTAINTY') );
#3770 = ( LENGTH_UNIT() NAMED_UNIT(*) SI_UNIT(.MILLI.,.METRE.) );
#3771 = ( NAMED_UNIT(*) PLANE_ANGLE_UNIT() SI_UNIT($,.RADIAN.) );
#3772 = ( NAMED_UNIT(*) SI_UNIT($,.STERADIAN.) SOLID_ANGLE_UNIT() );
#3773 = UNCERTAINTY_MEASURE_WITH_UNIT(LENGTH_MEASURE(1.E-07),#3770,
  'distance_accuracy_value','confusion accuracy');
#3774 = CONTEXT_DEPENDENT_SHAPE_REPRESENTATION(#3775,#3777);
#3775 = ( REPRESENTATION_RELATIONSHIP('','',#3618,#3237) 
REPRESENTATION_RELATIONSHIP_WITH_TRANSFORMATION(#3776) 
SHAPE_REPRESENTATION_RELATIONSHIP() );
#3776 = ITEM_DEFINED_TRANSFORMATION('','',#11,#3246);
#3777 = PRODUCT_DEFINITION_SHAPE('Placement','Placement of an item',
  #3778);
#3778 = NEXT_ASSEMBLY_USAGE_OCCURRENCE('7','Glass003','',#3232,#3613,$);
#3779 = PRODUCT_RELATED_PRODUCT_CATEGORY('part',$,(#3615));
#3780 = SHAPE_DEFINITION_REPRESENTATION(#3781,#3787);
#3781 = PRODUCT_DEFINITION_SHAPE('','',#3782);
#3782 = PRODUCT_DEFINITION('design','',#3783,#3786);
#3783 = PRODUCT_DEFINITION_FORMATION('','',#3784);
#3784 = PRODUCT('Glass004','Glass004','',(#3785));
#3785 = PRODUCT_CONTEXT('',#2,'mechanical');
#3786 = PRODUCT_DEFINITION_CONTEXT('part definition',#2,'design');
#3787 = ADVANCED_BREP_SHAPE_REPRESENTATION('',(#11,#3788),#3938);
#3788 = MANIFOLD_SOLID_BREP('',#3789);
#3789 = CLOSED_SHELL('',(#3790,#3830,#3870,#3892,#3914,#3926));
#3790 = ADVANCED_FACE('',(#3791),#3825,.F.);
#3791 = FACE_BOUND('',#3792,.F.);
#3792 = EDGE_LOOP('',(#3793,#3803,#3811,#3819));
#3793 = ORIENTED_EDGE('',*,*,#3794,.F.);
#3794 = EDGE_CURVE('',#3795,#3797,#3799,.T.);
#3795 = VERTEX_POINT('',#3796);
#3796 = CARTESIAN_POINT('',(0.,0.,0.));
#3797 = VERTEX_POINT('',#3798);
#3798 = CARTESIAN_POINT('',(0.,0.,7.));
#3799 = LINE('',#3800,#3801);
#3800 = CARTESIAN_POINT('',(0.,0.,0.));
#3801 = VECTOR('',#3802,1.);
#3802 = DIRECTION('',(0.,0.,1.));
#3803 = ORIENTED_EDGE('',*,*,#3804,.T.);
#3804 = EDGE_CURVE('',#3795,#3805,#3807,.T.);
#3805 = VERTEX_POINT('',#3806);
#3806 = CARTESIAN_POINT('',(0.,2.737104E+03,0.));
#3807 = LINE('',#3808,#3809);
#3808 = CARTESIAN_POINT('',(0.,0.,0.));
#3809 = VECTOR('',#3810,1.);
#3810 = DIRECTION('',(-0.,1.,0.));
#3811 = ORIENTED_EDGE('',*,*,#3812,.T.);
#3812 = EDGE_CURVE('',#3805,#3813,#3815,.T.);
#3813 = VERTEX_POINT('',#3814);
#3814 = CARTESIAN_POINT('',(0.,2.737104E+03,7.));
#3815 = LINE('',#3816,#3817);
#3816 = CARTESIAN_POINT('',(0.,2.737104E+03,0.));
#3817 = VECTOR('',#3818,1.);
#3818 = DIRECTION('',(0.,0.,1.));
#3819 = ORIENTED_EDGE('',*,*,#3820,.F.);
#3820 = EDGE_CURVE('',#3797,#3813,#3821,.T.);
#3821 = LINE('',#3822,#3823);
#3822 = CARTESIAN_POINT('',(0.,0.,7.));
#3823 = VECTOR('',#3824,1.);
#3824 = DIRECTION('',(-0.,1.,0.));
#3825 = PLANE('',#3826);
#3826 = AXIS2_PLACEMENT_3D('',#3827,#3828,#3829);
#3827 = CARTESIAN_POINT('',(0.,0.,0.));
#3828 = DIRECTION('',(1.,0.,-0.));
#3829 = DIRECTION('',(0.,0.,1.));
#3830 = ADVANCED_FACE('',(#3831),#3865,.T.);
#3831 = FACE_BOUND('',#3832,.T.);
#3832 = EDGE_LOOP('',(#3833,#3843,#3851,#3859));
#3833 = ORIENTED_EDGE('',*,*,#3834,.F.);
#3834 = EDGE_CURVE('',#3835,#3837,#3839,.T.);
#3835 = VERTEX_POINT('',#3836);
#3836 = CARTESIAN_POINT('',(1.517904E+03,0.,0.));
#3837 = VERTEX_POINT('',#3838);
#3838 = CARTESIAN_POINT('',(1.517904E+03,0.,7.));
#3839 = LINE('',#3840,#3841);
#3840 = CARTESIAN_POINT('',(1.517904E+03,0.,0.));
#3841 = VECTOR('',#3842,1.);
#3842 = DIRECTION('',(0.,0.,1.));
#3843 = ORIENTED_EDGE('',*,*,#3844,.T.);
#3844 = EDGE_CURVE('',#3835,#3845,#3847,.T.);
#3845 = VERTEX_POINT('',#3846);
#3846 = CARTESIAN_POINT('',(1.517904E+03,2.737104E+03,0.));
#3847 = LINE('',#3848,#3849);
#3848 = CARTESIAN_POINT('',(1.517904E+03,0.,0.));
#3849 = VECTOR('',#3850,1.);
#3850 = DIRECTION('',(-0.,1.,0.));
#3851 = ORIENTED_EDGE('',*,*,#3852,.T.);
#3852 = EDGE_CURVE('',#3845,#3853,#3855,.T.);
#3853 = VERTEX_POINT('',#3854);
#3854 = CARTESIAN_POINT('',(1.517904E+03,2.737104E+03,7.));
#3855 = LINE('',#3856,#3857);
#3856 = CARTESIAN_POINT('',(1.517904E+03,2.737104E+03,0.));
#3857 = VECTOR('',#3858,1.);
#3858 = DIRECTION('',(0.,0.,1.));
#3859 = ORIENTED_EDGE('',*,*,#3860,.F.);
#3860 = EDGE_CURVE('',#3837,#3853,#3861,.T.);
#3861 = LINE('',#3862,#3863);
#3862 = CARTESIAN_POINT('',(1.517904E+03,0.,7.));
#3863 = VECTOR('',#3864,1.);
#3864 = DIRECTION('',(-0.,1.,0.));
#3865 = PLANE('',#3866);
#3866 = AXIS2_PLACEMENT_3D('',#3867,#3868,#3869);
#3867 = CARTESIAN_POINT('',(1.517904E+03,0.,0.));
#3868 = DIRECTION('',(1.,0.,-0.));
#3869 = DIRECTION('',(0.,0.,1.));
#3870 = ADVANCED_FACE('',(#3871),#3887,.F.);
#3871 = FACE_BOUND('',#3872,.F.);
#3872 = EDGE_LOOP('',(#3873,#3879,#3880,#3886));
#3873 = ORIENTED_EDGE('',*,*,#3874,.F.);
#3874 = EDGE_CURVE('',#3795,#3835,#3875,.T.);
#3875 = LINE('',#3876,#3877);
#3876 = CARTESIAN_POINT('',(0.,0.,0.));
#3877 = VECTOR('',#3878,1.);
#3878 = DIRECTION('',(1.,0.,-0.));
#3879 = ORIENTED_EDGE('',*,*,#3794,.T.);
#3880 = ORIENTED_EDGE('',*,*,#3881,.T.);
#3881 = EDGE_CURVE('',#3797,#3837,#3882,.T.);
#3882 = LINE('',#3883,#3884);
#3883 = CARTESIAN_POINT('',(0.,0.,7.));
#3884 = VECTOR('',#3885,1.);
#3885 = DIRECTION('',(1.,0.,-0.));
#3886 = ORIENTED_EDGE('',*,*,#3834,.F.);
#3887 = PLANE('',#3888);
#3888 = AXIS2_PLACEMENT_3D('',#3889,#3890,#3891);
#3889 = CARTESIAN_POINT('',(0.,0.,0.));
#3890 = DIRECTION('',(-0.,1.,0.));
#3891 = DIRECTION('',(0.,0.,1.));
#3892 = ADVANCED_FACE('',(#3893),#3909,.T.);
#3893 = FACE_BOUND('',#3894,.T.);
#3894 = EDGE_LOOP('',(#3895,#3901,#3902,#3908));
#3895 = ORIENTED_EDGE('',*,*,#3896,.F.);
#3896 = EDGE_CURVE('',#3805,#3845,#3897,.T.);
#3897 = LINE('',#3898,#3899);
#3898 = CARTESIAN_POINT('',(0.,2.737104E+03,0.));
#3899 = VECTOR('',#3900,1.);
#3900 = DIRECTION('',(1.,0.,-0.));
#3901 = ORIENTED_EDGE('',*,*,#3812,.T.);
#3902 = ORIENTED_EDGE('',*,*,#3903,.T.);
#3903 = EDGE_CURVE('',#3813,#3853,#3904,.T.);
#3904 = LINE('',#3905,#3906);
#3905 = CARTESIAN_POINT('',(0.,2.737104E+03,7.));
#3906 = VECTOR('',#3907,1.);
#3907 = DIRECTION('',(1.,0.,-0.));
#3908 = ORIENTED_EDGE('',*,*,#3852,.F.);
#3909 = PLANE('',#3910);
#3910 = AXIS2_PLACEMENT_3D('',#3911,#3912,#3913);
#3911 = CARTESIAN_POINT('',(0.,2.737104E+03,0.));
#3912 = DIRECTION('',(-0.,1.,0.));
#3913 = DIRECTION('',(0.,0.,1.));
#3914 = ADVANCED_FACE('',(#3915),#3921,.F.);
#3915 = FACE_BOUND('',#3916,.F.);
#3916 = EDGE_LOOP('',(#3917,#3918,#3919,#3920));
#3917 = ORIENTED_EDGE('',*,*,#3804,.F.);
#3918 = ORIENTED_EDGE('',*,*,#3874,.T.);
#3919 = ORIENTED_EDGE('',*,*,#3844,.T.);
#3920 = ORIENTED_EDGE('',*,*,#3896,.F.);
#3921 = PLANE('',#3922);
#3922 = AXIS2_PLACEMENT_3D('',#3923,#3924,#3925);
#3923 = CARTESIAN_POINT('',(0.,0.,0.));
#3924 = DIRECTION('',(0.,0.,1.));
#3925 = DIRECTION('',(1.,0.,-0.));
#3926 = ADVANCED_FACE('',(#3927),#3933,.T.);
#3927 = FACE_BOUND('',#3928,.T.);
#3928 = EDGE_LOOP('',(#3929,#3930,#3931,#3932));
#3929 = ORIENTED_EDGE('',*,*,#3820,.F.);
#3930 = ORIENTED_EDGE('',*,*,#3881,.T.);
#3931 = ORIENTED_EDGE('',*,*,#3860,.T.);
#3932 = ORIENTED_EDGE('',*,*,#3903,.F.);
#3933 = PLANE('',#3934);
#3934 = AXIS2_PLACEMENT_3D('',#3935,#3936,#3937);
#3935 = CARTESIAN_POINT('',(0.,0.,7.));
#3936 = DIRECTION('',(0.,0.,1.));
#3937 = DIRECTION('',(1.,0.,-0.));
#3938 = ( GEOMETRIC_REPRESENTATION_CONTEXT(3) 
GLOBAL_UNCERTAINTY_ASSIGNED_CONTEXT((#3942)) 
GLOBAL_UNIT_ASSIGNED_CONTEXT((#3939,#3940,#3941)) REPRESENTATION_CONTEXT
('Context #1','3D Context with UNIT and UNCERTAINTY') );
#3939 = ( LENGTH_UNIT() NAMED_UNIT(*) SI_UNIT(.MILLI.,.METRE.) );
#3940 = ( NAMED_UNIT(*) PLANE_ANGLE_UNIT() SI_UNIT($,.RADIAN.) );
#3941 = ( NAMED_UNIT(*) SI_UNIT($,.STERADIAN.) SOLID_ANGLE_UNIT() );
#3942 = UNCERTAINTY_MEASURE_WITH_UNIT(LENGTH_MEASURE(1.E-07),#3939,
  'distance_accuracy_value','confusion accuracy');
#3943 = CONTEXT_DEPENDENT_SHAPE_REPRESENTATION(#3944,#3946);
#3944 = ( REPRESENTATION_RELATIONSHIP('','',#3787,#3237) 
REPRESENTATION_RELATIONSHIP_WITH_TRANSFORMATION(#3945) 
SHAPE_REPRESENTATION_RELATIONSHIP() );
#3945 = ITEM_DEFINED_TRANSFORMATION('','',#11,#3250);
#3946 = PRODUCT_DEFINITION_SHAPE('Placement','Placement of an item',
  #3947);
#3947 = NEXT_ASSEMBLY_USAGE_OCCURRENCE('8','Glass004','',#3232,#3782,$);
#3948 = PRODUCT_RELATED_PRODUCT_CATEGORY('part',$,(#3784));
#3949 = SHAPE_DEFINITION_REPRESENTATION(#3950,#3956);
#3950 = PRODUCT_DEFINITION_SHAPE('','',#3951);
#3951 = PRODUCT_DEFINITION('design','',#3952,#3955);
#3952 = PRODUCT_DEFINITION_FORMATION('','',#3953);
#3953 = PRODUCT('Glass005','Glass005','',(#3954));
#3954 = PRODUCT_CONTEXT('',#2,'mechanical');
#3955 = PRODUCT_DEFINITION_CONTEXT('part definition',#2,'design');
#3956 = ADVANCED_BREP_SHAPE_REPRESENTATION('',(#11,#3957),#4107);
#3957 = MANIFOLD_SOLID_BREP('',#3958);
#3958 = CLOSED_SHELL('',(#3959,#3999,#4039,#4061,#4083,#4095));
#3959 = ADVANCED_FACE('',(#3960),#3994,.F.);
#3960 = FACE_BOUND('',#3961,.F.);
#3961 = EDGE_LOOP('',(#3962,#3972,#3980,#3988));
#3962 = ORIENTED_EDGE('',*,*,#3963,.F.);
#3963 = EDGE_CURVE('',#3964,#3966,#3968,.T.);
#3964 = VERTEX_POINT('',#3965);
#3965 = CARTESIAN_POINT('',(0.,0.,0.));
#3966 = VERTEX_POINT('',#3967);
#3967 = CARTESIAN_POINT('',(0.,0.,7.));
#3968 = LINE('',#3969,#3970);
#3969 = CARTESIAN_POINT('',(0.,0.,0.));
#3970 = VECTOR('',#3971,1.);
#3971 = DIRECTION('',(0.,0.,1.));
#3972 = ORIENTED_EDGE('',*,*,#3973,.T.);
#3973 = EDGE_CURVE('',#3964,#3974,#3976,.T.);
#3974 = VERTEX_POINT('',#3975);
#3975 = CARTESIAN_POINT('',(0.,2.737104E+03,0.));
#3976 = LINE('',#3977,#3978);
#3977 = CARTESIAN_POINT('',(0.,0.,0.));
#3978 = VECTOR('',#3979,1.);
#3979 = DIRECTION('',(-0.,1.,0.));
#3980 = ORIENTED_EDGE('',*,*,#3981,.T.);
#3981 = EDGE_CURVE('',#3974,#3982,#3984,.T.);
#3982 = VERTEX_POINT('',#3983);
#3983 = CARTESIAN_POINT('',(0.,2.737104E+03,7.));
#3984 = LINE('',#3985,#3986);
#3985 = CARTESIAN_POINT('',(0.,2.737104E+03,0.));
#3986 = VECTOR('',#3987,1.);
#3987 = DIRECTION('',(0.,0.,1.));
#3988 = ORIENTED_EDGE('',*,*,#3989,.F.);
#3989 = EDGE_CURVE('',#3966,#3982,#3990,.T.);
#3990 = LINE('',#3991,#3992);
#3991 = CARTESIAN_POINT('',(0.,0.,7.));
#3992 = VECTOR('',#3993,1.);
#3993 = DIRECTION('',(-0.,1.,0.));
#3994 = PLANE('',#3995);
#3995 = AXIS2_PLACEMENT_3D('',#3996,#3997,#3998);
#3996 = CARTESIAN_POINT('',(0.,0.,0.));
#3997 = DIRECTION('',(1.,0.,-0.));
#3998 = DIRECTION('',(0.,0.,1.));
#3999 = ADVANCED_FACE('',(#4000),#4034,.T.);
#4000 = FACE_BOUND('',#4001,.T.);
#4001 = EDGE_LOOP('',(#4002,#4012,#4020,#4028));
#4002 = ORIENTED_EDGE('',*,*,#4003,.F.);
#4003 = EDGE_CURVE('',#4004,#4006,#4008,.T.);
#4004 = VERTEX_POINT('',#4005);
#4005 = CARTESIAN_POINT('',(1.517904E+03,0.,0.));
#4006 = VERTEX_POINT('',#4007);
#4007 = CARTESIAN_POINT('',(1.517904E+03,0.,7.));
#4008 = LINE('',#4009,#4010);
#4009 = CARTESIAN_POINT('',(1.517904E+03,0.,0.));
#4010 = VECTOR('',#4011,1.);
#4011 = DIRECTION('',(0.,0.,1.));
#4012 = ORIENTED_EDGE('',*,*,#4013,.T.);
#4013 = EDGE_CURVE('',#4004,#4014,#4016,.T.);
#4014 = VERTEX_POINT('',#4015);
#4015 = CARTESIAN_POINT('',(1.517904E+03,2.737104E+03,0.));
#4016 = LINE('',#4017,#4018);
#4017 = CARTESIAN_POINT('',(1.517904E+03,0.,0.));
#4018 = VECTOR('',#4019,1.);
#4019 = DIRECTION('',(-0.,1.,0.));
#4020 = ORIENTED_EDGE('',*,*,#4021,.T.);
#4021 = EDGE_CURVE('',#4014,#4022,#4024,.T.);
#4022 = VERTEX_POINT('',#4023);
#4023 = CARTESIAN_POINT('',(1.517904E+03,2.737104E+03,7.));
#4024 = LINE('',#4025,#4026);
#4025 = CARTESIAN_POINT('',(1.517904E+03,2.737104E+03,0.));
#4026 = VECTOR('',#4027,1.);
#4027 = DIRECTION('',(0.,0.,1.));
#4028 = ORIENTED_EDGE('',*,*,#4029,.F.);
#4029 = EDGE_CURVE('',#4006,#4022,#4030,.T.);
#4030 = LINE('',#4031,#4032);
#4031 = CARTESIAN_POINT('',(1.517904E+03,0.,7.));
#4032 = VECTOR('',#4033,1.);
#4033 = DIRECTION('',(-0.,1.,0.));
#4034 = PLANE('',#4035);
#4035 = AXIS2_PLACEMENT_3D('',#4036,#4037,#4038);
#4036 = CARTESIAN_POINT('',(1.517904E+03,0.,0.));
#4037 = DIRECTION('',(1.,0.,-0.));
#4038 = DIRECTION('',(0.,0.,1.));
#4039 = ADVANCED_FACE('',(#4040),#4056,.F.);
#4040 = FACE_BOUND('',#4041,.F.);
#4041 = EDGE_LOOP('',(#4042,#4048,#4049,#4055));
#4042 = ORIENTED_EDGE('',*,*,#4043,.F.);
#4043 = EDGE_CURVE('',#3964,#4004,#4044,.T.);
#4044 = LINE('',#4045,#4046);
#4045 = CARTESIAN_POINT('',(0.,0.,0.));
#4046 = VECTOR('',#4047,1.);
#4047 = DIRECTION('',(1.,0.,-0.));
#4048 = ORIENTED_EDGE('',*,*,#3963,.T.);
#4049 = ORIENTED_EDGE('',*,*,#4050,.T.);
#4050 = EDGE_CURVE('',#3966,#4006,#4051,.T.);
#4051 = LINE('',#4052,#4053);
#4052 = CARTESIAN_POINT('',(0.,0.,7.));
#4053 = VECTOR('',#4054,1.);
#4054 = DIRECTION('',(1.,0.,-0.));
#4055 = ORIENTED_EDGE('',*,*,#4003,.F.);
#4056 = PLANE('',#4057);
#4057 = AXIS2_PLACEMENT_3D('',#4058,#4059,#4060);
#4058 = CARTESIAN_POINT('',(0.,0.,0.));
#4059 = DIRECTION('',(-0.,1.,0.));
#4060 = DIRECTION('',(0.,0.,1.));
#4061 = ADVANCED_FACE('',(#4062),#4078,.T.);
#4062 = FACE_BOUND('',#4063,.T.);
#4063 = EDGE_LOOP('',(#4064,#4070,#4071,#4077));
#4064 = ORIENTED_EDGE('',*,*,#4065,.F.);
#4065 = EDGE_CURVE('',#3974,#4014,#4066,.T.);
#4066 = LINE('',#4067,#4068);
#4067 = CARTESIAN_POINT('',(0.,2.737104E+03,0.));
#4068 = VECTOR('',#4069,1.);
#4069 = DIRECTION('',(1.,0.,-0.));
#4070 = ORIENTED_EDGE('',*,*,#3981,.T.);
#4071 = ORIENTED_EDGE('',*,*,#4072,.T.);
#4072 = EDGE_CURVE('',#3982,#4022,#4073,.T.);
#4073 = LINE('',#4074,#4075);
#4074 = CARTESIAN_POINT('',(0.,2.737104E+03,7.));
#4075 = VECTOR('',#4076,1.);
#4076 = DIRECTION('',(1.,0.,-0.));
#4077 = ORIENTED_EDGE('',*,*,#4021,.F.);
#4078 = PLANE('',#4079);
#4079 = AXIS2_PLACEMENT_3D('',#4080,#4081,#4082);
#4080 = CARTESIAN_POINT('',(0.,2.737104E+03,0.));
#4081 = DIRECTION('',(-0.,1.,0.));
#4082 = DIRECTION('',(0.,0.,1.));
#4083 = ADVANCED_FACE('',(#4084),#4090,.F.);
#4084 = FACE_BOUND('',#4085,.F.);
#4085 = EDGE_LOOP('',(#4086,#4087,#4088,#4089));
#4086 = ORIENTED_EDGE('',*,*,#3973,.F.);
#4087 = ORIENTED_EDGE('',*,*,#4043,.T.);
#4088 = ORIENTED_EDGE('',*,*,#4013,.T.);
#4089 = ORIENTED_EDGE('',*,*,#4065,.F.);
#4090 = PLANE('',#4091);
#4091 = AXIS2_PLACEMENT_3D('',#4092,#4093,#4094);
#4092 = CARTESIAN_POINT('',(0.,0.,0.));
#4093 = DIRECTION('',(0.,0.,1.));
#4094 = DIRECTION('',(1.,0.,-0.));
#4095 = ADVANCED_FACE('',(#4096),#4102,.T.);
#4096 = FACE_BOUND('',#4097,.T.);
#4097 = EDGE_LOOP('',(#4098,#4099,#4100,#4101));
#4098 = ORIENTED_EDGE('',*,*,#3989,.F.);
#4099 = ORIENTED_EDGE('',*,*,#4050,.T.);
#4100 = ORIENTED_EDGE('',*,*,#4029,.T.);
#4101 = ORIENTED_EDGE('',*,*,#4072,.F.);
#4102 = PLANE('',#4103);
#4103 = AXIS2_PLACEMENT_3D('',#4104,#4105,#4106);
#4104 = CARTESIAN_POINT('',(0.,0.,7.));
#4105 = DIRECTION('',(0.,0.,1.));
#4106 = DIRECTION('',(1.,0.,-0.));
#4107 = ( GEOMETRIC_REPRESENTATION_CONTEXT(3) 
GLOBAL_UNCERTAINTY_ASSIGNED_CONTEXT((#4111)) 
GLOBAL_UNIT_ASSIGNED_CONTEXT((#4108,#4109,#4110)) REPRESENTATION_CONTEXT
('Context #1','3D Context with UNIT and UNCERTAINTY') );
#4108 = ( LENGTH_UNIT() NAMED_UNIT(*) SI_UNIT(.MILLI.,.METRE.) );
#4109 = ( NAMED_UNIT(*) PLANE_ANGLE_UNIT() SI_UNIT($,.RADIAN.) );
#4110 = ( NAMED_UNIT(*) SI_UNIT($,.STERADIAN.) SOLID_ANGLE_UNIT() );
#4111 = UNCERTAINTY_MEASURE_WITH_UNIT(LENGTH_MEASURE(1.E-07),#4108,
  'distance_accuracy_value','confusion accuracy');
#4112 = CONTEXT_DEPENDENT_SHAPE_REPRESENTATION(#4113,#4115);
#4113 = ( REPRESENTATION_RELATIONSHIP('','',#3956,#3237) 
REPRESENTATION_RELATIONSHIP_WITH_TRANSFORMATION(#4114) 
SHAPE_REPRESENTATION_RELATIONSHIP() );
#4114 = ITEM_DEFINED_TRANSFORMATION('','',#11,#3254);
#4115 = PRODUCT_DEFINITION_SHAPE('Placement','Placement of an item',
  #4116);
#4116 = NEXT_ASSEMBLY_USAGE_OCCURRENCE('9','Glass005','',#3232,#3951,$);
#4117 = PRODUCT_RELATED_PRODUCT_CATEGORY('part',$,(#3953));
#4118 = SHAPE_DEFINITION_REPRESENTATION(#4119,#4125);
#4119 = PRODUCT_DEFINITION_SHAPE('','',#4120);
#4120 = PRODUCT_DEFINITION('design','',#4121,#4124);
#4121 = PRODUCT_DEFINITION_FORMATION('','',#4122);
#4122 = PRODUCT('Glass006','Glass006','',(#4123));
#4123 = PRODUCT_CONTEXT('',#2,'mechanical');
#4124 = PRODUCT_DEFINITION_CONTEXT('part definition',#2,'design');
#4125 = ADVANCED_BREP_SHAPE_REPRESENTATION('',(#11,#4126),#4276);
#4126 = MANIFOLD_SOLID_BREP('',#4127);
#4127 = CLOSED_SHELL('',(#4128,#4168,#4208,#4230,#4252,#4264));
#4128 = ADVANCED_FACE('',(#4129),#4163,.F.);
#4129 = FACE_BOUND('',#4130,.F.);
#4130 = EDGE_LOOP('',(#4131,#4141,#4149,#4157));
#4131 = ORIENTED_EDGE('',*,*,#4132,.F.);
#4132 = EDGE_CURVE('',#4133,#4135,#4137,.T.);
#4133 = VERTEX_POINT('',#4134);
#4134 = CARTESIAN_POINT('',(0.,0.,0.));
#4135 = VERTEX_POINT('',#4136);
#4136 = CARTESIAN_POINT('',(0.,0.,7.));
#4137 = LINE('',#4138,#4139);
#4138 = CARTESIAN_POINT('',(0.,0.,0.));
#4139 = VECTOR('',#4140,1.);
#4140 = DIRECTION('',(0.,0.,1.));
#4141 = ORIENTED_EDGE('',*,*,#4142,.T.);
#4142 = EDGE_CURVE('',#4133,#4143,#4145,.T.);
#4143 = VERTEX_POINT('',#4144);
#4144 = CARTESIAN_POINT('',(0.,2.737104E+03,0.));
#4145 = LINE('',#4146,#4147);
#4146 = CARTESIAN_POINT('',(0.,0.,0.));
#4147 = VECTOR('',#4148,1.);
#4148 = DIRECTION('',(-0.,1.,0.));
#4149 = ORIENTED_EDGE('',*,*,#4150,.T.);
#4150 = EDGE_CURVE('',#4143,#4151,#4153,.T.);
#4151 = VERTEX_POINT('',#4152);
#4152 = CARTESIAN_POINT('',(0.,2.737104E+03,7.));
#4153 = LINE('',#4154,#4155);
#4154 = CARTESIAN_POINT('',(0.,2.737104E+03,0.));
#4155 = VECTOR('',#4156,1.);
#4156 = DIRECTION('',(0.,0.,1.));
#4157 = ORIENTED_EDGE('',*,*,#4158,.F.);
#4158 = EDGE_CURVE('',#4135,#4151,#4159,.T.);
#4159 = LINE('',#4160,#4161);
#4160 = CARTESIAN_POINT('',(0.,0.,7.));
#4161 = VECTOR('',#4162,1.);
#4162 = DIRECTION('',(-0.,1.,0.));
#4163 = PLANE('',#4164);
#4164 = AXIS2_PLACEMENT_3D('',#4165,#4166,#4167);
#4165 = CARTESIAN_POINT('',(0.,0.,0.));
#4166 = DIRECTION('',(1.,0.,-0.));
#4167 = DIRECTION('',(0.,0.,1.));
#4168 = ADVANCED_FACE('',(#4169),#4203,.T.);
#4169 = FACE_BOUND('',#4170,.T.);
#4170 = EDGE_LOOP('',(#4171,#4181,#4189,#4197));
#4171 = ORIENTED_EDGE('',*,*,#4172,.F.);
#4172 = EDGE_CURVE('',#4173,#4175,#4177,.T.);
#4173 = VERTEX_POINT('',#4174);
#4174 = CARTESIAN_POINT('',(1.517904E+03,0.,0.));
#4175 = VERTEX_POINT('',#4176);
#4176 = CARTESIAN_POINT('',(1.517904E+03,0.,7.));
#4177 = LINE('',#4178,#4179);
#4178 = CARTESIAN_POINT('',(1.517904E+03,0.,0.));
#4179 = VECTOR('',#4180,1.);
#4180 = DIRECTION('',(0.,0.,1.));
#4181 = ORIENTED_EDGE('',*,*,#4182,.T.);
#4182 = EDGE_CURVE('',#4173,#4183,#4185,.T.);
#4183 = VERTEX_POINT('',#4184);
#4184 = CARTESIAN_POINT('',(1.517904E+03,2.737104E+03,0.));
#4185 = LINE('',#4186,#4187);
#4186 = CARTESIAN_POINT('',(1.517904E+03,0.,0.));
#4187 = VECTOR('',#4188,1.);
#4188 = DIRECTION('',(-0.,1.,0.));
#4189 = ORIENTED_EDGE('',*,*,#4190,.T.);
#4190 = EDGE_CURVE('',#4183,#4191,#4193,.T.);
#4191 = VERTEX_POINT('',#4192);
#4192 = CARTESIAN_POINT('',(1.517904E+03,2.737104E+03,7.));
#4193 = LINE('',#4194,#4195);
#4194 = CARTESIAN_POINT('',(1.517904E+03,2.737104E+03,0.));
#4195 = VECTOR('',#4196,1.);
#4196 = DIRECTION('',(0.,0.,1.));
#4197 = ORIENTED_EDGE('',*,*,#4198,.F.);
#4198 = EDGE_CURVE('',#4175,#4191,#4199,.T.);
#4199 = LINE('',#4200,#4201);
#4200 = CARTESIAN_POINT('',(1.517904E+03,0.,7.));
#4201 = VECTOR('',#4202,1.);
#4202 = DIRECTION('',(-0.,1.,0.));
#4203 = PLANE('',#4204);
#4204 = AXIS2_PLACEMENT_3D('',#4205,#4206,#4207);
#4205 = CARTESIAN_POINT('',(1.517904E+03,0.,0.));
#4206 = DIRECTION('',(1.,0.,-0.));
#4207 = DIRECTION('',(0.,0.,1.));
#4208 = ADVANCED_FACE('',(#4209),#4225,.F.);
#4209 = FACE_BOUND('',#4210,.F.);
#4210 = EDGE_LOOP('',(#4211,#4217,#4218,#4224));
#4211 = ORIENTED_EDGE('',*,*,#4212,.F.);
#4212 = EDGE_CURVE('',#4133,#4173,#4213,.T.);
#4213 = LINE('',#4214,#4215);
#4214 = CARTESIAN_POINT('',(0.,0.,0.));
#4215 = VECTOR('',#4216,1.);
#4216 = DIRECTION('',(1.,0.,-0.));
#4217 = ORIENTED_EDGE('',*,*,#4132,.T.);
#4218 = ORIENTED_EDGE('',*,*,#4219,.T.);
#4219 = EDGE_CURVE('',#4135,#4175,#4220,.T.);
#4220 = LINE('',#4221,#4222);
#4221 = CARTESIAN_POINT('',(0.,0.,7.));
#4222 = VECTOR('',#4223,1.);
#4223 = DIRECTION('',(1.,0.,-0.));
#4224 = ORIENTED_EDGE('',*,*,#4172,.F.);
#4225 = PLANE('',#4226);
#4226 = AXIS2_PLACEMENT_3D('',#4227,#4228,#4229);
#4227 = CARTESIAN_POINT('',(0.,0.,0.));
#4228 = DIRECTION('',(-0.,1.,0.));
#4229 = DIRECTION('',(0.,0.,1.));
#4230 = ADVANCED_FACE('',(#4231),#4247,.T.);
#4231 = FACE_BOUND('',#4232,.T.);
#4232 = EDGE_LOOP('',(#4233,#4239,#4240,#4246));
#4233 = ORIENTED_EDGE('',*,*,#4234,.F.);
#4234 = EDGE_CURVE('',#4143,#4183,#4235,.T.);
#4235 = LINE('',#4236,#4237);
#4236 = CARTESIAN_POINT('',(0.,2.737104E+03,0.));
#4237 = VECTOR('',#4238,1.);
#4238 = DIRECTION('',(1.,0.,-0.));
#4239 = ORIENTED_EDGE('',*,*,#4150,.T.);
#4240 = ORIENTED_EDGE('',*,*,#4241,.T.);
#4241 = EDGE_CURVE('',#4151,#4191,#4242,.T.);
#4242 = LINE('',#4243,#4244);
#4243 = CARTESIAN_POINT('',(0.,2.737104E+03,7.));
#4244 = VECTOR('',#4245,1.);
#4245 = DIRECTION('',(1.,0.,-0.));
#4246 = ORIENTED_EDGE('',*,*,#4190,.F.);
#4247 = PLANE('',#4248);
#4248 = AXIS2_PLACEMENT_3D('',#4249,#4250,#4251);
#4249 = CARTESIAN_POINT('',(0.,2.737104E+03,0.));
#4250 = DIRECTION('',(-0.,1.,0.));
#4251 = DIRECTION('',(0.,0.,1.));
#4252 = ADVANCED_FACE('',(#4253),#4259,.F.);
#4253 = FACE_BOUND('',#4254,.F.);
#4254 = EDGE_LOOP('',(#4255,#4256,#4257,#4258));
#4255 = ORIENTED_EDGE('',*,*,#4142,.F.);
#4256 = ORIENTED_EDGE('',*,*,#4212,.T.);
#4257 = ORIENTED_EDGE('',*,*,#4182,.T.);
#4258 = ORIENTED_EDGE('',*,*,#4234,.F.);
#4259 = PLANE('',#4260);
#4260 = AXIS2_PLACEMENT_3D('',#4261,#4262,#4263);
#4261 = CARTESIAN_POINT('',(0.,0.,0.));
#4262 = DIRECTION('',(0.,0.,1.));
#4263 = DIRECTION('',(1.,0.,-0.));
#4264 = ADVANCED_FACE('',(#4265),#4271,.T.);
#4265 = FACE_BOUND('',#4266,.T.);
#4266 = EDGE_LOOP('',(#4267,#4268,#4269,#4270));
#4267 = ORIENTED_EDGE('',*,*,#4158,.F.);
#4268 = ORIENTED_EDGE('',*,*,#4219,.T.);
#4269 = ORIENTED_EDGE('',*,*,#4198,.T.);
#4270 = ORIENTED_EDGE('',*,*,#4241,.F.);
#4271 = PLANE('',#4272);
#4272 = AXIS2_PLACEMENT_3D('',#4273,#4274,#4275);
#4273 = CARTESIAN_POINT('',(0.,0.,7.));
#4274 = DIRECTION('',(0.,0.,1.));
#4275 = DIRECTION('',(1.,0.,-0.));
#4276 = ( GEOMETRIC_REPRESENTATION_CONTEXT(3) 
GLOBAL_UNCERTAINTY_ASSIGNED_CONTEXT((#4280)) 
GLOBAL_UNIT_ASSIGNED_CONTEXT((#4277,#4278,#4279)) REPRESENTATION_CONTEXT
('Context #1','3D Context with UNIT and UNCERTAINTY') );
#4277 = ( LENGTH_UNIT() NAMED_UNIT(*) SI_UNIT(.MILLI.,.METRE.) );
#4278 = ( NAMED_UNIT(*) PLANE_ANGLE_UNIT() SI_UNIT($,.RADIAN.) );
#4279 = ( NAMED_UNIT(*) SI_UNIT($,.STERADIAN.) SOLID_ANGLE_UNIT() );
#4280 = UNCERTAINTY_MEASURE_WITH_UNIT(LENGTH_MEASURE(1.E-07),#4277,
  'distance_accuracy_value','confusion accuracy');
#4281 = CONTEXT_DEPENDENT_SHAPE_REPRESENTATION(#4282,#4284);
#4282 = ( REPRESENTATION_RELATIONSHIP('','',#4125,#3237) 
REPRESENTATION_RELATIONSHIP_WITH_TRANSFORMATION(#4283) 
SHAPE_REPRESENTATION_RELATIONSHIP() );
#4283 = ITEM_DEFINED_TRANSFORMATION('','',#11,#3258);
#4284 = PRODUCT_DEFINITION_SHAPE('Placement','Placement of an item',
  #4285);
#4285 = NEXT_ASSEMBLY_USAGE_OCCURRENCE('10','Glass006','',#3232,#4120,$
  );
#4286 = PRODUCT_RELATED_PRODUCT_CATEGORY('part',$,(#4122));
#4287 = SHAPE_DEFINITION_REPRESENTATION(#4288,#4294);
#4288 = PRODUCT_DEFINITION_SHAPE('','',#4289);
#4289 = PRODUCT_DEFINITION('design','',#4290,#4293);
#4290 = PRODUCT_DEFINITION_FORMATION('','',#4291);
#4291 = PRODUCT('ConcreteSlab','ConcreteSlab','',(#4292));
#4292 = PRODUCT_CONTEXT('',#2,'mechanical');
#4293 = PRODUCT_DEFINITION_CONTEXT('part definition',#2,'design');
#4294 = ADVANCED_BREP_SHAPE_REPRESENTATION('',(#11,#4295),#4445);
#4295 = MANIFOLD_SOLID_BREP('',#4296);
#4296 = CLOSED_SHELL('',(#4297,#4337,#4377,#4399,#4421,#4433));
#4297 = ADVANCED_FACE('',(#4298),#4332,.F.);
#4298 = FACE_BOUND('',#4299,.F.);
#4299 = EDGE_LOOP('',(#4300,#4310,#4318,#4326));
#4300 = ORIENTED_EDGE('',*,*,#4301,.F.);
#4301 = EDGE_CURVE('',#4302,#4304,#4306,.T.);
#4302 = VERTEX_POINT('',#4303);
#4303 = CARTESIAN_POINT('',(0.,0.,0.));
#4304 = VERTEX_POINT('',#4305);
#4305 = CARTESIAN_POINT('',(0.,0.,1.8288E+03));
#4306 = LINE('',#4307,#4308);
#4307 = CARTESIAN_POINT('',(0.,0.,0.));
#4308 = VECTOR('',#4309,1.);
#4309 = DIRECTION('',(0.,0.,1.));
#4310 = ORIENTED_EDGE('',*,*,#4311,.T.);
#4311 = EDGE_CURVE('',#4302,#4312,#4314,.T.);
#4312 = VERTEX_POINT('',#4313);
#4313 = CARTESIAN_POINT('',(0.,1.996E+04,0.));
#4314 = LINE('',#4315,#4316);
#4315 = CARTESIAN_POINT('',(0.,0.,0.));
#4316 = VECTOR('',#4317,1.);
#4317 = DIRECTION('',(-0.,1.,0.));
#4318 = ORIENTED_EDGE('',*,*,#4319,.T.);
#4319 = EDGE_CURVE('',#4312,#4320,#4322,.T.);
#4320 = VERTEX_POINT('',#4321);
#4321 = CARTESIAN_POINT('',(0.,1.996E+04,1.8288E+03));
#4322 = LINE('',#4323,#4324);
#4323 = CARTESIAN_POINT('',(0.,1.996E+04,0.));
#4324 = VECTOR('',#4325,1.);
#4325 = DIRECTION('',(0.,0.,1.));
#4326 = ORIENTED_EDGE('',*,*,#4327,.F.);
#4327 = EDGE_CURVE('',#4304,#4320,#4328,.T.);
#4328 = LINE('',#4329,#4330);
#4329 = CARTESIAN_POINT('',(0.,0.,1.8288E+03));
#4330 = VECTOR('',#4331,1.);
#4331 = DIRECTION('',(-0.,1.,0.));
#4332 = PLANE('',#4333);
#4333 = AXIS2_PLACEMENT_3D('',#4334,#4335,#4336);
#4334 = CARTESIAN_POINT('',(0.,0.,0.));
#4335 = DIRECTION('',(1.,0.,-0.));
#4336 = DIRECTION('',(0.,0.,1.));
#4337 = ADVANCED_FACE('',(#4338),#4372,.T.);
#4338 = FACE_BOUND('',#4339,.T.);
#4339 = EDGE_LOOP('',(#4340,#4350,#4358,#4366));
#4340 = ORIENTED_EDGE('',*,*,#4341,.F.);
#4341 = EDGE_CURVE('',#4342,#4344,#4346,.T.);
#4342 = VERTEX_POINT('',#4343);
#4343 = CARTESIAN_POINT('',(1.024E+04,0.,0.));
#4344 = VERTEX_POINT('',#4345);
#4345 = CARTESIAN_POINT('',(1.024E+04,0.,1.8288E+03));
#4346 = LINE('',#4347,#4348);
#4347 = CARTESIAN_POINT('',(1.024E+04,0.,0.));
#4348 = VECTOR('',#4349,1.);
#4349 = DIRECTION('',(0.,0.,1.));
#4350 = ORIENTED_EDGE('',*,*,#4351,.T.);
#4351 = EDGE_CURVE('',#4342,#4352,#4354,.T.);
#4352 = VERTEX_POINT('',#4353);
#4353 = CARTESIAN_POINT('',(1.024E+04,1.996E+04,0.));
#4354 = LINE('',#4355,#4356);
#4355 = CARTESIAN_POINT('',(1.024E+04,0.,0.));
#4356 = VECTOR('',#4357,1.);
#4357 = DIRECTION('',(-0.,1.,0.));
#4358 = ORIENTED_EDGE('',*,*,#4359,.T.);
#4359 = EDGE_CURVE('',#4352,#4360,#4362,.T.);
#4360 = VERTEX_POINT('',#4361);
#4361 = CARTESIAN_POINT('',(1.024E+04,1.996E+04,1.8288E+03));
#4362 = LINE('',#4363,#4364);
#4363 = CARTESIAN_POINT('',(1.024E+04,1.996E+04,0.));
#4364 = VECTOR('',#4365,1.);
#4365 = DIRECTION('',(0.,0.,1.));
#4366 = ORIENTED_EDGE('',*,*,#4367,.F.);
#4367 = EDGE_CURVE('',#4344,#4360,#4368,.T.);
#4368 = LINE('',#4369,#4370);
#4369 = CARTESIAN_POINT('',(1.024E+04,0.,1.8288E+03));
#4370 = VECTOR('',#4371,1.);
#4371 = DIRECTION('',(-0.,1.,0.));
#4372 = PLANE('',#4373);
#4373 = AXIS2_PLACEMENT_3D('',#4374,#4375,#4376);
#4374 = CARTESIAN_POINT('',(1.024E+04,0.,0.));
#4375 = DIRECTION('',(1.,0.,-0.));
#4376 = DIRECTION('',(0.,0.,1.));
#4377 = ADVANCED_FACE('',(#4378),#4394,.F.);
#4378 = FACE_BOUND('',#4379,.F.);
#4379 = EDGE_LOOP('',(#4380,#4386,#4387,#4393));
#4380 = ORIENTED_EDGE('',*,*,#4381,.F.);
#4381 = EDGE_CURVE('',#4302,#4342,#4382,.T.);
#4382 = LINE('',#4383,#4384);
#4383 = CARTESIAN_POINT('',(0.,0.,0.));
#4384 = VECTOR('',#4385,1.);
#4385 = DIRECTION('',(1.,0.,-0.));
#4386 = ORIENTED_EDGE('',*,*,#4301,.T.);
#4387 = ORIENTED_EDGE('',*,*,#4388,.T.);
#4388 = EDGE_CURVE('',#4304,#4344,#4389,.T.);
#4389 = LINE('',#4390,#4391);
#4390 = CARTESIAN_POINT('',(0.,0.,1.8288E+03));
#4391 = VECTOR('',#4392,1.);
#4392 = DIRECTION('',(1.,0.,-0.));
#4393 = ORIENTED_EDGE('',*,*,#4341,.F.);
#4394 = PLANE('',#4395);
#4395 = AXIS2_PLACEMENT_3D('',#4396,#4397,#4398);
#4396 = CARTESIAN_POINT('',(0.,0.,0.));
#4397 = DIRECTION('',(-0.,1.,0.));
#4398 = DIRECTION('',(0.,0.,1.));
#4399 = ADVANCED_FACE('',(#4400),#4416,.T.);
#4400 = FACE_BOUND('',#4401,.T.);
#4401 = EDGE_LOOP('',(#4402,#4408,#4409,#4415));
#4402 = ORIENTED_EDGE('',*,*,#4403,.F.);
#4403 = EDGE_CURVE('',#4312,#4352,#4404,.T.);
#4404 = LINE('',#4405,#4406);
#4405 = CARTESIAN_POINT('',(0.,1.996E+04,0.));
#4406 = VECTOR('',#4407,1.);
#4407 = DIRECTION('',(1.,0.,-0.));
#4408 = ORIENTED_EDGE('',*,*,#4319,.T.);
#4409 = ORIENTED_EDGE('',*,*,#4410,.T.);
#4410 = EDGE_CURVE('',#4320,#4360,#4411,.T.);
#4411 = LINE('',#4412,#4413);
#4412 = CARTESIAN_POINT('',(0.,1.996E+04,1.8288E+03));
#4413 = VECTOR('',#4414,1.);
#4414 = DIRECTION('',(1.,0.,-0.));
#4415 = ORIENTED_EDGE('',*,*,#4359,.F.);
#4416 = PLANE('',#4417);
#4417 = AXIS2_PLACEMENT_3D('',#4418,#4419,#4420);
#4418 = CARTESIAN_POINT('',(0.,1.996E+04,0.));
#4419 = DIRECTION('',(-0.,1.,0.));
#4420 = DIRECTION('',(0.,0.,1.));
#4421 = ADVANCED_FACE('',(#4422),#4428,.F.);
#4422 = FACE_BOUND('',#4423,.F.);
#4423 = EDGE_LOOP('',(#4424,#4425,#4426,#4427));
#4424 = ORIENTED_EDGE('',*,*,#4311,.F.);
#4425 = ORIENTED_EDGE('',*,*,#4381,.T.);
#4426 = ORIENTED_EDGE('',*,*,#4351,.T.);
#4427 = ORIENTED_EDGE('',*,*,#4403,.F.);
#4428 = PLANE('',#4429);
#4429 = AXIS2_PLACEMENT_3D('',#4430,#4431,#4432);
#4430 = CARTESIAN_POINT('',(0.,0.,0.));
#4431 = DIRECTION('',(0.,0.,1.));
#4432 = DIRECTION('',(1.,0.,-0.));
#4433 = ADVANCED_FACE('',(#4434),#4440,.T.);
#4434 = FACE_BOUND('',#4435,.T.);
#4435 = EDGE_LOOP('',(#4436,#4437,#4438,#4439));
#4436 = ORIENTED_EDGE('',*,*,#4327,.F.);
#4437 = ORIENTED_EDGE('',*,*,#4388,.T.);
#4438 = ORIENTED_EDGE('',*,*,#4367,.T.);
#4439 = ORIENTED_EDGE('',*,*,#4410,.F.);
#4440 = PLANE('',#4441);
#4441 = AXIS2_PLACEMENT_3D('',#4442,#4443,#4444);
#4442 = CARTESIAN_POINT('',(0.,0.,1.8288E+03));
#4443 = DIRECTION('',(0.,0.,1.));
#4444 = DIRECTION('',(1.,0.,-0.));
#4445 = ( GEOMETRIC_REPRESENTATION_CONTEXT(3) 
GLOBAL_UNCERTAINTY_ASSIGNED_CONTEXT((#4449)) 
GLOBAL_UNIT_ASSIGNED_CONTEXT((#4446,#4447,#4448)) REPRESENTATION_CONTEXT
('Context #1','3D Context with UNIT and UNCERTAINTY') );
#4446 = ( LENGTH_UNIT() NAMED_UNIT(*) SI_UNIT(.MILLI.,.METRE.) );
#4447 = ( NAMED_UNIT(*) PLANE_ANGLE_UNIT() SI_UNIT($,.RADIAN.) );
#4448 = ( NAMED_UNIT(*) SI_UNIT($,.STERADIAN.) SOLID_ANGLE_UNIT() );
#4449 = UNCERTAINTY_MEASURE_WITH_UNIT(LENGTH_MEASURE(1.E-07),#4446,
  'distance_accuracy_value','confusion accuracy');
#4450 = CONTEXT_DEPENDENT_SHAPE_REPRESENTATION(#4451,#4453);
#4451 = ( REPRESENTATION_RELATIONSHIP('','',#4294,#48) 
REPRESENTATION_RELATIONSHIP_WITH_TRANSFORMATION(#4452) 
SHAPE_REPRESENTATION_RELATIONSHIP() );
#4452 = ITEM_DEFINED_TRANSFORMATION('','',#11,#69);
#4453 = PRODUCT_DEFINITION_SHAPE('Placement','Placement of an item',
  #4454);
#4454 = NEXT_ASSEMBLY_USAGE_OCCURRENCE('12','ConcreteSlab','',#43,#4289,
  $);
#4455 = PRODUCT_RELATED_PRODUCT_CATEGORY('part',$,(#4291));
#4456 = SHAPE_DEFINITION_REPRESENTATION(#4457,#4463);
#4457 = PRODUCT_DEFINITION_SHAPE('','',#4458);
#4458 = PRODUCT_DEFINITION('design','',#4459,#4462);
#4459 = PRODUCT_DEFINITION_FORMATION('','',#4460);
#4460 = PRODUCT('AluminumCeiling','AluminumCeiling','',(#4461));
#4461 = PRODUCT_CONTEXT('',#2,'mechanical');
#4462 = PRODUCT_DEFINITION_CONTEXT('part definition',#2,'design');
#4463 = ADVANCED_BREP_SHAPE_REPRESENTATION('',(#11,#4464),#4614);
#4464 = MANIFOLD_SOLID_BREP('',#4465);
#4465 = CLOSED_SHELL('',(#4466,#4506,#4537,#4568,#4590,#4602));
#4466 = ADVANCED_FACE('',(#4467),#4501,.F.);
#4467 = FACE_BOUND('',#4468,.F.);
#4468 = EDGE_LOOP('',(#4469,#4479,#4487,#4495));
#4469 = ORIENTED_EDGE('',*,*,#4470,.T.);
#4470 = EDGE_CURVE('',#4471,#4473,#4475,.T.);
#4471 = VERTEX_POINT('',#4472);
#4472 = CARTESIAN_POINT('',(-1.463E+04,2.926E+04,0.));
#4473 = VERTEX_POINT('',#4474);
#4474 = CARTESIAN_POINT('',(-1.463E+04,2.926E+04,1.27));
#4475 = LINE('',#4476,#4477);
#4476 = CARTESIAN_POINT('',(-1.463E+04,2.926E+04,0.));
#4477 = VECTOR('',#4478,1.);
#4478 = DIRECTION('',(0.,0.,1.));
#4479 = ORIENTED_EDGE('',*,*,#4480,.T.);
#4480 = EDGE_CURVE('',#4473,#4481,#4483,.T.);
#4481 = VERTEX_POINT('',#4482);
#4482 = CARTESIAN_POINT('',(-1.463E+04,-1.463E+04,1.27));
#4483 = LINE('',#4484,#4485);
#4484 = CARTESIAN_POINT('',(-1.463E+04,2.926E+04,1.27));
#4485 = VECTOR('',#4486,1.);
#4486 = DIRECTION('',(0.,-1.,0.));
#4487 = ORIENTED_EDGE('',*,*,#4488,.F.);
#4488 = EDGE_CURVE('',#4489,#4481,#4491,.T.);
#4489 = VERTEX_POINT('',#4490);
#4490 = CARTESIAN_POINT('',(-1.463E+04,-1.463E+04,0.));
#4491 = LINE('',#4492,#4493);
#4492 = CARTESIAN_POINT('',(-1.463E+04,-1.463E+04,0.));
#4493 = VECTOR('',#4494,1.);
#4494 = DIRECTION('',(0.,0.,1.));
#4495 = ORIENTED_EDGE('',*,*,#4496,.F.);
#4496 = EDGE_CURVE('',#4471,#4489,#4497,.T.);
#4497 = LINE('',#4498,#4499);
#4498 = CARTESIAN_POINT('',(-1.463E+04,2.926E+04,0.));
#4499 = VECTOR('',#4500,1.);
#4500 = DIRECTION('',(0.,-1.,0.));
#4501 = PLANE('',#4502);
#4502 = AXIS2_PLACEMENT_3D('',#4503,#4504,#4505);
#4503 = CARTESIAN_POINT('',(-1.463E+04,2.926E+04,0.));
#4504 = DIRECTION('',(1.,0.,0.));
#4505 = DIRECTION('',(0.,-1.,0.));
#4506 = ADVANCED_FACE('',(#4507),#4532,.F.);
#4507 = FACE_BOUND('',#4508,.F.);
#4508 = EDGE_LOOP('',(#4509,#4510,#4518,#4526));
#4509 = ORIENTED_EDGE('',*,*,#4488,.T.);
#4510 = ORIENTED_EDGE('',*,*,#4511,.T.);
#4511 = EDGE_CURVE('',#4481,#4512,#4514,.T.);
#4512 = VERTEX_POINT('',#4513);
#4513 = CARTESIAN_POINT('',(1.463E+04,-1.463E+04,1.27));
#4514 = LINE('',#4515,#4516);
#4515 = CARTESIAN_POINT('',(-1.463E+04,-1.463E+04,1.27));
#4516 = VECTOR('',#4517,1.);
#4517 = DIRECTION('',(1.,0.,0.));
#4518 = ORIENTED_EDGE('',*,*,#4519,.F.);
#4519 = EDGE_CURVE('',#4520,#4512,#4522,.T.);
#4520 = VERTEX_POINT('',#4521);
#4521 = CARTESIAN_POINT('',(1.463E+04,-1.463E+04,0.));
#4522 = LINE('',#4523,#4524);
#4523 = CARTESIAN_POINT('',(1.463E+04,-1.463E+04,0.));
#4524 = VECTOR('',#4525,1.);
#4525 = DIRECTION('',(0.,0.,1.));
#4526 = ORIENTED_EDGE('',*,*,#4527,.F.);
#4527 = EDGE_CURVE('',#4489,#4520,#4528,.T.);
#4528 = LINE('',#4529,#4530);
#4529 = CARTESIAN_POINT('',(-1.463E+04,-1.463E+04,0.));
#4530 = VECTOR('',#4531,1.);
#4531 = DIRECTION('',(1.,0.,0.));
#4532 = PLANE('',#4533);
#4533 = AXIS2_PLACEMENT_3D('',#4534,#4535,#4536);
#4534 = CARTESIAN_POINT('',(-1.463E+04,-1.463E+04,0.));
#4535 = DIRECTION('',(0.,1.,0.));
#4536 = DIRECTION('',(1.,0.,0.));
#4537 = ADVANCED_FACE('',(#4538),#4563,.F.);
#4538 = FACE_BOUND('',#4539,.F.);
#4539 = EDGE_LOOP('',(#4540,#4541,#4549,#4557));
#4540 = ORIENTED_EDGE('',*,*,#4519,.T.);
#4541 = ORIENTED_EDGE('',*,*,#4542,.T.);
#4542 = EDGE_CURVE('',#4512,#4543,#4545,.T.);
#4543 = VERTEX_POINT('',#4544);
#4544 = CARTESIAN_POINT('',(1.463E+04,2.926E+04,1.27));
#4545 = LINE('',#4546,#4547);
#4546 = CARTESIAN_POINT('',(1.463E+04,-1.463E+04,1.27));
#4547 = VECTOR('',#4548,1.);
#4548 = DIRECTION('',(0.,1.,0.));
#4549 = ORIENTED_EDGE('',*,*,#4550,.F.);
#4550 = EDGE_CURVE('',#4551,#4543,#4553,.T.);
#4551 = VERTEX_POINT('',#4552);
#4552 = CARTESIAN_POINT('',(1.463E+04,2.926E+04,0.));
#4553 = LINE('',#4554,#4555);
#4554 = CARTESIAN_POINT('',(1.463E+04,2.926E+04,0.));
#4555 = VECTOR('',#4556,1.);
#4556 = DIRECTION('',(0.,0.,1.));
#4557 = ORIENTED_EDGE('',*,*,#4558,.F.);
#4558 = EDGE_CURVE('',#4520,#4551,#4559,.T.);
#4559 = LINE('',#4560,#4561);
#4560 = CARTESIAN_POINT('',(1.463E+04,-1.463E+04,0.));
#4561 = VECTOR('',#4562,1.);
#4562 = DIRECTION('',(0.,1.,0.));
#4563 = PLANE('',#4564);
#4564 = AXIS2_PLACEMENT_3D('',#4565,#4566,#4567);
#4565 = CARTESIAN_POINT('',(1.463E+04,-1.463E+04,0.));
#4566 = DIRECTION('',(-1.,0.,0.));
#4567 = DIRECTION('',(0.,1.,0.));
#4568 = ADVANCED_FACE('',(#4569),#4585,.F.);
#4569 = FACE_BOUND('',#4570,.F.);
#4570 = EDGE_LOOP('',(#4571,#4572,#4578,#4579));
#4571 = ORIENTED_EDGE('',*,*,#4550,.T.);
#4572 = ORIENTED_EDGE('',*,*,#4573,.T.);
#4573 = EDGE_CURVE('',#4543,#4473,#4574,.T.);
#4574 = LINE('',#4575,#4576);
#4575 = CARTESIAN_POINT('',(1.463E+04,2.926E+04,1.27));
#4576 = VECTOR('',#4577,1.);
#4577 = DIRECTION('',(-1.,0.,0.));
#4578 = ORIENTED_EDGE('',*,*,#4470,.F.);
#4579 = ORIENTED_EDGE('',*,*,#4580,.F.);
#4580 = EDGE_CURVE('',#4551,#4471,#4581,.T.);
#4581 = LINE('',#4582,#4583);
#4582 = CARTESIAN_POINT('',(1.463E+04,2.926E+04,0.));
#4583 = VECTOR('',#4584,1.);
#4584 = DIRECTION('',(-1.,0.,0.));
#4585 = PLANE('',#4586);
#4586 = AXIS2_PLACEMENT_3D('',#4587,#4588,#4589);
#4587 = CARTESIAN_POINT('',(1.463E+04,2.926E+04,0.));
#4588 = DIRECTION('',(0.,-1.,0.));
#4589 = DIRECTION('',(-1.,0.,0.));
#4590 = ADVANCED_FACE('',(#4591),#4597,.F.);
#4591 = FACE_BOUND('',#4592,.F.);
#4592 = EDGE_LOOP('',(#4593,#4594,#4595,#4596));
#4593 = ORIENTED_EDGE('',*,*,#4496,.T.);
#4594 = ORIENTED_EDGE('',*,*,#4527,.T.);
#4595 = ORIENTED_EDGE('',*,*,#4558,.T.);
#4596 = ORIENTED_EDGE('',*,*,#4580,.T.);
#4597 = PLANE('',#4598);
#4598 = AXIS2_PLACEMENT_3D('',#4599,#4600,#4601);
#4599 = CARTESIAN_POINT('',(8.148276797729E-13,7.315E+03,0.));
#4600 = DIRECTION('',(0.,0.,1.));
#4601 = DIRECTION('',(1.,0.,0.));
#4602 = ADVANCED_FACE('',(#4603),#4609,.T.);
#4603 = FACE_BOUND('',#4604,.T.);
#4604 = EDGE_LOOP('',(#4605,#4606,#4607,#4608));
#4605 = ORIENTED_EDGE('',*,*,#4480,.T.);
#4606 = ORIENTED_EDGE('',*,*,#4511,.T.);
#4607 = ORIENTED_EDGE('',*,*,#4542,.T.);
#4608 = ORIENTED_EDGE('',*,*,#4573,.T.);
#4609 = PLANE('',#4610);
#4610 = AXIS2_PLACEMENT_3D('',#4611,#4612,#4613);
#4611 = CARTESIAN_POINT('',(8.148276797729E-13,7.315E+03,1.27));
#4612 = DIRECTION('',(0.,0.,1.));
#4613 = DIRECTION('',(1.,0.,0.));
#4614 = ( GEOMETRIC_REPRESENTATION_CONTEXT(3) 
GLOBAL_UNCERTAINTY_ASSIGNED_CONTEXT((#4618)) 
GLOBAL_UNIT_ASSIGNED_CONTEXT((#4615,#4616,#4617)) REPRESENTATION_CONTEXT
('Context #1','3D Context with UNIT and UNCERTAINTY') );
#4615 = ( LENGTH_UNIT() NAMED_UNIT(*) SI_UNIT(.MILLI.,.METRE.) );
#4616 = ( NAMED_UNIT(*) PLANE_ANGLE_UNIT() SI_UNIT($,.RADIAN.) );
#4617 = ( NAMED_UNIT(*) SI_UNIT($,.STERADIAN.) SOLID_ANGLE_UNIT() );
#4618 = UNCERTAINTY_MEASURE_WITH_UNIT(LENGTH_MEASURE(1.E-07),#4615,
  'distance_accuracy_value','confusion accuracy');
#4619 = CONTEXT_DEPENDENT_SHAPE_REPRESENTATION(#4620,#4622);
#4620 = ( REPRESENTATION_RELATIONSHIP('','',#4463,#48) 
REPRESENTATION_RELATIONSHIP_WITH_TRANSFORMATION(#4621) 
SHAPE_REPRESENTATION_RELATIONSHIP() );
#4621 = ITEM_DEFINED_TRANSFORMATION('','',#11,#73);
#4622 = PRODUCT_DEFINITION_SHAPE('Placement','Placement of an item',
  #4623);
#4623 = NEXT_ASSEMBLY_USAGE_OCCURRENCE('13','AluminumCeiling','',#43,
  #4458,$);
#4624 = PRODUCT_RELATED_PRODUCT_CATEGORY('part',$,(#4460));
#4625 = SHAPE_DEFINITION_REPRESENTATION(#4626,#4632);
#4626 = PRODUCT_DEFINITION_SHAPE('','',#4627);
#4627 = PRODUCT_DEFINITION('design','',#4628,#4631);
#4628 = PRODUCT_DEFINITION_FORMATION('','',#4629);
#4629 = PRODUCT('VacuumChamberAssembly','VacuumChamberAssembly','',(
    #4630));
#4630 = PRODUCT_CONTEXT('',#2,'mechanical');
#4631 = PRODUCT_DEFINITION_CONTEXT('part definition',#2,'design');
#4632 = SHAPE_REPRESENTATION('',(#11,#4633,#4637,#4641),#4645);
#4633 = AXIS2_PLACEMENT_3D('',#4634,#4635,#4636);
#4634 = CARTESIAN_POINT('',(0.,0.,0.));
#4635 = DIRECTION('',(0.,0.,1.));
#4636 = DIRECTION('',(1.,0.,0.));
#4637 = AXIS2_PLACEMENT_3D('',#4638,#4639,#4640);
#4638 = CARTESIAN_POINT('',(0.,500.,-500.));
#4639 = DIRECTION('',(0.,-4.440892098501E-16,-1.));
#4640 = DIRECTION('',(1.,0.,0.));
#4641 = AXIS2_PLACEMENT_3D('',#4642,#4643,#4644);
#4642 = CARTESIAN_POINT('',(250.,250.,-500.));
#4643 = DIRECTION('',(0.,0.,1.));
#4644 = DIRECTION('',(1.,0.,0.));
#4645 = ( GEOMETRIC_REPRESENTATION_CONTEXT(3) 
GLOBAL_UNCERTAINTY_ASSIGNED_CONTEXT((#4649)) 
GLOBAL_UNIT_ASSIGNED_CONTEXT((#4646,#4647,#4648)) REPRESENTATION_CONTEXT
('Context #1','3D Context with UNIT and UNCERTAINTY') );
#4646 = ( LENGTH_UNIT() NAMED_UNIT(*) SI_UNIT(.MILLI.,.METRE.) );
#4647 = ( NAMED_UNIT(*) PLANE_ANGLE_UNIT() SI_UNIT($,.RADIAN.) );
#4648 = ( NAMED_UNIT(*) SI_UNIT($,.STERADIAN.) SOLID_ANGLE_UNIT() );
#4649 = UNCERTAINTY_MEASURE_WITH_UNIT(LENGTH_MEASURE(1.E-07),#4646,
  'distance_accuracy_value','confusion accuracy');
#4650 = CONTEXT_DEPENDENT_SHAPE_REPRESENTATION(#4651,#4653);
#4651 = ( REPRESENTATION_RELATIONSHIP('','',#4632,#10) 
REPRESENTATION_RELATIONSHIP_WITH_TRANSFORMATION(#4652) 
SHAPE_REPRESENTATION_RELATIONSHIP() );
#4652 = ITEM_DEFINED_TRANSFORMATION('','',#11,#19);
#4653 = PRODUCT_DEFINITION_SHAPE('Placement','Placement of an item',
  #4654);
#4654 = NEXT_ASSEMBLY_USAGE_OCCURRENCE('18','VacuumChamberAssembly','',
  #5,#4627,$);
#4655 = PRODUCT_RELATED_PRODUCT_CATEGORY('part',$,(#4629));
#4656 = SHAPE_DEFINITION_REPRESENTATION(#4657,#4663);
#4657 = PRODUCT_DEFINITION_SHAPE('','',#4658);
#4658 = PRODUCT_DEFINITION('design','',#4659,#4662);
#4659 = PRODUCT_DEFINITION_FORMATION('','',#4660);
#4660 = PRODUCT('VacuumChamber','VacuumChamber','',(#4661));
#4661 = PRODUCT_CONTEXT('',#2,'mechanical');
#4662 = PRODUCT_DEFINITION_CONTEXT('part definition',#2,'design');
#4663 = ADVANCED_BREP_SHAPE_REPRESENTATION('',(#11,#4664),#5001);
#4664 = MANIFOLD_SOLID_BREP('',#4665);
#4665 = CLOSED_SHELL('',(#4666,#4706,#4737,#4761,#4785,#4813,#4825,#4850
    ,#4893,#4924,#4948,#4972,#4989));
#4666 = ADVANCED_FACE('',(#4667),#4701,.F.);
#4667 = FACE_BOUND('',#4668,.F.);
#4668 = EDGE_LOOP('',(#4669,#4679,#4687,#4695));
#4669 = ORIENTED_EDGE('',*,*,#4670,.F.);
#4670 = EDGE_CURVE('',#4671,#4673,#4675,.T.);
#4671 = VERTEX_POINT('',#4672);
#4672 = CARTESIAN_POINT('',(0.,0.,0.));
#4673 = VERTEX_POINT('',#4674);
#4674 = CARTESIAN_POINT('',(0.,0.,500.));
#4675 = LINE('',#4676,#4677);
#4676 = CARTESIAN_POINT('',(0.,0.,0.));
#4677 = VECTOR('',#4678,1.);
#4678 = DIRECTION('',(0.,0.,1.));
#4679 = ORIENTED_EDGE('',*,*,#4680,.T.);
#4680 = EDGE_CURVE('',#4671,#4681,#4683,.T.);
#4681 = VERTEX_POINT('',#4682);
#4682 = CARTESIAN_POINT('',(0.,500.,0.));
#4683 = LINE('',#4684,#4685);
#4684 = CARTESIAN_POINT('',(0.,0.,0.));
#4685 = VECTOR('',#4686,1.);
#4686 = DIRECTION('',(0.,1.,0.));
#4687 = ORIENTED_EDGE('',*,*,#4688,.T.);
#4688 = EDGE_CURVE('',#4681,#4689,#4691,.T.);
#4689 = VERTEX_POINT('',#4690);
#4690 = CARTESIAN_POINT('',(0.,500.,500.));
#4691 = LINE('',#4692,#4693);
#4692 = CARTESIAN_POINT('',(0.,500.,0.));
#4693 = VECTOR('',#4694,1.);
#4694 = DIRECTION('',(0.,0.,1.));
#4695 = ORIENTED_EDGE('',*,*,#4696,.F.);
#4696 = EDGE_CURVE('',#4673,#4689,#4697,.T.);
#4697 = LINE('',#4698,#4699);
#4698 = CARTESIAN_POINT('',(0.,0.,500.));
#4699 = VECTOR('',#4700,1.);
#4700 = DIRECTION('',(0.,1.,0.));
#4701 = PLANE('',#4702);
#4702 = AXIS2_PLACEMENT_3D('',#4703,#4704,#4705);
#4703 = CARTESIAN_POINT('',(0.,0.,0.));
#4704 = DIRECTION('',(1.,0.,0.));
#4705 = DIRECTION('',(0.,0.,1.));
#4706 = ADVANCED_FACE('',(#4707),#4732,.F.);
#4707 = FACE_BOUND('',#4708,.F.);
#4708 = EDGE_LOOP('',(#4709,#4717,#4718,#4726));
#4709 = ORIENTED_EDGE('',*,*,#4710,.F.);
#4710 = EDGE_CURVE('',#4671,#4711,#4713,.T.);
#4711 = VERTEX_POINT('',#4712);
#4712 = CARTESIAN_POINT('',(500.,0.,0.));
#4713 = LINE('',#4714,#4715);
#4714 = CARTESIAN_POINT('',(0.,0.,0.));
#4715 = VECTOR('',#4716,1.);
#4716 = DIRECTION('',(1.,0.,0.));
#4717 = ORIENTED_EDGE('',*,*,#4670,.T.);
#4718 = ORIENTED_EDGE('',*,*,#4719,.T.);
#4719 = EDGE_CURVE('',#4673,#4720,#4722,.T.);
#4720 = VERTEX_POINT('',#4721);
#4721 = CARTESIAN_POINT('',(500.,0.,500.));
#4722 = LINE('',#4723,#4724);
#4723 = CARTESIAN_POINT('',(0.,0.,500.));
#4724 = VECTOR('',#4725,1.);
#4725 = DIRECTION('',(1.,0.,0.));
#4726 = ORIENTED_EDGE('',*,*,#4727,.F.);
#4727 = EDGE_CURVE('',#4711,#4720,#4728,.T.);
#4728 = LINE('',#4729,#4730);
#4729 = CARTESIAN_POINT('',(500.,0.,0.));
#4730 = VECTOR('',#4731,1.);
#4731 = DIRECTION('',(0.,0.,1.));
#4732 = PLANE('',#4733);
#4733 = AXIS2_PLACEMENT_3D('',#4734,#4735,#4736);
#4734 = CARTESIAN_POINT('',(0.,0.,0.));
#4735 = DIRECTION('',(0.,1.,0.));
#4736 = DIRECTION('',(0.,0.,1.));
#4737 = ADVANCED_FACE('',(#4738),#4756,.T.);
#4738 = FACE_BOUND('',#4739,.T.);
#4739 = EDGE_LOOP('',(#4740,#4741,#4742,#4750));
#4740 = ORIENTED_EDGE('',*,*,#4696,.F.);
#4741 = ORIENTED_EDGE('',*,*,#4719,.T.);
#4742 = ORIENTED_EDGE('',*,*,#4743,.T.);
#4743 = EDGE_CURVE('',#4720,#4744,#4746,.T.);
#4744 = VERTEX_POINT('',#4745);
#4745 = CARTESIAN_POINT('',(500.,500.,500.));
#4746 = LINE('',#4747,#4748);
#4747 = CARTESIAN_POINT('',(500.,0.,500.));
#4748 = VECTOR('',#4749,1.);
#4749 = DIRECTION('',(0.,1.,0.));
#4750 = ORIENTED_EDGE('',*,*,#4751,.F.);
#4751 = EDGE_CURVE('',#4689,#4744,#4752,.T.);
#4752 = LINE('',#4753,#4754);
#4753 = CARTESIAN_POINT('',(0.,500.,500.));
#4754 = VECTOR('',#4755,1.);
#4755 = DIRECTION('',(1.,0.,0.));
#4756 = PLANE('',#4757);
#4757 = AXIS2_PLACEMENT_3D('',#4758,#4759,#4760);
#4758 = CARTESIAN_POINT('',(0.,0.,500.));
#4759 = DIRECTION('',(0.,0.,1.));
#4760 = DIRECTION('',(1.,0.,0.));
#4761 = ADVANCED_FACE('',(#4762),#4780,.T.);
#4762 = FACE_BOUND('',#4763,.T.);
#4763 = EDGE_LOOP('',(#4764,#4772,#4773,#4774));
#4764 = ORIENTED_EDGE('',*,*,#4765,.F.);
#4765 = EDGE_CURVE('',#4681,#4766,#4768,.T.);
#4766 = VERTEX_POINT('',#4767);
#4767 = CARTESIAN_POINT('',(500.,500.,0.));
#4768 = LINE('',#4769,#4770);
#4769 = CARTESIAN_POINT('',(0.,500.,0.));
#4770 = VECTOR('',#4771,1.);
#4771 = DIRECTION('',(1.,0.,0.));
#4772 = ORIENTED_EDGE('',*,*,#4688,.T.);
#4773 = ORIENTED_EDGE('',*,*,#4751,.T.);
#4774 = ORIENTED_EDGE('',*,*,#4775,.F.);
#4775 = EDGE_CURVE('',#4766,#4744,#4776,.T.);
#4776 = LINE('',#4777,#4778);
#4777 = CARTESIAN_POINT('',(500.,500.,0.));
#4778 = VECTOR('',#4779,1.);
#4779 = DIRECTION('',(0.,0.,1.));
#4780 = PLANE('',#4781);
#4781 = AXIS2_PLACEMENT_3D('',#4782,#4783,#4784);
#4782 = CARTESIAN_POINT('',(0.,500.,0.));
#4783 = DIRECTION('',(0.,1.,0.));
#4784 = DIRECTION('',(0.,0.,1.));
#4785 = ADVANCED_FACE('',(#4786,#4797),#4808,.F.);
#4786 = FACE_BOUND('',#4787,.F.);
#4787 = EDGE_LOOP('',(#4788,#4789,#4790,#4796));
#4788 = ORIENTED_EDGE('',*,*,#4680,.F.);
#4789 = ORIENTED_EDGE('',*,*,#4710,.T.);
#4790 = ORIENTED_EDGE('',*,*,#4791,.T.);
#4791 = EDGE_CURVE('',#4711,#4766,#4792,.T.);
#4792 = LINE('',#4793,#4794);
#4793 = CARTESIAN_POINT('',(500.,0.,0.));
#4794 = VECTOR('',#4795,1.);
#4795 = DIRECTION('',(0.,1.,0.));
#4796 = ORIENTED_EDGE('',*,*,#4765,.F.);
#4797 = FACE_BOUND('',#4798,.F.);
#4798 = EDGE_LOOP('',(#4799));
#4799 = ORIENTED_EDGE('',*,*,#4800,.T.);
#4800 = EDGE_CURVE('',#4801,#4801,#4803,.T.);
#4801 = VERTEX_POINT('',#4802);
#4802 = CARTESIAN_POINT('',(350.,250.,0.));
#4803 = CIRCLE('',#4804,100.);
#4804 = AXIS2_PLACEMENT_3D('',#4805,#4806,#4807);
#4805 = CARTESIAN_POINT('',(250.,250.,0.));
#4806 = DIRECTION('',(0.,0.,-1.));
#4807 = DIRECTION('',(1.,0.,0.));
#4808 = PLANE('',#4809);
#4809 = AXIS2_PLACEMENT_3D('',#4810,#4811,#4812);
#4810 = CARTESIAN_POINT('',(0.,0.,0.));
#4811 = DIRECTION('',(0.,0.,1.));
#4812 = DIRECTION('',(1.,0.,0.));
#4813 = ADVANCED_FACE('',(#4814),#4820,.T.);
#4814 = FACE_BOUND('',#4815,.T.);
#4815 = EDGE_LOOP('',(#4816,#4817,#4818,#4819));
#4816 = ORIENTED_EDGE('',*,*,#4727,.F.);
#4817 = ORIENTED_EDGE('',*,*,#4791,.T.);
#4818 = ORIENTED_EDGE('',*,*,#4775,.T.);
#4819 = ORIENTED_EDGE('',*,*,#4743,.F.);
#4820 = PLANE('',#4821);
#4821 = AXIS2_PLACEMENT_3D('',#4822,#4823,#4824);
#4822 = CARTESIAN_POINT('',(500.,0.,0.));
#4823 = DIRECTION('',(1.,0.,0.));
#4824 = DIRECTION('',(0.,0.,1.));
#4825 = ADVANCED_FACE('',(#4826),#4845,.F.);
#4826 = FACE_BOUND('',#4827,.T.);
#4827 = EDGE_LOOP('',(#4828,#4829,#4837,#4844));
#4828 = ORIENTED_EDGE('',*,*,#4800,.T.);
#4829 = ORIENTED_EDGE('',*,*,#4830,.T.);
#4830 = EDGE_CURVE('',#4801,#4831,#4833,.T.);
#4831 = VERTEX_POINT('',#4832);
#4832 = CARTESIAN_POINT('',(350.,250.,25.));
#4833 = LINE('',#4834,#4835);
#4834 = CARTESIAN_POINT('',(350.,250.,-10.));
#4835 = VECTOR('',#4836,1.);
#4836 = DIRECTION('',(0.,0.,1.));
#4837 = ORIENTED_EDGE('',*,*,#4838,.F.);
#4838 = EDGE_CURVE('',#4831,#4831,#4839,.T.);
#4839 = CIRCLE('',#4840,100.);
#4840 = AXIS2_PLACEMENT_3D('',#4841,#4842,#4843);
#4841 = CARTESIAN_POINT('',(250.,250.,25.));
#4842 = DIRECTION('',(0.,0.,-1.));
#4843 = DIRECTION('',(1.,0.,0.));
#4844 = ORIENTED_EDGE('',*,*,#4830,.F.);
#4845 = CYLINDRICAL_SURFACE('',#4846,100.);
#4846 = AXIS2_PLACEMENT_3D('',#4847,#4848,#4849);
#4847 = CARTESIAN_POINT('',(250.,250.,-10.));
#4848 = DIRECTION('',(-0.,-0.,-1.));
#4849 = DIRECTION('',(1.,0.,0.));
#4850 = ADVANCED_FACE('',(#4851,#4885),#4888,.T.);
#4851 = FACE_BOUND('',#4852,.T.);
#4852 = EDGE_LOOP('',(#4853,#4863,#4871,#4879));
#4853 = ORIENTED_EDGE('',*,*,#4854,.F.);
#4854 = EDGE_CURVE('',#4855,#4857,#4859,.T.);
#4855 = VERTEX_POINT('',#4856);
#4856 = CARTESIAN_POINT('',(25.,25.,25.));
#4857 = VERTEX_POINT('',#4858);
#4858 = CARTESIAN_POINT('',(25.,475.,25.));
#4859 = LINE('',#4860,#4861);
#4860 = CARTESIAN_POINT('',(25.,25.,25.));
#4861 = VECTOR('',#4862,1.);
#4862 = DIRECTION('',(0.,1.,0.));
#4863 = ORIENTED_EDGE('',*,*,#4864,.T.);
#4864 = EDGE_CURVE('',#4855,#4865,#4867,.T.);
#4865 = VERTEX_POINT('',#4866);
#4866 = CARTESIAN_POINT('',(475.,25.,25.));
#4867 = LINE('',#4868,#4869);
#4868 = CARTESIAN_POINT('',(25.,25.,25.));
#4869 = VECTOR('',#4870,1.);
#4870 = DIRECTION('',(1.,0.,0.));
#4871 = ORIENTED_EDGE('',*,*,#4872,.T.);
#4872 = EDGE_CURVE('',#4865,#4873,#4875,.T.);
#4873 = VERTEX_POINT('',#4874);
#4874 = CARTESIAN_POINT('',(475.,475.,25.));
#4875 = LINE('',#4876,#4877);
#4876 = CARTESIAN_POINT('',(475.,25.,25.));
#4877 = VECTOR('',#4878,1.);
#4878 = DIRECTION('',(0.,1.,0.));
#4879 = ORIENTED_EDGE('',*,*,#4880,.F.);
#4880 = EDGE_CURVE('',#4857,#4873,#4881,.T.);
#4881 = LINE('',#4882,#4883);
#4882 = CARTESIAN_POINT('',(25.,475.,25.));
#4883 = VECTOR('',#4884,1.);
#4884 = DIRECTION('',(1.,0.,0.));
#4885 = FACE_BOUND('',#4886,.T.);
#4886 = EDGE_LOOP('',(#4887));
#4887 = ORIENTED_EDGE('',*,*,#4838,.T.);
#4888 = PLANE('',#4889);
#4889 = AXIS2_PLACEMENT_3D('',#4890,#4891,#4892);
#4890 = CARTESIAN_POINT('',(25.,25.,25.));
#4891 = DIRECTION('',(0.,0.,1.));
#4892 = DIRECTION('',(1.,0.,0.));
#4893 = ADVANCED_FACE('',(#4894),#4919,.T.);
#4894 = FACE_BOUND('',#4895,.T.);
#4895 = EDGE_LOOP('',(#4896,#4904,#4905,#4913));
#4896 = ORIENTED_EDGE('',*,*,#4897,.F.);
#4897 = EDGE_CURVE('',#4855,#4898,#4900,.T.);
#4898 = VERTEX_POINT('',#4899);
#4899 = CARTESIAN_POINT('',(25.,25.,475.));
#4900 = LINE('',#4901,#4902);
#4901 = CARTESIAN_POINT('',(25.,25.,25.));
#4902 = VECTOR('',#4903,1.);
#4903 = DIRECTION('',(0.,0.,1.));
#4904 = ORIENTED_EDGE('',*,*,#4854,.T.);
#4905 = ORIENTED_EDGE('',*,*,#4906,.T.);
#4906 = EDGE_CURVE('',#4857,#4907,#4909,.T.);
#4907 = VERTEX_POINT('',#4908);
#4908 = CARTESIAN_POINT('',(25.,475.,475.));
#4909 = LINE('',#4910,#4911);
#4910 = CARTESIAN_POINT('',(25.,475.,25.));
#4911 = VECTOR('',#4912,1.);
#4912 = DIRECTION('',(0.,0.,1.));
#4913 = ORIENTED_EDGE('',*,*,#4914,.F.);
#4914 = EDGE_CURVE('',#4898,#4907,#4915,.T.);
#4915 = LINE('',#4916,#4917);
#4916 = CARTESIAN_POINT('',(25.,25.,475.));
#4917 = VECTOR('',#4918,1.);
#4918 = DIRECTION('',(0.,1.,0.));
#4919 = PLANE('',#4920);
#4920 = AXIS2_PLACEMENT_3D('',#4921,#4922,#4923);
#4921 = CARTESIAN_POINT('',(25.,25.,25.));
#4922 = DIRECTION('',(1.,0.,0.));
#4923 = DIRECTION('',(0.,0.,1.));
#4924 = ADVANCED_FACE('',(#4925),#4943,.F.);
#4925 = FACE_BOUND('',#4926,.F.);
#4926 = EDGE_LOOP('',(#4927,#4928,#4929,#4937));
#4927 = ORIENTED_EDGE('',*,*,#4880,.F.);
#4928 = ORIENTED_EDGE('',*,*,#4906,.T.);
#4929 = ORIENTED_EDGE('',*,*,#4930,.T.);
#4930 = EDGE_CURVE('',#4907,#4931,#4933,.T.);
#4931 = VERTEX_POINT('',#4932);
#4932 = CARTESIAN_POINT('',(475.,475.,475.));
#4933 = LINE('',#4934,#4935);
#4934 = CARTESIAN_POINT('',(25.,475.,475.));
#4935 = VECTOR('',#4936,1.);
#4936 = DIRECTION('',(1.,0.,0.));
#4937 = ORIENTED_EDGE('',*,*,#4938,.F.);
#4938 = EDGE_CURVE('',#4873,#4931,#4939,.T.);
#4939 = LINE('',#4940,#4941);
#4940 = CARTESIAN_POINT('',(475.,475.,25.));
#4941 = VECTOR('',#4942,1.);
#4942 = DIRECTION('',(0.,0.,1.));
#4943 = PLANE('',#4944);
#4944 = AXIS2_PLACEMENT_3D('',#4945,#4946,#4947);
#4945 = CARTESIAN_POINT('',(25.,475.,25.));
#4946 = DIRECTION('',(0.,1.,0.));
#4947 = DIRECTION('',(0.,0.,1.));
#4948 = ADVANCED_FACE('',(#4949),#4967,.T.);
#4949 = FACE_BOUND('',#4950,.T.);
#4950 = EDGE_LOOP('',(#4951,#4952,#4953,#4961));
#4951 = ORIENTED_EDGE('',*,*,#4864,.F.);
#4952 = ORIENTED_EDGE('',*,*,#4897,.T.);
#4953 = ORIENTED_EDGE('',*,*,#4954,.T.);
#4954 = EDGE_CURVE('',#4898,#4955,#4957,.T.);
#4955 = VERTEX_POINT('',#4956);
#4956 = CARTESIAN_POINT('',(475.,25.,475.));
#4957 = LINE('',#4958,#4959);
#4958 = CARTESIAN_POINT('',(25.,25.,475.));
#4959 = VECTOR('',#4960,1.);
#4960 = DIRECTION('',(1.,0.,0.));
#4961 = ORIENTED_EDGE('',*,*,#4962,.F.);
#4962 = EDGE_CURVE('',#4865,#4955,#4963,.T.);
#4963 = LINE('',#4964,#4965);
#4964 = CARTESIAN_POINT('',(475.,25.,25.));
#4965 = VECTOR('',#4966,1.);
#4966 = DIRECTION('',(0.,0.,1.));
#4967 = PLANE('',#4968);
#4968 = AXIS2_PLACEMENT_3D('',#4969,#4970,#4971);
#4969 = CARTESIAN_POINT('',(25.,25.,25.));
#4970 = DIRECTION('',(0.,1.,0.));
#4971 = DIRECTION('',(0.,0.,1.));
#4972 = ADVANCED_FACE('',(#4973),#4984,.F.);
#4973 = FACE_BOUND('',#4974,.F.);
#4974 = EDGE_LOOP('',(#4975,#4976,#4977,#4978));
#4975 = ORIENTED_EDGE('',*,*,#4962,.F.);
#4976 = ORIENTED_EDGE('',*,*,#4872,.T.);
#4977 = ORIENTED_EDGE('',*,*,#4938,.T.);
#4978 = ORIENTED_EDGE('',*,*,#4979,.F.);
#4979 = EDGE_CURVE('',#4955,#4931,#4980,.T.);
#4980 = LINE('',#4981,#4982);
#4981 = CARTESIAN_POINT('',(475.,25.,475.));
#4982 = VECTOR('',#4983,1.);
#4983 = DIRECTION('',(0.,1.,0.));
#4984 = PLANE('',#4985);
#4985 = AXIS2_PLACEMENT_3D('',#4986,#4987,#4988);
#4986 = CARTESIAN_POINT('',(475.,25.,25.));
#4987 = DIRECTION('',(1.,0.,0.));
#4988 = DIRECTION('',(0.,0.,1.));
#4989 = ADVANCED_FACE('',(#4990),#4996,.F.);
#4990 = FACE_BOUND('',#4991,.F.);
#4991 = EDGE_LOOP('',(#4992,#4993,#4994,#4995));
#4992 = ORIENTED_EDGE('',*,*,#4914,.F.);
#4993 = ORIENTED_EDGE('',*,*,#4954,.T.);
#4994 = ORIENTED_EDGE('',*,*,#4979,.T.);
#4995 = ORIENTED_EDGE('',*,*,#4930,.F.);
#4996 = PLANE('',#4997);
#4997 = AXIS2_PLACEMENT_3D('',#4998,#4999,#5000);
#4998 = CARTESIAN_POINT('',(25.,25.,475.));
#4999 = DIRECTION('',(0.,0.,1.));
#5000 = DIRECTION('',(1.,0.,0.));
#5001 = ( GEOMETRIC_REPRESENTATION_CONTEXT(3) 
GLOBAL_UNCERTAINTY_ASSIGNED_CONTEXT((#5005)) 
GLOBAL_UNIT_ASSIGNED_CONTEXT((#5002,#5003,#5004)) REPRESENTATION_CONTEXT
('Context #1','3D Context with UNIT and UNCERTAINTY') );
#5002 = ( LENGTH_UNIT() NAMED_UNIT(*) SI_UNIT(.MILLI.,.METRE.) );
#5003 = ( NAMED_UNIT(*) PLANE_ANGLE_UNIT() SI_UNIT($,.RADIAN.) );
#5004 = ( NAMED_UNIT(*) SI_UNIT($,.STERADIAN.) SOLID_ANGLE_UNIT() );
#5005 = UNCERTAINTY_MEASURE_WITH_UNIT(LENGTH_MEASURE(1.E-07),#5002,
  'distance_accuracy_value','confusion accuracy');
#5006 = CONTEXT_DEPENDENT_SHAPE_REPRESENTATION(#5007,#5009);
#5007 = ( REPRESENTATION_RELATIONSHIP('','',#4663,#4632) 
REPRESENTATION_RELATIONSHIP_WITH_TRANSFORMATION(#5008) 
SHAPE_REPRESENTATION_RELATIONSHIP() );
#5008 = ITEM_DEFINED_TRANSFORMATION('','',#11,#4633);
#5009 = PRODUCT_DEFINITION_SHAPE('Placement','Placement of an item',
  #5010);
#5010 = NEXT_ASSEMBLY_USAGE_OCCURRENCE('15','VacuumChamber','',#4627,
  #4658,$);
#5011 = PRODUCT_RELATED_PRODUCT_CATEGORY('part',$,(#4660));
#5012 = SHAPE_DEFINITION_REPRESENTATION(#5013,#5019);
#5013 = PRODUCT_DEFINITION_SHAPE('','',#5014);
#5014 = PRODUCT_DEFINITION('design','',#5015,#5018);
#5015 = PRODUCT_DEFINITION_FORMATION('','',#5016);
#5016 = PRODUCT('VacuumChamberPinhole','VacuumChamberPinhole','',(#5017)
  );
#5017 = PRODUCT_CONTEXT('',#2,'mechanical');
#5018 = PRODUCT_DEFINITION_CONTEXT('part definition',#2,'design');
#5019 = ADVANCED_BREP_SHAPE_REPRESENTATION('',(#11,#5020),#5357);
#5020 = MANIFOLD_SOLID_BREP('',#5021);
#5021 = CLOSED_SHELL('',(#5022,#5062,#5093,#5117,#5141,#5169,#5181,#5206
    ,#5249,#5280,#5304,#5328,#5345));
#5022 = ADVANCED_FACE('',(#5023),#5057,.F.);
#5023 = FACE_BOUND('',#5024,.F.);
#5024 = EDGE_LOOP('',(#5025,#5035,#5043,#5051));
#5025 = ORIENTED_EDGE('',*,*,#5026,.F.);
#5026 = EDGE_CURVE('',#5027,#5029,#5031,.T.);
#5027 = VERTEX_POINT('',#5028);
#5028 = CARTESIAN_POINT('',(0.,0.,0.));
#5029 = VERTEX_POINT('',#5030);
#5030 = CARTESIAN_POINT('',(0.,0.,500.));
#5031 = LINE('',#5032,#5033);
#5032 = CARTESIAN_POINT('',(0.,0.,0.));
#5033 = VECTOR('',#5034,1.);
#5034 = DIRECTION('',(0.,0.,1.));
#5035 = ORIENTED_EDGE('',*,*,#5036,.T.);
#5036 = EDGE_CURVE('',#5027,#5037,#5039,.T.);
#5037 = VERTEX_POINT('',#5038);
#5038 = CARTESIAN_POINT('',(0.,500.,0.));
#5039 = LINE('',#5040,#5041);
#5040 = CARTESIAN_POINT('',(0.,0.,0.));
#5041 = VECTOR('',#5042,1.);
#5042 = DIRECTION('',(0.,1.,0.));
#5043 = ORIENTED_EDGE('',*,*,#5044,.T.);
#5044 = EDGE_CURVE('',#5037,#5045,#5047,.T.);
#5045 = VERTEX_POINT('',#5046);
#5046 = CARTESIAN_POINT('',(0.,500.,500.));
#5047 = LINE('',#5048,#5049);
#5048 = CARTESIAN_POINT('',(0.,500.,0.));
#5049 = VECTOR('',#5050,1.);
#5050 = DIRECTION('',(0.,0.,1.));
#5051 = ORIENTED_EDGE('',*,*,#5052,.F.);
#5052 = EDGE_CURVE('',#5029,#5045,#5053,.T.);
#5053 = LINE('',#5054,#5055);
#5054 = CARTESIAN_POINT('',(0.,0.,500.));
#5055 = VECTOR('',#5056,1.);
#5056 = DIRECTION('',(0.,1.,0.));
#5057 = PLANE('',#5058);
#5058 = AXIS2_PLACEMENT_3D('',#5059,#5060,#5061);
#5059 = CARTESIAN_POINT('',(0.,0.,0.));
#5060 = DIRECTION('',(1.,0.,0.));
#5061 = DIRECTION('',(0.,0.,1.));
#5062 = ADVANCED_FACE('',(#5063),#5088,.F.);
#5063 = FACE_BOUND('',#5064,.F.);
#5064 = EDGE_LOOP('',(#5065,#5073,#5074,#5082));
#5065 = ORIENTED_EDGE('',*,*,#5066,.F.);
#5066 = EDGE_CURVE('',#5027,#5067,#5069,.T.);
#5067 = VERTEX_POINT('',#5068);
#5068 = CARTESIAN_POINT('',(500.,0.,0.));
#5069 = LINE('',#5070,#5071);
#5070 = CARTESIAN_POINT('',(0.,0.,0.));
#5071 = VECTOR('',#5072,1.);
#5072 = DIRECTION('',(1.,0.,0.));
#5073 = ORIENTED_EDGE('',*,*,#5026,.T.);
#5074 = ORIENTED_EDGE('',*,*,#5075,.T.);
#5075 = EDGE_CURVE('',#5029,#5076,#5078,.T.);
#5076 = VERTEX_POINT('',#5077);
#5077 = CARTESIAN_POINT('',(500.,0.,500.));
#5078 = LINE('',#5079,#5080);
#5079 = CARTESIAN_POINT('',(0.,0.,500.));
#5080 = VECTOR('',#5081,1.);
#5081 = DIRECTION('',(1.,0.,0.));
#5082 = ORIENTED_EDGE('',*,*,#5083,.F.);
#5083 = EDGE_CURVE('',#5067,#5076,#5084,.T.);
#5084 = LINE('',#5085,#5086);
#5085 = CARTESIAN_POINT('',(500.,0.,0.));
#5086 = VECTOR('',#5087,1.);
#5087 = DIRECTION('',(0.,0.,1.));
#5088 = PLANE('',#5089);
#5089 = AXIS2_PLACEMENT_3D('',#5090,#5091,#5092);
#5090 = CARTESIAN_POINT('',(0.,0.,0.));
#5091 = DIRECTION('',(0.,1.,0.));
#5092 = DIRECTION('',(0.,0.,1.));
#5093 = ADVANCED_FACE('',(#5094),#5112,.T.);
#5094 = FACE_BOUND('',#5095,.T.);
#5095 = EDGE_LOOP('',(#5096,#5097,#5098,#5106));
#5096 = ORIENTED_EDGE('',*,*,#5052,.F.);
#5097 = ORIENTED_EDGE('',*,*,#5075,.T.);
#5098 = ORIENTED_EDGE('',*,*,#5099,.T.);
#5099 = EDGE_CURVE('',#5076,#5100,#5102,.T.);
#5100 = VERTEX_POINT('',#5101);
#5101 = CARTESIAN_POINT('',(500.,500.,500.));
#5102 = LINE('',#5103,#5104);
#5103 = CARTESIAN_POINT('',(500.,0.,500.));
#5104 = VECTOR('',#5105,1.);
#5105 = DIRECTION('',(0.,1.,0.));
#5106 = ORIENTED_EDGE('',*,*,#5107,.F.);
#5107 = EDGE_CURVE('',#5045,#5100,#5108,.T.);
#5108 = LINE('',#5109,#5110);
#5109 = CARTESIAN_POINT('',(0.,500.,500.));
#5110 = VECTOR('',#5111,1.);
#5111 = DIRECTION('',(1.,0.,0.));
#5112 = PLANE('',#5113);
#5113 = AXIS2_PLACEMENT_3D('',#5114,#5115,#5116);
#5114 = CARTESIAN_POINT('',(0.,0.,500.));
#5115 = DIRECTION('',(0.,0.,1.));
#5116 = DIRECTION('',(1.,0.,0.));
#5117 = ADVANCED_FACE('',(#5118),#5136,.T.);
#5118 = FACE_BOUND('',#5119,.T.);
#5119 = EDGE_LOOP('',(#5120,#5128,#5129,#5130));
#5120 = ORIENTED_EDGE('',*,*,#5121,.F.);
#5121 = EDGE_CURVE('',#5037,#5122,#5124,.T.);
#5122 = VERTEX_POINT('',#5123);
#5123 = CARTESIAN_POINT('',(500.,500.,0.));
#5124 = LINE('',#5125,#5126);
#5125 = CARTESIAN_POINT('',(0.,500.,0.));
#5126 = VECTOR('',#5127,1.);
#5127 = DIRECTION('',(1.,0.,0.));
#5128 = ORIENTED_EDGE('',*,*,#5044,.T.);
#5129 = ORIENTED_EDGE('',*,*,#5107,.T.);
#5130 = ORIENTED_EDGE('',*,*,#5131,.F.);
#5131 = EDGE_CURVE('',#5122,#5100,#5132,.T.);
#5132 = LINE('',#5133,#5134);
#5133 = CARTESIAN_POINT('',(500.,500.,0.));
#5134 = VECTOR('',#5135,1.);
#5135 = DIRECTION('',(0.,0.,1.));
#5136 = PLANE('',#5137);
#5137 = AXIS2_PLACEMENT_3D('',#5138,#5139,#5140);
#5138 = CARTESIAN_POINT('',(0.,500.,0.));
#5139 = DIRECTION('',(0.,1.,0.));
#5140 = DIRECTION('',(0.,0.,1.));
#5141 = ADVANCED_FACE('',(#5142,#5153),#5164,.F.);
#5142 = FACE_BOUND('',#5143,.F.);
#5143 = EDGE_LOOP('',(#5144,#5145,#5146,#5152));
#5144 = ORIENTED_EDGE('',*,*,#5036,.F.);
#5145 = ORIENTED_EDGE('',*,*,#5066,.T.);
#5146 = ORIENTED_EDGE('',*,*,#5147,.T.);
#5147 = EDGE_CURVE('',#5067,#5122,#5148,.T.);
#5148 = LINE('',#5149,#5150);
#5149 = CARTESIAN_POINT('',(500.,0.,0.));
#5150 = VECTOR('',#5151,1.);
#5151 = DIRECTION('',(0.,1.,0.));
#5152 = ORIENTED_EDGE('',*,*,#5121,.F.);
#5153 = FACE_BOUND('',#5154,.F.);
#5154 = EDGE_LOOP('',(#5155));
#5155 = ORIENTED_EDGE('',*,*,#5156,.T.);
#5156 = EDGE_CURVE('',#5157,#5157,#5159,.T.);
#5157 = VERTEX_POINT('',#5158);
#5158 = CARTESIAN_POINT('',(350.,250.,0.));
#5159 = CIRCLE('',#5160,100.);
#5160 = AXIS2_PLACEMENT_3D('',#5161,#5162,#5163);
#5161 = CARTESIAN_POINT('',(250.,250.,0.));
#5162 = DIRECTION('',(0.,0.,-1.));
#5163 = DIRECTION('',(1.,0.,0.));
#5164 = PLANE('',#5165);
#5165 = AXIS2_PLACEMENT_3D('',#5166,#5167,#5168);
#5166 = CARTESIAN_POINT('',(0.,0.,0.));
#5167 = DIRECTION('',(0.,0.,1.));
#5168 = DIRECTION('',(1.,0.,0.));
#5169 = ADVANCED_FACE('',(#5170),#5176,.T.);
#5170 = FACE_BOUND('',#5171,.T.);
#5171 = EDGE_LOOP('',(#5172,#5173,#5174,#5175));
#5172 = ORIENTED_EDGE('',*,*,#5083,.F.);
#5173 = ORIENTED_EDGE('',*,*,#5147,.T.);
#5174 = ORIENTED_EDGE('',*,*,#5131,.T.);
#5175 = ORIENTED_EDGE('',*,*,#5099,.F.);
#5176 = PLANE('',#5177);
#5177 = AXIS2_PLACEMENT_3D('',#5178,#5179,#5180);
#5178 = CARTESIAN_POINT('',(500.,0.,0.));
#5179 = DIRECTION('',(1.,0.,0.));
#5180 = DIRECTION('',(0.,0.,1.));
#5181 = ADVANCED_FACE('',(#5182),#5201,.F.);
#5182 = FACE_BOUND('',#5183,.T.);
#5183 = EDGE_LOOP('',(#5184,#5185,#5193,#5200));
#5184 = ORIENTED_EDGE('',*,*,#5156,.T.);
#5185 = ORIENTED_EDGE('',*,*,#5186,.T.);
#5186 = EDGE_CURVE('',#5157,#5187,#5189,.T.);
#5187 = VERTEX_POINT('',#5188);
#5188 = CARTESIAN_POINT('',(350.,250.,25.));
#5189 = LINE('',#5190,#5191);
#5190 = CARTESIAN_POINT('',(350.,250.,-10.));
#5191 = VECTOR('',#5192,1.);
#5192 = DIRECTION('',(0.,0.,1.));
#5193 = ORIENTED_EDGE('',*,*,#5194,.F.);
#5194 = EDGE_CURVE('',#5187,#5187,#5195,.T.);
#5195 = CIRCLE('',#5196,100.);
#5196 = AXIS2_PLACEMENT_3D('',#5197,#5198,#5199);
#5197 = CARTESIAN_POINT('',(250.,250.,25.));
#5198 = DIRECTION('',(0.,0.,-1.));
#5199 = DIRECTION('',(1.,0.,0.));
#5200 = ORIENTED_EDGE('',*,*,#5186,.F.);
#5201 = CYLINDRICAL_SURFACE('',#5202,100.);
#5202 = AXIS2_PLACEMENT_3D('',#5203,#5204,#5205);
#5203 = CARTESIAN_POINT('',(250.,250.,-10.));
#5204 = DIRECTION('',(-0.,-0.,-1.));
#5205 = DIRECTION('',(1.,0.,0.));
#5206 = ADVANCED_FACE('',(#5207,#5241),#5244,.T.);
#5207 = FACE_BOUND('',#5208,.T.);
#5208 = EDGE_LOOP('',(#5209,#5219,#5227,#5235));
#5209 = ORIENTED_EDGE('',*,*,#5210,.F.);
#5210 = EDGE_CURVE('',#5211,#5213,#5215,.T.);
#5211 = VERTEX_POINT('',#5212);
#5212 = CARTESIAN_POINT('',(25.,25.,25.));
#5213 = VERTEX_POINT('',#5214);
#5214 = CARTESIAN_POINT('',(25.,475.,25.));
#5215 = LINE('',#5216,#5217);
#5216 = CARTESIAN_POINT('',(25.,25.,25.));
#5217 = VECTOR('',#5218,1.);
#5218 = DIRECTION('',(0.,1.,0.));
#5219 = ORIENTED_EDGE('',*,*,#5220,.T.);
#5220 = EDGE_CURVE('',#5211,#5221,#5223,.T.);
#5221 = VERTEX_POINT('',#5222);
#5222 = CARTESIAN_POINT('',(475.,25.,25.));
#5223 = LINE('',#5224,#5225);
#5224 = CARTESIAN_POINT('',(25.,25.,25.));
#5225 = VECTOR('',#5226,1.);
#5226 = DIRECTION('',(1.,0.,0.));
#5227 = ORIENTED_EDGE('',*,*,#5228,.T.);
#5228 = EDGE_CURVE('',#5221,#5229,#5231,.T.);
#5229 = VERTEX_POINT('',#5230);
#5230 = CARTESIAN_POINT('',(475.,475.,25.));
#5231 = LINE('',#5232,#5233);
#5232 = CARTESIAN_POINT('',(475.,25.,25.));
#5233 = VECTOR('',#5234,1.);
#5234 = DIRECTION('',(0.,1.,0.));
#5235 = ORIENTED_EDGE('',*,*,#5236,.F.);
#5236 = EDGE_CURVE('',#5213,#5229,#5237,.T.);
#5237 = LINE('',#5238,#5239);
#5238 = CARTESIAN_POINT('',(25.,475.,25.));
#5239 = VECTOR('',#5240,1.);
#5240 = DIRECTION('',(1.,0.,0.));
#5241 = FACE_BOUND('',#5242,.T.);
#5242 = EDGE_LOOP('',(#5243));
#5243 = ORIENTED_EDGE('',*,*,#5194,.T.);
#5244 = PLANE('',#5245);
#5245 = AXIS2_PLACEMENT_3D('',#5246,#5247,#5248);
#5246 = CARTESIAN_POINT('',(25.,25.,25.));
#5247 = DIRECTION('',(0.,0.,1.));
#5248 = DIRECTION('',(1.,0.,0.));
#5249 = ADVANCED_FACE('',(#5250),#5275,.T.);
#5250 = FACE_BOUND('',#5251,.T.);
#5251 = EDGE_LOOP('',(#5252,#5260,#5261,#5269));
#5252 = ORIENTED_EDGE('',*,*,#5253,.F.);
#5253 = EDGE_CURVE('',#5211,#5254,#5256,.T.);
#5254 = VERTEX_POINT('',#5255);
#5255 = CARTESIAN_POINT('',(25.,25.,475.));
#5256 = LINE('',#5257,#5258);
#5257 = CARTESIAN_POINT('',(25.,25.,25.));
#5258 = VECTOR('',#5259,1.);
#5259 = DIRECTION('',(0.,0.,1.));
#5260 = ORIENTED_EDGE('',*,*,#5210,.T.);
#5261 = ORIENTED_EDGE('',*,*,#5262,.T.);
#5262 = EDGE_CURVE('',#5213,#5263,#5265,.T.);
#5263 = VERTEX_POINT('',#5264);
#5264 = CARTESIAN_POINT('',(25.,475.,475.));
#5265 = LINE('',#5266,#5267);
#5266 = CARTESIAN_POINT('',(25.,475.,25.));
#5267 = VECTOR('',#5268,1.);
#5268 = DIRECTION('',(0.,0.,1.));
#5269 = ORIENTED_EDGE('',*,*,#5270,.F.);
#5270 = EDGE_CURVE('',#5254,#5263,#5271,.T.);
#5271 = LINE('',#5272,#5273);
#5272 = CARTESIAN_POINT('',(25.,25.,475.));
#5273 = VECTOR('',#5274,1.);
#5274 = DIRECTION('',(0.,1.,0.));
#5275 = PLANE('',#5276);
#5276 = AXIS2_PLACEMENT_3D('',#5277,#5278,#5279);
#5277 = CARTESIAN_POINT('',(25.,25.,25.));
#5278 = DIRECTION('',(1.,0.,0.));
#5279 = DIRECTION('',(0.,0.,1.));
#5280 = ADVANCED_FACE('',(#5281),#5299,.F.);
#5281 = FACE_BOUND('',#5282,.F.);
#5282 = EDGE_LOOP('',(#5283,#5284,#5285,#5293));
#5283 = ORIENTED_EDGE('',*,*,#5236,.F.);
#5284 = ORIENTED_EDGE('',*,*,#5262,.T.);
#5285 = ORIENTED_EDGE('',*,*,#5286,.T.);
#5286 = EDGE_CURVE('',#5263,#5287,#5289,.T.);
#5287 = VERTEX_POINT('',#5288);
#5288 = CARTESIAN_POINT('',(475.,475.,475.));
#5289 = LINE('',#5290,#5291);
#5290 = CARTESIAN_POINT('',(25.,475.,475.));
#5291 = VECTOR('',#5292,1.);
#5292 = DIRECTION('',(1.,0.,0.));
#5293 = ORIENTED_EDGE('',*,*,#5294,.F.);
#5294 = EDGE_CURVE('',#5229,#5287,#5295,.T.);
#5295 = LINE('',#5296,#5297);
#5296 = CARTESIAN_POINT('',(475.,475.,25.));
#5297 = VECTOR('',#5298,1.);
#5298 = DIRECTION('',(0.,0.,1.));
#5299 = PLANE('',#5300);
#5300 = AXIS2_PLACEMENT_3D('',#5301,#5302,#5303);
#5301 = CARTESIAN_POINT('',(25.,475.,25.));
#5302 = DIRECTION('',(0.,1.,0.));
#5303 = DIRECTION('',(0.,0.,1.));
#5304 = ADVANCED_FACE('',(#5305),#5323,.T.);
#5305 = FACE_BOUND('',#5306,.T.);
#5306 = EDGE_LOOP('',(#5307,#5308,#5309,#5317));
#5307 = ORIENTED_EDGE('',*,*,#5220,.F.);
#5308 = ORIENTED_EDGE('',*,*,#5253,.T.);
#5309 = ORIENTED_EDGE('',*,*,#5310,.T.);
#5310 = EDGE_CURVE('',#5254,#5311,#5313,.T.);
#5311 = VERTEX_POINT('',#5312);
#5312 = CARTESIAN_POINT('',(475.,25.,475.));
#5313 = LINE('',#5314,#5315);
#5314 = CARTESIAN_POINT('',(25.,25.,475.));
#5315 = VECTOR('',#5316,1.);
#5316 = DIRECTION('',(1.,0.,0.));
#5317 = ORIENTED_EDGE('',*,*,#5318,.F.);
#5318 = EDGE_CURVE('',#5221,#5311,#5319,.T.);
#5319 = LINE('',#5320,#5321);
#5320 = CARTESIAN_POINT('',(475.,25.,25.));
#5321 = VECTOR('',#5322,1.);
#5322 = DIRECTION('',(0.,0.,1.));
#5323 = PLANE('',#5324);
#5324 = AXIS2_PLACEMENT_3D('',#5325,#5326,#5327);
#5325 = CARTESIAN_POINT('',(25.,25.,25.));
#5326 = DIRECTION('',(0.,1.,0.));
#5327 = DIRECTION('',(0.,0.,1.));
#5328 = ADVANCED_FACE('',(#5329),#5340,.F.);
#5329 = FACE_BOUND('',#5330,.F.);
#5330 = EDGE_LOOP('',(#5331,#5332,#5333,#5334));
#5331 = ORIENTED_EDGE('',*,*,#5318,.F.);
#5332 = ORIENTED_EDGE('',*,*,#5228,.T.);
#5333 = ORIENTED_EDGE('',*,*,#5294,.T.);
#5334 = ORIENTED_EDGE('',*,*,#5335,.F.);
#5335 = EDGE_CURVE('',#5311,#5287,#5336,.T.);
#5336 = LINE('',#5337,#5338);
#5337 = CARTESIAN_POINT('',(475.,25.,475.));
#5338 = VECTOR('',#5339,1.);
#5339 = DIRECTION('',(0.,1.,0.));
#5340 = PLANE('',#5341);
#5341 = AXIS2_PLACEMENT_3D('',#5342,#5343,#5344);
#5342 = CARTESIAN_POINT('',(475.,25.,25.));
#5343 = DIRECTION('',(1.,0.,0.));
#5344 = DIRECTION('',(0.,0.,1.));
#5345 = ADVANCED_FACE('',(#5346),#5352,.F.);
#5346 = FACE_BOUND('',#5347,.F.);
#5347 = EDGE_LOOP('',(#5348,#5349,#5350,#5351));
#5348 = ORIENTED_EDGE('',*,*,#5270,.F.);
#5349 = ORIENTED_EDGE('',*,*,#5310,.T.);
#5350 = ORIENTED_EDGE('',*,*,#5335,.T.);
#5351 = ORIENTED_EDGE('',*,*,#5286,.F.);
#5352 = PLANE('',#5353);
#5353 = AXIS2_PLACEMENT_3D('',#5354,#5355,#5356);
#5354 = CARTESIAN_POINT('',(25.,25.,475.));
#5355 = DIRECTION('',(0.,0.,1.));
#5356 = DIRECTION('',(1.,0.,0.));
#5357 = ( GEOMETRIC_REPRESENTATION_CONTEXT(3) 
GLOBAL_UNCERTAINTY_ASSIGNED_CONTEXT((#5361)) 
GLOBAL_UNIT_ASSIGNED_CONTEXT((#5358,#5359,#5360)) REPRESENTATION_CONTEXT
('Context #1','3D Context with UNIT and UNCERTAINTY') );
#5358 = ( LENGTH_UNIT() NAMED_UNIT(*) SI_UNIT(.MILLI.,.METRE.) );
#5359 = ( NAMED_UNIT(*) PLANE_ANGLE_UNIT() SI_UNIT($,.RADIAN.) );
#5360 = ( NAMED_UNIT(*) SI_UNIT($,.STERADIAN.) SOLID_ANGLE_UNIT() );
#5361 = UNCERTAINTY_MEASURE_WITH_UNIT(LENGTH_MEASURE(1.E-07),#5358,
  'distance_accuracy_value','confusion accuracy');
#5362 = CONTEXT_DEPENDENT_SHAPE_REPRESENTATION(#5363,#5365);
#5363 = ( REPRESENTATION_RELATIONSHIP('','',#5019,#4632) 
REPRESENTATION_RELATIONSHIP_WITH_TRANSFORMATION(#5364) 
SHAPE_REPRESENTATION_RELATIONSHIP() );
#5364 = ITEM_DEFINED_TRANSFORMATION('','',#11,#4637);
#5365 = PRODUCT_DEFINITION_SHAPE('Placement','Placement of an item',
  #5366);
#5366 = NEXT_ASSEMBLY_USAGE_OCCURRENCE('16','VacuumChamberPinhole','',
  #4627,#5014,$);
#5367 = PRODUCT_RELATED_PRODUCT_CATEGORY('part',$,(#5016));
#5368 = SHAPE_DEFINITION_REPRESENTATION(#5369,#5375);
#5369 = PRODUCT_DEFINITION_SHAPE('','',#5370);
#5370 = PRODUCT_DEFINITION('design','',#5371,#5374);
#5371 = PRODUCT_DEFINITION_FORMATION('','',#5372);
#5372 = PRODUCT('BeamPipe','BeamPipe','',(#5373));
#5373 = PRODUCT_CONTEXT('',#2,'mechanical');
#5374 = PRODUCT_DEFINITION_CONTEXT('part definition',#2,'design');
#5375 = ADVANCED_BREP_SHAPE_REPRESENTATION('',(#11,#5376),#5468);
#5376 = MANIFOLD_SOLID_BREP('',#5377);
#5377 = CLOSED_SHELL('',(#5378,#5411,#5431,#5451));
#5378 = ADVANCED_FACE('',(#5379),#5406,.T.);
#5379 = FACE_BOUND('',#5380,.T.);
#5380 = EDGE_LOOP('',(#5381,#5390,#5398,#5405));
#5381 = ORIENTED_EDGE('',*,*,#5382,.F.);
#5382 = EDGE_CURVE('',#5383,#5383,#5385,.T.);
#5383 = VERTEX_POINT('',#5384);
#5384 = CARTESIAN_POINT('',(99.,-2.424800662312E-14,500.));
#5385 = CIRCLE('',#5386,99.);
#5386 = AXIS2_PLACEMENT_3D('',#5387,#5388,#5389);
#5387 = CARTESIAN_POINT('',(0.,0.,500.));
#5388 = DIRECTION('',(0.,0.,1.));
#5389 = DIRECTION('',(1.,0.,-0.));
#5390 = ORIENTED_EDGE('',*,*,#5391,.F.);
#5391 = EDGE_CURVE('',#5392,#5383,#5394,.T.);
#5392 = VERTEX_POINT('',#5393);
#5393 = CARTESIAN_POINT('',(99.,-2.424800662312E-14,0.));
#5394 = LINE('',#5395,#5396);
#5395 = CARTESIAN_POINT('',(99.,-2.424800662312E-14,0.));
#5396 = VECTOR('',#5397,1.);
#5397 = DIRECTION('',(0.,0.,1.));
#5398 = ORIENTED_EDGE('',*,*,#5399,.T.);
#5399 = EDGE_CURVE('',#5392,#5392,#5400,.T.);
#5400 = CIRCLE('',#5401,99.);
#5401 = AXIS2_PLACEMENT_3D('',#5402,#5403,#5404);
#5402 = CARTESIAN_POINT('',(0.,0.,0.));
#5403 = DIRECTION('',(0.,0.,1.));
#5404 = DIRECTION('',(1.,0.,-0.));
#5405 = ORIENTED_EDGE('',*,*,#5391,.T.);
#5406 = CYLINDRICAL_SURFACE('',#5407,99.);
#5407 = AXIS2_PLACEMENT_3D('',#5408,#5409,#5410);
#5408 = CARTESIAN_POINT('',(0.,0.,0.));
#5409 = DIRECTION('',(0.,0.,1.));
#5410 = DIRECTION('',(1.,0.,-0.));
#5411 = ADVANCED_FACE('',(#5412,#5415),#5426,.T.);
#5412 = FACE_BOUND('',#5413,.T.);
#5413 = EDGE_LOOP('',(#5414));
#5414 = ORIENTED_EDGE('',*,*,#5382,.T.);
#5415 = FACE_BOUND('',#5416,.T.);
#5416 = EDGE_LOOP('',(#5417));
#5417 = ORIENTED_EDGE('',*,*,#5418,.F.);
#5418 = EDGE_CURVE('',#5419,#5419,#5421,.T.);
#5419 = VERTEX_POINT('',#5420);
#5420 = CARTESIAN_POINT('',(87.,-2.130885430516E-14,500.));
#5421 = CIRCLE('',#5422,87.);
#5422 = AXIS2_PLACEMENT_3D('',#5423,#5424,#5425);
#5423 = CARTESIAN_POINT('',(0.,0.,500.));
#5424 = DIRECTION('',(0.,0.,1.));
#5425 = DIRECTION('',(1.,0.,-0.));
#5426 = PLANE('',#5427);
#5427 = AXIS2_PLACEMENT_3D('',#5428,#5429,#5430);
#5428 = CARTESIAN_POINT('',(0.,0.,500.));
#5429 = DIRECTION('',(0.,0.,1.));
#5430 = DIRECTION('',(1.,0.,-0.));
#5431 = ADVANCED_FACE('',(#5432,#5435),#5446,.F.);
#5432 = FACE_BOUND('',#5433,.F.);
#5433 = EDGE_LOOP('',(#5434));
#5434 = ORIENTED_EDGE('',*,*,#5399,.T.);
#5435 = FACE_BOUND('',#5436,.F.);
#5436 = EDGE_LOOP('',(#5437));
#5437 = ORIENTED_EDGE('',*,*,#5438,.F.);
#5438 = EDGE_CURVE('',#5439,#5439,#5441,.T.);
#5439 = VERTEX_POINT('',#5440);
#5440 = CARTESIAN_POINT('',(87.,-2.130885430516E-14,0.));
#5441 = CIRCLE('',#5442,87.);
#5442 = AXIS2_PLACEMENT_3D('',#5443,#5444,#5445);
#5443 = CARTESIAN_POINT('',(0.,0.,0.));
#5444 = DIRECTION('',(0.,0.,1.));
#5445 = DIRECTION('',(1.,0.,-0.));
#5446 = PLANE('',#5447);
#5447 = AXIS2_PLACEMENT_3D('',#5448,#5449,#5450);
#5448 = CARTESIAN_POINT('',(0.,0.,0.));
#5449 = DIRECTION('',(0.,0.,1.));
#5450 = DIRECTION('',(1.,0.,-0.));
#5451 = ADVANCED_FACE('',(#5452),#5463,.F.);
#5452 = FACE_BOUND('',#5453,.F.);
#5453 = EDGE_LOOP('',(#5454,#5455,#5461,#5462));
#5454 = ORIENTED_EDGE('',*,*,#5418,.F.);
#5455 = ORIENTED_EDGE('',*,*,#5456,.F.);
#5456 = EDGE_CURVE('',#5439,#5419,#5457,.T.);
#5457 = LINE('',#5458,#5459);
#5458 = CARTESIAN_POINT('',(87.,-2.130885430516E-14,0.));
#5459 = VECTOR('',#5460,1.);
#5460 = DIRECTION('',(0.,0.,1.));
#5461 = ORIENTED_EDGE('',*,*,#5438,.T.);
#5462 = ORIENTED_EDGE('',*,*,#5456,.T.);
#5463 = CYLINDRICAL_SURFACE('',#5464,87.);
#5464 = AXIS2_PLACEMENT_3D('',#5465,#5466,#5467);
#5465 = CARTESIAN_POINT('',(0.,0.,0.));
#5466 = DIRECTION('',(0.,0.,1.));
#5467 = DIRECTION('',(1.,0.,-0.));
#5468 = ( GEOMETRIC_REPRESENTATION_CONTEXT(3) 
GLOBAL_UNCERTAINTY_ASSIGNED_CONTEXT((#5472)) 
GLOBAL_UNIT_ASSIGNED_CONTEXT((#5469,#5470,#5471)) REPRESENTATION_CONTEXT
('Context #1','3D Context with UNIT and UNCERTAINTY') );
#5469 = ( LENGTH_UNIT() NAMED_UNIT(*) SI_UNIT(.MILLI.,.METRE.) );
#5470 = ( NAMED_UNIT(*) PLANE_ANGLE_UNIT() SI_UNIT($,.RADIAN.) );
#5471 = ( NAMED_UNIT(*) SI_UNIT($,.STERADIAN.) SOLID_ANGLE_UNIT() );
#5472 = UNCERTAINTY_MEASURE_WITH_UNIT(LENGTH_MEASURE(1.E-07),#5469,
  'distance_accuracy_value','confusion accuracy');
#5473 = CONTEXT_DEPENDENT_SHAPE_REPRESENTATION(#5474,#5476);
#5474 = ( REPRESENTATION_RELATIONSHIP('','',#5375,#4632) 
REPRESENTATION_RELATIONSHIP_WITH_TRANSFORMATION(#5475) 
SHAPE_REPRESENTATION_RELATIONSHIP() );
#5475 = ITEM_DEFINED_TRANSFORMATION('','',#11,#4641);
#5476 = PRODUCT_DEFINITION_SHAPE('Placement','Placement of an item',
  #5477);
#5477 = NEXT_ASSEMBLY_USAGE_OCCURRENCE('17','BeamPipe','',#4627,#5370,$
  );
#5478 = PRODUCT_RELATED_PRODUCT_CATEGORY('part',$,(#5372));
#5479 = SHAPE_DEFINITION_REPRESENTATION(#5480,#5486);
#5480 = PRODUCT_DEFINITION_SHAPE('','',#5481);
#5481 = PRODUCT_DEFINITION('design','',#5482,#5485);
#5482 = PRODUCT_DEFINITION_FORMATION('','',#5483);
#5483 = PRODUCT('MagnetConfig_2','MagnetConfig_2','',(#5484));
#5484 = PRODUCT_CONTEXT('',#2,'mechanical');
#5485 = PRODUCT_DEFINITION_CONTEXT('part definition',#2,'design');
#5486 = SHAPE_REPRESENTATION('',(#11,#5487),#5491);
#5487 = AXIS2_PLACEMENT_3D('',#5488,#5489,#5490);
#5488 = CARTESIAN_POINT('',(-40.,0.,-100.));
#5489 = DIRECTION('',(0.,0.,1.));
#5490 = DIRECTION('',(1.,0.,0.));
#5491 = ( GEOMETRIC_REPRESENTATION_CONTEXT(3) 
GLOBAL_UNCERTAINTY_ASSIGNED_CONTEXT((#5495)) 
GLOBAL_UNIT_ASSIGNED_CONTEXT((#5492,#5493,#5494)) REPRESENTATION_CONTEXT
('Context #1','3D Context with UNIT and UNCERTAINTY') );
#5492 = ( LENGTH_UNIT() NAMED_UNIT(*) SI_UNIT(.MILLI.,.METRE.) );
#5493 = ( NAMED_UNIT(*) PLANE_ANGLE_UNIT() SI_UNIT($,.RADIAN.) );
#5494 = ( NAMED_UNIT(*) SI_UNIT($,.STERADIAN.) SOLID_ANGLE_UNIT() );
#5495 = UNCERTAINTY_MEASURE_WITH_UNIT(LENGTH_MEASURE(1.E-07),#5492,
  'distance_accuracy_value','confusion accuracy');
#5496 = CONTEXT_DEPENDENT_SHAPE_REPRESENTATION(#5497,#5499);
#5497 = ( REPRESENTATION_RELATIONSHIP('','',#5486,#10) 
REPRESENTATION_RELATIONSHIP_WITH_TRANSFORMATION(#5498) 
SHAPE_REPRESENTATION_RELATIONSHIP() );
#5498 = ITEM_DEFINED_TRANSFORMATION('','',#11,#23);
#5499 = PRODUCT_DEFINITION_SHAPE('Placement','Placement of an item',
  #5500);
#5500 = NEXT_ASSEMBLY_USAGE_OCCURRENCE('20','MagnetConfig_2','',#5,#5481
  ,$);
#5501 = PRODUCT_RELATED_PRODUCT_CATEGORY('part',$,(#5483));
#5502 = SHAPE_DEFINITION_REPRESENTATION(#5503,#5509);
#5503 = PRODUCT_DEFINITION_SHAPE('','',#5504);
#5504 = PRODUCT_DEFINITION('design','',#5505,#5508);
#5505 = PRODUCT_DEFINITION_FORMATION('','',#5506);
#5506 = PRODUCT('MagneticRegion_1','MagneticRegion_1','',(#5507));
#5507 = PRODUCT_CONTEXT('',#2,'mechanical');
#5508 = PRODUCT_DEFINITION_CONTEXT('part definition',#2,'design');
#5509 = ADVANCED_BREP_SHAPE_REPRESENTATION('',(#11,#5510),#5660);
#5510 = MANIFOLD_SOLID_BREP('',#5511);
#5511 = CLOSED_SHELL('',(#5512,#5552,#5592,#5614,#5636,#5648));
#5512 = ADVANCED_FACE('',(#5513),#5547,.F.);
#5513 = FACE_BOUND('',#5514,.F.);
#5514 = EDGE_LOOP('',(#5515,#5525,#5533,#5541));
#5515 = ORIENTED_EDGE('',*,*,#5516,.F.);
#5516 = EDGE_CURVE('',#5517,#5519,#5521,.T.);
#5517 = VERTEX_POINT('',#5518);
#5518 = CARTESIAN_POINT('',(0.,0.,0.));
#5519 = VERTEX_POINT('',#5520);
#5520 = CARTESIAN_POINT('',(0.,0.,120.));
#5521 = LINE('',#5522,#5523);
#5522 = CARTESIAN_POINT('',(0.,0.,0.));
#5523 = VECTOR('',#5524,1.);
#5524 = DIRECTION('',(0.,0.,1.));
#5525 = ORIENTED_EDGE('',*,*,#5526,.T.);
#5526 = EDGE_CURVE('',#5517,#5527,#5529,.T.);
#5527 = VERTEX_POINT('',#5528);
#5528 = CARTESIAN_POINT('',(0.,100.,0.));
#5529 = LINE('',#5530,#5531);
#5530 = CARTESIAN_POINT('',(0.,0.,0.));
#5531 = VECTOR('',#5532,1.);
#5532 = DIRECTION('',(-0.,1.,0.));
#5533 = ORIENTED_EDGE('',*,*,#5534,.T.);
#5534 = EDGE_CURVE('',#5527,#5535,#5537,.T.);
#5535 = VERTEX_POINT('',#5536);
#5536 = CARTESIAN_POINT('',(0.,100.,120.));
#5537 = LINE('',#5538,#5539);
#5538 = CARTESIAN_POINT('',(0.,100.,0.));
#5539 = VECTOR('',#5540,1.);
#5540 = DIRECTION('',(0.,0.,1.));
#5541 = ORIENTED_EDGE('',*,*,#5542,.F.);
#5542 = EDGE_CURVE('',#5519,#5535,#5543,.T.);
#5543 = LINE('',#5544,#5545);
#5544 = CARTESIAN_POINT('',(0.,0.,120.));
#5545 = VECTOR('',#5546,1.);
#5546 = DIRECTION('',(-0.,1.,0.));
#5547 = PLANE('',#5548);
#5548 = AXIS2_PLACEMENT_3D('',#5549,#5550,#5551);
#5549 = CARTESIAN_POINT('',(0.,0.,0.));
#5550 = DIRECTION('',(1.,0.,-0.));
#5551 = DIRECTION('',(0.,0.,1.));
#5552 = ADVANCED_FACE('',(#5553),#5587,.T.);
#5553 = FACE_BOUND('',#5554,.T.);
#5554 = EDGE_LOOP('',(#5555,#5565,#5573,#5581));
#5555 = ORIENTED_EDGE('',*,*,#5556,.F.);
#5556 = EDGE_CURVE('',#5557,#5559,#5561,.T.);
#5557 = VERTEX_POINT('',#5558);
#5558 = CARTESIAN_POINT('',(80.,0.,0.));
#5559 = VERTEX_POINT('',#5560);
#5560 = CARTESIAN_POINT('',(80.,0.,120.));
#5561 = LINE('',#5562,#5563);
#5562 = CARTESIAN_POINT('',(80.,0.,0.));
#5563 = VECTOR('',#5564,1.);
#5564 = DIRECTION('',(0.,0.,1.));
#5565 = ORIENTED_EDGE('',*,*,#5566,.T.);
#5566 = EDGE_CURVE('',#5557,#5567,#5569,.T.);
#5567 = VERTEX_POINT('',#5568);
#5568 = CARTESIAN_POINT('',(80.,100.,0.));
#5569 = LINE('',#5570,#5571);
#5570 = CARTESIAN_POINT('',(80.,0.,0.));
#5571 = VECTOR('',#5572,1.);
#5572 = DIRECTION('',(-0.,1.,0.));
#5573 = ORIENTED_EDGE('',*,*,#5574,.T.);
#5574 = EDGE_CURVE('',#5567,#5575,#5577,.T.);
#5575 = VERTEX_POINT('',#5576);
#5576 = CARTESIAN_POINT('',(80.,100.,120.));
#5577 = LINE('',#5578,#5579);
#5578 = CARTESIAN_POINT('',(80.,100.,0.));
#5579 = VECTOR('',#5580,1.);
#5580 = DIRECTION('',(0.,0.,1.));
#5581 = ORIENTED_EDGE('',*,*,#5582,.F.);
#5582 = EDGE_CURVE('',#5559,#5575,#5583,.T.);
#5583 = LINE('',#5584,#5585);
#5584 = CARTESIAN_POINT('',(80.,0.,120.));
#5585 = VECTOR('',#5586,1.);
#5586 = DIRECTION('',(-0.,1.,0.));
#5587 = PLANE('',#5588);
#5588 = AXIS2_PLACEMENT_3D('',#5589,#5590,#5591);
#5589 = CARTESIAN_POINT('',(80.,0.,0.));
#5590 = DIRECTION('',(1.,0.,-0.));
#5591 = DIRECTION('',(0.,0.,1.));
#5592 = ADVANCED_FACE('',(#5593),#5609,.F.);
#5593 = FACE_BOUND('',#5594,.F.);
#5594 = EDGE_LOOP('',(#5595,#5601,#5602,#5608));
#5595 = ORIENTED_EDGE('',*,*,#5596,.F.);
#5596 = EDGE_CURVE('',#5517,#5557,#5597,.T.);
#5597 = LINE('',#5598,#5599);
#5598 = CARTESIAN_POINT('',(0.,0.,0.));
#5599 = VECTOR('',#5600,1.);
#5600 = DIRECTION('',(1.,0.,-0.));
#5601 = ORIENTED_EDGE('',*,*,#5516,.T.);
#5602 = ORIENTED_EDGE('',*,*,#5603,.T.);
#5603 = EDGE_CURVE('',#5519,#5559,#5604,.T.);
#5604 = LINE('',#5605,#5606);
#5605 = CARTESIAN_POINT('',(0.,0.,120.));
#5606 = VECTOR('',#5607,1.);
#5607 = DIRECTION('',(1.,0.,-0.));
#5608 = ORIENTED_EDGE('',*,*,#5556,.F.);
#5609 = PLANE('',#5610);
#5610 = AXIS2_PLACEMENT_3D('',#5611,#5612,#5613);
#5611 = CARTESIAN_POINT('',(0.,0.,0.));
#5612 = DIRECTION('',(-0.,1.,0.));
#5613 = DIRECTION('',(0.,0.,1.));
#5614 = ADVANCED_FACE('',(#5615),#5631,.T.);
#5615 = FACE_BOUND('',#5616,.T.);
#5616 = EDGE_LOOP('',(#5617,#5623,#5624,#5630));
#5617 = ORIENTED_EDGE('',*,*,#5618,.F.);
#5618 = EDGE_CURVE('',#5527,#5567,#5619,.T.);
#5619 = LINE('',#5620,#5621);
#5620 = CARTESIAN_POINT('',(0.,100.,0.));
#5621 = VECTOR('',#5622,1.);
#5622 = DIRECTION('',(1.,0.,-0.));
#5623 = ORIENTED_EDGE('',*,*,#5534,.T.);
#5624 = ORIENTED_EDGE('',*,*,#5625,.T.);
#5625 = EDGE_CURVE('',#5535,#5575,#5626,.T.);
#5626 = LINE('',#5627,#5628);
#5627 = CARTESIAN_POINT('',(0.,100.,120.));
#5628 = VECTOR('',#5629,1.);
#5629 = DIRECTION('',(1.,0.,-0.));
#5630 = ORIENTED_EDGE('',*,*,#5574,.F.);
#5631 = PLANE('',#5632);
#5632 = AXIS2_PLACEMENT_3D('',#5633,#5634,#5635);
#5633 = CARTESIAN_POINT('',(0.,100.,0.));
#5634 = DIRECTION('',(-0.,1.,0.));
#5635 = DIRECTION('',(0.,0.,1.));
#5636 = ADVANCED_FACE('',(#5637),#5643,.F.);
#5637 = FACE_BOUND('',#5638,.F.);
#5638 = EDGE_LOOP('',(#5639,#5640,#5641,#5642));
#5639 = ORIENTED_EDGE('',*,*,#5526,.F.);
#5640 = ORIENTED_EDGE('',*,*,#5596,.T.);
#5641 = ORIENTED_EDGE('',*,*,#5566,.T.);
#5642 = ORIENTED_EDGE('',*,*,#5618,.F.);
#5643 = PLANE('',#5644);
#5644 = AXIS2_PLACEMENT_3D('',#5645,#5646,#5647);
#5645 = CARTESIAN_POINT('',(0.,0.,0.));
#5646 = DIRECTION('',(0.,0.,1.));
#5647 = DIRECTION('',(1.,0.,-0.));
#5648 = ADVANCED_FACE('',(#5649),#5655,.T.);
#5649 = FACE_BOUND('',#5650,.T.);
#5650 = EDGE_LOOP('',(#5651,#5652,#5653,#5654));
#5651 = ORIENTED_EDGE('',*,*,#5542,.F.);
#5652 = ORIENTED_EDGE('',*,*,#5603,.T.);
#5653 = ORIENTED_EDGE('',*,*,#5582,.T.);
#5654 = ORIENTED_EDGE('',*,*,#5625,.F.);
#5655 = PLANE('',#5656);
#5656 = AXIS2_PLACEMENT_3D('',#5657,#5658,#5659);
#5657 = CARTESIAN_POINT('',(0.,0.,120.));
#5658 = DIRECTION('',(0.,0.,1.));
#5659 = DIRECTION('',(1.,0.,-0.));
#5660 = ( GEOMETRIC_REPRESENTATION_CONTEXT(3) 
GLOBAL_UNCERTAINTY_ASSIGNED_CONTEXT((#5664)) 
GLOBAL_UNIT_ASSIGNED_CONTEXT((#5661,#5662,#5663)) REPRESENTATION_CONTEXT
('Context #1','3D Context with UNIT and UNCERTAINTY') );
#5661 = ( LENGTH_UNIT() NAMED_UNIT(*) SI_UNIT(.MILLI.,.METRE.) );
#5662 = ( NAMED_UNIT(*) PLANE_ANGLE_UNIT() SI_UNIT($,.RADIAN.) );
#5663 = ( NAMED_UNIT(*) SI_UNIT($,.STERADIAN.) SOLID_ANGLE_UNIT() );
#5664 = UNCERTAINTY_MEASURE_WITH_UNIT(LENGTH_MEASURE(1.E-07),#5661,
  'distance_accuracy_value','confusion accuracy');
#5665 = CONTEXT_DEPENDENT_SHAPE_REPRESENTATION(#5666,#5668);
#5666 = ( REPRESENTATION_RELATIONSHIP('','',#5509,#5486) 
REPRESENTATION_RELATIONSHIP_WITH_TRANSFORMATION(#5667) 
SHAPE_REPRESENTATION_RELATIONSHIP() );
#5667 = ITEM_DEFINED_TRANSFORMATION('','',#11,#5487);
#5668 = PRODUCT_DEFINITION_SHAPE('Placement','Placement of an item',
  #5669);
#5669 = NEXT_ASSEMBLY_USAGE_OCCURRENCE('19','MagneticRegion_1','',#5481,
  #5504,$);
#5670 = PRODUCT_RELATED_PRODUCT_CATEGORY('part',$,(#5506));
#5671 = SHAPE_DEFINITION_REPRESENTATION(#5672,#5678);
#5672 = PRODUCT_DEFINITION_SHAPE('','',#5673);
#5673 = PRODUCT_DEFINITION('design','',#5674,#5677);
#5674 = PRODUCT_DEFINITION_FORMATION('','',#5675);
#5675 = PRODUCT('ConcreteVaultNoRoof','ConcreteVaultNoRoof','',(#5676));
#5676 = PRODUCT_CONTEXT('',#2,'mechanical');
#5677 = PRODUCT_DEFINITION_CONTEXT('part definition',#2,'design');
#5678 = SHAPE_REPRESENTATION('',(#11,#5679,#5683),#5687);
#5679 = AXIS2_PLACEMENT_3D('',#5680,#5681,#5682);
#5680 = CARTESIAN_POINT('',(0.,0.,0.));
#5681 = DIRECTION('',(0.,0.,1.));
#5682 = DIRECTION('',(1.,0.,0.));
#5683 = AXIS2_PLACEMENT_3D('',#5684,#5685,#5686);
#5684 = CARTESIAN_POINT('',(0.,0.,-1.781E+04));
#5685 = DIRECTION('',(0.,0.,1.));
#5686 = DIRECTION('',(1.,0.,0.));
#5687 = ( GEOMETRIC_REPRESENTATION_CONTEXT(3) 
GLOBAL_UNCERTAINTY_ASSIGNED_CONTEXT((#5691)) 
GLOBAL_UNIT_ASSIGNED_CONTEXT((#5688,#5689,#5690)) REPRESENTATION_CONTEXT
('Context #1','3D Context with UNIT and UNCERTAINTY') );
#5688 = ( LENGTH_UNIT() NAMED_UNIT(*) SI_UNIT(.MILLI.,.METRE.) );
#5689 = ( NAMED_UNIT(*) PLANE_ANGLE_UNIT() SI_UNIT($,.RADIAN.) );
#5690 = ( NAMED_UNIT(*) SI_UNIT($,.STERADIAN.) SOLID_ANGLE_UNIT() );
#5691 = UNCERTAINTY_MEASURE_WITH_UNIT(LENGTH_MEASURE(1.E-07),#5688,
  'distance_accuracy_value','confusion accuracy');
#5692 = CONTEXT_DEPENDENT_SHAPE_REPRESENTATION(#5693,#5695);
#5693 = ( REPRESENTATION_RELATIONSHIP('','',#5678,#10) 
REPRESENTATION_RELATIONSHIP_WITH_TRANSFORMATION(#5694) 
SHAPE_REPRESENTATION_RELATIONSHIP() );
#5694 = ITEM_DEFINED_TRANSFORMATION('','',#11,#27);
#5695 = PRODUCT_DEFINITION_SHAPE('Placement','Placement of an item',
  #5696);
#5696 = NEXT_ASSEMBLY_USAGE_OCCURRENCE('23','ConcreteVaultNoRoof','',#5,
  #5673,$);
#5697 = PRODUCT_RELATED_PRODUCT_CATEGORY('part',$,(#5675));
#5698 = SHAPE_DEFINITION_REPRESENTATION(#5699,#5705);
#5699 = PRODUCT_DEFINITION_SHAPE('','',#5700);
#5700 = PRODUCT_DEFINITION('design','',#5701,#5704);
#5701 = PRODUCT_DEFINITION_FORMATION('','',#5702);
#5702 = PRODUCT('ConcreteVaultNoRoofBody','ConcreteVaultNoRoofBody','',(
    #5703));
#5703 = PRODUCT_CONTEXT('',#2,'mechanical');
#5704 = PRODUCT_DEFINITION_CONTEXT('part definition',#2,'design');
#5705 = ADVANCED_BREP_SHAPE_REPRESENTATION('',(#11,#5706),#6912);
#5706 = MANIFOLD_SOLID_BREP('',#5707);
#5707 = CLOSED_SHELL('',(#5708,#5748,#5779,#5947,#5978,#6009,#6033,#6057
    ,#6088,#6112,#6159,#6224,#6264,#6295,#6493,#6510,#6527,#6549,#6566,
    #6583,#6600,#6617,#6639,#6656,#6673,#6695,#6712,#6734,#6751,#6770,
    #6787,#6804,#6816,#6830,#6849,#6863,#6882,#6898));
#5708 = ADVANCED_FACE('',(#5709),#5743,.T.);
#5709 = FACE_BOUND('',#5710,.T.);
#5710 = EDGE_LOOP('',(#5711,#5721,#5729,#5737));
#5711 = ORIENTED_EDGE('',*,*,#5712,.T.);
#5712 = EDGE_CURVE('',#5713,#5715,#5717,.T.);
#5713 = VERTEX_POINT('',#5714);
#5714 = CARTESIAN_POINT('',(0.,2.6797E+03,-1.4733857568E+04));
#5715 = VERTEX_POINT('',#5716);
#5716 = CARTESIAN_POINT('',(-1.9431E+03,2.6797E+03,-1.4733857568E+04));
#5717 = LINE('',#5718,#5719);
#5718 = CARTESIAN_POINT('',(0.,2.6797E+03,-1.4733857568E+04));
#5719 = VECTOR('',#5720,1.);
#5720 = DIRECTION('',(-1.,0.,0.));
#5721 = ORIENTED_EDGE('',*,*,#5722,.F.);
#5722 = EDGE_CURVE('',#5723,#5715,#5725,.T.);
#5723 = VERTEX_POINT('',#5724);
#5724 = CARTESIAN_POINT('',(-1.9431E+03,2.6797E+03,-1.4289357568E+04));
#5725 = LINE('',#5726,#5727);
#5726 = CARTESIAN_POINT('',(-1.9431E+03,2.6797E+03,-1.4289357568E+04));
#5727 = VECTOR('',#5728,1.);
#5728 = DIRECTION('',(0.,2.22044604925E-16,-1.));
#5729 = ORIENTED_EDGE('',*,*,#5730,.F.);
#5730 = EDGE_CURVE('',#5731,#5723,#5733,.T.);
#5731 = VERTEX_POINT('',#5732);
#5732 = CARTESIAN_POINT('',(6.73E-14,2.6797E+03,-1.4289357568E+04));
#5733 = LINE('',#5734,#5735);
#5734 = CARTESIAN_POINT('',(6.73E-14,2.6797E+03,-1.4289357568E+04));
#5735 = VECTOR('',#5736,1.);
#5736 = DIRECTION('',(-1.,0.,-0.));
#5737 = ORIENTED_EDGE('',*,*,#5738,.T.);
#5738 = EDGE_CURVE('',#5731,#5713,#5739,.T.);
#5739 = LINE('',#5740,#5741);
#5740 = CARTESIAN_POINT('',(0.,2.6797E+03,-1.3984557568E+04));
#5741 = VECTOR('',#5742,1.);
#5742 = DIRECTION('',(0.,-2.22044604925E-16,-1.));
#5743 = PLANE('',#5744);
#5744 = AXIS2_PLACEMENT_3D('',#5745,#5746,#5747);
#5745 = CARTESIAN_POINT('',(55.282276931358,2.6797E+03,
    -7.880822520092E+03));
#5746 = DIRECTION('',(0.,1.,-2.22044604925E-16));
#5747 = DIRECTION('',(0.,2.22044604925E-16,1.));
#5748 = ADVANCED_FACE('',(#5749),#5774,.F.);
#5749 = FACE_BOUND('',#5750,.F.);
#5750 = EDGE_LOOP('',(#5751,#5759,#5767,#5773));
#5751 = ORIENTED_EDGE('',*,*,#5752,.T.);
#5752 = EDGE_CURVE('',#5731,#5753,#5755,.T.);
#5753 = VERTEX_POINT('',#5754);
#5754 = CARTESIAN_POINT('',(6.73E-14,2.9972E+03,-1.4289357568E+04));
#5755 = LINE('',#5756,#5757);
#5756 = CARTESIAN_POINT('',(6.73E-14,2.6797E+03,-1.4289357568E+04));
#5757 = VECTOR('',#5758,1.);
#5758 = DIRECTION('',(0.,1.,2.22044604925E-16));
#5759 = ORIENTED_EDGE('',*,*,#5760,.T.);
#5760 = EDGE_CURVE('',#5753,#5761,#5763,.T.);
#5761 = VERTEX_POINT('',#5762);
#5762 = CARTESIAN_POINT('',(-1.9431E+03,2.9972E+03,-1.4289357568E+04));
#5763 = LINE('',#5764,#5765);
#5764 = CARTESIAN_POINT('',(6.73E-14,2.9972E+03,-1.4289357568E+04));
#5765 = VECTOR('',#5766,1.);
#5766 = DIRECTION('',(-1.,0.,-0.));
#5767 = ORIENTED_EDGE('',*,*,#5768,.F.);
#5768 = EDGE_CURVE('',#5723,#5761,#5769,.T.);
#5769 = LINE('',#5770,#5771);
#5770 = CARTESIAN_POINT('',(-1.9431E+03,2.6797E+03,-1.4289357568E+04));
#5771 = VECTOR('',#5772,1.);
#5772 = DIRECTION('',(0.,1.,2.22044604925E-16));
#5773 = ORIENTED_EDGE('',*,*,#5730,.F.);
#5774 = PLANE('',#5775);
#5775 = AXIS2_PLACEMENT_3D('',#5776,#5777,#5778);
#5776 = CARTESIAN_POINT('',(6.73E-14,2.6797E+03,-1.4289357568E+04));
#5777 = DIRECTION('',(0.,-2.22044604925E-16,1.));
#5778 = DIRECTION('',(-1.,-0.,0.));
#5779 = ADVANCED_FACE('',(#5780),#5942,.F.);
#5780 = FACE_BOUND('',#5781,.F.);
#5781 = EDGE_LOOP('',(#5782,#5792,#5800,#5808,#5816,#5824,#5832,#5840,
    #5848,#5856,#5864,#5872,#5880,#5888,#5896,#5904,#5912,#5920,#5928,
    #5936));
#5782 = ORIENTED_EDGE('',*,*,#5783,.T.);
#5783 = EDGE_CURVE('',#5784,#5786,#5788,.T.);
#5784 = VERTEX_POINT('',#5785);
#5785 = CARTESIAN_POINT('',(-2.2479E+03,5.543175518596E-14,
    249.64243199999));
#5786 = VERTEX_POINT('',#5787);
#5787 = CARTESIAN_POINT('',(-1.4986E+03,5.543175518596E-14,
    249.64243199999));
#5788 = LINE('',#5789,#5790);
#5789 = CARTESIAN_POINT('',(-2.2479E+03,5.543175518596E-14,
    249.64243199999));
#5790 = VECTOR('',#5791,1.);
#5791 = DIRECTION('',(1.,0.,0.));
#5792 = ORIENTED_EDGE('',*,*,#5793,.T.);
#5793 = EDGE_CURVE('',#5786,#5794,#5796,.T.);
#5794 = VERTEX_POINT('',#5795);
#5795 = CARTESIAN_POINT('',(-1.4986E+03,3.881878001266E-13,
    1.748242432E+03));
#5796 = LINE('',#5797,#5798);
#5797 = CARTESIAN_POINT('',(-1.4986E+03,5.543175518596E-14,
    249.64243199999));
#5798 = VECTOR('',#5799,1.);
#5799 = DIRECTION('',(0.,2.22044604925E-16,1.));
#5800 = ORIENTED_EDGE('',*,*,#5801,.T.);
#5801 = EDGE_CURVE('',#5794,#5802,#5804,.T.);
#5802 = VERTEX_POINT('',#5803);
#5803 = CARTESIAN_POINT('',(2.2479E+03,3.881878001266E-13,
    1.748242432E+03));
#5804 = LINE('',#5805,#5806);
#5805 = CARTESIAN_POINT('',(-1.4986E+03,3.881878001266E-13,
    1.748242432E+03));
#5806 = VECTOR('',#5807,1.);
#5807 = DIRECTION('',(1.,0.,0.));
#5808 = ORIENTED_EDGE('',*,*,#5809,.T.);
#5809 = EDGE_CURVE('',#5802,#5810,#5812,.T.);
#5810 = VERTEX_POINT('',#5811);
#5811 = CARTESIAN_POINT('',(2.2479E+03,-3.770707650119E-12,
    -1.6981757568E+04));
#5812 = LINE('',#5813,#5814);
#5813 = CARTESIAN_POINT('',(2.2479E+03,3.881878001266E-13,
    1.748242432E+03));
#5814 = VECTOR('',#5815,1.);
#5815 = DIRECTION('',(0.,-2.22044604925E-16,-1.));
#5816 = ORIENTED_EDGE('',*,*,#5817,.T.);
#5817 = EDGE_CURVE('',#5810,#5818,#5820,.T.);
#5818 = VERTEX_POINT('',#5819);
#5819 = CARTESIAN_POINT('',(-2.2479E+03,-3.770707650119E-12,
    -1.6981757568E+04));
#5820 = LINE('',#5821,#5822);
#5821 = CARTESIAN_POINT('',(2.2479E+03,-3.770707650119E-12,
    -1.6981757568E+04));
#5822 = VECTOR('',#5823,1.);
#5823 = DIRECTION('',(-1.,0.,0.));
#5824 = ORIENTED_EDGE('',*,*,#5825,.T.);
#5825 = EDGE_CURVE('',#5818,#5826,#5828,.T.);
#5826 = VERTEX_POINT('',#5827);
#5827 = CARTESIAN_POINT('',(-2.2479E+03,-3.604329627649E-12,
    -1.6232457568E+04));
#5828 = LINE('',#5829,#5830);
#5829 = CARTESIAN_POINT('',(-2.2479E+03,-3.770707650119E-12,
    -1.6981757568E+04));
#5830 = VECTOR('',#5831,1.);
#5831 = DIRECTION('',(0.,2.22044604925E-16,1.));
#5832 = ORIENTED_EDGE('',*,*,#5833,.T.);
#5833 = EDGE_CURVE('',#5826,#5834,#5836,.T.);
#5834 = VERTEX_POINT('',#5835);
#5835 = CARTESIAN_POINT('',(1.4986E+03,-3.604329627649E-12,
    -1.6232457568E+04));
#5836 = LINE('',#5837,#5838);
#5837 = CARTESIAN_POINT('',(-2.2479E+03,-3.604329627649E-12,
    -1.6232457568E+04));
#5838 = VECTOR('',#5839,1.);
#5839 = DIRECTION('',(1.,-1.078064282592E-31,-4.855169901364E-16));
#5840 = ORIENTED_EDGE('',*,*,#5841,.T.);
#5841 = EDGE_CURVE('',#5834,#5842,#5844,.T.);
#5842 = VERTEX_POINT('',#5843);
#5843 = CARTESIAN_POINT('',(1.4986E+03,-2.772439515297E-12,
    -1.2485957568E+04));
#5844 = LINE('',#5845,#5846);
#5845 = CARTESIAN_POINT('',(1.4986E+03,-3.604329627649E-12,
    -1.6232457568E+04));
#5846 = VECTOR('',#5847,1.);
#5847 = DIRECTION('',(0.,2.22044604925E-16,1.));
#5848 = ORIENTED_EDGE('',*,*,#5849,.T.);
#5849 = EDGE_CURVE('',#5842,#5850,#5852,.T.);
#5850 = VERTEX_POINT('',#5851);
#5851 = CARTESIAN_POINT('',(0.,-2.772439515297E-12,-1.2485957568E+04));
#5852 = LINE('',#5853,#5854);
#5853 = CARTESIAN_POINT('',(1.4986E+03,-2.772439515297E-12,
    -1.2485957568E+04));
#5854 = VECTOR('',#5855,1.);
#5855 = DIRECTION('',(-1.,0.,0.));
#5856 = ORIENTED_EDGE('',*,*,#5857,.T.);
#5857 = EDGE_CURVE('',#5850,#5858,#5860,.T.);
#5858 = VERTEX_POINT('',#5859);
#5859 = CARTESIAN_POINT('',(0.,-2.606061492827E-12,-1.1736657568E+04));
#5860 = LINE('',#5861,#5862);
#5861 = CARTESIAN_POINT('',(0.,-2.772439515297E-12,-1.2485957568E+04));
#5862 = VECTOR('',#5863,1.);
#5863 = DIRECTION('',(0.,2.22044604925E-16,1.));
#5864 = ORIENTED_EDGE('',*,*,#5865,.T.);
#5865 = EDGE_CURVE('',#5858,#5866,#5868,.T.);
#5866 = VERTEX_POINT('',#5867);
#5867 = CARTESIAN_POINT('',(1.4986E+03,-2.606061492827E-12,
    -1.1736657568E+04));
#5868 = LINE('',#5869,#5870);
#5869 = CARTESIAN_POINT('',(0.,-2.606061492827E-12,-1.1736657568E+04));
#5870 = VECTOR('',#5871,1.);
#5871 = DIRECTION('',(1.,2.69516070648E-31,1.213792475341E-15));
#5872 = ORIENTED_EDGE('',*,*,#5873,.T.);
#5873 = EDGE_CURVE('',#5866,#5874,#5876,.T.);
#5874 = VERTEX_POINT('',#5875);
#5875 = CARTESIAN_POINT('',(1.4986E+03,2.218097776563E-13,
    998.94243199999));
#5876 = LINE('',#5877,#5878);
#5877 = CARTESIAN_POINT('',(1.4986E+03,-2.606061492827E-12,
    -1.1736657568E+04));
#5878 = VECTOR('',#5879,1.);
#5879 = DIRECTION('',(0.,2.22044604925E-16,1.));
#5880 = ORIENTED_EDGE('',*,*,#5881,.T.);
#5881 = EDGE_CURVE('',#5874,#5882,#5884,.T.);
#5882 = VERTEX_POINT('',#5883);
#5883 = CARTESIAN_POINT('',(-749.3,2.218097776563E-13,998.94243199999));
#5884 = LINE('',#5885,#5886);
#5885 = CARTESIAN_POINT('',(1.4986E+03,2.218097776563E-13,
    998.94243199999));
#5886 = VECTOR('',#5887,1.);
#5887 = DIRECTION('',(-1.,-1.1229836277E-32,-5.057468647254E-17));
#5888 = ORIENTED_EDGE('',*,*,#5889,.T.);
#5889 = EDGE_CURVE('',#5882,#5890,#5892,.T.);
#5890 = VERTEX_POINT('',#5891);
#5891 = CARTESIAN_POINT('',(-749.3,-1.109462672844E-13,-499.657568));
#5892 = LINE('',#5893,#5894);
#5893 = CARTESIAN_POINT('',(-749.3,2.218097776563E-13,998.94243199999));
#5894 = VECTOR('',#5895,1.);
#5895 = DIRECTION('',(-1.517240594176E-16,-2.22044604925E-16,-1.));
#5896 = ORIENTED_EDGE('',*,*,#5897,.T.);
#5897 = EDGE_CURVE('',#5890,#5898,#5900,.T.);
#5898 = VERTEX_POINT('',#5899);
#5899 = CARTESIAN_POINT('',(-1.4986E+03,-1.109462672844E-13,-499.657568)
  );
#5900 = LINE('',#5901,#5902);
#5901 = CARTESIAN_POINT('',(-749.3,-1.109462672844E-13,-499.657568));
#5902 = VECTOR('',#5903,1.);
#5903 = DIRECTION('',(-1.,-1.68447544155E-32,-7.586202970881E-17));
#5904 = ORIENTED_EDGE('',*,*,#5905,.T.);
#5905 = EDGE_CURVE('',#5898,#5906,#5908,.T.);
#5906 = VERTEX_POINT('',#5907);
#5907 = CARTESIAN_POINT('',(-1.4986E+03,-3.105195560238E-12,
    -1.3984557568E+04));
#5908 = LINE('',#5909,#5910);
#5909 = CARTESIAN_POINT('',(-1.4986E+03,-1.109462672844E-13,-499.657568)
  );
#5910 = VECTOR('',#5911,1.);
#5911 = DIRECTION('',(0.,-2.22044604925E-16,-1.));
#5912 = ORIENTED_EDGE('',*,*,#5913,.T.);
#5913 = EDGE_CURVE('',#5906,#5914,#5916,.T.);
#5914 = VERTEX_POINT('',#5915);
#5915 = CARTESIAN_POINT('',(0.,-3.105195560238E-12,-1.3984557568E+04));
#5916 = LINE('',#5917,#5918);
#5917 = CARTESIAN_POINT('',(-1.4986E+03,-3.105195560238E-12,
    -1.3984557568E+04));
#5918 = VECTOR('',#5919,1.);
#5919 = DIRECTION('',(1.,0.,0.));
#5920 = ORIENTED_EDGE('',*,*,#5921,.T.);
#5921 = EDGE_CURVE('',#5914,#5922,#5924,.T.);
#5922 = VERTEX_POINT('',#5923);
#5923 = CARTESIAN_POINT('',(0.,-3.271573582708E-12,-1.4733857568E+04));
#5924 = LINE('',#5925,#5926);
#5925 = CARTESIAN_POINT('',(0.,-3.105195560238E-12,-1.3984557568E+04));
#5926 = VECTOR('',#5927,1.);
#5927 = DIRECTION('',(0.,-2.22044604925E-16,-1.));
#5928 = ORIENTED_EDGE('',*,*,#5929,.T.);
#5929 = EDGE_CURVE('',#5922,#5930,#5932,.T.);
#5930 = VERTEX_POINT('',#5931);
#5931 = CARTESIAN_POINT('',(-2.2479E+03,-3.271573582708E-12,
    -1.4733857568E+04));
#5932 = LINE('',#5933,#5934);
#5933 = CARTESIAN_POINT('',(0.,-3.271573582708E-12,-1.4733857568E+04));
#5934 = VECTOR('',#5935,1.);
#5935 = DIRECTION('',(-1.,0.,0.));
#5936 = ORIENTED_EDGE('',*,*,#5937,.T.);
#5937 = EDGE_CURVE('',#5930,#5784,#5938,.T.);
#5938 = LINE('',#5939,#5940);
#5939 = CARTESIAN_POINT('',(-2.2479E+03,-3.271573582708E-12,
    -1.4733857568E+04));
#5940 = VECTOR('',#5941,1.);
#5941 = DIRECTION('',(0.,2.22044604925E-16,1.));
#5942 = PLANE('',#5943);
#5943 = AXIS2_PLACEMENT_3D('',#5944,#5945,#5946);
#5944 = CARTESIAN_POINT('',(55.282276931358,-1.749894122958E-12,
    -7.880822520092E+03));
#5945 = DIRECTION('',(0.,1.,-2.22044604925E-16));
#5946 = DIRECTION('',(0.,2.22044604925E-16,1.));
#5947 = ADVANCED_FACE('',(#5948),#5973,.F.);
#5948 = FACE_BOUND('',#5949,.F.);
#5949 = EDGE_LOOP('',(#5950,#5958,#5966,#5972));
#5950 = ORIENTED_EDGE('',*,*,#5951,.T.);
#5951 = EDGE_CURVE('',#5834,#5952,#5954,.T.);
#5952 = VERTEX_POINT('',#5953);
#5953 = CARTESIAN_POINT('',(1.4986E+03,2.6797E+03,-1.6232457568E+04));
#5954 = LINE('',#5955,#5956);
#5955 = CARTESIAN_POINT('',(1.4986E+03,-3.604329627649E-12,
    -1.6232457568E+04));
#5956 = VECTOR('',#5957,1.);
#5957 = DIRECTION('',(0.,1.,-2.22044604925E-16));
#5958 = ORIENTED_EDGE('',*,*,#5959,.T.);
#5959 = EDGE_CURVE('',#5952,#5960,#5962,.T.);
#5960 = VERTEX_POINT('',#5961);
#5961 = CARTESIAN_POINT('',(1.4986E+03,2.6797E+03,-1.2485957568E+04));
#5962 = LINE('',#5963,#5964);
#5963 = CARTESIAN_POINT('',(1.4986E+03,2.6797E+03,-1.6232457568E+04));
#5964 = VECTOR('',#5965,1.);
#5965 = DIRECTION('',(0.,2.22044604925E-16,1.));
#5966 = ORIENTED_EDGE('',*,*,#5967,.F.);
#5967 = EDGE_CURVE('',#5842,#5960,#5968,.T.);
#5968 = LINE('',#5969,#5970);
#5969 = CARTESIAN_POINT('',(1.4986E+03,-2.772439515297E-12,
    -1.2485957568E+04));
#5970 = VECTOR('',#5971,1.);
#5971 = DIRECTION('',(0.,1.,-2.22044604925E-16));
#5972 = ORIENTED_EDGE('',*,*,#5841,.F.);
#5973 = PLANE('',#5974);
#5974 = AXIS2_PLACEMENT_3D('',#5975,#5976,#5977);
#5975 = CARTESIAN_POINT('',(1.4986E+03,-3.604329627649E-12,
    -1.6232457568E+04));
#5976 = DIRECTION('',(1.,0.,0.));
#5977 = DIRECTION('',(0.,2.22044604925E-16,1.));
#5978 = ADVANCED_FACE('',(#5979),#6004,.F.);
#5979 = FACE_BOUND('',#5980,.F.);
#5980 = EDGE_LOOP('',(#5981,#5989,#5997,#6003));
#5981 = ORIENTED_EDGE('',*,*,#5982,.T.);
#5982 = EDGE_CURVE('',#5858,#5983,#5985,.T.);
#5983 = VERTEX_POINT('',#5984);
#5984 = CARTESIAN_POINT('',(0.,2.6797E+03,-1.1736657568E+04));
#5985 = LINE('',#5986,#5987);
#5986 = CARTESIAN_POINT('',(0.,-2.606061492827E-12,-1.1736657568E+04));
#5987 = VECTOR('',#5988,1.);
#5988 = DIRECTION('',(0.,1.,-2.22044604925E-16));
#5989 = ORIENTED_EDGE('',*,*,#5990,.T.);
#5990 = EDGE_CURVE('',#5983,#5991,#5993,.T.);
#5991 = VERTEX_POINT('',#5992);
#5992 = CARTESIAN_POINT('',(1.4986E+03,2.6797E+03,-1.1736657568E+04));
#5993 = LINE('',#5994,#5995);
#5994 = CARTESIAN_POINT('',(0.,2.6797E+03,-1.1736657568E+04));
#5995 = VECTOR('',#5996,1.);
#5996 = DIRECTION('',(1.,2.69516070648E-31,1.213792475341E-15));
#5997 = ORIENTED_EDGE('',*,*,#5998,.F.);
#5998 = EDGE_CURVE('',#5866,#5991,#5999,.T.);
#5999 = LINE('',#6000,#6001);
#6000 = CARTESIAN_POINT('',(1.4986E+03,-2.606061492827E-12,
    -1.1736657568E+04));
#6001 = VECTOR('',#6002,1.);
#6002 = DIRECTION('',(0.,1.,-2.22044604925E-16));
#6003 = ORIENTED_EDGE('',*,*,#5865,.F.);
#6004 = PLANE('',#6005);
#6005 = AXIS2_PLACEMENT_3D('',#6006,#6007,#6008);
#6006 = CARTESIAN_POINT('',(0.,-2.606061492827E-12,-1.1736657568E+04));
#6007 = DIRECTION('',(1.213792475341E-15,-2.22044604925E-16,-1.));
#6008 = DIRECTION('',(1.,2.69516070648E-31,1.213792475341E-15));
#6009 = ADVANCED_FACE('',(#6010),#6028,.F.);
#6010 = FACE_BOUND('',#6011,.F.);
#6011 = EDGE_LOOP('',(#6012,#6013,#6021,#6027));
#6012 = ORIENTED_EDGE('',*,*,#5998,.T.);
#6013 = ORIENTED_EDGE('',*,*,#6014,.T.);
#6014 = EDGE_CURVE('',#5991,#6015,#6017,.T.);
#6015 = VERTEX_POINT('',#6016);
#6016 = CARTESIAN_POINT('',(1.4986E+03,2.6797E+03,998.94243199999));
#6017 = LINE('',#6018,#6019);
#6018 = CARTESIAN_POINT('',(1.4986E+03,2.6797E+03,-1.1736657568E+04));
#6019 = VECTOR('',#6020,1.);
#6020 = DIRECTION('',(0.,2.22044604925E-16,1.));
#6021 = ORIENTED_EDGE('',*,*,#6022,.F.);
#6022 = EDGE_CURVE('',#5874,#6015,#6023,.T.);
#6023 = LINE('',#6024,#6025);
#6024 = CARTESIAN_POINT('',(1.4986E+03,2.218097776563E-13,
    998.94243199999));
#6025 = VECTOR('',#6026,1.);
#6026 = DIRECTION('',(0.,1.,-2.22044604925E-16));
#6027 = ORIENTED_EDGE('',*,*,#5873,.F.);
#6028 = PLANE('',#6029);
#6029 = AXIS2_PLACEMENT_3D('',#6030,#6031,#6032);
#6030 = CARTESIAN_POINT('',(1.4986E+03,-2.606061492827E-12,
    -1.1736657568E+04));
#6031 = DIRECTION('',(1.,0.,0.));
#6032 = DIRECTION('',(0.,2.22044604925E-16,1.));
#6033 = ADVANCED_FACE('',(#6034),#6052,.F.);
#6034 = FACE_BOUND('',#6035,.F.);
#6035 = EDGE_LOOP('',(#6036,#6037,#6045,#6051));
#6036 = ORIENTED_EDGE('',*,*,#6022,.T.);
#6037 = ORIENTED_EDGE('',*,*,#6038,.T.);
#6038 = EDGE_CURVE('',#6015,#6039,#6041,.T.);
#6039 = VERTEX_POINT('',#6040);
#6040 = CARTESIAN_POINT('',(-749.3,2.6797E+03,998.94243199999));
#6041 = LINE('',#6042,#6043);
#6042 = CARTESIAN_POINT('',(1.4986E+03,2.6797E+03,998.94243199999));
#6043 = VECTOR('',#6044,1.);
#6044 = DIRECTION('',(-1.,-1.1229836277E-32,-5.057468647254E-17));
#6045 = ORIENTED_EDGE('',*,*,#6046,.F.);
#6046 = EDGE_CURVE('',#5882,#6039,#6047,.T.);
#6047 = LINE('',#6048,#6049);
#6048 = CARTESIAN_POINT('',(-749.3,2.218097776563E-13,998.94243199999));
#6049 = VECTOR('',#6050,1.);
#6050 = DIRECTION('',(0.,1.,-2.22044604925E-16));
#6051 = ORIENTED_EDGE('',*,*,#5881,.F.);
#6052 = PLANE('',#6053);
#6053 = AXIS2_PLACEMENT_3D('',#6054,#6055,#6056);
#6054 = CARTESIAN_POINT('',(1.4986E+03,2.218097776563E-13,
    998.94243199999));
#6055 = DIRECTION('',(-5.057468647254E-17,2.22044604925E-16,1.));
#6056 = DIRECTION('',(-1.,-1.1229836277E-32,-5.057468647254E-17));
#6057 = ADVANCED_FACE('',(#6058),#6083,.F.);
#6058 = FACE_BOUND('',#6059,.F.);
#6059 = EDGE_LOOP('',(#6060,#6068,#6076,#6082));
#6060 = ORIENTED_EDGE('',*,*,#6061,.T.);
#6061 = EDGE_CURVE('',#5890,#6062,#6064,.T.);
#6062 = VERTEX_POINT('',#6063);
#6063 = CARTESIAN_POINT('',(-749.3,2.6797E+03,-499.657568));
#6064 = LINE('',#6065,#6066);
#6065 = CARTESIAN_POINT('',(-749.3,-1.109462672844E-13,-499.657568));
#6066 = VECTOR('',#6067,1.);
#6067 = DIRECTION('',(0.,1.,-2.22044604925E-16));
#6068 = ORIENTED_EDGE('',*,*,#6069,.T.);
#6069 = EDGE_CURVE('',#6062,#6070,#6072,.T.);
#6070 = VERTEX_POINT('',#6071);
#6071 = CARTESIAN_POINT('',(-1.4986E+03,2.6797E+03,-499.657568));
#6072 = LINE('',#6073,#6074);
#6073 = CARTESIAN_POINT('',(-749.3,2.6797E+03,-499.657568));
#6074 = VECTOR('',#6075,1.);
#6075 = DIRECTION('',(-1.,-1.68447544155E-32,-7.586202970881E-17));
#6076 = ORIENTED_EDGE('',*,*,#6077,.F.);
#6077 = EDGE_CURVE('',#5898,#6070,#6078,.T.);
#6078 = LINE('',#6079,#6080);
#6079 = CARTESIAN_POINT('',(-1.4986E+03,-1.109462672844E-13,-499.657568)
  );
#6080 = VECTOR('',#6081,1.);
#6081 = DIRECTION('',(0.,1.,-2.22044604925E-16));
#6082 = ORIENTED_EDGE('',*,*,#5897,.F.);
#6083 = PLANE('',#6084);
#6084 = AXIS2_PLACEMENT_3D('',#6085,#6086,#6087);
#6085 = CARTESIAN_POINT('',(-749.3,-1.109462672844E-13,-499.657568));
#6086 = DIRECTION('',(-7.586202970881E-17,2.22044604925E-16,1.));
#6087 = DIRECTION('',(-1.,-1.68447544155E-32,-7.586202970881E-17));
#6088 = ADVANCED_FACE('',(#6089),#6107,.F.);
#6089 = FACE_BOUND('',#6090,.F.);
#6090 = EDGE_LOOP('',(#6091,#6092,#6100,#6106));
#6091 = ORIENTED_EDGE('',*,*,#6077,.T.);
#6092 = ORIENTED_EDGE('',*,*,#6093,.T.);
#6093 = EDGE_CURVE('',#6070,#6094,#6096,.T.);
#6094 = VERTEX_POINT('',#6095);
#6095 = CARTESIAN_POINT('',(-1.4986E+03,2.6797E+03,-1.3984557568E+04));
#6096 = LINE('',#6097,#6098);
#6097 = CARTESIAN_POINT('',(-1.4986E+03,2.6797E+03,-499.657568));
#6098 = VECTOR('',#6099,1.);
#6099 = DIRECTION('',(0.,-2.22044604925E-16,-1.));
#6100 = ORIENTED_EDGE('',*,*,#6101,.F.);
#6101 = EDGE_CURVE('',#5906,#6094,#6102,.T.);
#6102 = LINE('',#6103,#6104);
#6103 = CARTESIAN_POINT('',(-1.4986E+03,-3.105195560238E-12,
    -1.3984557568E+04));
#6104 = VECTOR('',#6105,1.);
#6105 = DIRECTION('',(0.,1.,-2.22044604925E-16));
#6106 = ORIENTED_EDGE('',*,*,#5905,.F.);
#6107 = PLANE('',#6108);
#6108 = AXIS2_PLACEMENT_3D('',#6109,#6110,#6111);
#6109 = CARTESIAN_POINT('',(-1.4986E+03,-1.109462672844E-13,-499.657568)
  );
#6110 = DIRECTION('',(-1.,0.,0.));
#6111 = DIRECTION('',(0.,-2.22044604925E-16,-1.));
#6112 = ADVANCED_FACE('',(#6113),#6154,.T.);
#6113 = FACE_BOUND('',#6114,.T.);
#6114 = EDGE_LOOP('',(#6115,#6125,#6131,#6132,#6140,#6148));
#6115 = ORIENTED_EDGE('',*,*,#6116,.F.);
#6116 = EDGE_CURVE('',#6117,#6119,#6121,.T.);
#6117 = VERTEX_POINT('',#6118);
#6118 = CARTESIAN_POINT('',(-1.9431E+03,2.6797E+03,-1.6232457568E+04));
#6119 = VERTEX_POINT('',#6120);
#6120 = CARTESIAN_POINT('',(-1.9431E+03,2.6797E+03,-1.6676957568E+04));
#6121 = LINE('',#6122,#6123);
#6122 = CARTESIAN_POINT('',(-1.9431E+03,2.6797E+03,-1.6232457568E+04));
#6123 = VECTOR('',#6124,1.);
#6124 = DIRECTION('',(0.,2.22044604925E-16,-1.));
#6125 = ORIENTED_EDGE('',*,*,#6126,.T.);
#6126 = EDGE_CURVE('',#6117,#5952,#6127,.T.);
#6127 = LINE('',#6128,#6129);
#6128 = CARTESIAN_POINT('',(-2.2479E+03,2.6797E+03,-1.6232457568E+04));
#6129 = VECTOR('',#6130,1.);
#6130 = DIRECTION('',(1.,-1.078064282592E-31,-4.855169901364E-16));
#6131 = ORIENTED_EDGE('',*,*,#5959,.T.);
#6132 = ORIENTED_EDGE('',*,*,#6133,.F.);
#6133 = EDGE_CURVE('',#6134,#5960,#6136,.T.);
#6134 = VERTEX_POINT('',#6135);
#6135 = CARTESIAN_POINT('',(1.9431E+03,2.6797E+03,-1.2485957568E+04));
#6136 = LINE('',#6137,#6138);
#6137 = CARTESIAN_POINT('',(1.9431E+03,2.6797E+03,-1.2485957568E+04));
#6138 = VECTOR('',#6139,1.);
#6139 = DIRECTION('',(-1.,0.,-0.));
#6140 = ORIENTED_EDGE('',*,*,#6141,.F.);
#6141 = EDGE_CURVE('',#6142,#6134,#6144,.T.);
#6142 = VERTEX_POINT('',#6143);
#6143 = CARTESIAN_POINT('',(1.9431E+03,2.6797E+03,-1.6676957568E+04));
#6144 = LINE('',#6145,#6146);
#6145 = CARTESIAN_POINT('',(1.9431E+03,2.6797E+03,-1.6676957568E+04));
#6146 = VECTOR('',#6147,1.);
#6147 = DIRECTION('',(0.,-2.22044604925E-16,1.));
#6148 = ORIENTED_EDGE('',*,*,#6149,.F.);
#6149 = EDGE_CURVE('',#6119,#6142,#6150,.T.);
#6150 = LINE('',#6151,#6152);
#6151 = CARTESIAN_POINT('',(-1.9431E+03,2.6797E+03,-1.6676957568E+04));
#6152 = VECTOR('',#6153,1.);
#6153 = DIRECTION('',(1.,0.,0.));
#6154 = PLANE('',#6155);
#6155 = AXIS2_PLACEMENT_3D('',#6156,#6157,#6158);
#6156 = CARTESIAN_POINT('',(55.282276931358,2.6797E+03,
    -7.880822520092E+03));
#6157 = DIRECTION('',(0.,1.,-2.22044604925E-16));
#6158 = DIRECTION('',(0.,2.22044604925E-16,1.));
#6159 = ADVANCED_FACE('',(#6160),#6219,.T.);
#6160 = FACE_BOUND('',#6161,.T.);
#6161 = EDGE_LOOP('',(#6162,#6170,#6178,#6186,#6194,#6202,#6210,#6216,
    #6217,#6218));
#6162 = ORIENTED_EDGE('',*,*,#6163,.T.);
#6163 = EDGE_CURVE('',#6039,#6164,#6166,.T.);
#6164 = VERTEX_POINT('',#6165);
#6165 = CARTESIAN_POINT('',(-749.3,2.6797E+03,249.64243199999));
#6166 = LINE('',#6167,#6168);
#6167 = CARTESIAN_POINT('',(-749.3,2.6797E+03,998.94243199999));
#6168 = VECTOR('',#6169,1.);
#6169 = DIRECTION('',(-1.517240594176E-16,-2.22044604925E-16,-1.));
#6170 = ORIENTED_EDGE('',*,*,#6171,.F.);
#6171 = EDGE_CURVE('',#6172,#6164,#6174,.T.);
#6172 = VERTEX_POINT('',#6173);
#6173 = CARTESIAN_POINT('',(-1.1938E+03,2.6797E+03,249.64243199999));
#6174 = LINE('',#6175,#6176);
#6175 = CARTESIAN_POINT('',(-1.1938E+03,2.6797E+03,249.64243199999));
#6176 = VECTOR('',#6177,1.);
#6177 = DIRECTION('',(1.,0.,0.));
#6178 = ORIENTED_EDGE('',*,*,#6179,.F.);
#6179 = EDGE_CURVE('',#6180,#6172,#6182,.T.);
#6180 = VERTEX_POINT('',#6181);
#6181 = CARTESIAN_POINT('',(-1.1938E+03,2.6797E+03,1.443442432E+03));
#6182 = LINE('',#6183,#6184);
#6183 = CARTESIAN_POINT('',(-1.1938E+03,2.6797E+03,1.443442432E+03));
#6184 = VECTOR('',#6185,1.);
#6185 = DIRECTION('',(0.,2.22044604925E-16,-1.));
#6186 = ORIENTED_EDGE('',*,*,#6187,.F.);
#6187 = EDGE_CURVE('',#6188,#6180,#6190,.T.);
#6188 = VERTEX_POINT('',#6189);
#6189 = CARTESIAN_POINT('',(1.9431E+03,2.6797E+03,1.443442432E+03));
#6190 = LINE('',#6191,#6192);
#6191 = CARTESIAN_POINT('',(1.9431E+03,2.6797E+03,1.443442432E+03));
#6192 = VECTOR('',#6193,1.);
#6193 = DIRECTION('',(-1.,0.,-0.));
#6194 = ORIENTED_EDGE('',*,*,#6195,.F.);
#6195 = EDGE_CURVE('',#6196,#6188,#6198,.T.);
#6196 = VERTEX_POINT('',#6197);
#6197 = CARTESIAN_POINT('',(1.9431E+03,2.6797E+03,-1.2181157568E+04));
#6198 = LINE('',#6199,#6200);
#6199 = CARTESIAN_POINT('',(1.9431E+03,2.6797E+03,-1.2181157568E+04));
#6200 = VECTOR('',#6201,1.);
#6201 = DIRECTION('',(0.,-2.22044604925E-16,1.));
#6202 = ORIENTED_EDGE('',*,*,#6203,.F.);
#6203 = EDGE_CURVE('',#6204,#6196,#6206,.T.);
#6204 = VERTEX_POINT('',#6205);
#6205 = CARTESIAN_POINT('',(0.,2.6797E+03,-1.2181157568E+04));
#6206 = LINE('',#6207,#6208);
#6207 = CARTESIAN_POINT('',(0.,2.6797E+03,-1.2181157568E+04));
#6208 = VECTOR('',#6209,1.);
#6209 = DIRECTION('',(1.,0.,0.));
#6210 = ORIENTED_EDGE('',*,*,#6211,.T.);
#6211 = EDGE_CURVE('',#6204,#5983,#6212,.T.);
#6212 = LINE('',#6213,#6214);
#6213 = CARTESIAN_POINT('',(0.,2.6797E+03,-1.2485957568E+04));
#6214 = VECTOR('',#6215,1.);
#6215 = DIRECTION('',(0.,2.22044604925E-16,1.));
#6216 = ORIENTED_EDGE('',*,*,#5990,.T.);
#6217 = ORIENTED_EDGE('',*,*,#6014,.T.);
#6218 = ORIENTED_EDGE('',*,*,#6038,.T.);
#6219 = PLANE('',#6220);
#6220 = AXIS2_PLACEMENT_3D('',#6221,#6222,#6223);
#6221 = CARTESIAN_POINT('',(55.282276931358,2.6797E+03,
    -7.880822520092E+03));
#6222 = DIRECTION('',(0.,1.,-2.22044604925E-16));
#6223 = DIRECTION('',(0.,2.22044604925E-16,1.));
#6224 = ADVANCED_FACE('',(#6225),#6259,.T.);
#6225 = FACE_BOUND('',#6226,.T.);
#6226 = EDGE_LOOP('',(#6227,#6228,#6236,#6244,#6252,#6258));
#6227 = ORIENTED_EDGE('',*,*,#6093,.T.);
#6228 = ORIENTED_EDGE('',*,*,#6229,.F.);
#6229 = EDGE_CURVE('',#6230,#6094,#6232,.T.);
#6230 = VERTEX_POINT('',#6231);
#6231 = CARTESIAN_POINT('',(-1.9431E+03,2.6797E+03,-1.3984557568E+04));
#6232 = LINE('',#6233,#6234);
#6233 = CARTESIAN_POINT('',(-1.9431E+03,2.6797E+03,-1.3984557568E+04));
#6234 = VECTOR('',#6235,1.);
#6235 = DIRECTION('',(1.,0.,0.));
#6236 = ORIENTED_EDGE('',*,*,#6237,.F.);
#6237 = EDGE_CURVE('',#6238,#6230,#6240,.T.);
#6238 = VERTEX_POINT('',#6239);
#6239 = CARTESIAN_POINT('',(-1.9431E+03,2.6797E+03,-55.157568));
#6240 = LINE('',#6241,#6242);
#6241 = CARTESIAN_POINT('',(-1.9431E+03,2.6797E+03,-55.157568));
#6242 = VECTOR('',#6243,1.);
#6243 = DIRECTION('',(0.,2.22044604925E-16,-1.));
#6244 = ORIENTED_EDGE('',*,*,#6245,.F.);
#6245 = EDGE_CURVE('',#6246,#6238,#6248,.T.);
#6246 = VERTEX_POINT('',#6247);
#6247 = CARTESIAN_POINT('',(-749.3,2.6797E+03,-55.157568));
#6248 = LINE('',#6249,#6250);
#6249 = CARTESIAN_POINT('',(-749.3,2.6797E+03,-55.157568));
#6250 = VECTOR('',#6251,1.);
#6251 = DIRECTION('',(-1.,0.,-0.));
#6252 = ORIENTED_EDGE('',*,*,#6253,.T.);
#6253 = EDGE_CURVE('',#6246,#6062,#6254,.T.);
#6254 = LINE('',#6255,#6256);
#6255 = CARTESIAN_POINT('',(-749.3,2.6797E+03,998.94243199999));
#6256 = VECTOR('',#6257,1.);
#6257 = DIRECTION('',(-1.517240594176E-16,-2.22044604925E-16,-1.));
#6258 = ORIENTED_EDGE('',*,*,#6069,.T.);
#6259 = PLANE('',#6260);
#6260 = AXIS2_PLACEMENT_3D('',#6261,#6262,#6263);
#6261 = CARTESIAN_POINT('',(55.282276931358,2.6797E+03,
    -7.880822520092E+03));
#6262 = DIRECTION('',(0.,1.,-2.22044604925E-16));
#6263 = DIRECTION('',(0.,2.22044604925E-16,1.));
#6264 = ADVANCED_FACE('',(#6265),#6290,.F.);
#6265 = FACE_BOUND('',#6266,.F.);
#6266 = EDGE_LOOP('',(#6267,#6275,#6283,#6289));
#6267 = ORIENTED_EDGE('',*,*,#6268,.T.);
#6268 = EDGE_CURVE('',#6117,#6269,#6271,.T.);
#6269 = VERTEX_POINT('',#6270);
#6270 = CARTESIAN_POINT('',(-1.9431E+03,2.9972E+03,-1.6232457568E+04));
#6271 = LINE('',#6272,#6273);
#6272 = CARTESIAN_POINT('',(-1.9431E+03,2.6797E+03,-1.6232457568E+04));
#6273 = VECTOR('',#6274,1.);
#6274 = DIRECTION('',(0.,1.,2.22044604925E-16));
#6275 = ORIENTED_EDGE('',*,*,#6276,.T.);
#6276 = EDGE_CURVE('',#6269,#6277,#6279,.T.);
#6277 = VERTEX_POINT('',#6278);
#6278 = CARTESIAN_POINT('',(-1.9431E+03,2.9972E+03,-1.6676957568E+04));
#6279 = LINE('',#6280,#6281);
#6280 = CARTESIAN_POINT('',(-1.9431E+03,2.9972E+03,-1.6232457568E+04));
#6281 = VECTOR('',#6282,1.);
#6282 = DIRECTION('',(0.,2.22044604925E-16,-1.));
#6283 = ORIENTED_EDGE('',*,*,#6284,.F.);
#6284 = EDGE_CURVE('',#6119,#6277,#6285,.T.);
#6285 = LINE('',#6286,#6287);
#6286 = CARTESIAN_POINT('',(-1.9431E+03,2.6797E+03,-1.6676957568E+04));
#6287 = VECTOR('',#6288,1.);
#6288 = DIRECTION('',(0.,1.,2.22044604925E-16));
#6289 = ORIENTED_EDGE('',*,*,#6116,.F.);
#6290 = PLANE('',#6291);
#6291 = AXIS2_PLACEMENT_3D('',#6292,#6293,#6294);
#6292 = CARTESIAN_POINT('',(-1.9431E+03,2.6797E+03,-1.6232457568E+04));
#6293 = DIRECTION('',(-1.,0.,0.));
#6294 = DIRECTION('',(0.,2.22044604925E-16,-1.));
#6295 = ADVANCED_FACE('',(#6296),#6488,.T.);
#6296 = FACE_BOUND('',#6297,.T.);
#6297 = EDGE_LOOP('',(#6298,#6299,#6307,#6315,#6323,#6331,#6339,#6347,
    #6355,#6363,#6371,#6379,#6387,#6395,#6403,#6409,#6410,#6418,#6426,
    #6434,#6442,#6450,#6458,#6466,#6474,#6482));
#6298 = ORIENTED_EDGE('',*,*,#6276,.T.);
#6299 = ORIENTED_EDGE('',*,*,#6300,.T.);
#6300 = EDGE_CURVE('',#6277,#6301,#6303,.T.);
#6301 = VERTEX_POINT('',#6302);
#6302 = CARTESIAN_POINT('',(1.9431E+03,2.9972E+03,-1.6676957568E+04));
#6303 = LINE('',#6304,#6305);
#6304 = CARTESIAN_POINT('',(-1.9431E+03,2.9972E+03,-1.6676957568E+04));
#6305 = VECTOR('',#6306,1.);
#6306 = DIRECTION('',(1.,0.,0.));
#6307 = ORIENTED_EDGE('',*,*,#6308,.T.);
#6308 = EDGE_CURVE('',#6301,#6309,#6311,.T.);
#6309 = VERTEX_POINT('',#6310);
#6310 = CARTESIAN_POINT('',(1.9431E+03,2.9972E+03,-1.2485957568E+04));
#6311 = LINE('',#6312,#6313);
#6312 = CARTESIAN_POINT('',(1.9431E+03,2.9972E+03,-1.6676957568E+04));
#6313 = VECTOR('',#6314,1.);
#6314 = DIRECTION('',(0.,-2.22044604925E-16,1.));
#6315 = ORIENTED_EDGE('',*,*,#6316,.T.);
#6316 = EDGE_CURVE('',#6309,#6317,#6319,.T.);
#6317 = VERTEX_POINT('',#6318);
#6318 = CARTESIAN_POINT('',(0.,2.9972E+03,-1.2485957568E+04));
#6319 = LINE('',#6320,#6321);
#6320 = CARTESIAN_POINT('',(1.9431E+03,2.9972E+03,-1.2485957568E+04));
#6321 = VECTOR('',#6322,1.);
#6322 = DIRECTION('',(-1.,0.,-0.));
#6323 = ORIENTED_EDGE('',*,*,#6324,.T.);
#6324 = EDGE_CURVE('',#6317,#6325,#6327,.T.);
#6325 = VERTEX_POINT('',#6326);
#6326 = CARTESIAN_POINT('',(0.,2.9972E+03,-1.2181157568E+04));
#6327 = LINE('',#6328,#6329);
#6328 = CARTESIAN_POINT('',(0.,2.9972E+03,-1.2485957568E+04));
#6329 = VECTOR('',#6330,1.);
#6330 = DIRECTION('',(0.,-2.22044604925E-16,1.));
#6331 = ORIENTED_EDGE('',*,*,#6332,.T.);
#6332 = EDGE_CURVE('',#6325,#6333,#6335,.T.);
#6333 = VERTEX_POINT('',#6334);
#6334 = CARTESIAN_POINT('',(1.9431E+03,2.9972E+03,-1.2181157568E+04));
#6335 = LINE('',#6336,#6337);
#6336 = CARTESIAN_POINT('',(0.,2.9972E+03,-1.2181157568E+04));
#6337 = VECTOR('',#6338,1.);
#6338 = DIRECTION('',(1.,0.,0.));
#6339 = ORIENTED_EDGE('',*,*,#6340,.T.);
#6340 = EDGE_CURVE('',#6333,#6341,#6343,.T.);
#6341 = VERTEX_POINT('',#6342);
#6342 = CARTESIAN_POINT('',(1.9431E+03,2.9972E+03,1.443442432E+03));
#6343 = LINE('',#6344,#6345);
#6344 = CARTESIAN_POINT('',(1.9431E+03,2.9972E+03,-1.2181157568E+04));
#6345 = VECTOR('',#6346,1.);
#6346 = DIRECTION('',(0.,-2.22044604925E-16,1.));
#6347 = ORIENTED_EDGE('',*,*,#6348,.T.);
#6348 = EDGE_CURVE('',#6341,#6349,#6351,.T.);
#6349 = VERTEX_POINT('',#6350);
#6350 = CARTESIAN_POINT('',(-1.1938E+03,2.9972E+03,1.443442432E+03));
#6351 = LINE('',#6352,#6353);
#6352 = CARTESIAN_POINT('',(1.9431E+03,2.9972E+03,1.443442432E+03));
#6353 = VECTOR('',#6354,1.);
#6354 = DIRECTION('',(-1.,0.,-0.));
#6355 = ORIENTED_EDGE('',*,*,#6356,.T.);
#6356 = EDGE_CURVE('',#6349,#6357,#6359,.T.);
#6357 = VERTEX_POINT('',#6358);
#6358 = CARTESIAN_POINT('',(-1.1938E+03,2.9972E+03,249.64243199999));
#6359 = LINE('',#6360,#6361);
#6360 = CARTESIAN_POINT('',(-1.1938E+03,2.9972E+03,1.443442432E+03));
#6361 = VECTOR('',#6362,1.);
#6362 = DIRECTION('',(0.,2.22044604925E-16,-1.));
#6363 = ORIENTED_EDGE('',*,*,#6364,.T.);
#6364 = EDGE_CURVE('',#6357,#6365,#6367,.T.);
#6365 = VERTEX_POINT('',#6366);
#6366 = CARTESIAN_POINT('',(-749.3,2.9972E+03,249.64243199999));
#6367 = LINE('',#6368,#6369);
#6368 = CARTESIAN_POINT('',(-1.1938E+03,2.9972E+03,249.64243199999));
#6369 = VECTOR('',#6370,1.);
#6370 = DIRECTION('',(1.,0.,0.));
#6371 = ORIENTED_EDGE('',*,*,#6372,.T.);
#6372 = EDGE_CURVE('',#6365,#6373,#6375,.T.);
#6373 = VERTEX_POINT('',#6374);
#6374 = CARTESIAN_POINT('',(-749.3,2.9972E+03,-55.157568));
#6375 = LINE('',#6376,#6377);
#6376 = CARTESIAN_POINT('',(-749.3,2.9972E+03,249.64243199999));
#6377 = VECTOR('',#6378,1.);
#6378 = DIRECTION('',(0.,2.22044604925E-16,-1.));
#6379 = ORIENTED_EDGE('',*,*,#6380,.T.);
#6380 = EDGE_CURVE('',#6373,#6381,#6383,.T.);
#6381 = VERTEX_POINT('',#6382);
#6382 = CARTESIAN_POINT('',(-1.9431E+03,2.9972E+03,-55.157568));
#6383 = LINE('',#6384,#6385);
#6384 = CARTESIAN_POINT('',(-749.3,2.9972E+03,-55.157568));
#6385 = VECTOR('',#6386,1.);
#6386 = DIRECTION('',(-1.,0.,-0.));
#6387 = ORIENTED_EDGE('',*,*,#6388,.T.);
#6388 = EDGE_CURVE('',#6381,#6389,#6391,.T.);
#6389 = VERTEX_POINT('',#6390);
#6390 = CARTESIAN_POINT('',(-1.9431E+03,2.9972E+03,-1.3984557568E+04));
#6391 = LINE('',#6392,#6393);
#6392 = CARTESIAN_POINT('',(-1.9431E+03,2.9972E+03,-55.157568));
#6393 = VECTOR('',#6394,1.);
#6394 = DIRECTION('',(0.,2.22044604925E-16,-1.));
#6395 = ORIENTED_EDGE('',*,*,#6396,.T.);
#6396 = EDGE_CURVE('',#6389,#6397,#6399,.T.);
#6397 = VERTEX_POINT('',#6398);
#6398 = CARTESIAN_POINT('',(0.,2.9972E+03,-1.3984557568E+04));
#6399 = LINE('',#6400,#6401);
#6400 = CARTESIAN_POINT('',(-1.9431E+03,2.9972E+03,-1.3984557568E+04));
#6401 = VECTOR('',#6402,1.);
#6402 = DIRECTION('',(1.,0.,0.));
#6403 = ORIENTED_EDGE('',*,*,#6404,.T.);
#6404 = EDGE_CURVE('',#6397,#5753,#6405,.T.);
#6405 = LINE('',#6406,#6407);
#6406 = CARTESIAN_POINT('',(0.,2.9972E+03,-1.3984557568E+04));
#6407 = VECTOR('',#6408,1.);
#6408 = DIRECTION('',(2.208005249344E-16,2.22044604925E-16,-1.));
#6409 = ORIENTED_EDGE('',*,*,#5760,.T.);
#6410 = ORIENTED_EDGE('',*,*,#6411,.T.);
#6411 = EDGE_CURVE('',#5761,#6412,#6414,.T.);
#6412 = VERTEX_POINT('',#6413);
#6413 = CARTESIAN_POINT('',(-1.9431E+03,2.9972E+03,-1.4733857568E+04));
#6414 = LINE('',#6415,#6416);
#6415 = CARTESIAN_POINT('',(-1.9431E+03,2.9972E+03,-1.4289357568E+04));
#6416 = VECTOR('',#6417,1.);
#6417 = DIRECTION('',(0.,2.22044604925E-16,-1.));
#6418 = ORIENTED_EDGE('',*,*,#6419,.T.);
#6419 = EDGE_CURVE('',#6412,#6420,#6422,.T.);
#6420 = VERTEX_POINT('',#6421);
#6421 = CARTESIAN_POINT('',(-2.2479E+03,2.9972E+03,-1.4733857568E+04));
#6422 = LINE('',#6423,#6424);
#6423 = CARTESIAN_POINT('',(-1.9431E+03,2.9972E+03,-1.4733857568E+04));
#6424 = VECTOR('',#6425,1.);
#6425 = DIRECTION('',(-1.,0.,-0.));
#6426 = ORIENTED_EDGE('',*,*,#6427,.T.);
#6427 = EDGE_CURVE('',#6420,#6428,#6430,.T.);
#6428 = VERTEX_POINT('',#6429);
#6429 = CARTESIAN_POINT('',(-2.2479E+03,2.9972E+03,249.64243199999));
#6430 = LINE('',#6431,#6432);
#6431 = CARTESIAN_POINT('',(-2.2479E+03,2.9972E+03,-1.4733857568E+04));
#6432 = VECTOR('',#6433,1.);
#6433 = DIRECTION('',(0.,-2.22044604925E-16,1.));
#6434 = ORIENTED_EDGE('',*,*,#6435,.T.);
#6435 = EDGE_CURVE('',#6428,#6436,#6438,.T.);
#6436 = VERTEX_POINT('',#6437);
#6437 = CARTESIAN_POINT('',(-1.4986E+03,2.9972E+03,249.64243199999));
#6438 = LINE('',#6439,#6440);
#6439 = CARTESIAN_POINT('',(-2.2479E+03,2.9972E+03,249.64243199999));
#6440 = VECTOR('',#6441,1.);
#6441 = DIRECTION('',(1.,0.,0.));
#6442 = ORIENTED_EDGE('',*,*,#6443,.T.);
#6443 = EDGE_CURVE('',#6436,#6444,#6446,.T.);
#6444 = VERTEX_POINT('',#6445);
#6445 = CARTESIAN_POINT('',(-1.4986E+03,2.9972E+03,1.748242432E+03));
#6446 = LINE('',#6447,#6448);
#6447 = CARTESIAN_POINT('',(-1.4986E+03,2.9972E+03,249.64243199999));
#6448 = VECTOR('',#6449,1.);
#6449 = DIRECTION('',(0.,-2.22044604925E-16,1.));
#6450 = ORIENTED_EDGE('',*,*,#6451,.T.);
#6451 = EDGE_CURVE('',#6444,#6452,#6454,.T.);
#6452 = VERTEX_POINT('',#6453);
#6453 = CARTESIAN_POINT('',(2.2479E+03,2.9972E+03,1.748242432E+03));
#6454 = LINE('',#6455,#6456);
#6455 = CARTESIAN_POINT('',(-1.4986E+03,2.9972E+03,1.748242432E+03));
#6456 = VECTOR('',#6457,1.);
#6457 = DIRECTION('',(1.,1.34758035324E-32,-6.068962376704E-17));
#6458 = ORIENTED_EDGE('',*,*,#6459,.T.);
#6459 = EDGE_CURVE('',#6452,#6460,#6462,.T.);
#6460 = VERTEX_POINT('',#6461);
#6461 = CARTESIAN_POINT('',(2.2479E+03,2.9972E+03,-1.6981757568E+04));
#6462 = LINE('',#6463,#6464);
#6463 = CARTESIAN_POINT('',(2.2479E+03,2.9972E+03,1.748242432E+03));
#6464 = VECTOR('',#6465,1.);
#6465 = DIRECTION('',(0.,2.22044604925E-16,-1.));
#6466 = ORIENTED_EDGE('',*,*,#6467,.T.);
#6467 = EDGE_CURVE('',#6460,#6468,#6470,.T.);
#6468 = VERTEX_POINT('',#6469);
#6469 = CARTESIAN_POINT('',(-2.2479E+03,2.9972E+03,-1.6981757568E+04));
#6470 = LINE('',#6471,#6472);
#6471 = CARTESIAN_POINT('',(2.2479E+03,2.9972E+03,-1.6981757568E+04));
#6472 = VECTOR('',#6473,1.);
#6473 = DIRECTION('',(-1.,0.,-0.));
#6474 = ORIENTED_EDGE('',*,*,#6475,.T.);
#6475 = EDGE_CURVE('',#6468,#6476,#6478,.T.);
#6476 = VERTEX_POINT('',#6477);
#6477 = CARTESIAN_POINT('',(-2.2479E+03,2.9972E+03,-1.6232457568E+04));
#6478 = LINE('',#6479,#6480);
#6479 = CARTESIAN_POINT('',(-2.2479E+03,2.9972E+03,-1.6981757568E+04));
#6480 = VECTOR('',#6481,1.);
#6481 = DIRECTION('',(0.,-2.22044604925E-16,1.));
#6482 = ORIENTED_EDGE('',*,*,#6483,.T.);
#6483 = EDGE_CURVE('',#6476,#6269,#6484,.T.);
#6484 = LINE('',#6485,#6486);
#6485 = CARTESIAN_POINT('',(-2.2479E+03,2.9972E+03,-1.6232457568E+04));
#6486 = VECTOR('',#6487,1.);
#6487 = DIRECTION('',(1.,0.,0.));
#6488 = PLANE('',#6489);
#6489 = AXIS2_PLACEMENT_3D('',#6490,#6491,#6492);
#6490 = CARTESIAN_POINT('',(67.406323949282,2.9972E+03,
    -7.826347832072E+03));
#6491 = DIRECTION('',(0.,1.,0.));
#6492 = DIRECTION('',(0.,0.,1.));
#6493 = ADVANCED_FACE('',(#6494),#6505,.F.);
#6494 = FACE_BOUND('',#6495,.F.);
#6495 = EDGE_LOOP('',(#6496,#6497,#6498,#6504));
#6496 = ORIENTED_EDGE('',*,*,#6284,.T.);
#6497 = ORIENTED_EDGE('',*,*,#6300,.T.);
#6498 = ORIENTED_EDGE('',*,*,#6499,.F.);
#6499 = EDGE_CURVE('',#6142,#6301,#6500,.T.);
#6500 = LINE('',#6501,#6502);
#6501 = CARTESIAN_POINT('',(1.9431E+03,2.6797E+03,-1.6676957568E+04));
#6502 = VECTOR('',#6503,1.);
#6503 = DIRECTION('',(0.,1.,2.22044604925E-16));
#6504 = ORIENTED_EDGE('',*,*,#6149,.F.);
#6505 = PLANE('',#6506);
#6506 = AXIS2_PLACEMENT_3D('',#6507,#6508,#6509);
#6507 = CARTESIAN_POINT('',(-1.9431E+03,2.6797E+03,-1.6676957568E+04));
#6508 = DIRECTION('',(0.,2.22044604925E-16,-1.));
#6509 = DIRECTION('',(1.,0.,0.));
#6510 = ADVANCED_FACE('',(#6511),#6522,.F.);
#6511 = FACE_BOUND('',#6512,.F.);
#6512 = EDGE_LOOP('',(#6513,#6514,#6515,#6521));
#6513 = ORIENTED_EDGE('',*,*,#6499,.T.);
#6514 = ORIENTED_EDGE('',*,*,#6308,.T.);
#6515 = ORIENTED_EDGE('',*,*,#6516,.F.);
#6516 = EDGE_CURVE('',#6134,#6309,#6517,.T.);
#6517 = LINE('',#6518,#6519);
#6518 = CARTESIAN_POINT('',(1.9431E+03,2.6797E+03,-1.2485957568E+04));
#6519 = VECTOR('',#6520,1.);
#6520 = DIRECTION('',(0.,1.,2.22044604925E-16));
#6521 = ORIENTED_EDGE('',*,*,#6141,.F.);
#6522 = PLANE('',#6523);
#6523 = AXIS2_PLACEMENT_3D('',#6524,#6525,#6526);
#6524 = CARTESIAN_POINT('',(1.9431E+03,2.6797E+03,-1.6676957568E+04));
#6525 = DIRECTION('',(1.,0.,0.));
#6526 = DIRECTION('',(0.,-2.22044604925E-16,1.));
#6527 = ADVANCED_FACE('',(#6528),#6544,.F.);
#6528 = FACE_BOUND('',#6529,.F.);
#6529 = EDGE_LOOP('',(#6530,#6536,#6537,#6543));
#6530 = ORIENTED_EDGE('',*,*,#6531,.T.);
#6531 = EDGE_CURVE('',#6204,#6325,#6532,.T.);
#6532 = LINE('',#6533,#6534);
#6533 = CARTESIAN_POINT('',(0.,2.6797E+03,-1.2181157568E+04));
#6534 = VECTOR('',#6535,1.);
#6535 = DIRECTION('',(0.,1.,2.22044604925E-16));
#6536 = ORIENTED_EDGE('',*,*,#6332,.T.);
#6537 = ORIENTED_EDGE('',*,*,#6538,.F.);
#6538 = EDGE_CURVE('',#6196,#6333,#6539,.T.);
#6539 = LINE('',#6540,#6541);
#6540 = CARTESIAN_POINT('',(1.9431E+03,2.6797E+03,-1.2181157568E+04));
#6541 = VECTOR('',#6542,1.);
#6542 = DIRECTION('',(0.,1.,2.22044604925E-16));
#6543 = ORIENTED_EDGE('',*,*,#6203,.F.);
#6544 = PLANE('',#6545);
#6545 = AXIS2_PLACEMENT_3D('',#6546,#6547,#6548);
#6546 = CARTESIAN_POINT('',(0.,2.6797E+03,-1.2181157568E+04));
#6547 = DIRECTION('',(0.,2.22044604925E-16,-1.));
#6548 = DIRECTION('',(1.,0.,0.));
#6549 = ADVANCED_FACE('',(#6550),#6561,.F.);
#6550 = FACE_BOUND('',#6551,.F.);
#6551 = EDGE_LOOP('',(#6552,#6553,#6554,#6560));
#6552 = ORIENTED_EDGE('',*,*,#6538,.T.);
#6553 = ORIENTED_EDGE('',*,*,#6340,.T.);
#6554 = ORIENTED_EDGE('',*,*,#6555,.F.);
#6555 = EDGE_CURVE('',#6188,#6341,#6556,.T.);
#6556 = LINE('',#6557,#6558);
#6557 = CARTESIAN_POINT('',(1.9431E+03,2.6797E+03,1.443442432E+03));
#6558 = VECTOR('',#6559,1.);
#6559 = DIRECTION('',(0.,1.,2.22044604925E-16));
#6560 = ORIENTED_EDGE('',*,*,#6195,.F.);
#6561 = PLANE('',#6562);
#6562 = AXIS2_PLACEMENT_3D('',#6563,#6564,#6565);
#6563 = CARTESIAN_POINT('',(1.9431E+03,2.6797E+03,-1.2181157568E+04));
#6564 = DIRECTION('',(1.,0.,0.));
#6565 = DIRECTION('',(0.,-2.22044604925E-16,1.));
#6566 = ADVANCED_FACE('',(#6567),#6578,.F.);
#6567 = FACE_BOUND('',#6568,.F.);
#6568 = EDGE_LOOP('',(#6569,#6570,#6571,#6577));
#6569 = ORIENTED_EDGE('',*,*,#6555,.T.);
#6570 = ORIENTED_EDGE('',*,*,#6348,.T.);
#6571 = ORIENTED_EDGE('',*,*,#6572,.F.);
#6572 = EDGE_CURVE('',#6180,#6349,#6573,.T.);
#6573 = LINE('',#6574,#6575);
#6574 = CARTESIAN_POINT('',(-1.1938E+03,2.6797E+03,1.443442432E+03));
#6575 = VECTOR('',#6576,1.);
#6576 = DIRECTION('',(0.,1.,2.22044604925E-16));
#6577 = ORIENTED_EDGE('',*,*,#6187,.F.);
#6578 = PLANE('',#6579);
#6579 = AXIS2_PLACEMENT_3D('',#6580,#6581,#6582);
#6580 = CARTESIAN_POINT('',(1.9431E+03,2.6797E+03,1.443442432E+03));
#6581 = DIRECTION('',(0.,-2.22044604925E-16,1.));
#6582 = DIRECTION('',(-1.,-0.,0.));
#6583 = ADVANCED_FACE('',(#6584),#6595,.F.);
#6584 = FACE_BOUND('',#6585,.F.);
#6585 = EDGE_LOOP('',(#6586,#6587,#6588,#6594));
#6586 = ORIENTED_EDGE('',*,*,#6572,.T.);
#6587 = ORIENTED_EDGE('',*,*,#6356,.T.);
#6588 = ORIENTED_EDGE('',*,*,#6589,.F.);
#6589 = EDGE_CURVE('',#6172,#6357,#6590,.T.);
#6590 = LINE('',#6591,#6592);
#6591 = CARTESIAN_POINT('',(-1.1938E+03,2.6797E+03,249.64243199999));
#6592 = VECTOR('',#6593,1.);
#6593 = DIRECTION('',(0.,1.,2.22044604925E-16));
#6594 = ORIENTED_EDGE('',*,*,#6179,.F.);
#6595 = PLANE('',#6596);
#6596 = AXIS2_PLACEMENT_3D('',#6597,#6598,#6599);
#6597 = CARTESIAN_POINT('',(-1.1938E+03,2.6797E+03,1.443442432E+03));
#6598 = DIRECTION('',(-1.,0.,0.));
#6599 = DIRECTION('',(0.,2.22044604925E-16,-1.));
#6600 = ADVANCED_FACE('',(#6601),#6612,.F.);
#6601 = FACE_BOUND('',#6602,.F.);
#6602 = EDGE_LOOP('',(#6603,#6604,#6605,#6611));
#6603 = ORIENTED_EDGE('',*,*,#6589,.T.);
#6604 = ORIENTED_EDGE('',*,*,#6364,.T.);
#6605 = ORIENTED_EDGE('',*,*,#6606,.F.);
#6606 = EDGE_CURVE('',#6164,#6365,#6607,.T.);
#6607 = LINE('',#6608,#6609);
#6608 = CARTESIAN_POINT('',(-749.3,2.6797E+03,249.64243199999));
#6609 = VECTOR('',#6610,1.);
#6610 = DIRECTION('',(0.,1.,2.22044604925E-16));
#6611 = ORIENTED_EDGE('',*,*,#6171,.F.);
#6612 = PLANE('',#6613);
#6613 = AXIS2_PLACEMENT_3D('',#6614,#6615,#6616);
#6614 = CARTESIAN_POINT('',(-1.1938E+03,2.6797E+03,249.64243199999));
#6615 = DIRECTION('',(0.,2.22044604925E-16,-1.));
#6616 = DIRECTION('',(1.,0.,0.));
#6617 = ADVANCED_FACE('',(#6618),#6634,.F.);
#6618 = FACE_BOUND('',#6619,.F.);
#6619 = EDGE_LOOP('',(#6620,#6626,#6627,#6633));
#6620 = ORIENTED_EDGE('',*,*,#6621,.T.);
#6621 = EDGE_CURVE('',#6246,#6373,#6622,.T.);
#6622 = LINE('',#6623,#6624);
#6623 = CARTESIAN_POINT('',(-749.3,2.6797E+03,-55.157568));
#6624 = VECTOR('',#6625,1.);
#6625 = DIRECTION('',(0.,1.,2.22044604925E-16));
#6626 = ORIENTED_EDGE('',*,*,#6380,.T.);
#6627 = ORIENTED_EDGE('',*,*,#6628,.F.);
#6628 = EDGE_CURVE('',#6238,#6381,#6629,.T.);
#6629 = LINE('',#6630,#6631);
#6630 = CARTESIAN_POINT('',(-1.9431E+03,2.6797E+03,-55.157568));
#6631 = VECTOR('',#6632,1.);
#6632 = DIRECTION('',(0.,1.,2.22044604925E-16));
#6633 = ORIENTED_EDGE('',*,*,#6245,.F.);
#6634 = PLANE('',#6635);
#6635 = AXIS2_PLACEMENT_3D('',#6636,#6637,#6638);
#6636 = CARTESIAN_POINT('',(-749.3,2.6797E+03,-55.157568));
#6637 = DIRECTION('',(0.,-2.22044604925E-16,1.));
#6638 = DIRECTION('',(-1.,-0.,0.));
#6639 = ADVANCED_FACE('',(#6640),#6651,.F.);
#6640 = FACE_BOUND('',#6641,.F.);
#6641 = EDGE_LOOP('',(#6642,#6643,#6644,#6650));
#6642 = ORIENTED_EDGE('',*,*,#6628,.T.);
#6643 = ORIENTED_EDGE('',*,*,#6388,.T.);
#6644 = ORIENTED_EDGE('',*,*,#6645,.F.);
#6645 = EDGE_CURVE('',#6230,#6389,#6646,.T.);
#6646 = LINE('',#6647,#6648);
#6647 = CARTESIAN_POINT('',(-1.9431E+03,2.6797E+03,-1.3984557568E+04));
#6648 = VECTOR('',#6649,1.);
#6649 = DIRECTION('',(0.,1.,2.22044604925E-16));
#6650 = ORIENTED_EDGE('',*,*,#6237,.F.);
#6651 = PLANE('',#6652);
#6652 = AXIS2_PLACEMENT_3D('',#6653,#6654,#6655);
#6653 = CARTESIAN_POINT('',(-1.9431E+03,2.6797E+03,-55.157568));
#6654 = DIRECTION('',(-1.,0.,0.));
#6655 = DIRECTION('',(0.,2.22044604925E-16,-1.));
#6656 = ADVANCED_FACE('',(#6657),#6668,.F.);
#6657 = FACE_BOUND('',#6658,.F.);
#6658 = EDGE_LOOP('',(#6659,#6660,#6661,#6667));
#6659 = ORIENTED_EDGE('',*,*,#5768,.T.);
#6660 = ORIENTED_EDGE('',*,*,#6411,.T.);
#6661 = ORIENTED_EDGE('',*,*,#6662,.F.);
#6662 = EDGE_CURVE('',#5715,#6412,#6663,.T.);
#6663 = LINE('',#6664,#6665);
#6664 = CARTESIAN_POINT('',(-1.9431E+03,2.6797E+03,-1.4733857568E+04));
#6665 = VECTOR('',#6666,1.);
#6666 = DIRECTION('',(0.,1.,2.22044604925E-16));
#6667 = ORIENTED_EDGE('',*,*,#5722,.F.);
#6668 = PLANE('',#6669);
#6669 = AXIS2_PLACEMENT_3D('',#6670,#6671,#6672);
#6670 = CARTESIAN_POINT('',(-1.9431E+03,2.6797E+03,-1.4289357568E+04));
#6671 = DIRECTION('',(-1.,0.,0.));
#6672 = DIRECTION('',(0.,2.22044604925E-16,-1.));
#6673 = ADVANCED_FACE('',(#6674),#6690,.T.);
#6674 = FACE_BOUND('',#6675,.T.);
#6675 = EDGE_LOOP('',(#6676,#6677,#6683,#6684));
#6676 = ORIENTED_EDGE('',*,*,#5783,.T.);
#6677 = ORIENTED_EDGE('',*,*,#6678,.T.);
#6678 = EDGE_CURVE('',#5786,#6436,#6679,.T.);
#6679 = LINE('',#6680,#6681);
#6680 = CARTESIAN_POINT('',(-1.4986E+03,5.543175518596E-14,
    249.64243199999));
#6681 = VECTOR('',#6682,1.);
#6682 = DIRECTION('',(-0.,1.,-2.22044604925E-16));
#6683 = ORIENTED_EDGE('',*,*,#6435,.F.);
#6684 = ORIENTED_EDGE('',*,*,#6685,.F.);
#6685 = EDGE_CURVE('',#5784,#6428,#6686,.T.);
#6686 = LINE('',#6687,#6688);
#6687 = CARTESIAN_POINT('',(-2.2479E+03,2.6797E+03,249.64243199999));
#6688 = VECTOR('',#6689,1.);
#6689 = DIRECTION('',(0.,1.,2.22044604925E-16));
#6690 = PLANE('',#6691);
#6691 = AXIS2_PLACEMENT_3D('',#6692,#6693,#6694);
#6692 = CARTESIAN_POINT('',(-1.87325E+03,1.4986E+03,249.64243199999));
#6693 = DIRECTION('',(0.,4.060278562957E-16,1.));
#6694 = DIRECTION('',(0.,-1.,4.060278562957E-16));
#6695 = ADVANCED_FACE('',(#6696),#6707,.T.);
#6696 = FACE_BOUND('',#6697,.T.);
#6697 = EDGE_LOOP('',(#6698,#6699,#6700,#6701));
#6698 = ORIENTED_EDGE('',*,*,#5937,.T.);
#6699 = ORIENTED_EDGE('',*,*,#6685,.T.);
#6700 = ORIENTED_EDGE('',*,*,#6427,.F.);
#6701 = ORIENTED_EDGE('',*,*,#6702,.F.);
#6702 = EDGE_CURVE('',#5930,#6420,#6703,.T.);
#6703 = LINE('',#6704,#6705);
#6704 = CARTESIAN_POINT('',(-2.2479E+03,2.6797E+03,-1.4733857568E+04));
#6705 = VECTOR('',#6706,1.);
#6706 = DIRECTION('',(0.,1.,2.22044604925E-16));
#6707 = PLANE('',#6708);
#6708 = AXIS2_PLACEMENT_3D('',#6709,#6710,#6711);
#6709 = CARTESIAN_POINT('',(-2.2479E+03,1.4986E+03,-7.242107568E+03));
#6710 = DIRECTION('',(-1.,0.,0.));
#6711 = DIRECTION('',(0.,1.,2.22044604925E-16));
#6712 = ADVANCED_FACE('',(#6713),#6729,.T.);
#6713 = FACE_BOUND('',#6714,.T.);
#6714 = EDGE_LOOP('',(#6715,#6716,#6722,#6723));
#6715 = ORIENTED_EDGE('',*,*,#5825,.T.);
#6716 = ORIENTED_EDGE('',*,*,#6717,.T.);
#6717 = EDGE_CURVE('',#5826,#6476,#6718,.T.);
#6718 = LINE('',#6719,#6720);
#6719 = CARTESIAN_POINT('',(-2.2479E+03,-3.604329627649E-12,
    -1.6232457568E+04));
#6720 = VECTOR('',#6721,1.);
#6721 = DIRECTION('',(-0.,1.,-2.22044604925E-16));
#6722 = ORIENTED_EDGE('',*,*,#6475,.F.);
#6723 = ORIENTED_EDGE('',*,*,#6724,.F.);
#6724 = EDGE_CURVE('',#5818,#6468,#6725,.T.);
#6725 = LINE('',#6726,#6727);
#6726 = CARTESIAN_POINT('',(-2.2479E+03,2.6797E+03,-1.6981757568E+04));
#6727 = VECTOR('',#6728,1.);
#6728 = DIRECTION('',(0.,1.,2.22044604925E-16));
#6729 = PLANE('',#6730);
#6730 = AXIS2_PLACEMENT_3D('',#6731,#6732,#6733);
#6731 = CARTESIAN_POINT('',(-2.2479E+03,1.4986E+03,-1.6607107568E+04));
#6732 = DIRECTION('',(-1.,0.,0.));
#6733 = DIRECTION('',(0.,1.,2.22044604925E-16));
#6734 = ADVANCED_FACE('',(#6735),#6746,.T.);
#6735 = FACE_BOUND('',#6736,.T.);
#6736 = EDGE_LOOP('',(#6737,#6738,#6739,#6745));
#6737 = ORIENTED_EDGE('',*,*,#6678,.F.);
#6738 = ORIENTED_EDGE('',*,*,#5793,.T.);
#6739 = ORIENTED_EDGE('',*,*,#6740,.T.);
#6740 = EDGE_CURVE('',#5794,#6444,#6741,.T.);
#6741 = LINE('',#6742,#6743);
#6742 = CARTESIAN_POINT('',(-1.4986E+03,3.881878001266E-13,
    1.748242432E+03));
#6743 = VECTOR('',#6744,1.);
#6744 = DIRECTION('',(-0.,1.,-2.22044604925E-16));
#6745 = ORIENTED_EDGE('',*,*,#6443,.F.);
#6746 = PLANE('',#6747);
#6747 = AXIS2_PLACEMENT_3D('',#6748,#6749,#6750);
#6748 = CARTESIAN_POINT('',(-1.4986E+03,1.4986E+03,998.94243199999));
#6749 = DIRECTION('',(-1.,0.,0.));
#6750 = DIRECTION('',(0.,1.,2.22044604925E-16));
#6751 = ADVANCED_FACE('',(#6752),#6765,.T.);
#6752 = FACE_BOUND('',#6753,.T.);
#6753 = EDGE_LOOP('',(#6754,#6760,#6761,#6762,#6763,#6764));
#6754 = ORIENTED_EDGE('',*,*,#6755,.F.);
#6755 = EDGE_CURVE('',#5922,#5713,#6756,.T.);
#6756 = LINE('',#6757,#6758);
#6757 = CARTESIAN_POINT('',(0.,-3.271573582708E-12,-1.4733857568E+04));
#6758 = VECTOR('',#6759,1.);
#6759 = DIRECTION('',(0.,1.,-2.22044604925E-16));
#6760 = ORIENTED_EDGE('',*,*,#5929,.T.);
#6761 = ORIENTED_EDGE('',*,*,#6702,.T.);
#6762 = ORIENTED_EDGE('',*,*,#6419,.F.);
#6763 = ORIENTED_EDGE('',*,*,#6662,.F.);
#6764 = ORIENTED_EDGE('',*,*,#5712,.F.);
#6765 = PLANE('',#6766);
#6766 = AXIS2_PLACEMENT_3D('',#6767,#6768,#6769);
#6767 = CARTESIAN_POINT('',(-1.182760532688E+03,1.439789467312E+03,
    -1.4733857568E+04));
#6768 = DIRECTION('',(0.,-4.463977519547E-16,-1.));
#6769 = DIRECTION('',(0.,1.,-4.463977519547E-16));
#6770 = ADVANCED_FACE('',(#6771),#6782,.T.);
#6771 = FACE_BOUND('',#6772,.T.);
#6772 = EDGE_LOOP('',(#6773,#6774,#6775,#6781));
#6773 = ORIENTED_EDGE('',*,*,#6740,.F.);
#6774 = ORIENTED_EDGE('',*,*,#5801,.T.);
#6775 = ORIENTED_EDGE('',*,*,#6776,.T.);
#6776 = EDGE_CURVE('',#5802,#6452,#6777,.T.);
#6777 = LINE('',#6778,#6779);
#6778 = CARTESIAN_POINT('',(2.2479E+03,3.881878001266E-13,
    1.748242432E+03));
#6779 = VECTOR('',#6780,1.);
#6780 = DIRECTION('',(-0.,1.,-2.22044604925E-16));
#6781 = ORIENTED_EDGE('',*,*,#6451,.F.);
#6782 = PLANE('',#6783);
#6783 = AXIS2_PLACEMENT_3D('',#6784,#6785,#6786);
#6784 = CARTESIAN_POINT('',(374.65,1.4986E+03,1.748242432E+03));
#6785 = DIRECTION('',(0.,3.051180390891E-16,1.));
#6786 = DIRECTION('',(0.,-1.,3.051180390891E-16));
#6787 = ADVANCED_FACE('',(#6788),#6799,.T.);
#6788 = FACE_BOUND('',#6789,.T.);
#6789 = EDGE_LOOP('',(#6790,#6791,#6792,#6798));
#6790 = ORIENTED_EDGE('',*,*,#6776,.F.);
#6791 = ORIENTED_EDGE('',*,*,#5809,.T.);
#6792 = ORIENTED_EDGE('',*,*,#6793,.T.);
#6793 = EDGE_CURVE('',#5810,#6460,#6794,.T.);
#6794 = LINE('',#6795,#6796);
#6795 = CARTESIAN_POINT('',(2.2479E+03,-3.770707650119E-12,
    -1.6981757568E+04));
#6796 = VECTOR('',#6797,1.);
#6797 = DIRECTION('',(-0.,1.,-2.22044604925E-16));
#6798 = ORIENTED_EDGE('',*,*,#6459,.F.);
#6799 = PLANE('',#6800);
#6800 = AXIS2_PLACEMENT_3D('',#6801,#6802,#6803);
#6801 = CARTESIAN_POINT('',(2.2479E+03,1.4986E+03,-7.616757568E+03));
#6802 = DIRECTION('',(1.,0.,0.));
#6803 = DIRECTION('',(0.,-1.,-2.22044604925E-16));
#6804 = ADVANCED_FACE('',(#6805),#6811,.T.);
#6805 = FACE_BOUND('',#6806,.T.);
#6806 = EDGE_LOOP('',(#6807,#6808,#6809,#6810));
#6807 = ORIENTED_EDGE('',*,*,#6793,.F.);
#6808 = ORIENTED_EDGE('',*,*,#5817,.T.);
#6809 = ORIENTED_EDGE('',*,*,#6724,.T.);
#6810 = ORIENTED_EDGE('',*,*,#6467,.F.);
#6811 = PLANE('',#6812);
#6812 = AXIS2_PLACEMENT_3D('',#6813,#6814,#6815);
#6813 = CARTESIAN_POINT('',(-6.214617473745E-14,1.4986E+03,
    -1.6981757568E+04));
#6814 = DIRECTION('',(-0.,2.22044604925E-16,-1.));
#6815 = DIRECTION('',(0.,1.,2.22044604925E-16));
#6816 = ADVANCED_FACE('',(#6817),#6825,.T.);
#6817 = FACE_BOUND('',#6818,.T.);
#6818 = EDGE_LOOP('',(#6819,#6820,#6821,#6822,#6823,#6824));
#6819 = ORIENTED_EDGE('',*,*,#6717,.F.);
#6820 = ORIENTED_EDGE('',*,*,#5833,.T.);
#6821 = ORIENTED_EDGE('',*,*,#5951,.T.);
#6822 = ORIENTED_EDGE('',*,*,#6126,.F.);
#6823 = ORIENTED_EDGE('',*,*,#6268,.T.);
#6824 = ORIENTED_EDGE('',*,*,#6483,.F.);
#6825 = PLANE('',#6826);
#6826 = AXIS2_PLACEMENT_3D('',#6827,#6828,#6829);
#6827 = CARTESIAN_POINT('',(-455.6693032015,1.417580696798E+03,
    -1.6232457568E+04));
#6828 = DIRECTION('',(5.001962764044E-16,4.320687631639E-16,1.));
#6829 = DIRECTION('',(0.,-1.,4.320687631639E-16));
#6830 = ADVANCED_FACE('',(#6831),#6844,.T.);
#6831 = FACE_BOUND('',#6832,.T.);
#6832 = EDGE_LOOP('',(#6833,#6834,#6835,#6841,#6842,#6843));
#6833 = ORIENTED_EDGE('',*,*,#5967,.F.);
#6834 = ORIENTED_EDGE('',*,*,#5849,.T.);
#6835 = ORIENTED_EDGE('',*,*,#6836,.T.);
#6836 = EDGE_CURVE('',#5850,#6317,#6837,.T.);
#6837 = LINE('',#6838,#6839);
#6838 = CARTESIAN_POINT('',(0.,-2.772439515297E-12,-1.2485957568E+04));
#6839 = VECTOR('',#6840,1.);
#6840 = DIRECTION('',(-0.,1.,-2.22044604925E-16));
#6841 = ORIENTED_EDGE('',*,*,#6316,.F.);
#6842 = ORIENTED_EDGE('',*,*,#6516,.F.);
#6843 = ORIENTED_EDGE('',*,*,#6133,.T.);
#6844 = PLANE('',#6845);
#6845 = AXIS2_PLACEMENT_3D('',#6846,#6847,#6848);
#6846 = CARTESIAN_POINT('',(850.99794344473,1.619152056555E+03,
    -1.2485957568E+04));
#6847 = DIRECTION('',(0.,-4.217914657402E-16,-1.));
#6848 = DIRECTION('',(0.,1.,-4.217914657402E-16));
#6849 = ADVANCED_FACE('',(#6850),#6858,.T.);
#6850 = FACE_BOUND('',#6851,.T.);
#6851 = EDGE_LOOP('',(#6852,#6853,#6854,#6855,#6856,#6857));
#6852 = ORIENTED_EDGE('',*,*,#6836,.F.);
#6853 = ORIENTED_EDGE('',*,*,#5857,.T.);
#6854 = ORIENTED_EDGE('',*,*,#5982,.T.);
#6855 = ORIENTED_EDGE('',*,*,#6211,.F.);
#6856 = ORIENTED_EDGE('',*,*,#6531,.T.);
#6857 = ORIENTED_EDGE('',*,*,#6324,.F.);
#6858 = PLANE('',#6859);
#6859 = AXIS2_PLACEMENT_3D('',#6860,#6861,#6862);
#6860 = CARTESIAN_POINT('',(0.,1.479765254237E+03,-1.213014231376E+04));
#6861 = DIRECTION('',(-1.,0.,0.));
#6862 = DIRECTION('',(0.,1.,2.22044604925E-16));
#6863 = ADVANCED_FACE('',(#6864),#6877,.T.);
#6864 = FACE_BOUND('',#6865,.T.);
#6865 = EDGE_LOOP('',(#6866,#6867,#6868,#6869,#6870,#6871));
#6866 = ORIENTED_EDGE('',*,*,#5921,.T.);
#6867 = ORIENTED_EDGE('',*,*,#6755,.T.);
#6868 = ORIENTED_EDGE('',*,*,#5738,.F.);
#6869 = ORIENTED_EDGE('',*,*,#5752,.T.);
#6870 = ORIENTED_EDGE('',*,*,#6404,.F.);
#6871 = ORIENTED_EDGE('',*,*,#6872,.F.);
#6872 = EDGE_CURVE('',#5914,#6397,#6873,.T.);
#6873 = LINE('',#6874,#6875);
#6874 = CARTESIAN_POINT('',(0.,2.6797E+03,-1.3984557568E+04));
#6875 = VECTOR('',#6876,1.);
#6876 = DIRECTION('',(0.,1.,2.22044604925E-16));
#6877 = PLANE('',#6878);
#6878 = AXIS2_PLACEMENT_3D('',#6879,#6880,#6881);
#6879 = CARTESIAN_POINT('',(4.220508474576E-15,1.479765254237E+03,
    -1.434037282224E+04));
#6880 = DIRECTION('',(1.,0.,0.));
#6881 = DIRECTION('',(0.,-1.,-2.22044604925E-16));
#6882 = ADVANCED_FACE('',(#6883),#6893,.T.);
#6883 = FACE_BOUND('',#6884,.T.);
#6884 = EDGE_LOOP('',(#6885,#6886,#6887,#6888,#6889,#6890,#6891,#6892));
#6885 = ORIENTED_EDGE('',*,*,#6046,.F.);
#6886 = ORIENTED_EDGE('',*,*,#5889,.T.);
#6887 = ORIENTED_EDGE('',*,*,#6061,.T.);
#6888 = ORIENTED_EDGE('',*,*,#6253,.F.);
#6889 = ORIENTED_EDGE('',*,*,#6621,.T.);
#6890 = ORIENTED_EDGE('',*,*,#6372,.F.);
#6891 = ORIENTED_EDGE('',*,*,#6606,.F.);
#6892 = ORIENTED_EDGE('',*,*,#6163,.F.);
#6893 = PLANE('',#6894);
#6894 = AXIS2_PLACEMENT_3D('',#6895,#6896,#6897);
#6895 = CARTESIAN_POINT('',(-749.3,1.456446045198E+03,238.87972013559));
#6896 = DIRECTION('',(1.,0.,0.));
#6897 = DIRECTION('',(0.,-1.,-2.22044604925E-16));
#6898 = ADVANCED_FACE('',(#6899),#6907,.T.);
#6899 = FACE_BOUND('',#6900,.T.);
#6900 = EDGE_LOOP('',(#6901,#6902,#6903,#6904,#6905,#6906));
#6901 = ORIENTED_EDGE('',*,*,#6101,.F.);
#6902 = ORIENTED_EDGE('',*,*,#5913,.T.);
#6903 = ORIENTED_EDGE('',*,*,#6872,.T.);
#6904 = ORIENTED_EDGE('',*,*,#6396,.F.);
#6905 = ORIENTED_EDGE('',*,*,#6645,.F.);
#6906 = ORIENTED_EDGE('',*,*,#6229,.T.);
#6907 = PLANE('',#6908);
#6908 = AXIS2_PLACEMENT_3D('',#6909,#6910,#6911);
#6909 = CARTESIAN_POINT('',(-850.9979434447,1.619152056555E+03,
    -1.3984557568E+04));
#6910 = DIRECTION('',(0.,4.217914657402E-16,1.));
#6911 = DIRECTION('',(0.,-1.,4.217914657402E-16));
#6912 = ( GEOMETRIC_REPRESENTATION_CONTEXT(3) 
GLOBAL_UNCERTAINTY_ASSIGNED_CONTEXT((#6916)) 
GLOBAL_UNIT_ASSIGNED_CONTEXT((#6913,#6914,#6915)) REPRESENTATION_CONTEXT
('Context #1','3D Context with UNIT and UNCERTAINTY') );
#6913 = ( LENGTH_UNIT() NAMED_UNIT(*) SI_UNIT(.MILLI.,.METRE.) );
#6914 = ( NAMED_UNIT(*) PLANE_ANGLE_UNIT() SI_UNIT($,.RADIAN.) );
#6915 = ( NAMED_UNIT(*) SI_UNIT($,.STERADIAN.) SOLID_ANGLE_UNIT() );
#6916 = UNCERTAINTY_MEASURE_WITH_UNIT(LENGTH_MEASURE(1.E-07),#6913,
  'distance_accuracy_value','confusion accuracy');
#6917 = CONTEXT_DEPENDENT_SHAPE_REPRESENTATION(#6918,#6920);
#6918 = ( REPRESENTATION_RELATIONSHIP('','',#5705,#5678) 
REPRESENTATION_RELATIONSHIP_WITH_TRANSFORMATION(#6919) 
SHAPE_REPRESENTATION_RELATIONSHIP() );
#6919 = ITEM_DEFINED_TRANSFORMATION('','',#11,#5679);
#6920 = PRODUCT_DEFINITION_SHAPE('Placement','Placement of an item',
  #6921);
#6921 = NEXT_ASSEMBLY_USAGE_OCCURRENCE('21','ConcreteVaultNoRoofBody',''
  ,#5673,#5700,$);
#6922 = PRODUCT_RELATED_PRODUCT_CATEGORY('part',$,(#5702));
#6923 = SHAPE_DEFINITION_REPRESENTATION(#6924,#6930);
#6924 = PRODUCT_DEFINITION_SHAPE('','',#6925);
#6925 = PRODUCT_DEFINITION('design','',#6926,#6929);
#6926 = PRODUCT_DEFINITION_FORMATION('','',#6927);
#6927 = PRODUCT('AdditionalWall','AdditionalWall','',(#6928));
#6928 = PRODUCT_CONTEXT('',#2,'mechanical');
#6929 = PRODUCT_DEFINITION_CONTEXT('part definition',#2,'design');
#6930 = ADVANCED_BREP_SHAPE_REPRESENTATION('',(#11,#6931),#7081);
#6931 = MANIFOLD_SOLID_BREP('',#6932);
#6932 = CLOSED_SHELL('',(#6933,#6973,#7004,#7035,#7057,#7069));
#6933 = ADVANCED_FACE('',(#6934),#6968,.F.);
#6934 = FACE_BOUND('',#6935,.F.);
#6935 = EDGE_LOOP('',(#6936,#6946,#6954,#6962));
#6936 = ORIENTED_EDGE('',*,*,#6937,.T.);
#6937 = EDGE_CURVE('',#6938,#6940,#6942,.T.);
#6938 = VERTEX_POINT('',#6939);
#6939 = CARTESIAN_POINT('',(2.25E+03,0.,0.));
#6940 = VERTEX_POINT('',#6941);
#6941 = CARTESIAN_POINT('',(2.25E+03,0.,750.));
#6942 = LINE('',#6943,#6944);
#6943 = CARTESIAN_POINT('',(2.25E+03,0.,0.));
#6944 = VECTOR('',#6945,1.);
#6945 = DIRECTION('',(0.,0.,1.));
#6946 = ORIENTED_EDGE('',*,*,#6947,.T.);
#6947 = EDGE_CURVE('',#6940,#6948,#6950,.T.);
#6948 = VERTEX_POINT('',#6949);
#6949 = CARTESIAN_POINT('',(2.25E+03,2.689E+03,750.));
#6950 = LINE('',#6951,#6952);
#6951 = CARTESIAN_POINT('',(2.25E+03,0.,750.));
#6952 = VECTOR('',#6953,1.);
#6953 = DIRECTION('',(0.,1.,0.));
#6954 = ORIENTED_EDGE('',*,*,#6955,.F.);
#6955 = EDGE_CURVE('',#6956,#6948,#6958,.T.);
#6956 = VERTEX_POINT('',#6957);
#6957 = CARTESIAN_POINT('',(2.25E+03,2.689E+03,0.));
#6958 = LINE('',#6959,#6960);
#6959 = CARTESIAN_POINT('',(2.25E+03,2.689E+03,0.));
#6960 = VECTOR('',#6961,1.);
#6961 = DIRECTION('',(0.,0.,1.));
#6962 = ORIENTED_EDGE('',*,*,#6963,.F.);
#6963 = EDGE_CURVE('',#6938,#6956,#6964,.T.);
#6964 = LINE('',#6965,#6966);
#6965 = CARTESIAN_POINT('',(2.25E+03,0.,0.));
#6966 = VECTOR('',#6967,1.);
#6967 = DIRECTION('',(0.,1.,0.));
#6968 = PLANE('',#6969);
#6969 = AXIS2_PLACEMENT_3D('',#6970,#6971,#6972);
#6970 = CARTESIAN_POINT('',(2.25E+03,0.,0.));
#6971 = DIRECTION('',(-1.,0.,0.));
#6972 = DIRECTION('',(0.,1.,0.));
#6973 = ADVANCED_FACE('',(#6974),#6999,.F.);
#6974 = FACE_BOUND('',#6975,.F.);
#6975 = EDGE_LOOP('',(#6976,#6977,#6985,#6993));
#6976 = ORIENTED_EDGE('',*,*,#6955,.T.);
#6977 = ORIENTED_EDGE('',*,*,#6978,.T.);
#6978 = EDGE_CURVE('',#6948,#6979,#6981,.T.);
#6979 = VERTEX_POINT('',#6980);
#6980 = CARTESIAN_POINT('',(-2.25E+03,2.689E+03,750.));
#6981 = LINE('',#6982,#6983);
#6982 = CARTESIAN_POINT('',(2.25E+03,2.689E+03,750.));
#6983 = VECTOR('',#6984,1.);
#6984 = DIRECTION('',(-1.,0.,0.));
#6985 = ORIENTED_EDGE('',*,*,#6986,.F.);
#6986 = EDGE_CURVE('',#6987,#6979,#6989,.T.);
#6987 = VERTEX_POINT('',#6988);
#6988 = CARTESIAN_POINT('',(-2.25E+03,2.689E+03,0.));
#6989 = LINE('',#6990,#6991);
#6990 = CARTESIAN_POINT('',(-2.25E+03,2.689E+03,0.));
#6991 = VECTOR('',#6992,1.);
#6992 = DIRECTION('',(0.,0.,1.));
#6993 = ORIENTED_EDGE('',*,*,#6994,.F.);
#6994 = EDGE_CURVE('',#6956,#6987,#6995,.T.);
#6995 = LINE('',#6996,#6997);
#6996 = CARTESIAN_POINT('',(2.25E+03,2.689E+03,0.));
#6997 = VECTOR('',#6998,1.);
#6998 = DIRECTION('',(-1.,0.,0.));
#6999 = PLANE('',#7000);
#7000 = AXIS2_PLACEMENT_3D('',#7001,#7002,#7003);
#7001 = CARTESIAN_POINT('',(2.25E+03,2.689E+03,0.));
#7002 = DIRECTION('',(0.,-1.,0.));
#7003 = DIRECTION('',(-1.,0.,0.));
#7004 = ADVANCED_FACE('',(#7005),#7030,.F.);
#7005 = FACE_BOUND('',#7006,.F.);
#7006 = EDGE_LOOP('',(#7007,#7008,#7016,#7024));
#7007 = ORIENTED_EDGE('',*,*,#6986,.T.);
#7008 = ORIENTED_EDGE('',*,*,#7009,.T.);
#7009 = EDGE_CURVE('',#6979,#7010,#7012,.T.);
#7010 = VERTEX_POINT('',#7011);
#7011 = CARTESIAN_POINT('',(-2.25E+03,0.,750.));
#7012 = LINE('',#7013,#7014);
#7013 = CARTESIAN_POINT('',(-2.25E+03,2.689E+03,750.));
#7014 = VECTOR('',#7015,1.);
#7015 = DIRECTION('',(0.,-1.,0.));
#7016 = ORIENTED_EDGE('',*,*,#7017,.F.);
#7017 = EDGE_CURVE('',#7018,#7010,#7020,.T.);
#7018 = VERTEX_POINT('',#7019);
#7019 = CARTESIAN_POINT('',(-2.25E+03,0.,0.));
#7020 = LINE('',#7021,#7022);
#7021 = CARTESIAN_POINT('',(-2.25E+03,0.,0.));
#7022 = VECTOR('',#7023,1.);
#7023 = DIRECTION('',(0.,0.,1.));
#7024 = ORIENTED_EDGE('',*,*,#7025,.F.);
#7025 = EDGE_CURVE('',#6987,#7018,#7026,.T.);
#7026 = LINE('',#7027,#7028);
#7027 = CARTESIAN_POINT('',(-2.25E+03,2.689E+03,0.));
#7028 = VECTOR('',#7029,1.);
#7029 = DIRECTION('',(0.,-1.,0.));
#7030 = PLANE('',#7031);
#7031 = AXIS2_PLACEMENT_3D('',#7032,#7033,#7034);
#7032 = CARTESIAN_POINT('',(-2.25E+03,2.689E+03,0.));
#7033 = DIRECTION('',(1.,0.,0.));
#7034 = DIRECTION('',(0.,-1.,0.));
#7035 = ADVANCED_FACE('',(#7036),#7052,.F.);
#7036 = FACE_BOUND('',#7037,.F.);
#7037 = EDGE_LOOP('',(#7038,#7039,#7045,#7046));
#7038 = ORIENTED_EDGE('',*,*,#7017,.T.);
#7039 = ORIENTED_EDGE('',*,*,#7040,.T.);
#7040 = EDGE_CURVE('',#7010,#6940,#7041,.T.);
#7041 = LINE('',#7042,#7043);
#7042 = CARTESIAN_POINT('',(-2.25E+03,0.,750.));
#7043 = VECTOR('',#7044,1.);
#7044 = DIRECTION('',(1.,0.,0.));
#7045 = ORIENTED_EDGE('',*,*,#6937,.F.);
#7046 = ORIENTED_EDGE('',*,*,#7047,.F.);
#7047 = EDGE_CURVE('',#7018,#6938,#7048,.T.);
#7048 = LINE('',#7049,#7050);
#7049 = CARTESIAN_POINT('',(-2.25E+03,0.,0.));
#7050 = VECTOR('',#7051,1.);
#7051 = DIRECTION('',(1.,0.,0.));
#7052 = PLANE('',#7053);
#7053 = AXIS2_PLACEMENT_3D('',#7054,#7055,#7056);
#7054 = CARTESIAN_POINT('',(-2.25E+03,0.,0.));
#7055 = DIRECTION('',(0.,1.,0.));
#7056 = DIRECTION('',(1.,0.,0.));
#7057 = ADVANCED_FACE('',(#7058),#7064,.F.);
#7058 = FACE_BOUND('',#7059,.F.);
#7059 = EDGE_LOOP('',(#7060,#7061,#7062,#7063));
#7060 = ORIENTED_EDGE('',*,*,#6963,.T.);
#7061 = ORIENTED_EDGE('',*,*,#6994,.T.);
#7062 = ORIENTED_EDGE('',*,*,#7025,.T.);
#7063 = ORIENTED_EDGE('',*,*,#7047,.T.);
#7064 = PLANE('',#7065);
#7065 = AXIS2_PLACEMENT_3D('',#7066,#7067,#7068);
#7066 = CARTESIAN_POINT('',(0.,1.3445E+03,0.));
#7067 = DIRECTION('',(0.,0.,1.));
#7068 = DIRECTION('',(1.,0.,0.));
#7069 = ADVANCED_FACE('',(#7070),#7076,.T.);
#7070 = FACE_BOUND('',#7071,.T.);
#7071 = EDGE_LOOP('',(#7072,#7073,#7074,#7075));
#7072 = ORIENTED_EDGE('',*,*,#6947,.T.);
#7073 = ORIENTED_EDGE('',*,*,#6978,.T.);
#7074 = ORIENTED_EDGE('',*,*,#7009,.T.);
#7075 = ORIENTED_EDGE('',*,*,#7040,.T.);
#7076 = PLANE('',#7077);
#7077 = AXIS2_PLACEMENT_3D('',#7078,#7079,#7080);
#7078 = CARTESIAN_POINT('',(0.,1.3445E+03,750.));
#7079 = DIRECTION('',(0.,0.,1.));
#7080 = DIRECTION('',(1.,0.,0.));
#7081 = ( GEOMETRIC_REPRESENTATION_CONTEXT(3) 
GLOBAL_UNCERTAINTY_ASSIGNED_CONTEXT((#7085)) 
GLOBAL_UNIT_ASSIGNED_CONTEXT((#7082,#7083,#7084)) REPRESENTATION_CONTEXT
('Context #1','3D Context with UNIT and UNCERTAINTY') );
#7082 = ( LENGTH_UNIT() NAMED_UNIT(*) SI_UNIT(.MILLI.,.METRE.) );
#7083 = ( NAMED_UNIT(*) PLANE_ANGLE_UNIT() SI_UNIT($,.RADIAN.) );
#7084 = ( NAMED_UNIT(*) SI_UNIT($,.STERADIAN.) SOLID_ANGLE_UNIT() );
#7085 = UNCERTAINTY_MEASURE_WITH_UNIT(LENGTH_MEASURE(1.E-07),#7082,
  'distance_accuracy_value','confusion accuracy');
#7086 = CONTEXT_DEPENDENT_SHAPE_REPRESENTATION(#7087,#7089);
#7087 = ( REPRESENTATION_RELATIONSHIP('','',#6930,#5678) 
REPRESENTATION_RELATIONSHIP_WITH_TRANSFORMATION(#7088) 
SHAPE_REPRESENTATION_RELATIONSHIP() );
#7088 = ITEM_DEFINED_TRANSFORMATION('','',#11,#5683);
#7089 = PRODUCT_DEFINITION_SHAPE('Placement','Placement of an item',
  #7090);
#7090 = NEXT_ASSEMBLY_USAGE_OCCURRENCE('22','AdditionalWall','',#5673,
  #6925,$);
#7091 = PRODUCT_RELATED_PRODUCT_CATEGORY('part',$,(#6927));
#7092 = SHAPE_DEFINITION_REPRESENTATION(#7093,#7099);
#7093 = PRODUCT_DEFINITION_SHAPE('','',#7094);
#7094 = PRODUCT_DEFINITION('design','',#7095,#7098);
#7095 = PRODUCT_DEFINITION_FORMATION('','',#7096);
#7096 = PRODUCT('W_Pinhole','W_Pinhole','',(#7097));
#7097 = PRODUCT_CONTEXT('',#2,'mechanical');
#7098 = PRODUCT_DEFINITION_CONTEXT('part definition',#2,'design');
#7099 = SHAPE_REPRESENTATION('',(#11,#7100),#7104);
#7100 = AXIS2_PLACEMENT_3D('',#7101,#7102,#7103);
#7101 = CARTESIAN_POINT('',(0.,0.,0.));
#7102 = DIRECTION('',(0.,0.,1.));
#7103 = DIRECTION('',(1.,0.,0.));
#7104 = ( GEOMETRIC_REPRESENTATION_CONTEXT(3) 
GLOBAL_UNCERTAINTY_ASSIGNED_CONTEXT((#7108)) 
GLOBAL_UNIT_ASSIGNED_CONTEXT((#7105,#7106,#7107)) REPRESENTATION_CONTEXT
('Context #1','3D Context with UNIT and UNCERTAINTY') );
#7105 = ( LENGTH_UNIT() NAMED_UNIT(*) SI_UNIT(.MILLI.,.METRE.) );
#7106 = ( NAMED_UNIT(*) PLANE_ANGLE_UNIT() SI_UNIT($,.RADIAN.) );
#7107 = ( NAMED_UNIT(*) SI_UNIT($,.STERADIAN.) SOLID_ANGLE_UNIT() );
#7108 = UNCERTAINTY_MEASURE_WITH_UNIT(LENGTH_MEASURE(1.E-07),#7105,
  'distance_accuracy_value','confusion accuracy');
#7109 = CONTEXT_DEPENDENT_SHAPE_REPRESENTATION(#7110,#7112);
#7110 = ( REPRESENTATION_RELATIONSHIP('','',#7099,#10) 
REPRESENTATION_RELATIONSHIP_WITH_TRANSFORMATION(#7111) 
SHAPE_REPRESENTATION_RELATIONSHIP() );
#7111 = ITEM_DEFINED_TRANSFORMATION('','',#11,#31);
#7112 = PRODUCT_DEFINITION_SHAPE('Placement','Placement of an item',
  #7113);
#7113 = NEXT_ASSEMBLY_USAGE_OCCURRENCE('25','W_Pinhole','',#5,#7094,$);
#7114 = PRODUCT_RELATED_PRODUCT_CATEGORY('part',$,(#7096));
#7115 = SHAPE_DEFINITION_REPRESENTATION(#7116,#7122);
#7116 = PRODUCT_DEFINITION_SHAPE('','',#7117);
#7117 = PRODUCT_DEFINITION('design','',#7118,#7121);
#7118 = PRODUCT_DEFINITION_FORMATION('','',#7119);
#7119 = PRODUCT('Tube','Tube','',(#7120));
#7120 = PRODUCT_CONTEXT('',#2,'mechanical');
#7121 = PRODUCT_DEFINITION_CONTEXT('part definition',#2,'design');
#7122 = ADVANCED_BREP_SHAPE_REPRESENTATION('',(#11,#7123),#7215);
#7123 = MANIFOLD_SOLID_BREP('',#7124);
#7124 = CLOSED_SHELL('',(#7125,#7158,#7178,#7198));
#7125 = ADVANCED_FACE('',(#7126),#7153,.T.);
#7126 = FACE_BOUND('',#7127,.T.);
#7127 = EDGE_LOOP('',(#7128,#7137,#7145,#7152));
#7128 = ORIENTED_EDGE('',*,*,#7129,.F.);
#7129 = EDGE_CURVE('',#7130,#7130,#7132,.T.);
#7130 = VERTEX_POINT('',#7131);
#7131 = CARTESIAN_POINT('',(25.,-6.123233995737E-15,15.));
#7132 = CIRCLE('',#7133,25.);
#7133 = AXIS2_PLACEMENT_3D('',#7134,#7135,#7136);
#7134 = CARTESIAN_POINT('',(0.,0.,15.));
#7135 = DIRECTION('',(0.,0.,1.));
#7136 = DIRECTION('',(1.,0.,-0.));
#7137 = ORIENTED_EDGE('',*,*,#7138,.F.);
#7138 = EDGE_CURVE('',#7139,#7130,#7141,.T.);
#7139 = VERTEX_POINT('',#7140);
#7140 = CARTESIAN_POINT('',(25.,-6.123233995737E-15,0.));
#7141 = LINE('',#7142,#7143);
#7142 = CARTESIAN_POINT('',(25.,-6.123233995737E-15,0.));
#7143 = VECTOR('',#7144,1.);
#7144 = DIRECTION('',(0.,0.,1.));
#7145 = ORIENTED_EDGE('',*,*,#7146,.T.);
#7146 = EDGE_CURVE('',#7139,#7139,#7147,.T.);
#7147 = CIRCLE('',#7148,25.);
#7148 = AXIS2_PLACEMENT_3D('',#7149,#7150,#7151);
#7149 = CARTESIAN_POINT('',(0.,0.,0.));
#7150 = DIRECTION('',(0.,0.,1.));
#7151 = DIRECTION('',(1.,0.,-0.));
#7152 = ORIENTED_EDGE('',*,*,#7138,.T.);
#7153 = CYLINDRICAL_SURFACE('',#7154,25.);
#7154 = AXIS2_PLACEMENT_3D('',#7155,#7156,#7157);
#7155 = CARTESIAN_POINT('',(0.,0.,0.));
#7156 = DIRECTION('',(0.,0.,1.));
#7157 = DIRECTION('',(1.,0.,-0.));
#7158 = ADVANCED_FACE('',(#7159,#7162),#7173,.T.);
#7159 = FACE_BOUND('',#7160,.T.);
#7160 = EDGE_LOOP('',(#7161));
#7161 = ORIENTED_EDGE('',*,*,#7129,.T.);
#7162 = FACE_BOUND('',#7163,.T.);
#7163 = EDGE_LOOP('',(#7164));
#7164 = ORIENTED_EDGE('',*,*,#7165,.F.);
#7165 = EDGE_CURVE('',#7166,#7166,#7168,.T.);
#7166 = VERTEX_POINT('',#7167);
#7167 = CARTESIAN_POINT('',(0.25,-6.123233995737E-17,15.));
#7168 = CIRCLE('',#7169,0.25);
#7169 = AXIS2_PLACEMENT_3D('',#7170,#7171,#7172);
#7170 = CARTESIAN_POINT('',(0.,0.,15.));
#7171 = DIRECTION('',(0.,0.,1.));
#7172 = DIRECTION('',(1.,0.,-0.));
#7173 = PLANE('',#7174);
#7174 = AXIS2_PLACEMENT_3D('',#7175,#7176,#7177);
#7175 = CARTESIAN_POINT('',(0.,0.,15.));
#7176 = DIRECTION('',(0.,0.,1.));
#7177 = DIRECTION('',(1.,0.,-0.));
#7178 = ADVANCED_FACE('',(#7179,#7182),#7193,.F.);
#7179 = FACE_BOUND('',#7180,.F.);
#7180 = EDGE_LOOP('',(#7181));
#7181 = ORIENTED_EDGE('',*,*,#7146,.T.);
#7182 = FACE_BOUND('',#7183,.F.);
#7183 = EDGE_LOOP('',(#7184));
#7184 = ORIENTED_EDGE('',*,*,#7185,.F.);
#7185 = EDGE_CURVE('',#7186,#7186,#7188,.T.);
#7186 = VERTEX_POINT('',#7187);
#7187 = CARTESIAN_POINT('',(0.25,-6.123233995737E-17,0.));
#7188 = CIRCLE('',#7189,0.25);
#7189 = AXIS2_PLACEMENT_3D('',#7190,#7191,#7192);
#7190 = CARTESIAN_POINT('',(0.,0.,0.));
#7191 = DIRECTION('',(0.,0.,1.));
#7192 = DIRECTION('',(1.,0.,-0.));
#7193 = PLANE('',#7194);
#7194 = AXIS2_PLACEMENT_3D('',#7195,#7196,#7197);
#7195 = CARTESIAN_POINT('',(0.,0.,0.));
#7196 = DIRECTION('',(0.,0.,1.));
#7197 = DIRECTION('',(1.,0.,-0.));
#7198 = ADVANCED_FACE('',(#7199),#7210,.F.);
#7199 = FACE_BOUND('',#7200,.F.);
#7200 = EDGE_LOOP('',(#7201,#7202,#7208,#7209));
#7201 = ORIENTED_EDGE('',*,*,#7165,.F.);
#7202 = ORIENTED_EDGE('',*,*,#7203,.F.);
#7203 = EDGE_CURVE('',#7186,#7166,#7204,.T.);
#7204 = LINE('',#7205,#7206);
#7205 = CARTESIAN_POINT('',(0.25,-6.123233995737E-17,0.));
#7206 = VECTOR('',#7207,1.);
#7207 = DIRECTION('',(0.,0.,1.));
#7208 = ORIENTED_EDGE('',*,*,#7185,.T.);
#7209 = ORIENTED_EDGE('',*,*,#7203,.T.);
#7210 = CYLINDRICAL_SURFACE('',#7211,0.25);
#7211 = AXIS2_PLACEMENT_3D('',#7212,#7213,#7214);
#7212 = CARTESIAN_POINT('',(0.,0.,0.));
#7213 = DIRECTION('',(0.,0.,1.));
#7214 = DIRECTION('',(1.,0.,-0.));
#7215 = ( GEOMETRIC_REPRESENTATION_CONTEXT(3) 
GLOBAL_UNCERTAINTY_ASSIGNED_CONTEXT((#7219)) 
GLOBAL_UNIT_ASSIGNED_CONTEXT((#7216,#7217,#7218)) REPRESENTATION_CONTEXT
('Context #1','3D Context with UNIT and UNCERTAINTY') );
#7216 = ( LENGTH_UNIT() NAMED_UNIT(*) SI_UNIT(.MILLI.,.METRE.) );
#7217 = ( NAMED_UNIT(*) PLANE_ANGLE_UNIT() SI_UNIT($,.RADIAN.) );
#7218 = ( NAMED_UNIT(*) SI_UNIT($,.STERADIAN.) SOLID_ANGLE_UNIT() );
#7219 = UNCERTAINTY_MEASURE_WITH_UNIT(LENGTH_MEASURE(1.E-07),#7216,
  'distance_accuracy_value','confusion accuracy');
#7220 = CONTEXT_DEPENDENT_SHAPE_REPRESENTATION(#7221,#7223);
#7221 = ( REPRESENTATION_RELATIONSHIP('','',#7122,#7099) 
REPRESENTATION_RELATIONSHIP_WITH_TRANSFORMATION(#7222) 
SHAPE_REPRESENTATION_RELATIONSHIP() );
#7222 = ITEM_DEFINED_TRANSFORMATION('','',#11,#7100);
#7223 = PRODUCT_DEFINITION_SHAPE('Placement','Placement of an item',
  #7224);
#7224 = NEXT_ASSEMBLY_USAGE_OCCURRENCE('24','Tube','',#7094,#7117,$);
#7225 = PRODUCT_RELATED_PRODUCT_CATEGORY('part',$,(#7119));
#7226 = MECHANICAL_DESIGN_GEOMETRIC_PRESENTATION_REPRESENTATION('',(
    #7227),#4107);
#7227 = STYLED_ITEM('color',(#7228),#3957);
#7228 = PRESENTATION_STYLE_ASSIGNMENT((#7229,#7237));
#7229 = SURFACE_STYLE_USAGE(.BOTH.,#7230);
#7230 = SURFACE_SIDE_STYLE('',(#7231,#7235));
#7231 = SURFACE_STYLE_FILL_AREA(#7232);
#7232 = FILL_AREA_STYLE('',(#7233));
#7233 = FILL_AREA_STYLE_COLOUR('',#7234);
#7234 = COLOUR_RGB('',0.447058818107,0.474509808674,0.501960817233);
#7235 = SURFACE_STYLE_RENDERING_WITH_PROPERTIES(.NORMAL_SHADING.,#7234,(
    #7236));
#7236 = SURFACE_STYLE_TRANSPARENT(0.800000011921);
#7237 = CURVE_STYLE('',#7238,POSITIVE_LENGTH_MEASURE(0.1),#7239);
#7238 = DRAUGHTING_PRE_DEFINED_CURVE_FONT('continuous');
#7239 = COLOUR_RGB('',9.803921802644E-02,9.803921802644E-02,
  9.803921802644E-02);
#7240 = MECHANICAL_DESIGN_GEOMETRIC_PRESENTATION_REPRESENTATION('',(
    #7241),#3938);
#7241 = STYLED_ITEM('color',(#7242),#3788);
#7242 = PRESENTATION_STYLE_ASSIGNMENT((#7243,#7250));
#7243 = SURFACE_STYLE_USAGE(.BOTH.,#7244);
#7244 = SURFACE_SIDE_STYLE('',(#7245,#7248));
#7245 = SURFACE_STYLE_FILL_AREA(#7246);
#7246 = FILL_AREA_STYLE('',(#7247));
#7247 = FILL_AREA_STYLE_COLOUR('',#7234);
#7248 = SURFACE_STYLE_RENDERING_WITH_PROPERTIES(.NORMAL_SHADING.,#7234,(
    #7249));
#7249 = SURFACE_STYLE_TRANSPARENT(0.800000011921);
#7250 = CURVE_STYLE('',#7251,POSITIVE_LENGTH_MEASURE(0.1),#7239);
#7251 = DRAUGHTING_PRE_DEFINED_CURVE_FONT('continuous');
#7252 = MECHANICAL_DESIGN_GEOMETRIC_PRESENTATION_REPRESENTATION('',(
    #7253),#5468);
#7253 = STYLED_ITEM('color',(#7254),#5376);
#7254 = PRESENTATION_STYLE_ASSIGNMENT((#7255,#7260));
#7255 = SURFACE_STYLE_USAGE(.BOTH.,#7256);
#7256 = SURFACE_SIDE_STYLE('',(#7257));
#7257 = SURFACE_STYLE_FILL_AREA(#7258);
#7258 = FILL_AREA_STYLE('',(#7259));
#7259 = FILL_AREA_STYLE_COLOUR('',#7234);
#7260 = CURVE_STYLE('',#7261,POSITIVE_LENGTH_MEASURE(0.1),#7239);
#7261 = DRAUGHTING_PRE_DEFINED_CURVE_FONT('continuous');
#7262 = MECHANICAL_DESIGN_GEOMETRIC_PRESENTATION_REPRESENTATION('',(
    #7263),#3600);
#7263 = STYLED_ITEM('color',(#7264),#3450);
#7264 = PRESENTATION_STYLE_ASSIGNMENT((#7265,#7272));
#7265 = SURFACE_STYLE_USAGE(.BOTH.,#7266);
#7266 = SURFACE_SIDE_STYLE('',(#7267,#7270));
#7267 = SURFACE_STYLE_FILL_AREA(#7268);
#7268 = FILL_AREA_STYLE('',(#7269));
#7269 = FILL_AREA_STYLE_COLOUR('',#7234);
#7270 = SURFACE_STYLE_RENDERING_WITH_PROPERTIES(.NORMAL_SHADING.,#7234,(
    #7271));
#7271 = SURFACE_STYLE_TRANSPARENT(0.800000011921);
#7272 = CURVE_STYLE('',#7273,POSITIVE_LENGTH_MEASURE(0.1),#7239);
#7273 = DRAUGHTING_PRE_DEFINED_CURVE_FONT('continuous');
#7274 = MECHANICAL_DESIGN_GEOMETRIC_PRESENTATION_REPRESENTATION('',(
    #7275),#6912);
#7275 = STYLED_ITEM('color',(#7276),#5706);
#7276 = PRESENTATION_STYLE_ASSIGNMENT((#7277,#7282));
#7277 = SURFACE_STYLE_USAGE(.BOTH.,#7278);
#7278 = SURFACE_SIDE_STYLE('',(#7279));
#7279 = SURFACE_STYLE_FILL_AREA(#7280);
#7280 = FILL_AREA_STYLE('',(#7281));
#7281 = FILL_AREA_STYLE_COLOUR('',#7234);
#7282 = CURVE_STYLE('',#7283,POSITIVE_LENGTH_MEASURE(0.1),#7239);
#7283 = DRAUGHTING_PRE_DEFINED_CURVE_FONT('continuous');
#7284 = MECHANICAL_DESIGN_GEOMETRIC_PRESENTATION_REPRESENTATION('',(
    #7285),#1273);
#7285 = STYLED_ITEM('color',(#7286),#694);
#7286 = PRESENTATION_STYLE_ASSIGNMENT((#7287,#7293));
#7287 = SURFACE_STYLE_USAGE(.BOTH.,#7288);
#7288 = SURFACE_SIDE_STYLE('',(#7289));
#7289 = SURFACE_STYLE_FILL_AREA(#7290);
#7290 = FILL_AREA_STYLE('',(#7291));
#7291 = FILL_AREA_STYLE_COLOUR('',#7292);
#7292 = COLOUR_RGB('',0.749019635948,0.600000020288,0.466666661095);
#7293 = CURVE_STYLE('',#7294,POSITIVE_LENGTH_MEASURE(0.1),#7239);
#7294 = DRAUGHTING_PRE_DEFINED_CURVE_FONT('continuous');
#7295 = MECHANICAL_DESIGN_GEOMETRIC_PRESENTATION_REPRESENTATION('',(
    #7296),#1838);
#7296 = STYLED_ITEM('color',(#7297),#1292);
#7297 = PRESENTATION_STYLE_ASSIGNMENT((#7298,#7304));
#7298 = SURFACE_STYLE_USAGE(.BOTH.,#7299);
#7299 = SURFACE_SIDE_STYLE('',(#7300));
#7300 = SURFACE_STYLE_FILL_AREA(#7301);
#7301 = FILL_AREA_STYLE('',(#7302));
#7302 = FILL_AREA_STYLE_COLOUR('',#7303);
#7303 = COLOUR_RGB('',0.898039222556,0.729411790161,0.392156863511);
#7304 = CURVE_STYLE('',#7305,POSITIVE_LENGTH_MEASURE(0.1),#7239);
#7305 = DRAUGHTING_PRE_DEFINED_CURVE_FONT('continuous');
#7306 = MECHANICAL_DESIGN_GEOMETRIC_PRESENTATION_REPRESENTATION('',(
    #7307),#5357);
#7307 = STYLED_ITEM('color',(#7308),#5020);
#7308 = PRESENTATION_STYLE_ASSIGNMENT((#7309,#7317));
#7309 = SURFACE_STYLE_USAGE(.BOTH.,#7310);
#7310 = SURFACE_SIDE_STYLE('',(#7311,#7315));
#7311 = SURFACE_STYLE_FILL_AREA(#7312);
#7312 = FILL_AREA_STYLE('',(#7313));
#7313 = FILL_AREA_STYLE_COLOUR('',#7314);
#7314 = COLOUR_RGB('',0.301960791261,0.301960791261,0.301960791261);
#7315 = SURFACE_STYLE_RENDERING_WITH_PROPERTIES(.NORMAL_SHADING.,#7314,(
    #7316));
#7316 = SURFACE_STYLE_TRANSPARENT(0.899999976158);
#7317 = CURVE_STYLE('',#7318,POSITIVE_LENGTH_MEASURE(0.1),#7239);
#7318 = DRAUGHTING_PRE_DEFINED_CURVE_FONT('continuous');
#7319 = MECHANICAL_DESIGN_GEOMETRIC_PRESENTATION_REPRESENTATION('',(
    #7320),#4445);
#7320 = STYLED_ITEM('color',(#7321),#4295);
#7321 = PRESENTATION_STYLE_ASSIGNMENT((#7322,#7327));
#7322 = SURFACE_STYLE_USAGE(.BOTH.,#7323);
#7323 = SURFACE_SIDE_STYLE('',(#7324));
#7324 = SURFACE_STYLE_FILL_AREA(#7325);
#7325 = FILL_AREA_STYLE('',(#7326));
#7326 = FILL_AREA_STYLE_COLOUR('',#7234);
#7327 = CURVE_STYLE('',#7328,POSITIVE_LENGTH_MEASURE(0.1),#7239);
#7328 = DRAUGHTING_PRE_DEFINED_CURVE_FONT('continuous');
#7329 = MECHANICAL_DESIGN_GEOMETRIC_PRESENTATION_REPRESENTATION('',(
    #7330),#3769);
#7330 = STYLED_ITEM('color',(#7331),#3619);
#7331 = PRESENTATION_STYLE_ASSIGNMENT((#7332,#7339));
#7332 = SURFACE_STYLE_USAGE(.BOTH.,#7333);
#7333 = SURFACE_SIDE_STYLE('',(#7334,#7337));
#7334 = SURFACE_STYLE_FILL_AREA(#7335);
#7335 = FILL_AREA_STYLE('',(#7336));
#7336 = FILL_AREA_STYLE_COLOUR('',#7234);
#7337 = SURFACE_STYLE_RENDERING_WITH_PROPERTIES(.NORMAL_SHADING.,#7234,(
    #7338));
#7338 = SURFACE_STYLE_TRANSPARENT(0.800000011921);
#7339 = CURVE_STYLE('',#7340,POSITIVE_LENGTH_MEASURE(0.1),#7239);
#7340 = DRAUGHTING_PRE_DEFINED_CURVE_FONT('continuous');
#7341 = MECHANICAL_DESIGN_GEOMETRIC_PRESENTATION_REPRESENTATION('',(
    #7342),#675);
#7342 = STYLED_ITEM('color',(#7343),#96);
#7343 = PRESENTATION_STYLE_ASSIGNMENT((#7344,#7349));
#7344 = SURFACE_STYLE_USAGE(.BOTH.,#7345);
#7345 = SURFACE_SIDE_STYLE('',(#7346));
#7346 = SURFACE_STYLE_FILL_AREA(#7347);
#7347 = FILL_AREA_STYLE('',(#7348));
#7348 = FILL_AREA_STYLE_COLOUR('',#7292);
#7349 = CURVE_STYLE('',#7350,POSITIVE_LENGTH_MEASURE(0.1),#7239);
#7350 = DRAUGHTING_PRE_DEFINED_CURVE_FONT('continuous');
#7351 = MECHANICAL_DESIGN_GEOMETRIC_PRESENTATION_REPRESENTATION('',(
    #7352),#3431);
#7352 = STYLED_ITEM('color',(#7353),#3281);
#7353 = PRESENTATION_STYLE_ASSIGNMENT((#7354,#7361));
#7354 = SURFACE_STYLE_USAGE(.BOTH.,#7355);
#7355 = SURFACE_SIDE_STYLE('',(#7356,#7359));
#7356 = SURFACE_STYLE_FILL_AREA(#7357);
#7357 = FILL_AREA_STYLE('',(#7358));
#7358 = FILL_AREA_STYLE_COLOUR('',#7234);
#7359 = SURFACE_STYLE_RENDERING_WITH_PROPERTIES(.NORMAL_SHADING.,#7234,(
    #7360));
#7360 = SURFACE_STYLE_TRANSPARENT(0.800000011921);
#7361 = CURVE_STYLE('',#7362,POSITIVE_LENGTH_MEASURE(0.1),#7239);
#7362 = DRAUGHTING_PRE_DEFINED_CURVE_FONT('continuous');
#7363 = MECHANICAL_DESIGN_GEOMETRIC_PRESENTATION_REPRESENTATION('',(
    #7364),#7081);
#7364 = STYLED_ITEM('color',(#7365),#6931);
#7365 = PRESENTATION_STYLE_ASSIGNMENT((#7366,#7371));
#7366 = SURFACE_STYLE_USAGE(.BOTH.,#7367);
#7367 = SURFACE_SIDE_STYLE('',(#7368));
#7368 = SURFACE_STYLE_FILL_AREA(#7369);
#7369 = FILL_AREA_STYLE('',(#7370));
#7370 = FILL_AREA_STYLE_COLOUR('',#7234);
#7371 = CURVE_STYLE('',#7372,POSITIVE_LENGTH_MEASURE(0.1),#7239);
#7372 = DRAUGHTING_PRE_DEFINED_CURVE_FONT('continuous');
#7373 = MECHANICAL_DESIGN_GEOMETRIC_PRESENTATION_REPRESENTATION('',(
    #7374),#5001);
#7374 = STYLED_ITEM('color',(#7375),#4664);
#7375 = PRESENTATION_STYLE_ASSIGNMENT((#7376,#7383));
#7376 = SURFACE_STYLE_USAGE(.BOTH.,#7377);
#7377 = SURFACE_SIDE_STYLE('',(#7378,#7381));
#7378 = SURFACE_STYLE_FILL_AREA(#7379);
#7379 = FILL_AREA_STYLE('',(#7380));
#7380 = FILL_AREA_STYLE_COLOUR('',#7314);
#7381 = SURFACE_STYLE_RENDERING_WITH_PROPERTIES(.NORMAL_SHADING.,#7314,(
    #7382));
#7382 = SURFACE_STYLE_TRANSPARENT(0.899999976158);
#7383 = CURVE_STYLE('',#7384,POSITIVE_LENGTH_MEASURE(0.1),#7239);
#7384 = DRAUGHTING_PRE_DEFINED_CURVE_FONT('continuous');
#7385 = MECHANICAL_DESIGN_GEOMETRIC_PRESENTATION_REPRESENTATION('',(
    #7386),#3219);
#7386 = STYLED_ITEM('color',(#7387),#1857);
#7387 = PRESENTATION_STYLE_ASSIGNMENT((#7388,#7393));
#7388 = SURFACE_STYLE_USAGE(.BOTH.,#7389);
#7389 = SURFACE_SIDE_STYLE('',(#7390));
#7390 = SURFACE_STYLE_FILL_AREA(#7391);
#7391 = FILL_AREA_STYLE('',(#7392));
#7392 = FILL_AREA_STYLE_COLOUR('',#7303);
#7393 = CURVE_STYLE('',#7394,POSITIVE_LENGTH_MEASURE(0.1),#7239);
#7394 = DRAUGHTING_PRE_DEFINED_CURVE_FONT('continuous');
#7395 = MECHANICAL_DESIGN_GEOMETRIC_PRESENTATION_REPRESENTATION('',(
    #7396),#4276);
#7396 = STYLED_ITEM('color',(#7397),#4126);
#7397 = PRESENTATION_STYLE_ASSIGNMENT((#7398,#7405));
#7398 = SURFACE_STYLE_USAGE(.BOTH.,#7399);
#7399 = SURFACE_SIDE_STYLE('',(#7400,#7403));
#7400 = SURFACE_STYLE_FILL_AREA(#7401);
#7401 = FILL_AREA_STYLE('',(#7402));
#7402 = FILL_AREA_STYLE_COLOUR('',#7234);
#7403 = SURFACE_STYLE_RENDERING_WITH_PROPERTIES(.NORMAL_SHADING.,#7234,(
    #7404));
#7404 = SURFACE_STYLE_TRANSPARENT(0.800000011921);
#7405 = CURVE_STYLE('',#7406,POSITIVE_LENGTH_MEASURE(0.1),#7239);
#7406 = DRAUGHTING_PRE_DEFINED_CURVE_FONT('continuous');
#7407 = MECHANICAL_DESIGN_GEOMETRIC_PRESENTATION_REPRESENTATION('',(
    #7408),#4614);
#7408 = STYLED_ITEM('color',(#7409),#4464);
#7409 = PRESENTATION_STYLE_ASSIGNMENT((#7410,#7415));
#7410 = SURFACE_STYLE_USAGE(.BOTH.,#7411);
#7411 = SURFACE_SIDE_STYLE('',(#7412));
#7412 = SURFACE_STYLE_FILL_AREA(#7413);
#7413 = FILL_AREA_STYLE('',(#7414));
#7414 = FILL_AREA_STYLE_COLOUR('',#7234);
#7415 = CURVE_STYLE('',#7416,POSITIVE_LENGTH_MEASURE(0.1),#7239);
#7416 = DRAUGHTING_PRE_DEFINED_CURVE_FONT('continuous');
#7417 = MECHANICAL_DESIGN_GEOMETRIC_PRESENTATION_REPRESENTATION('',(
    #7418),#5660);
#7418 = STYLED_ITEM('color',(#7419),#5510);
#7419 = PRESENTATION_STYLE_ASSIGNMENT((#7420,#7425));
#7420 = SURFACE_STYLE_USAGE(.BOTH.,#7421);
#7421 = SURFACE_SIDE_STYLE('',(#7422));
#7422 = SURFACE_STYLE_FILL_AREA(#7423);
#7423 = FILL_AREA_STYLE('',(#7424));
#7424 = FILL_AREA_STYLE_COLOUR('',#7234);
#7425 = CURVE_STYLE('',#7426,POSITIVE_LENGTH_MEASURE(0.1),#7239);
#7426 = DRAUGHTING_PRE_DEFINED_CURVE_FONT('continuous');
#7427 = MECHANICAL_DESIGN_GEOMETRIC_PRESENTATION_REPRESENTATION('',(
    #7428),#7215);
#7428 = STYLED_ITEM('color',(#7429),#7123);
#7429 = PRESENTATION_STYLE_ASSIGNMENT((#7430,#7435));
#7430 = SURFACE_STYLE_USAGE(.BOTH.,#7431);
#7431 = SURFACE_SIDE_STYLE('',(#7432));
#7432 = SURFACE_STYLE_FILL_AREA(#7433);
#7433 = FILL_AREA_STYLE('',(#7434));
#7434 = FILL_AREA_STYLE_COLOUR('',#7234);
#7435 = CURVE_STYLE('',#7436,POSITIVE_LENGTH_MEASURE(0.1),#7239);
#7436 = DRAUGHTING_PRE_DEFINED_CURVE_FONT('continuous');
ENDSEC;
END-ISO-10303-21;
