ISO-10303-21;
HEADER;
FILE_DESCRIPTION(('FreeCAD Model'),'2;1');
FILE_NAME('Open CASCADE Shape Model','2025-07-22T07:23:35',('Author'),(
    ''),'Open CASCADE STEP processor 7.7','FreeCAD','Unknown');
FILE_SCHEMA(('AUTOMOTIVE_DESIGN { 1 0 10303 214 1 1 1 1 }'));
ENDSEC;
DATA;
#1 = APPLICATION_PROTOCOL_DEFINITION('international standard',
  'automotive_design',2000,#2);
#2 = APPLICATION_CONTEXT(
  'core data for automotive mechanical design processes');
#3 = SHAPE_DEFINITION_REPRESENTATION(#4,#10);
#4 = PRODUCT_DEFINITION_SHAPE('','',#5);
#5 = PRODUCT_DEFINITION('design','',#6,#9);
#6 = PRODUCT_DEFINITION_FORMATION('','',#7);
#7 = PRODUCT('DetailedArcWithFloorPlan_Magnet2',
  'DetailedArcWithFloorPlan_Magnet2','',(#8));
#8 = PRODUCT_CONTEXT('',#2,'mechanical');
#9 = PRODUCT_DEFINITION_CONTEXT('part definition',#2,'design');
#10 = SHAPE_REPRESENTATION('',(#11,#15,#19,#23,#27),#31);
#11 = AXIS2_PLACEMENT_3D('',#12,#13,#14);
#12 = CARTESIAN_POINT('',(0.,0.,0.));
#13 = DIRECTION('',(0.,0.,1.));
#14 = DIRECTION('',(1.,0.,-0.));
#15 = AXIS2_PLACEMENT_3D('',#16,#17,#18);
#16 = CARTESIAN_POINT('',(9.43E+03,7.37E+03,1.56E+03));
#17 = DIRECTION('',(0.,-1.,-2.22044604925E-16));
#18 = DIRECTION('',(1.,0.,0.));
#19 = AXIS2_PLACEMENT_3D('',#20,#21,#22);
#20 = CARTESIAN_POINT('',(0.,0.,0.));
#21 = DIRECTION('',(0.,0.,1.));
#22 = DIRECTION('',(1.,0.,0.));
#23 = AXIS2_PLACEMENT_3D('',#24,#25,#26);
#24 = CARTESIAN_POINT('',(9.18E+03,9.8E+03,1.E+03));
#25 = DIRECTION('',(0.,-1.,2.22044604925E-16));
#26 = DIRECTION('',(1.,0.,0.));
#27 = AXIS2_PLACEMENT_3D('',#28,#29,#30);
#28 = CARTESIAN_POINT('',(9.429995E+03,1.1888543E+04,1.28E+03));
#29 = DIRECTION('',(0.,0.,1.));
#30 = DIRECTION('',(1.,0.,0.));
#31 = ( GEOMETRIC_REPRESENTATION_CONTEXT(3) 
GLOBAL_UNCERTAINTY_ASSIGNED_CONTEXT((#35)) GLOBAL_UNIT_ASSIGNED_CONTEXT(
(#32,#33,#34)) REPRESENTATION_CONTEXT('Context #1',
  '3D Context with UNIT and UNCERTAINTY') );
#32 = ( LENGTH_UNIT() NAMED_UNIT(*) SI_UNIT(.MILLI.,.METRE.) );
#33 = ( NAMED_UNIT(*) PLANE_ANGLE_UNIT() SI_UNIT($,.RADIAN.) );
#34 = ( NAMED_UNIT(*) SI_UNIT($,.STERADIAN.) SOLID_ANGLE_UNIT() );
#35 = UNCERTAINTY_MEASURE_WITH_UNIT(LENGTH_MEASURE(5.E-03),#32,
  'distance_accuracy_value','confusion accuracy');
#36 = PRODUCT_RELATED_PRODUCT_CATEGORY('part',$,(#7));
#37 = SHAPE_DEFINITION_REPRESENTATION(#38,#44);
#38 = PRODUCT_DEFINITION_SHAPE('','',#39);
#39 = PRODUCT_DEFINITION('design','',#40,#43);
#40 = PRODUCT_DEFINITION_FORMATION('','',#41);
#41 = PRODUCT('ConcreteVault','ConcreteVault','',(#42));
#42 = PRODUCT_CONTEXT('',#2,'mechanical');
#43 = PRODUCT_DEFINITION_CONTEXT('part definition',#2,'design');
#44 = SHAPE_REPRESENTATION('',(#11,#45),#49);
#45 = AXIS2_PLACEMENT_3D('',#46,#47,#48);
#46 = CARTESIAN_POINT('',(0.,0.,0.));
#47 = DIRECTION('',(0.,0.,1.));
#48 = DIRECTION('',(1.,0.,0.));
#49 = ( GEOMETRIC_REPRESENTATION_CONTEXT(3) 
GLOBAL_UNCERTAINTY_ASSIGNED_CONTEXT((#53)) GLOBAL_UNIT_ASSIGNED_CONTEXT(
(#50,#51,#52)) REPRESENTATION_CONTEXT('Context #1',
  '3D Context with UNIT and UNCERTAINTY') );
#50 = ( LENGTH_UNIT() NAMED_UNIT(*) SI_UNIT(.MILLI.,.METRE.) );
#51 = ( NAMED_UNIT(*) PLANE_ANGLE_UNIT() SI_UNIT($,.RADIAN.) );
#52 = ( NAMED_UNIT(*) SI_UNIT($,.STERADIAN.) SOLID_ANGLE_UNIT() );
#53 = UNCERTAINTY_MEASURE_WITH_UNIT(LENGTH_MEASURE(2.E-02),#50,
  'distance_accuracy_value','confusion accuracy');
#54 = CONTEXT_DEPENDENT_SHAPE_REPRESENTATION(#55,#57);
#55 = ( REPRESENTATION_RELATIONSHIP('','',#44,#10) 
REPRESENTATION_RELATIONSHIP_WITH_TRANSFORMATION(#56) 
SHAPE_REPRESENTATION_RELATIONSHIP() );
#56 = ITEM_DEFINED_TRANSFORMATION('','',#11,#15);
#57 = PRODUCT_DEFINITION_SHAPE('Placement','Placement of an item',#58);
#58 = NEXT_ASSEMBLY_USAGE_OCCURRENCE('2','ConcreteVault','',#5,#39,$);
#59 = PRODUCT_RELATED_PRODUCT_CATEGORY('part',$,(#41));
#60 = SHAPE_DEFINITION_REPRESENTATION(#61,#67);
#61 = PRODUCT_DEFINITION_SHAPE('','',#62);
#62 = PRODUCT_DEFINITION('design','',#63,#66);
#63 = PRODUCT_DEFINITION_FORMATION('','',#64);
#64 = PRODUCT('Arc','Arc','',(#65));
#65 = PRODUCT_CONTEXT('',#2,'mechanical');
#66 = PRODUCT_DEFINITION_CONTEXT('part definition',#2,'design');
#67 = ADVANCED_BREP_SHAPE_REPRESENTATION('',(#11,#68),#492);
#68 = MANIFOLD_SOLID_BREP('',#69);
#69 = CLOSED_SHELL('',(#70,#144,#207,#238,#262,#286,#310,#334,#351,#368,
    #384,#415,#446,#463,#480));
#70 = ADVANCED_FACE('',(#71,#105),#139,.T.);
#71 = FACE_BOUND('',#72,.T.);
#72 = EDGE_LOOP('',(#73,#83,#91,#99));
#73 = ORIENTED_EDGE('',*,*,#74,.F.);
#74 = EDGE_CURVE('',#75,#77,#79,.T.);
#75 = VERTEX_POINT('',#76);
#76 = CARTESIAN_POINT('',(1.462E+03,882.,450.));
#77 = VERTEX_POINT('',#78);
#78 = CARTESIAN_POINT('',(-1.462E+03,882.,450.));
#79 = LINE('',#80,#81);
#80 = CARTESIAN_POINT('',(99.769409,881.99999999999,450.));
#81 = VECTOR('',#82,1.);
#82 = DIRECTION('',(-1.,0.,0.));
#83 = ORIENTED_EDGE('',*,*,#84,.T.);
#84 = EDGE_CURVE('',#75,#85,#87,.T.);
#85 = VERTEX_POINT('',#86);
#86 = CARTESIAN_POINT('',(1.462E+03,882.,-1.09E+04));
#87 = LINE('',#88,#89);
#88 = CARTESIAN_POINT('',(1.462E+03,882.,-1.025E+04));
#89 = VECTOR('',#90,1.);
#90 = DIRECTION('',(0.,0.,-1.));
#91 = ORIENTED_EDGE('',*,*,#92,.T.);
#92 = EDGE_CURVE('',#85,#93,#95,.T.);
#93 = VERTEX_POINT('',#94);
#94 = CARTESIAN_POINT('',(-1.462E+03,882.,-1.09E+04));
#95 = LINE('',#96,#97);
#96 = CARTESIAN_POINT('',(99.769409,881.99999999999,-1.09E+04));
#97 = VECTOR('',#98,1.);
#98 = DIRECTION('',(-1.,0.,0.));
#99 = ORIENTED_EDGE('',*,*,#100,.T.);
#100 = EDGE_CURVE('',#93,#77,#101,.T.);
#101 = LINE('',#102,#103);
#102 = CARTESIAN_POINT('',(-1.462E+03,882.,0.));
#103 = VECTOR('',#104,1.);
#104 = DIRECTION('',(0.,0.,1.));
#105 = FACE_BOUND('',#106,.T.);
#106 = EDGE_LOOP('',(#107,#117,#125,#133));
#107 = ORIENTED_EDGE('',*,*,#108,.F.);
#108 = EDGE_CURVE('',#109,#111,#113,.T.);
#109 = VERTEX_POINT('',#110);
#110 = CARTESIAN_POINT('',(1.012E+03,882.,0.));
#111 = VERTEX_POINT('',#112);
#112 = CARTESIAN_POINT('',(1.012E+03,882.,-1.025E+04));
#113 = LINE('',#114,#115);
#114 = CARTESIAN_POINT('',(1.012E+03,882.,0.));
#115 = VECTOR('',#116,1.);
#116 = DIRECTION('',(-0.,-0.,-1.));
#117 = ORIENTED_EDGE('',*,*,#118,.T.);
#118 = EDGE_CURVE('',#109,#119,#121,.T.);
#119 = VERTEX_POINT('',#120);
#120 = CARTESIAN_POINT('',(-1.012E+03,882.,0.));
#121 = LINE('',#122,#123);
#122 = CARTESIAN_POINT('',(99.769409,881.99999999999,0.));
#123 = VECTOR('',#124,1.);
#124 = DIRECTION('',(-1.,0.,0.));
#125 = ORIENTED_EDGE('',*,*,#126,.T.);
#126 = EDGE_CURVE('',#119,#127,#129,.T.);
#127 = VERTEX_POINT('',#128);
#128 = CARTESIAN_POINT('',(-1.012E+03,882.,-1.025E+04));
#129 = LINE('',#130,#131);
#130 = CARTESIAN_POINT('',(-1.012E+03,882.,0.));
#131 = VECTOR('',#132,1.);
#132 = DIRECTION('',(-0.,-0.,-1.));
#133 = ORIENTED_EDGE('',*,*,#134,.F.);
#134 = EDGE_CURVE('',#111,#127,#135,.T.);
#135 = LINE('',#136,#137);
#136 = CARTESIAN_POINT('',(99.769409,881.99999999999,-1.025E+04));
#137 = VECTOR('',#138,1.);
#138 = DIRECTION('',(-1.,0.,0.));
#139 = PLANE('',#140);
#140 = AXIS2_PLACEMENT_3D('',#141,#142,#143);
#141 = CARTESIAN_POINT('',(199.538818,881.99999999999,-5.2951748045E+03)
  );
#142 = DIRECTION('',(0.,1.,0.));
#143 = DIRECTION('',(0.,0.,1.));
#144 = ADVANCED_FACE('',(#145),#202,.T.);
#145 = FACE_BOUND('',#146,.T.);
#146 = EDGE_LOOP('',(#147,#155,#156,#164,#172,#180,#188,#196));
#147 = ORIENTED_EDGE('',*,*,#148,.T.);
#148 = EDGE_CURVE('',#149,#75,#151,.T.);
#149 = VERTEX_POINT('',#150);
#150 = CARTESIAN_POINT('',(1.462E+03,-745.,450.));
#151 = LINE('',#152,#153);
#152 = CARTESIAN_POINT('',(1.462E+03,-745.,450.));
#153 = VECTOR('',#154,1.);
#154 = DIRECTION('',(0.,1.,0.));
#155 = ORIENTED_EDGE('',*,*,#74,.T.);
#156 = ORIENTED_EDGE('',*,*,#157,.F.);
#157 = EDGE_CURVE('',#158,#77,#160,.T.);
#158 = VERTEX_POINT('',#159);
#159 = CARTESIAN_POINT('',(-1.462E+03,-745.,450.));
#160 = LINE('',#161,#162);
#161 = CARTESIAN_POINT('',(-1.462E+03,9.E-14,450.));
#162 = VECTOR('',#163,1.);
#163 = DIRECTION('',(0.,1.,0.));
#164 = ORIENTED_EDGE('',*,*,#165,.T.);
#165 = EDGE_CURVE('',#158,#166,#168,.T.);
#166 = VERTEX_POINT('',#167);
#167 = CARTESIAN_POINT('',(-1.718E+03,-1.051E+03,450.));
#168 = LINE('',#169,#170);
#169 = CARTESIAN_POINT('',(-1.462E+03,-745.,450.));
#170 = VECTOR('',#171,1.);
#171 = DIRECTION('',(-0.641662455194,-0.766987153474,0.));
#172 = ORIENTED_EDGE('',*,*,#173,.T.);
#173 = EDGE_CURVE('',#166,#174,#176,.T.);
#174 = VERTEX_POINT('',#175);
#175 = CARTESIAN_POINT('',(-1.718E+03,-1.556E+03,450.));
#176 = LINE('',#177,#178);
#177 = CARTESIAN_POINT('',(-1.718E+03,-1.051E+03,450.));
#178 = VECTOR('',#179,1.);
#179 = DIRECTION('',(0.,-1.,0.));
#180 = ORIENTED_EDGE('',*,*,#181,.T.);
#181 = EDGE_CURVE('',#174,#182,#184,.T.);
#182 = VERTEX_POINT('',#183);
#183 = CARTESIAN_POINT('',(1.718E+03,-1.556E+03,450.));
#184 = LINE('',#185,#186);
#185 = CARTESIAN_POINT('',(-1.718E+03,-1.556E+03,450.));
#186 = VECTOR('',#187,1.);
#187 = DIRECTION('',(1.,0.,0.));
#188 = ORIENTED_EDGE('',*,*,#189,.T.);
#189 = EDGE_CURVE('',#182,#190,#192,.T.);
#190 = VERTEX_POINT('',#191);
#191 = CARTESIAN_POINT('',(1.718E+03,-1.051E+03,450.));
#192 = LINE('',#193,#194);
#193 = CARTESIAN_POINT('',(1.718E+03,-1.556E+03,450.));
#194 = VECTOR('',#195,1.);
#195 = DIRECTION('',(0.,1.,0.));
#196 = ORIENTED_EDGE('',*,*,#197,.T.);
#197 = EDGE_CURVE('',#190,#149,#198,.T.);
#198 = LINE('',#199,#200);
#199 = CARTESIAN_POINT('',(1.718E+03,-1.051E+03,450.));
#200 = VECTOR('',#201,1.);
#201 = DIRECTION('',(-0.641662455194,0.766987153474,0.));
#202 = PLANE('',#203);
#203 = AXIS2_PLACEMENT_3D('',#204,#205,#206);
#204 = CARTESIAN_POINT('',(2.599027838929E-13,-400.7749832947,450.));
#205 = DIRECTION('',(0.,0.,1.));
#206 = DIRECTION('',(1.,0.,0.));
#207 = ADVANCED_FACE('',(#208),#233,.T.);
#208 = FACE_BOUND('',#209,.T.);
#209 = EDGE_LOOP('',(#210,#218,#219,#227));
#210 = ORIENTED_EDGE('',*,*,#211,.T.);
#211 = EDGE_CURVE('',#212,#149,#214,.T.);
#212 = VERTEX_POINT('',#213);
#213 = CARTESIAN_POINT('',(1.462E+03,-745.,-1.09E+04));
#214 = LINE('',#215,#216);
#215 = CARTESIAN_POINT('',(1.462E+03,-745.,0.));
#216 = VECTOR('',#217,1.);
#217 = DIRECTION('',(0.,0.,1.));
#218 = ORIENTED_EDGE('',*,*,#197,.F.);
#219 = ORIENTED_EDGE('',*,*,#220,.F.);
#220 = EDGE_CURVE('',#221,#190,#223,.T.);
#221 = VERTEX_POINT('',#222);
#222 = CARTESIAN_POINT('',(1.718E+03,-1.051E+03,-1.09E+04));
#223 = LINE('',#224,#225);
#224 = CARTESIAN_POINT('',(1.718E+03,-1.051E+03,0.));
#225 = VECTOR('',#226,1.);
#226 = DIRECTION('',(0.,0.,1.));
#227 = ORIENTED_EDGE('',*,*,#228,.T.);
#228 = EDGE_CURVE('',#221,#212,#229,.T.);
#229 = LINE('',#230,#231);
#230 = CARTESIAN_POINT('',(1.718E+03,-1.051E+03,-1.09E+04));
#231 = VECTOR('',#232,1.);
#232 = DIRECTION('',(-0.641662455194,0.766987153474,-0.));
#233 = PLANE('',#234);
#234 = AXIS2_PLACEMENT_3D('',#235,#236,#237);
#235 = CARTESIAN_POINT('',(1.59E+03,-898.,-5.225E+03));
#236 = DIRECTION('',(0.766987153474,0.641662455194,0.));
#237 = DIRECTION('',(-0.641662455194,0.766987153474,0.));
#238 = ADVANCED_FACE('',(#239),#257,.T.);
#239 = FACE_BOUND('',#240,.T.);
#240 = EDGE_LOOP('',(#241,#249,#255,#256));
#241 = ORIENTED_EDGE('',*,*,#242,.T.);
#242 = EDGE_CURVE('',#182,#243,#245,.T.);
#243 = VERTEX_POINT('',#244);
#244 = CARTESIAN_POINT('',(1.718E+03,-1.556E+03,-1.09E+04));
#245 = LINE('',#246,#247);
#246 = CARTESIAN_POINT('',(1.718E+03,-1.556E+03,-1.025E+04));
#247 = VECTOR('',#248,1.);
#248 = DIRECTION('',(0.,0.,-1.));
#249 = ORIENTED_EDGE('',*,*,#250,.T.);
#250 = EDGE_CURVE('',#243,#221,#251,.T.);
#251 = LINE('',#252,#253);
#252 = CARTESIAN_POINT('',(1.718E+03,-1.556E+03,-1.09E+04));
#253 = VECTOR('',#254,1.);
#254 = DIRECTION('',(0.,1.,0.));
#255 = ORIENTED_EDGE('',*,*,#220,.T.);
#256 = ORIENTED_EDGE('',*,*,#189,.F.);
#257 = PLANE('',#258);
#258 = AXIS2_PLACEMENT_3D('',#259,#260,#261);
#259 = CARTESIAN_POINT('',(1.718E+03,-1.3035E+03,-5.225E+03));
#260 = DIRECTION('',(1.,0.,0.));
#261 = DIRECTION('',(0.,0.,1.));
#262 = ADVANCED_FACE('',(#263),#281,.T.);
#263 = FACE_BOUND('',#264,.T.);
#264 = EDGE_LOOP('',(#265,#273,#279,#280));
#265 = ORIENTED_EDGE('',*,*,#266,.T.);
#266 = EDGE_CURVE('',#174,#267,#269,.T.);
#267 = VERTEX_POINT('',#268);
#268 = CARTESIAN_POINT('',(-1.718E+03,-1.556E+03,-1.09E+04));
#269 = LINE('',#270,#271);
#270 = CARTESIAN_POINT('',(-1.718E+03,-1.556E+03,-1.025E+04));
#271 = VECTOR('',#272,1.);
#272 = DIRECTION('',(0.,0.,-1.));
#273 = ORIENTED_EDGE('',*,*,#274,.T.);
#274 = EDGE_CURVE('',#267,#243,#275,.T.);
#275 = LINE('',#276,#277);
#276 = CARTESIAN_POINT('',(-1.718E+03,-1.556E+03,-1.09E+04));
#277 = VECTOR('',#278,1.);
#278 = DIRECTION('',(1.,0.,0.));
#279 = ORIENTED_EDGE('',*,*,#242,.F.);
#280 = ORIENTED_EDGE('',*,*,#181,.F.);
#281 = PLANE('',#282);
#282 = AXIS2_PLACEMENT_3D('',#283,#284,#285);
#283 = CARTESIAN_POINT('',(0.,-1.556E+03,-5.225E+03));
#284 = DIRECTION('',(-0.,-1.,-0.));
#285 = DIRECTION('',(0.,0.,-1.));
#286 = ADVANCED_FACE('',(#287),#305,.T.);
#287 = FACE_BOUND('',#288,.T.);
#288 = EDGE_LOOP('',(#289,#297,#303,#304));
#289 = ORIENTED_EDGE('',*,*,#290,.T.);
#290 = EDGE_CURVE('',#166,#291,#293,.T.);
#291 = VERTEX_POINT('',#292);
#292 = CARTESIAN_POINT('',(-1.718E+03,-1.051E+03,-1.09E+04));
#293 = LINE('',#294,#295);
#294 = CARTESIAN_POINT('',(-1.718E+03,-1.051E+03,-1.025E+04));
#295 = VECTOR('',#296,1.);
#296 = DIRECTION('',(0.,0.,-1.));
#297 = ORIENTED_EDGE('',*,*,#298,.T.);
#298 = EDGE_CURVE('',#291,#267,#299,.T.);
#299 = LINE('',#300,#301);
#300 = CARTESIAN_POINT('',(-1.718E+03,-1.051E+03,-1.09E+04));
#301 = VECTOR('',#302,1.);
#302 = DIRECTION('',(0.,-1.,0.));
#303 = ORIENTED_EDGE('',*,*,#266,.F.);
#304 = ORIENTED_EDGE('',*,*,#173,.F.);
#305 = PLANE('',#306);
#306 = AXIS2_PLACEMENT_3D('',#307,#308,#309);
#307 = CARTESIAN_POINT('',(-1.718E+03,-1.3035E+03,-5.225E+03));
#308 = DIRECTION('',(-1.,-0.,-0.));
#309 = DIRECTION('',(0.,0.,-1.));
#310 = ADVANCED_FACE('',(#311),#329,.T.);
#311 = FACE_BOUND('',#312,.T.);
#312 = EDGE_LOOP('',(#313,#321,#327,#328));
#313 = ORIENTED_EDGE('',*,*,#314,.T.);
#314 = EDGE_CURVE('',#158,#315,#317,.T.);
#315 = VERTEX_POINT('',#316);
#316 = CARTESIAN_POINT('',(-1.462E+03,-745.,-1.09E+04));
#317 = LINE('',#318,#319);
#318 = CARTESIAN_POINT('',(-1.462E+03,-745.,-1.025E+04));
#319 = VECTOR('',#320,1.);
#320 = DIRECTION('',(0.,0.,-1.));
#321 = ORIENTED_EDGE('',*,*,#322,.T.);
#322 = EDGE_CURVE('',#315,#291,#323,.T.);
#323 = LINE('',#324,#325);
#324 = CARTESIAN_POINT('',(-1.462E+03,-745.,-1.09E+04));
#325 = VECTOR('',#326,1.);
#326 = DIRECTION('',(-0.641662455194,-0.766987153474,0.));
#327 = ORIENTED_EDGE('',*,*,#290,.F.);
#328 = ORIENTED_EDGE('',*,*,#165,.F.);
#329 = PLANE('',#330);
#330 = AXIS2_PLACEMENT_3D('',#331,#332,#333);
#331 = CARTESIAN_POINT('',(-1.59E+03,-898.,-5.225E+03));
#332 = DIRECTION('',(-0.766987153474,0.641662455194,0.));
#333 = DIRECTION('',(-0.641662455194,-0.766987153474,0.));
#334 = ADVANCED_FACE('',(#335),#346,.T.);
#335 = FACE_BOUND('',#336,.T.);
#336 = EDGE_LOOP('',(#337,#338,#339,#345));
#337 = ORIENTED_EDGE('',*,*,#148,.F.);
#338 = ORIENTED_EDGE('',*,*,#211,.F.);
#339 = ORIENTED_EDGE('',*,*,#340,.T.);
#340 = EDGE_CURVE('',#212,#85,#341,.T.);
#341 = LINE('',#342,#343);
#342 = CARTESIAN_POINT('',(1.462E+03,-745.,-1.09E+04));
#343 = VECTOR('',#344,1.);
#344 = DIRECTION('',(0.,1.,0.));
#345 = ORIENTED_EDGE('',*,*,#84,.F.);
#346 = PLANE('',#347);
#347 = AXIS2_PLACEMENT_3D('',#348,#349,#350);
#348 = CARTESIAN_POINT('',(1.462E+03,68.5,-5.225E+03));
#349 = DIRECTION('',(1.,0.,0.));
#350 = DIRECTION('',(0.,0.,1.));
#351 = ADVANCED_FACE('',(#352),#363,.T.);
#352 = FACE_BOUND('',#353,.T.);
#353 = EDGE_LOOP('',(#354,#355,#356,#362));
#354 = ORIENTED_EDGE('',*,*,#157,.T.);
#355 = ORIENTED_EDGE('',*,*,#100,.F.);
#356 = ORIENTED_EDGE('',*,*,#357,.F.);
#357 = EDGE_CURVE('',#315,#93,#358,.T.);
#358 = LINE('',#359,#360);
#359 = CARTESIAN_POINT('',(-1.462E+03,-9.E-14,-1.09E+04));
#360 = VECTOR('',#361,1.);
#361 = DIRECTION('',(0.,1.,0.));
#362 = ORIENTED_EDGE('',*,*,#314,.F.);
#363 = PLANE('',#364);
#364 = AXIS2_PLACEMENT_3D('',#365,#366,#367);
#365 = CARTESIAN_POINT('',(-1.462E+03,68.5,-5.225E+03));
#366 = DIRECTION('',(-1.,2.94803902273E-16,0.));
#367 = DIRECTION('',(-2.94803902273E-16,-1.,0.));
#368 = ADVANCED_FACE('',(#369),#379,.T.);
#369 = FACE_BOUND('',#370,.T.);
#370 = EDGE_LOOP('',(#371,#372,#373,#374,#375,#376,#377,#378));
#371 = ORIENTED_EDGE('',*,*,#340,.F.);
#372 = ORIENTED_EDGE('',*,*,#228,.F.);
#373 = ORIENTED_EDGE('',*,*,#250,.F.);
#374 = ORIENTED_EDGE('',*,*,#274,.F.);
#375 = ORIENTED_EDGE('',*,*,#298,.F.);
#376 = ORIENTED_EDGE('',*,*,#322,.F.);
#377 = ORIENTED_EDGE('',*,*,#357,.T.);
#378 = ORIENTED_EDGE('',*,*,#92,.F.);
#379 = PLANE('',#380);
#380 = AXIS2_PLACEMENT_3D('',#381,#382,#383);
#381 = CARTESIAN_POINT('',(-2.038453207003E-14,-400.7749832947,-1.09E+04
    ));
#382 = DIRECTION('',(-0.,-5.546334631381E-16,-1.));
#383 = DIRECTION('',(0.,-1.,5.546334631381E-16));
#384 = ADVANCED_FACE('',(#385),#410,.T.);
#385 = FACE_BOUND('',#386,.T.);
#386 = EDGE_LOOP('',(#387,#388,#396,#404));
#387 = ORIENTED_EDGE('',*,*,#108,.T.);
#388 = ORIENTED_EDGE('',*,*,#389,.F.);
#389 = EDGE_CURVE('',#390,#111,#392,.T.);
#390 = VERTEX_POINT('',#391);
#391 = CARTESIAN_POINT('',(1.012E+03,-1.19E+03,-1.025E+04));
#392 = LINE('',#393,#394);
#393 = CARTESIAN_POINT('',(1.012E+03,0.,-1.025E+04));
#394 = VECTOR('',#395,1.);
#395 = DIRECTION('',(0.,1.,0.));
#396 = ORIENTED_EDGE('',*,*,#397,.F.);
#397 = EDGE_CURVE('',#398,#390,#400,.T.);
#398 = VERTEX_POINT('',#399);
#399 = CARTESIAN_POINT('',(1.012E+03,-1.19E+03,0.));
#400 = LINE('',#401,#402);
#401 = CARTESIAN_POINT('',(1.012E+03,-1.19E+03,0.));
#402 = VECTOR('',#403,1.);
#403 = DIRECTION('',(-0.,-0.,-1.));
#404 = ORIENTED_EDGE('',*,*,#405,.T.);
#405 = EDGE_CURVE('',#398,#109,#406,.T.);
#406 = LINE('',#407,#408);
#407 = CARTESIAN_POINT('',(1.012E+03,-1.19E+03,0.));
#408 = VECTOR('',#409,1.);
#409 = DIRECTION('',(0.,1.,0.));
#410 = PLANE('',#411);
#411 = AXIS2_PLACEMENT_3D('',#412,#413,#414);
#412 = CARTESIAN_POINT('',(1.012E+03,-154.,-5.125E+03));
#413 = DIRECTION('',(-1.,-0.,-0.));
#414 = DIRECTION('',(0.,0.,-1.));
#415 = ADVANCED_FACE('',(#416),#441,.F.);
#416 = FACE_BOUND('',#417,.F.);
#417 = EDGE_LOOP('',(#418,#428,#434,#435));
#418 = ORIENTED_EDGE('',*,*,#419,.T.);
#419 = EDGE_CURVE('',#420,#422,#424,.T.);
#420 = VERTEX_POINT('',#421);
#421 = CARTESIAN_POINT('',(-1.012E+03,-1.19E+03,0.));
#422 = VERTEX_POINT('',#423);
#423 = CARTESIAN_POINT('',(-1.012E+03,-1.19E+03,-1.025E+04));
#424 = LINE('',#425,#426);
#425 = CARTESIAN_POINT('',(-1.012E+03,-1.19E+03,0.));
#426 = VECTOR('',#427,1.);
#427 = DIRECTION('',(-0.,-0.,-1.));
#428 = ORIENTED_EDGE('',*,*,#429,.T.);
#429 = EDGE_CURVE('',#422,#390,#430,.T.);
#430 = LINE('',#431,#432);
#431 = CARTESIAN_POINT('',(-1.012E+03,-1.19E+03,-1.025E+04));
#432 = VECTOR('',#433,1.);
#433 = DIRECTION('',(1.,0.,0.));
#434 = ORIENTED_EDGE('',*,*,#397,.F.);
#435 = ORIENTED_EDGE('',*,*,#436,.F.);
#436 = EDGE_CURVE('',#420,#398,#437,.T.);
#437 = LINE('',#438,#439);
#438 = CARTESIAN_POINT('',(-1.012E+03,-1.19E+03,0.));
#439 = VECTOR('',#440,1.);
#440 = DIRECTION('',(1.,0.,0.));
#441 = PLANE('',#442);
#442 = AXIS2_PLACEMENT_3D('',#443,#444,#445);
#443 = CARTESIAN_POINT('',(-1.012E+03,-1.19E+03,0.));
#444 = DIRECTION('',(0.,-1.,0.));
#445 = DIRECTION('',(1.,0.,0.));
#446 = ADVANCED_FACE('',(#447),#458,.T.);
#447 = FACE_BOUND('',#448,.T.);
#448 = EDGE_LOOP('',(#449,#450,#451,#457));
#449 = ORIENTED_EDGE('',*,*,#389,.T.);
#450 = ORIENTED_EDGE('',*,*,#134,.T.);
#451 = ORIENTED_EDGE('',*,*,#452,.F.);
#452 = EDGE_CURVE('',#422,#127,#453,.T.);
#453 = LINE('',#454,#455);
#454 = CARTESIAN_POINT('',(-1.012E+03,1.24E-13,-1.025E+04));
#455 = VECTOR('',#456,1.);
#456 = DIRECTION('',(0.,1.,0.));
#457 = ORIENTED_EDGE('',*,*,#429,.T.);
#458 = PLANE('',#459);
#459 = AXIS2_PLACEMENT_3D('',#460,#461,#462);
#460 = CARTESIAN_POINT('',(0.,-154.,-1.025E+04));
#461 = DIRECTION('',(0.,5.763584047685E-16,1.));
#462 = DIRECTION('',(0.,1.,-5.763584047685E-16));
#463 = ADVANCED_FACE('',(#464),#475,.T.);
#464 = FACE_BOUND('',#465,.T.);
#465 = EDGE_LOOP('',(#466,#472,#473,#474));
#466 = ORIENTED_EDGE('',*,*,#467,.F.);
#467 = EDGE_CURVE('',#420,#119,#468,.T.);
#468 = LINE('',#469,#470);
#469 = CARTESIAN_POINT('',(-1.012E+03,1.24E-13,0.));
#470 = VECTOR('',#471,1.);
#471 = DIRECTION('',(0.,1.,0.));
#472 = ORIENTED_EDGE('',*,*,#419,.T.);
#473 = ORIENTED_EDGE('',*,*,#452,.T.);
#474 = ORIENTED_EDGE('',*,*,#126,.F.);
#475 = PLANE('',#476);
#476 = AXIS2_PLACEMENT_3D('',#477,#478,#479);
#477 = CARTESIAN_POINT('',(-1.012E+03,-154.,-5.125E+03));
#478 = DIRECTION('',(1.,0.,0.));
#479 = DIRECTION('',(0.,0.,1.));
#480 = ADVANCED_FACE('',(#481),#487,.T.);
#481 = FACE_BOUND('',#482,.T.);
#482 = EDGE_LOOP('',(#483,#484,#485,#486));
#483 = ORIENTED_EDGE('',*,*,#405,.F.);
#484 = ORIENTED_EDGE('',*,*,#436,.F.);
#485 = ORIENTED_EDGE('',*,*,#467,.T.);
#486 = ORIENTED_EDGE('',*,*,#118,.F.);
#487 = PLANE('',#488);
#488 = AXIS2_PLACEMENT_3D('',#489,#490,#491);
#489 = CARTESIAN_POINT('',(-1.42108547152E-14,-154.,0.));
#490 = DIRECTION('',(-0.,-0.,-1.));
#491 = DIRECTION('',(-1.,0.,0.));
#492 = ( GEOMETRIC_REPRESENTATION_CONTEXT(3) 
GLOBAL_UNCERTAINTY_ASSIGNED_CONTEXT((#496)) GLOBAL_UNIT_ASSIGNED_CONTEXT
((#493,#494,#495)) REPRESENTATION_CONTEXT('Context #1',
  '3D Context with UNIT and UNCERTAINTY') );
#493 = ( LENGTH_UNIT() NAMED_UNIT(*) SI_UNIT(.MILLI.,.METRE.) );
#494 = ( NAMED_UNIT(*) PLANE_ANGLE_UNIT() SI_UNIT($,.RADIAN.) );
#495 = ( NAMED_UNIT(*) SI_UNIT($,.STERADIAN.) SOLID_ANGLE_UNIT() );
#496 = UNCERTAINTY_MEASURE_WITH_UNIT(LENGTH_MEASURE(2.E-02),#493,
  'distance_accuracy_value','confusion accuracy');
#497 = CONTEXT_DEPENDENT_SHAPE_REPRESENTATION(#498,#500);
#498 = ( REPRESENTATION_RELATIONSHIP('','',#67,#44) 
REPRESENTATION_RELATIONSHIP_WITH_TRANSFORMATION(#499) 
SHAPE_REPRESENTATION_RELATIONSHIP() );
#499 = ITEM_DEFINED_TRANSFORMATION('','',#11,#45);
#500 = PRODUCT_DEFINITION_SHAPE('Placement','Placement of an item',#501
  );
#501 = NEXT_ASSEMBLY_USAGE_OCCURRENCE('1','Arc','',#39,#62,$);
#502 = PRODUCT_RELATED_PRODUCT_CATEGORY('part',$,(#64));
#503 = SHAPE_DEFINITION_REPRESENTATION(#504,#510);
#504 = PRODUCT_DEFINITION_SHAPE('','',#505);
#505 = PRODUCT_DEFINITION('design','',#506,#509);
#506 = PRODUCT_DEFINITION_FORMATION('','',#507);
#507 = PRODUCT('Building','Building','',(#508));
#508 = PRODUCT_CONTEXT('',#2,'mechanical');
#509 = PRODUCT_DEFINITION_CONTEXT('part definition',#2,'design');
#510 = SHAPE_REPRESENTATION('',(#11,#511,#515,#519,#523,#527,#531,#535),
  #539);
#511 = AXIS2_PLACEMENT_3D('',#512,#513,#514);
#512 = CARTESIAN_POINT('',(0.,0.,0.));
#513 = DIRECTION('',(0.,0.,1.));
#514 = DIRECTION('',(1.,0.,0.));
#515 = AXIS2_PLACEMENT_3D('',#516,#517,#518);
#516 = CARTESIAN_POINT('',(0.,0.,4.15036E+03));
#517 = DIRECTION('',(0.,0.,1.));
#518 = DIRECTION('',(1.,0.,0.));
#519 = AXIS2_PLACEMENT_3D('',#520,#521,#522);
#520 = CARTESIAN_POINT('',(0.,0.,0.));
#521 = DIRECTION('',(0.,0.,1.));
#522 = DIRECTION('',(1.,0.,0.));
#523 = AXIS2_PLACEMENT_3D('',#524,#525,#526);
#524 = CARTESIAN_POINT('',(0.,0.,0.));
#525 = DIRECTION('',(0.,0.,1.));
#526 = DIRECTION('',(1.,0.,0.));
#527 = AXIS2_PLACEMENT_3D('',#528,#529,#530);
#528 = CARTESIAN_POINT('',(0.,0.,0.));
#529 = DIRECTION('',(0.,0.,1.));
#530 = DIRECTION('',(1.,0.,0.));
#531 = AXIS2_PLACEMENT_3D('',#532,#533,#534);
#532 = CARTESIAN_POINT('',(1.219101E+03,2.6085688E+04,-254.007));
#533 = DIRECTION('',(0.,0.,-1.));
#534 = DIRECTION('',(1.,0.,0.));
#535 = AXIS2_PLACEMENT_3D('',#536,#537,#538);
#536 = CARTESIAN_POINT('',(0.,0.,9.01647E+03));
#537 = DIRECTION('',(0.,0.,1.));
#538 = DIRECTION('',(1.,0.,0.));
#539 = ( GEOMETRIC_REPRESENTATION_CONTEXT(3) 
GLOBAL_UNCERTAINTY_ASSIGNED_CONTEXT((#543)) GLOBAL_UNIT_ASSIGNED_CONTEXT
((#540,#541,#542)) REPRESENTATION_CONTEXT('Context #1',
  '3D Context with UNIT and UNCERTAINTY') );
#540 = ( LENGTH_UNIT() NAMED_UNIT(*) SI_UNIT(.MILLI.,.METRE.) );
#541 = ( NAMED_UNIT(*) PLANE_ANGLE_UNIT() SI_UNIT($,.RADIAN.) );
#542 = ( NAMED_UNIT(*) SI_UNIT($,.STERADIAN.) SOLID_ANGLE_UNIT() );
#543 = UNCERTAINTY_MEASURE_WITH_UNIT(LENGTH_MEASURE(5.E-03),#540,
  'distance_accuracy_value','confusion accuracy');
#544 = CONTEXT_DEPENDENT_SHAPE_REPRESENTATION(#545,#547);
#545 = ( REPRESENTATION_RELATIONSHIP('','',#510,#10) 
REPRESENTATION_RELATIONSHIP_WITH_TRANSFORMATION(#546) 
SHAPE_REPRESENTATION_RELATIONSHIP() );
#546 = ITEM_DEFINED_TRANSFORMATION('','',#11,#19);
#547 = PRODUCT_DEFINITION_SHAPE('Placement','Placement of an item',#548
  );
#548 = NEXT_ASSEMBLY_USAGE_OCCURRENCE('16','Building','',#5,#505,$);
#549 = PRODUCT_RELATED_PRODUCT_CATEGORY('part',$,(#507));
#550 = SHAPE_DEFINITION_REPRESENTATION(#551,#557);
#551 = PRODUCT_DEFINITION_SHAPE('','',#552);
#552 = PRODUCT_DEFINITION('design','',#553,#556);
#553 = PRODUCT_DEFINITION_FORMATION('','',#554);
#554 = PRODUCT('FirstFloor','FirstFloor','',(#555));
#555 = PRODUCT_CONTEXT('',#2,'mechanical');
#556 = PRODUCT_DEFINITION_CONTEXT('part definition',#2,'design');
#557 = ADVANCED_BREP_SHAPE_REPRESENTATION('',(#11,#558),#1137);
#558 = MANIFOLD_SOLID_BREP('',#559);
#559 = CLOSED_SHELL('',(#560,#600,#631,#662,#693,#724,#755,#786,#817,
    #848,#879,#910,#941,#972,#1003,#1043,#1065,#1095,#1125));
#560 = ADVANCED_FACE('',(#561),#595,.T.);
#561 = FACE_BOUND('',#562,.T.);
#562 = EDGE_LOOP('',(#563,#573,#581,#589));
#563 = ORIENTED_EDGE('',*,*,#564,.T.);
#564 = EDGE_CURVE('',#565,#567,#569,.T.);
#565 = VERTEX_POINT('',#566);
#566 = CARTESIAN_POINT('',(1.34112E+04,1.58496E+04,0.));
#567 = VERTEX_POINT('',#568);
#568 = CARTESIAN_POINT('',(1.34112E+04,1.58496E+04,-254.));
#569 = LINE('',#570,#571);
#570 = CARTESIAN_POINT('',(1.34112E+04,1.58496E+04,0.));
#571 = VECTOR('',#572,1.);
#572 = DIRECTION('',(-0.,-0.,-1.));
#573 = ORIENTED_EDGE('',*,*,#574,.T.);
#574 = EDGE_CURVE('',#567,#575,#577,.T.);
#575 = VERTEX_POINT('',#576);
#576 = CARTESIAN_POINT('',(1.34112E+04,2.80416E+04,-254.));
#577 = LINE('',#578,#579);
#578 = CARTESIAN_POINT('',(1.34112E+04,1.58496E+04,-254.));
#579 = VECTOR('',#580,1.);
#580 = DIRECTION('',(0.,1.,0.));
#581 = ORIENTED_EDGE('',*,*,#582,.F.);
#582 = EDGE_CURVE('',#583,#575,#585,.T.);
#583 = VERTEX_POINT('',#584);
#584 = CARTESIAN_POINT('',(1.34112E+04,2.80416E+04,0.));
#585 = LINE('',#586,#587);
#586 = CARTESIAN_POINT('',(1.34112E+04,2.80416E+04,0.));
#587 = VECTOR('',#588,1.);
#588 = DIRECTION('',(-0.,-0.,-1.));
#589 = ORIENTED_EDGE('',*,*,#590,.F.);
#590 = EDGE_CURVE('',#565,#583,#591,.T.);
#591 = LINE('',#592,#593);
#592 = CARTESIAN_POINT('',(1.34112E+04,1.58496E+04,0.));
#593 = VECTOR('',#594,1.);
#594 = DIRECTION('',(0.,1.,0.));
#595 = PLANE('',#596);
#596 = AXIS2_PLACEMENT_3D('',#597,#598,#599);
#597 = CARTESIAN_POINT('',(1.34112E+04,1.58496E+04,0.));
#598 = DIRECTION('',(1.,0.,0.));
#599 = DIRECTION('',(-0.,1.,0.));
#600 = ADVANCED_FACE('',(#601),#626,.F.);
#601 = FACE_BOUND('',#602,.F.);
#602 = EDGE_LOOP('',(#603,#604,#612,#620));
#603 = ORIENTED_EDGE('',*,*,#564,.T.);
#604 = ORIENTED_EDGE('',*,*,#605,.T.);
#605 = EDGE_CURVE('',#567,#606,#608,.T.);
#606 = VERTEX_POINT('',#607);
#607 = CARTESIAN_POINT('',(1.46304E+04,1.58496E+04,-254.));
#608 = LINE('',#609,#610);
#609 = CARTESIAN_POINT('',(1.34112E+04,1.58496E+04,-254.));
#610 = VECTOR('',#611,1.);
#611 = DIRECTION('',(1.,0.,0.));
#612 = ORIENTED_EDGE('',*,*,#613,.F.);
#613 = EDGE_CURVE('',#614,#606,#616,.T.);
#614 = VERTEX_POINT('',#615);
#615 = CARTESIAN_POINT('',(1.46304E+04,1.58496E+04,0.));
#616 = LINE('',#617,#618);
#617 = CARTESIAN_POINT('',(1.46304E+04,1.58496E+04,0.));
#618 = VECTOR('',#619,1.);
#619 = DIRECTION('',(-0.,-0.,-1.));
#620 = ORIENTED_EDGE('',*,*,#621,.F.);
#621 = EDGE_CURVE('',#565,#614,#622,.T.);
#622 = LINE('',#623,#624);
#623 = CARTESIAN_POINT('',(1.34112E+04,1.58496E+04,0.));
#624 = VECTOR('',#625,1.);
#625 = DIRECTION('',(1.,0.,0.));
#626 = PLANE('',#627);
#627 = AXIS2_PLACEMENT_3D('',#628,#629,#630);
#628 = CARTESIAN_POINT('',(1.34112E+04,1.58496E+04,0.));
#629 = DIRECTION('',(0.,-1.,0.));
#630 = DIRECTION('',(1.,0.,0.));
#631 = ADVANCED_FACE('',(#632),#657,.F.);
#632 = FACE_BOUND('',#633,.F.);
#633 = EDGE_LOOP('',(#634,#635,#643,#651));
#634 = ORIENTED_EDGE('',*,*,#613,.T.);
#635 = ORIENTED_EDGE('',*,*,#636,.T.);
#636 = EDGE_CURVE('',#606,#637,#639,.T.);
#637 = VERTEX_POINT('',#638);
#638 = CARTESIAN_POINT('',(1.46304E+04,-1.46304E+04,-254.));
#639 = LINE('',#640,#641);
#640 = CARTESIAN_POINT('',(1.46304E+04,1.58496E+04,-254.));
#641 = VECTOR('',#642,1.);
#642 = DIRECTION('',(-6.E-17,-1.,0.));
#643 = ORIENTED_EDGE('',*,*,#644,.F.);
#644 = EDGE_CURVE('',#645,#637,#647,.T.);
#645 = VERTEX_POINT('',#646);
#646 = CARTESIAN_POINT('',(1.46304E+04,-1.46304E+04,0.));
#647 = LINE('',#648,#649);
#648 = CARTESIAN_POINT('',(1.46304E+04,-1.46304E+04,0.));
#649 = VECTOR('',#650,1.);
#650 = DIRECTION('',(-0.,-0.,-1.));
#651 = ORIENTED_EDGE('',*,*,#652,.F.);
#652 = EDGE_CURVE('',#614,#645,#653,.T.);
#653 = LINE('',#654,#655);
#654 = CARTESIAN_POINT('',(1.46304E+04,1.58496E+04,0.));
#655 = VECTOR('',#656,1.);
#656 = DIRECTION('',(-6.E-17,-1.,0.));
#657 = PLANE('',#658);
#658 = AXIS2_PLACEMENT_3D('',#659,#660,#661);
#659 = CARTESIAN_POINT('',(1.46304E+04,1.58496E+04,0.));
#660 = DIRECTION('',(-1.,6.E-17,0.));
#661 = DIRECTION('',(-6.E-17,-1.,0.));
#662 = ADVANCED_FACE('',(#663),#688,.F.);
#663 = FACE_BOUND('',#664,.F.);
#664 = EDGE_LOOP('',(#665,#666,#674,#682));
#665 = ORIENTED_EDGE('',*,*,#644,.T.);
#666 = ORIENTED_EDGE('',*,*,#667,.T.);
#667 = EDGE_CURVE('',#637,#668,#670,.T.);
#668 = VERTEX_POINT('',#669);
#669 = CARTESIAN_POINT('',(1.34112E+04,-1.46304E+04,-254.));
#670 = LINE('',#671,#672);
#671 = CARTESIAN_POINT('',(1.46304E+04,-1.46304E+04,-254.));
#672 = VECTOR('',#673,1.);
#673 = DIRECTION('',(-1.,0.,0.));
#674 = ORIENTED_EDGE('',*,*,#675,.F.);
#675 = EDGE_CURVE('',#676,#668,#678,.T.);
#676 = VERTEX_POINT('',#677);
#677 = CARTESIAN_POINT('',(1.34112E+04,-1.46304E+04,0.));
#678 = LINE('',#679,#680);
#679 = CARTESIAN_POINT('',(1.34112E+04,-1.46304E+04,0.));
#680 = VECTOR('',#681,1.);
#681 = DIRECTION('',(-0.,-0.,-1.));
#682 = ORIENTED_EDGE('',*,*,#683,.F.);
#683 = EDGE_CURVE('',#645,#676,#684,.T.);
#684 = LINE('',#685,#686);
#685 = CARTESIAN_POINT('',(1.46304E+04,-1.46304E+04,0.));
#686 = VECTOR('',#687,1.);
#687 = DIRECTION('',(-1.,0.,0.));
#688 = PLANE('',#689);
#689 = AXIS2_PLACEMENT_3D('',#690,#691,#692);
#690 = CARTESIAN_POINT('',(1.46304E+04,-1.46304E+04,0.));
#691 = DIRECTION('',(0.,1.,0.));
#692 = DIRECTION('',(-1.,0.,0.));
#693 = ADVANCED_FACE('',(#694),#719,.F.);
#694 = FACE_BOUND('',#695,.F.);
#695 = EDGE_LOOP('',(#696,#697,#705,#713));
#696 = ORIENTED_EDGE('',*,*,#675,.T.);
#697 = ORIENTED_EDGE('',*,*,#698,.T.);
#698 = EDGE_CURVE('',#668,#699,#701,.T.);
#699 = VERTEX_POINT('',#700);
#700 = CARTESIAN_POINT('',(1.34112E+04,-2.80416E+04,-254.));
#701 = LINE('',#702,#703);
#702 = CARTESIAN_POINT('',(1.34112E+04,-1.46304E+04,-254.));
#703 = VECTOR('',#704,1.);
#704 = DIRECTION('',(0.,-1.,0.));
#705 = ORIENTED_EDGE('',*,*,#706,.F.);
#706 = EDGE_CURVE('',#707,#699,#709,.T.);
#707 = VERTEX_POINT('',#708);
#708 = CARTESIAN_POINT('',(1.34112E+04,-2.80416E+04,0.));
#709 = LINE('',#710,#711);
#710 = CARTESIAN_POINT('',(1.34112E+04,-2.80416E+04,0.));
#711 = VECTOR('',#712,1.);
#712 = DIRECTION('',(-0.,-0.,-1.));
#713 = ORIENTED_EDGE('',*,*,#714,.F.);
#714 = EDGE_CURVE('',#676,#707,#715,.T.);
#715 = LINE('',#716,#717);
#716 = CARTESIAN_POINT('',(1.34112E+04,-1.46304E+04,0.));
#717 = VECTOR('',#718,1.);
#718 = DIRECTION('',(0.,-1.,0.));
#719 = PLANE('',#720);
#720 = AXIS2_PLACEMENT_3D('',#721,#722,#723);
#721 = CARTESIAN_POINT('',(1.34112E+04,-1.46304E+04,0.));
#722 = DIRECTION('',(-1.,0.,0.));
#723 = DIRECTION('',(0.,-1.,0.));
#724 = ADVANCED_FACE('',(#725),#750,.F.);
#725 = FACE_BOUND('',#726,.F.);
#726 = EDGE_LOOP('',(#727,#728,#736,#744));
#727 = ORIENTED_EDGE('',*,*,#706,.T.);
#728 = ORIENTED_EDGE('',*,*,#729,.T.);
#729 = EDGE_CURVE('',#699,#730,#732,.T.);
#730 = VERTEX_POINT('',#731);
#731 = CARTESIAN_POINT('',(1.2192E+03,-2.80416E+04,-254.));
#732 = LINE('',#733,#734);
#733 = CARTESIAN_POINT('',(1.34112E+04,-2.80416E+04,-254.));
#734 = VECTOR('',#735,1.);
#735 = DIRECTION('',(-1.,0.,0.));
#736 = ORIENTED_EDGE('',*,*,#737,.F.);
#737 = EDGE_CURVE('',#738,#730,#740,.T.);
#738 = VERTEX_POINT('',#739);
#739 = CARTESIAN_POINT('',(1.2192E+03,-2.80416E+04,0.));
#740 = LINE('',#741,#742);
#741 = CARTESIAN_POINT('',(1.2192E+03,-2.80416E+04,0.));
#742 = VECTOR('',#743,1.);
#743 = DIRECTION('',(-0.,-0.,-1.));
#744 = ORIENTED_EDGE('',*,*,#745,.F.);
#745 = EDGE_CURVE('',#707,#738,#746,.T.);
#746 = LINE('',#747,#748);
#747 = CARTESIAN_POINT('',(1.34112E+04,-2.80416E+04,0.));
#748 = VECTOR('',#749,1.);
#749 = DIRECTION('',(-1.,0.,0.));
#750 = PLANE('',#751);
#751 = AXIS2_PLACEMENT_3D('',#752,#753,#754);
#752 = CARTESIAN_POINT('',(1.34112E+04,-2.80416E+04,0.));
#753 = DIRECTION('',(0.,1.,0.));
#754 = DIRECTION('',(-1.,0.,0.));
#755 = ADVANCED_FACE('',(#756),#781,.F.);
#756 = FACE_BOUND('',#757,.F.);
#757 = EDGE_LOOP('',(#758,#759,#767,#775));
#758 = ORIENTED_EDGE('',*,*,#737,.T.);
#759 = ORIENTED_EDGE('',*,*,#760,.T.);
#760 = EDGE_CURVE('',#730,#761,#763,.T.);
#761 = VERTEX_POINT('',#762);
#762 = CARTESIAN_POINT('',(1.2192E+03,-2.92608E+04,-254.));
#763 = LINE('',#764,#765);
#764 = CARTESIAN_POINT('',(1.2192E+03,-2.80416E+04,-254.));
#765 = VECTOR('',#766,1.);
#766 = DIRECTION('',(0.,-1.,0.));
#767 = ORIENTED_EDGE('',*,*,#768,.F.);
#768 = EDGE_CURVE('',#769,#761,#771,.T.);
#769 = VERTEX_POINT('',#770);
#770 = CARTESIAN_POINT('',(1.2192E+03,-2.92608E+04,0.));
#771 = LINE('',#772,#773);
#772 = CARTESIAN_POINT('',(1.2192E+03,-2.92608E+04,0.));
#773 = VECTOR('',#774,1.);
#774 = DIRECTION('',(-0.,-0.,-1.));
#775 = ORIENTED_EDGE('',*,*,#776,.F.);
#776 = EDGE_CURVE('',#738,#769,#777,.T.);
#777 = LINE('',#778,#779);
#778 = CARTESIAN_POINT('',(1.2192E+03,-2.80416E+04,0.));
#779 = VECTOR('',#780,1.);
#780 = DIRECTION('',(0.,-1.,0.));
#781 = PLANE('',#782);
#782 = AXIS2_PLACEMENT_3D('',#783,#784,#785);
#783 = CARTESIAN_POINT('',(1.2192E+03,-2.80416E+04,0.));
#784 = DIRECTION('',(-1.,0.,0.));
#785 = DIRECTION('',(0.,-1.,0.));
#786 = ADVANCED_FACE('',(#787),#812,.F.);
#787 = FACE_BOUND('',#788,.F.);
#788 = EDGE_LOOP('',(#789,#790,#798,#806));
#789 = ORIENTED_EDGE('',*,*,#768,.T.);
#790 = ORIENTED_EDGE('',*,*,#791,.T.);
#791 = EDGE_CURVE('',#761,#792,#794,.T.);
#792 = VERTEX_POINT('',#793);
#793 = CARTESIAN_POINT('',(-4.8768E+03,-2.92608E+04,-254.));
#794 = LINE('',#795,#796);
#795 = CARTESIAN_POINT('',(1.2192E+03,-2.92608E+04,-254.));
#796 = VECTOR('',#797,1.);
#797 = DIRECTION('',(-1.,0.,0.));
#798 = ORIENTED_EDGE('',*,*,#799,.F.);
#799 = EDGE_CURVE('',#800,#792,#802,.T.);
#800 = VERTEX_POINT('',#801);
#801 = CARTESIAN_POINT('',(-4.8768E+03,-2.92608E+04,0.));
#802 = LINE('',#803,#804);
#803 = CARTESIAN_POINT('',(-4.8768E+03,-2.92608E+04,0.));
#804 = VECTOR('',#805,1.);
#805 = DIRECTION('',(-0.,-0.,-1.));
#806 = ORIENTED_EDGE('',*,*,#807,.F.);
#807 = EDGE_CURVE('',#769,#800,#808,.T.);
#808 = LINE('',#809,#810);
#809 = CARTESIAN_POINT('',(1.2192E+03,-2.92608E+04,0.));
#810 = VECTOR('',#811,1.);
#811 = DIRECTION('',(-1.,0.,0.));
#812 = PLANE('',#813);
#813 = AXIS2_PLACEMENT_3D('',#814,#815,#816);
#814 = CARTESIAN_POINT('',(1.2192E+03,-2.92608E+04,0.));
#815 = DIRECTION('',(0.,1.,0.));
#816 = DIRECTION('',(-1.,0.,0.));
#817 = ADVANCED_FACE('',(#818),#843,.F.);
#818 = FACE_BOUND('',#819,.F.);
#819 = EDGE_LOOP('',(#820,#821,#829,#837));
#820 = ORIENTED_EDGE('',*,*,#799,.T.);
#821 = ORIENTED_EDGE('',*,*,#822,.T.);
#822 = EDGE_CURVE('',#792,#823,#825,.T.);
#823 = VERTEX_POINT('',#824);
#824 = CARTESIAN_POINT('',(-6.096E+03,-2.80416E+04,-254.));
#825 = LINE('',#826,#827);
#826 = CARTESIAN_POINT('',(-4.8768E+03,-2.92608E+04,-254.));
#827 = VECTOR('',#828,1.);
#828 = DIRECTION('',(-0.707106781187,0.707106781187,0.));
#829 = ORIENTED_EDGE('',*,*,#830,.F.);
#830 = EDGE_CURVE('',#831,#823,#833,.T.);
#831 = VERTEX_POINT('',#832);
#832 = CARTESIAN_POINT('',(-6.096E+03,-2.80416E+04,0.));
#833 = LINE('',#834,#835);
#834 = CARTESIAN_POINT('',(-6.096E+03,-2.80416E+04,0.));
#835 = VECTOR('',#836,1.);
#836 = DIRECTION('',(-0.,-0.,-1.));
#837 = ORIENTED_EDGE('',*,*,#838,.F.);
#838 = EDGE_CURVE('',#800,#831,#839,.T.);
#839 = LINE('',#840,#841);
#840 = CARTESIAN_POINT('',(-4.8768E+03,-2.92608E+04,0.));
#841 = VECTOR('',#842,1.);
#842 = DIRECTION('',(-0.707106781187,0.707106781187,0.));
#843 = PLANE('',#844);
#844 = AXIS2_PLACEMENT_3D('',#845,#846,#847);
#845 = CARTESIAN_POINT('',(-4.8768E+03,-2.92608E+04,0.));
#846 = DIRECTION('',(0.707106781187,0.707106781187,0.));
#847 = DIRECTION('',(-0.707106781187,0.707106781187,0.));
#848 = ADVANCED_FACE('',(#849),#874,.T.);
#849 = FACE_BOUND('',#850,.T.);
#850 = EDGE_LOOP('',(#851,#861,#867,#868));
#851 = ORIENTED_EDGE('',*,*,#852,.T.);
#852 = EDGE_CURVE('',#853,#855,#857,.T.);
#853 = VERTEX_POINT('',#854);
#854 = CARTESIAN_POINT('',(-9.7536E+03,-2.80416E+04,0.));
#855 = VERTEX_POINT('',#856);
#856 = CARTESIAN_POINT('',(-9.7536E+03,-2.80416E+04,-254.));
#857 = LINE('',#858,#859);
#858 = CARTESIAN_POINT('',(-9.7536E+03,-2.80416E+04,0.));
#859 = VECTOR('',#860,1.);
#860 = DIRECTION('',(-0.,-0.,-1.));
#861 = ORIENTED_EDGE('',*,*,#862,.T.);
#862 = EDGE_CURVE('',#855,#823,#863,.T.);
#863 = LINE('',#864,#865);
#864 = CARTESIAN_POINT('',(-9.7536E+03,-2.80416E+04,-254.));
#865 = VECTOR('',#866,1.);
#866 = DIRECTION('',(1.,0.,0.));
#867 = ORIENTED_EDGE('',*,*,#830,.F.);
#868 = ORIENTED_EDGE('',*,*,#869,.F.);
#869 = EDGE_CURVE('',#853,#831,#870,.T.);
#870 = LINE('',#871,#872);
#871 = CARTESIAN_POINT('',(-9.7536E+03,-2.80416E+04,0.));
#872 = VECTOR('',#873,1.);
#873 = DIRECTION('',(1.,0.,0.));
#874 = PLANE('',#875);
#875 = AXIS2_PLACEMENT_3D('',#876,#877,#878);
#876 = CARTESIAN_POINT('',(-9.7536E+03,-2.80416E+04,0.));
#877 = DIRECTION('',(0.,-1.,0.));
#878 = DIRECTION('',(1.,0.,0.));
#879 = ADVANCED_FACE('',(#880),#905,.T.);
#880 = FACE_BOUND('',#881,.T.);
#881 = EDGE_LOOP('',(#882,#892,#898,#899));
#882 = ORIENTED_EDGE('',*,*,#883,.T.);
#883 = EDGE_CURVE('',#884,#886,#888,.T.);
#884 = VERTEX_POINT('',#885);
#885 = CARTESIAN_POINT('',(-1.34112E+04,-2.4384E+04,0.));
#886 = VERTEX_POINT('',#887);
#887 = CARTESIAN_POINT('',(-1.34112E+04,-2.4384E+04,-254.));
#888 = LINE('',#889,#890);
#889 = CARTESIAN_POINT('',(-1.34112E+04,-2.4384E+04,0.));
#890 = VECTOR('',#891,1.);
#891 = DIRECTION('',(-0.,-0.,-1.));
#892 = ORIENTED_EDGE('',*,*,#893,.T.);
#893 = EDGE_CURVE('',#886,#855,#894,.T.);
#894 = LINE('',#895,#896);
#895 = CARTESIAN_POINT('',(-1.34112E+04,-2.4384E+04,-254.));
#896 = VECTOR('',#897,1.);
#897 = DIRECTION('',(0.707106781187,-0.707106781187,0.));
#898 = ORIENTED_EDGE('',*,*,#852,.F.);
#899 = ORIENTED_EDGE('',*,*,#900,.F.);
#900 = EDGE_CURVE('',#884,#853,#901,.T.);
#901 = LINE('',#902,#903);
#902 = CARTESIAN_POINT('',(-1.34112E+04,-2.4384E+04,0.));
#903 = VECTOR('',#904,1.);
#904 = DIRECTION('',(0.707106781187,-0.707106781187,0.));
#905 = PLANE('',#906);
#906 = AXIS2_PLACEMENT_3D('',#907,#908,#909);
#907 = CARTESIAN_POINT('',(-1.34112E+04,-2.4384E+04,0.));
#908 = DIRECTION('',(-0.707106781187,-0.707106781187,0.));
#909 = DIRECTION('',(0.707106781187,-0.707106781187,0.));
#910 = ADVANCED_FACE('',(#911),#936,.T.);
#911 = FACE_BOUND('',#912,.T.);
#912 = EDGE_LOOP('',(#913,#923,#929,#930));
#913 = ORIENTED_EDGE('',*,*,#914,.T.);
#914 = EDGE_CURVE('',#915,#917,#919,.T.);
#915 = VERTEX_POINT('',#916);
#916 = CARTESIAN_POINT('',(-1.34112E+04,-2.07264E+04,0.));
#917 = VERTEX_POINT('',#918);
#918 = CARTESIAN_POINT('',(-1.34112E+04,-2.07264E+04,-254.));
#919 = LINE('',#920,#921);
#920 = CARTESIAN_POINT('',(-1.34112E+04,-2.07264E+04,0.));
#921 = VECTOR('',#922,1.);
#922 = DIRECTION('',(-0.,-0.,-1.));
#923 = ORIENTED_EDGE('',*,*,#924,.T.);
#924 = EDGE_CURVE('',#917,#886,#925,.T.);
#925 = LINE('',#926,#927);
#926 = CARTESIAN_POINT('',(-1.34112E+04,-2.07264E+04,-254.));
#927 = VECTOR('',#928,1.);
#928 = DIRECTION('',(0.,-1.,0.));
#929 = ORIENTED_EDGE('',*,*,#883,.F.);
#930 = ORIENTED_EDGE('',*,*,#931,.F.);
#931 = EDGE_CURVE('',#915,#884,#932,.T.);
#932 = LINE('',#933,#934);
#933 = CARTESIAN_POINT('',(-1.34112E+04,-2.07264E+04,0.));
#934 = VECTOR('',#935,1.);
#935 = DIRECTION('',(0.,-1.,0.));
#936 = PLANE('',#937);
#937 = AXIS2_PLACEMENT_3D('',#938,#939,#940);
#938 = CARTESIAN_POINT('',(-1.34112E+04,-2.07264E+04,0.));
#939 = DIRECTION('',(-1.,0.,0.));
#940 = DIRECTION('',(0.,-1.,0.));
#941 = ADVANCED_FACE('',(#942),#967,.T.);
#942 = FACE_BOUND('',#943,.T.);
#943 = EDGE_LOOP('',(#944,#954,#960,#961));
#944 = ORIENTED_EDGE('',*,*,#945,.T.);
#945 = EDGE_CURVE('',#946,#948,#950,.T.);
#946 = VERTEX_POINT('',#947);
#947 = CARTESIAN_POINT('',(-1.46304E+04,-1.95072E+04,0.));
#948 = VERTEX_POINT('',#949);
#949 = CARTESIAN_POINT('',(-1.46304E+04,-1.95072E+04,-254.));
#950 = LINE('',#951,#952);
#951 = CARTESIAN_POINT('',(-1.46304E+04,-1.95072E+04,0.));
#952 = VECTOR('',#953,1.);
#953 = DIRECTION('',(-0.,-0.,-1.));
#954 = ORIENTED_EDGE('',*,*,#955,.T.);
#955 = EDGE_CURVE('',#948,#917,#956,.T.);
#956 = LINE('',#957,#958);
#957 = CARTESIAN_POINT('',(-1.46304E+04,-1.95072E+04,-254.));
#958 = VECTOR('',#959,1.);
#959 = DIRECTION('',(0.707106781187,-0.707106781187,0.));
#960 = ORIENTED_EDGE('',*,*,#914,.F.);
#961 = ORIENTED_EDGE('',*,*,#962,.F.);
#962 = EDGE_CURVE('',#946,#915,#963,.T.);
#963 = LINE('',#964,#965);
#964 = CARTESIAN_POINT('',(-1.46304E+04,-1.95072E+04,0.));
#965 = VECTOR('',#966,1.);
#966 = DIRECTION('',(0.707106781187,-0.707106781187,0.));
#967 = PLANE('',#968);
#968 = AXIS2_PLACEMENT_3D('',#969,#970,#971);
#969 = CARTESIAN_POINT('',(-1.46304E+04,-1.95072E+04,0.));
#970 = DIRECTION('',(-0.707106781187,-0.707106781187,0.));
#971 = DIRECTION('',(0.707106781187,-0.707106781187,0.));
#972 = ADVANCED_FACE('',(#973),#998,.T.);
#973 = FACE_BOUND('',#974,.T.);
#974 = EDGE_LOOP('',(#975,#976,#984,#992));
#975 = ORIENTED_EDGE('',*,*,#582,.T.);
#976 = ORIENTED_EDGE('',*,*,#977,.T.);
#977 = EDGE_CURVE('',#575,#978,#980,.T.);
#978 = VERTEX_POINT('',#979);
#979 = CARTESIAN_POINT('',(1.2192E+03,2.80416E+04,-254.));
#980 = LINE('',#981,#982);
#981 = CARTESIAN_POINT('',(1.34112E+04,2.80416E+04,-254.));
#982 = VECTOR('',#983,1.);
#983 = DIRECTION('',(-1.,0.,0.));
#984 = ORIENTED_EDGE('',*,*,#985,.F.);
#985 = EDGE_CURVE('',#986,#978,#988,.T.);
#986 = VERTEX_POINT('',#987);
#987 = CARTESIAN_POINT('',(1.2192E+03,2.80416E+04,0.));
#988 = LINE('',#989,#990);
#989 = CARTESIAN_POINT('',(1.2192E+03,2.80416E+04,0.));
#990 = VECTOR('',#991,1.);
#991 = DIRECTION('',(-0.,-0.,-1.));
#992 = ORIENTED_EDGE('',*,*,#993,.F.);
#993 = EDGE_CURVE('',#583,#986,#994,.T.);
#994 = LINE('',#995,#996);
#995 = CARTESIAN_POINT('',(1.34112E+04,2.80416E+04,0.));
#996 = VECTOR('',#997,1.);
#997 = DIRECTION('',(-1.,0.,0.));
#998 = PLANE('',#999);
#999 = AXIS2_PLACEMENT_3D('',#1000,#1001,#1002);
#1000 = CARTESIAN_POINT('',(1.34112E+04,2.80416E+04,0.));
#1001 = DIRECTION('',(0.,1.,0.));
#1002 = DIRECTION('',(-1.,0.,0.));
#1003 = ADVANCED_FACE('',(#1004),#1038,.T.);
#1004 = FACE_BOUND('',#1005,.T.);
#1005 = EDGE_LOOP('',(#1006,#1016,#1024,#1032));
#1006 = ORIENTED_EDGE('',*,*,#1007,.T.);
#1007 = EDGE_CURVE('',#1008,#1010,#1012,.T.);
#1008 = VERTEX_POINT('',#1009);
#1009 = CARTESIAN_POINT('',(1.2192E+03,2.92608E+04,0.));
#1010 = VERTEX_POINT('',#1011);
#1011 = CARTESIAN_POINT('',(1.2192E+03,2.92608E+04,-254.));
#1012 = LINE('',#1013,#1014);
#1013 = CARTESIAN_POINT('',(1.2192E+03,2.92608E+04,0.));
#1014 = VECTOR('',#1015,1.);
#1015 = DIRECTION('',(-0.,-0.,-1.));
#1016 = ORIENTED_EDGE('',*,*,#1017,.T.);
#1017 = EDGE_CURVE('',#1010,#1018,#1020,.T.);
#1018 = VERTEX_POINT('',#1019);
#1019 = CARTESIAN_POINT('',(-1.46304E+04,2.92608E+04,-254.));
#1020 = LINE('',#1021,#1022);
#1021 = CARTESIAN_POINT('',(1.2192E+03,2.92608E+04,-254.));
#1022 = VECTOR('',#1023,1.);
#1023 = DIRECTION('',(-1.,0.,0.));
#1024 = ORIENTED_EDGE('',*,*,#1025,.F.);
#1025 = EDGE_CURVE('',#1026,#1018,#1028,.T.);
#1026 = VERTEX_POINT('',#1027);
#1027 = CARTESIAN_POINT('',(-1.46304E+04,2.92608E+04,0.));
#1028 = LINE('',#1029,#1030);
#1029 = CARTESIAN_POINT('',(-1.46304E+04,2.92608E+04,0.));
#1030 = VECTOR('',#1031,1.);
#1031 = DIRECTION('',(-0.,-0.,-1.));
#1032 = ORIENTED_EDGE('',*,*,#1033,.F.);
#1033 = EDGE_CURVE('',#1008,#1026,#1034,.T.);
#1034 = LINE('',#1035,#1036);
#1035 = CARTESIAN_POINT('',(1.2192E+03,2.92608E+04,0.));
#1036 = VECTOR('',#1037,1.);
#1037 = DIRECTION('',(-1.,0.,0.));
#1038 = PLANE('',#1039);
#1039 = AXIS2_PLACEMENT_3D('',#1040,#1041,#1042);
#1040 = CARTESIAN_POINT('',(1.2192E+03,2.92608E+04,0.));
#1041 = DIRECTION('',(0.,1.,0.));
#1042 = DIRECTION('',(-1.,0.,0.));
#1043 = ADVANCED_FACE('',(#1044),#1060,.T.);
#1044 = FACE_BOUND('',#1045,.T.);
#1045 = EDGE_LOOP('',(#1046,#1047,#1053,#1054));
#1046 = ORIENTED_EDGE('',*,*,#985,.T.);
#1047 = ORIENTED_EDGE('',*,*,#1048,.T.);
#1048 = EDGE_CURVE('',#978,#1010,#1049,.T.);
#1049 = LINE('',#1050,#1051);
#1050 = CARTESIAN_POINT('',(1.2192E+03,2.80416E+04,-254.));
#1051 = VECTOR('',#1052,1.);
#1052 = DIRECTION('',(0.,1.,0.));
#1053 = ORIENTED_EDGE('',*,*,#1007,.F.);
#1054 = ORIENTED_EDGE('',*,*,#1055,.F.);
#1055 = EDGE_CURVE('',#986,#1008,#1056,.T.);
#1056 = LINE('',#1057,#1058);
#1057 = CARTESIAN_POINT('',(1.2192E+03,2.80416E+04,0.));
#1058 = VECTOR('',#1059,1.);
#1059 = DIRECTION('',(0.,1.,0.));
#1060 = PLANE('',#1061);
#1061 = AXIS2_PLACEMENT_3D('',#1062,#1063,#1064);
#1062 = CARTESIAN_POINT('',(1.2192E+03,2.80416E+04,0.));
#1063 = DIRECTION('',(1.,0.,0.));
#1064 = DIRECTION('',(-0.,1.,0.));
#1065 = ADVANCED_FACE('',(#1066),#1090,.T.);
#1066 = FACE_BOUND('',#1067,.F.);
#1067 = EDGE_LOOP('',(#1068,#1069,#1070,#1071,#1072,#1073,#1074,#1075,
    #1076,#1077,#1078,#1079,#1080,#1081,#1087,#1088,#1089));
#1068 = ORIENTED_EDGE('',*,*,#590,.F.);
#1069 = ORIENTED_EDGE('',*,*,#621,.T.);
#1070 = ORIENTED_EDGE('',*,*,#652,.T.);
#1071 = ORIENTED_EDGE('',*,*,#683,.T.);
#1072 = ORIENTED_EDGE('',*,*,#714,.T.);
#1073 = ORIENTED_EDGE('',*,*,#745,.T.);
#1074 = ORIENTED_EDGE('',*,*,#776,.T.);
#1075 = ORIENTED_EDGE('',*,*,#807,.T.);
#1076 = ORIENTED_EDGE('',*,*,#838,.T.);
#1077 = ORIENTED_EDGE('',*,*,#869,.F.);
#1078 = ORIENTED_EDGE('',*,*,#900,.F.);
#1079 = ORIENTED_EDGE('',*,*,#931,.F.);
#1080 = ORIENTED_EDGE('',*,*,#962,.F.);
#1081 = ORIENTED_EDGE('',*,*,#1082,.F.);
#1082 = EDGE_CURVE('',#1026,#946,#1083,.T.);
#1083 = LINE('',#1084,#1085);
#1084 = CARTESIAN_POINT('',(-1.46304E+04,2.92608E+04,0.));
#1085 = VECTOR('',#1086,1.);
#1086 = DIRECTION('',(0.,-1.,0.));
#1087 = ORIENTED_EDGE('',*,*,#1033,.F.);
#1088 = ORIENTED_EDGE('',*,*,#1055,.F.);
#1089 = ORIENTED_EDGE('',*,*,#993,.F.);
#1090 = PLANE('',#1091);
#1091 = AXIS2_PLACEMENT_3D('',#1092,#1093,#1094);
#1092 = CARTESIAN_POINT('',(13.547013794027,697.57281002584,0.));
#1093 = DIRECTION('',(0.,0.,1.));
#1094 = DIRECTION('',(1.,0.,0.));
#1095 = ADVANCED_FACE('',(#1096),#1120,.F.);
#1096 = FACE_BOUND('',#1097,.T.);
#1097 = EDGE_LOOP('',(#1098,#1099,#1100,#1101,#1102,#1103,#1104,#1105,
    #1106,#1107,#1108,#1109,#1110,#1111,#1117,#1118,#1119));
#1098 = ORIENTED_EDGE('',*,*,#574,.F.);
#1099 = ORIENTED_EDGE('',*,*,#605,.T.);
#1100 = ORIENTED_EDGE('',*,*,#636,.T.);
#1101 = ORIENTED_EDGE('',*,*,#667,.T.);
#1102 = ORIENTED_EDGE('',*,*,#698,.T.);
#1103 = ORIENTED_EDGE('',*,*,#729,.T.);
#1104 = ORIENTED_EDGE('',*,*,#760,.T.);
#1105 = ORIENTED_EDGE('',*,*,#791,.T.);
#1106 = ORIENTED_EDGE('',*,*,#822,.T.);
#1107 = ORIENTED_EDGE('',*,*,#862,.F.);
#1108 = ORIENTED_EDGE('',*,*,#893,.F.);
#1109 = ORIENTED_EDGE('',*,*,#924,.F.);
#1110 = ORIENTED_EDGE('',*,*,#955,.F.);
#1111 = ORIENTED_EDGE('',*,*,#1112,.T.);
#1112 = EDGE_CURVE('',#948,#1018,#1113,.T.);
#1113 = LINE('',#1114,#1115);
#1114 = CARTESIAN_POINT('',(-1.46304E+04,-1.95072E+04,-254.));
#1115 = VECTOR('',#1116,1.);
#1116 = DIRECTION('',(0.,1.,0.));
#1117 = ORIENTED_EDGE('',*,*,#1017,.F.);
#1118 = ORIENTED_EDGE('',*,*,#1048,.F.);
#1119 = ORIENTED_EDGE('',*,*,#977,.F.);
#1120 = PLANE('',#1121);
#1121 = AXIS2_PLACEMENT_3D('',#1122,#1123,#1124);
#1122 = CARTESIAN_POINT('',(13.547013794027,697.57281002584,-254.));
#1123 = DIRECTION('',(0.,0.,1.));
#1124 = DIRECTION('',(1.,0.,0.));
#1125 = ADVANCED_FACE('',(#1126),#1132,.T.);
#1126 = FACE_BOUND('',#1127,.T.);
#1127 = EDGE_LOOP('',(#1128,#1129,#1130,#1131));
#1128 = ORIENTED_EDGE('',*,*,#945,.F.);
#1129 = ORIENTED_EDGE('',*,*,#1082,.F.);
#1130 = ORIENTED_EDGE('',*,*,#1025,.T.);
#1131 = ORIENTED_EDGE('',*,*,#1112,.F.);
#1132 = PLANE('',#1133);
#1133 = AXIS2_PLACEMENT_3D('',#1134,#1135,#1136);
#1134 = CARTESIAN_POINT('',(-1.46304E+04,4.8768E+03,-127.));
#1135 = DIRECTION('',(-1.,-0.,-0.));
#1136 = DIRECTION('',(0.,0.,-1.));
#1137 = ( GEOMETRIC_REPRESENTATION_CONTEXT(3) 
GLOBAL_UNCERTAINTY_ASSIGNED_CONTEXT((#1141)) 
GLOBAL_UNIT_ASSIGNED_CONTEXT((#1138,#1139,#1140)) REPRESENTATION_CONTEXT
('Context #1','3D Context with UNIT and UNCERTAINTY') );
#1138 = ( LENGTH_UNIT() NAMED_UNIT(*) SI_UNIT(.MILLI.,.METRE.) );
#1139 = ( NAMED_UNIT(*) PLANE_ANGLE_UNIT() SI_UNIT($,.RADIAN.) );
#1140 = ( NAMED_UNIT(*) SI_UNIT($,.STERADIAN.) SOLID_ANGLE_UNIT() );
#1141 = UNCERTAINTY_MEASURE_WITH_UNIT(LENGTH_MEASURE(1.E-07),#1138,
  'distance_accuracy_value','confusion accuracy');
#1142 = CONTEXT_DEPENDENT_SHAPE_REPRESENTATION(#1143,#1145);
#1143 = ( REPRESENTATION_RELATIONSHIP('','',#557,#510) 
REPRESENTATION_RELATIONSHIP_WITH_TRANSFORMATION(#1144) 
SHAPE_REPRESENTATION_RELATIONSHIP() );
#1144 = ITEM_DEFINED_TRANSFORMATION('','',#11,#511);
#1145 = PRODUCT_DEFINITION_SHAPE('Placement','Placement of an item',
  #1146);
#1146 = NEXT_ASSEMBLY_USAGE_OCCURRENCE('3','FirstFloor','',#505,#552,$);
#1147 = PRODUCT_RELATED_PRODUCT_CATEGORY('part',$,(#554));
#1148 = SHAPE_DEFINITION_REPRESENTATION(#1149,#1155);
#1149 = PRODUCT_DEFINITION_SHAPE('','',#1150);
#1150 = PRODUCT_DEFINITION('design','',#1151,#1154);
#1151 = PRODUCT_DEFINITION_FORMATION('','',#1152);
#1152 = PRODUCT('SecondFloor','SecondFloor','',(#1153));
#1153 = PRODUCT_CONTEXT('',#2,'mechanical');
#1154 = PRODUCT_DEFINITION_CONTEXT('part definition',#2,'design');
#1155 = ADVANCED_BREP_SHAPE_REPRESENTATION('',(#11,#1156),#1735);
#1156 = MANIFOLD_SOLID_BREP('',#1157);
#1157 = CLOSED_SHELL('',(#1158,#1198,#1229,#1260,#1291,#1322,#1353,#1384
    ,#1415,#1446,#1525,#1556,#1580,#1604,#1628,#1652,#1676,#1711,#1723)
  );
#1158 = ADVANCED_FACE('',(#1159),#1193,.F.);
#1159 = FACE_BOUND('',#1160,.F.);
#1160 = EDGE_LOOP('',(#1161,#1171,#1179,#1187));
#1161 = ORIENTED_EDGE('',*,*,#1162,.T.);
#1162 = EDGE_CURVE('',#1163,#1165,#1167,.T.);
#1163 = VERTEX_POINT('',#1164);
#1164 = CARTESIAN_POINT('',(1.34112E+04,-1.46304E+04,0.));
#1165 = VERTEX_POINT('',#1166);
#1166 = CARTESIAN_POINT('',(1.34112E+04,-1.46304E+04,-127.));
#1167 = LINE('',#1168,#1169);
#1168 = CARTESIAN_POINT('',(1.34112E+04,-1.46304E+04,0.));
#1169 = VECTOR('',#1170,1.);
#1170 = DIRECTION('',(-0.,-0.,-1.));
#1171 = ORIENTED_EDGE('',*,*,#1172,.T.);
#1172 = EDGE_CURVE('',#1165,#1173,#1175,.T.);
#1173 = VERTEX_POINT('',#1174);
#1174 = CARTESIAN_POINT('',(1.34112E+04,-2.80416E+04,-127.));
#1175 = LINE('',#1176,#1177);
#1176 = CARTESIAN_POINT('',(1.34112E+04,-1.46304E+04,-127.));
#1177 = VECTOR('',#1178,1.);
#1178 = DIRECTION('',(0.,-1.,0.));
#1179 = ORIENTED_EDGE('',*,*,#1180,.F.);
#1180 = EDGE_CURVE('',#1181,#1173,#1183,.T.);
#1181 = VERTEX_POINT('',#1182);
#1182 = CARTESIAN_POINT('',(1.34112E+04,-2.80416E+04,0.));
#1183 = LINE('',#1184,#1185);
#1184 = CARTESIAN_POINT('',(1.34112E+04,-2.80416E+04,0.));
#1185 = VECTOR('',#1186,1.);
#1186 = DIRECTION('',(-0.,-0.,-1.));
#1187 = ORIENTED_EDGE('',*,*,#1188,.F.);
#1188 = EDGE_CURVE('',#1163,#1181,#1189,.T.);
#1189 = LINE('',#1190,#1191);
#1190 = CARTESIAN_POINT('',(1.34112E+04,-1.46304E+04,0.));
#1191 = VECTOR('',#1192,1.);
#1192 = DIRECTION('',(0.,-1.,0.));
#1193 = PLANE('',#1194);
#1194 = AXIS2_PLACEMENT_3D('',#1195,#1196,#1197);
#1195 = CARTESIAN_POINT('',(1.34112E+04,-1.46304E+04,0.));
#1196 = DIRECTION('',(-1.,0.,0.));
#1197 = DIRECTION('',(0.,-1.,0.));
#1198 = ADVANCED_FACE('',(#1199),#1224,.F.);
#1199 = FACE_BOUND('',#1200,.F.);
#1200 = EDGE_LOOP('',(#1201,#1202,#1210,#1218));
#1201 = ORIENTED_EDGE('',*,*,#1180,.T.);
#1202 = ORIENTED_EDGE('',*,*,#1203,.T.);
#1203 = EDGE_CURVE('',#1173,#1204,#1206,.T.);
#1204 = VERTEX_POINT('',#1205);
#1205 = CARTESIAN_POINT('',(1.2192E+03,-2.80416E+04,-127.));
#1206 = LINE('',#1207,#1208);
#1207 = CARTESIAN_POINT('',(1.34112E+04,-2.80416E+04,-127.));
#1208 = VECTOR('',#1209,1.);
#1209 = DIRECTION('',(-1.,0.,0.));
#1210 = ORIENTED_EDGE('',*,*,#1211,.F.);
#1211 = EDGE_CURVE('',#1212,#1204,#1214,.T.);
#1212 = VERTEX_POINT('',#1213);
#1213 = CARTESIAN_POINT('',(1.2192E+03,-2.80416E+04,0.));
#1214 = LINE('',#1215,#1216);
#1215 = CARTESIAN_POINT('',(1.2192E+03,-2.80416E+04,0.));
#1216 = VECTOR('',#1217,1.);
#1217 = DIRECTION('',(-0.,-0.,-1.));
#1218 = ORIENTED_EDGE('',*,*,#1219,.F.);
#1219 = EDGE_CURVE('',#1181,#1212,#1220,.T.);
#1220 = LINE('',#1221,#1222);
#1221 = CARTESIAN_POINT('',(1.34112E+04,-2.80416E+04,0.));
#1222 = VECTOR('',#1223,1.);
#1223 = DIRECTION('',(-1.,0.,0.));
#1224 = PLANE('',#1225);
#1225 = AXIS2_PLACEMENT_3D('',#1226,#1227,#1228);
#1226 = CARTESIAN_POINT('',(1.34112E+04,-2.80416E+04,0.));
#1227 = DIRECTION('',(0.,1.,0.));
#1228 = DIRECTION('',(-1.,0.,0.));
#1229 = ADVANCED_FACE('',(#1230),#1255,.F.);
#1230 = FACE_BOUND('',#1231,.F.);
#1231 = EDGE_LOOP('',(#1232,#1233,#1241,#1249));
#1232 = ORIENTED_EDGE('',*,*,#1211,.T.);
#1233 = ORIENTED_EDGE('',*,*,#1234,.T.);
#1234 = EDGE_CURVE('',#1204,#1235,#1237,.T.);
#1235 = VERTEX_POINT('',#1236);
#1236 = CARTESIAN_POINT('',(1.2192E+03,-2.92608E+04,-127.));
#1237 = LINE('',#1238,#1239);
#1238 = CARTESIAN_POINT('',(1.2192E+03,-2.80416E+04,-127.));
#1239 = VECTOR('',#1240,1.);
#1240 = DIRECTION('',(0.,-1.,0.));
#1241 = ORIENTED_EDGE('',*,*,#1242,.F.);
#1242 = EDGE_CURVE('',#1243,#1235,#1245,.T.);
#1243 = VERTEX_POINT('',#1244);
#1244 = CARTESIAN_POINT('',(1.2192E+03,-2.92608E+04,0.));
#1245 = LINE('',#1246,#1247);
#1246 = CARTESIAN_POINT('',(1.2192E+03,-2.92608E+04,0.));
#1247 = VECTOR('',#1248,1.);
#1248 = DIRECTION('',(-0.,-0.,-1.));
#1249 = ORIENTED_EDGE('',*,*,#1250,.F.);
#1250 = EDGE_CURVE('',#1212,#1243,#1251,.T.);
#1251 = LINE('',#1252,#1253);
#1252 = CARTESIAN_POINT('',(1.2192E+03,-2.80416E+04,0.));
#1253 = VECTOR('',#1254,1.);
#1254 = DIRECTION('',(0.,-1.,0.));
#1255 = PLANE('',#1256);
#1256 = AXIS2_PLACEMENT_3D('',#1257,#1258,#1259);
#1257 = CARTESIAN_POINT('',(1.2192E+03,-2.80416E+04,0.));
#1258 = DIRECTION('',(-1.,0.,0.));
#1259 = DIRECTION('',(0.,-1.,0.));
#1260 = ADVANCED_FACE('',(#1261),#1286,.F.);
#1261 = FACE_BOUND('',#1262,.F.);
#1262 = EDGE_LOOP('',(#1263,#1264,#1272,#1280));
#1263 = ORIENTED_EDGE('',*,*,#1242,.T.);
#1264 = ORIENTED_EDGE('',*,*,#1265,.T.);
#1265 = EDGE_CURVE('',#1235,#1266,#1268,.T.);
#1266 = VERTEX_POINT('',#1267);
#1267 = CARTESIAN_POINT('',(-4.8768E+03,-2.92608E+04,-127.));
#1268 = LINE('',#1269,#1270);
#1269 = CARTESIAN_POINT('',(1.2192E+03,-2.92608E+04,-127.));
#1270 = VECTOR('',#1271,1.);
#1271 = DIRECTION('',(-1.,0.,0.));
#1272 = ORIENTED_EDGE('',*,*,#1273,.F.);
#1273 = EDGE_CURVE('',#1274,#1266,#1276,.T.);
#1274 = VERTEX_POINT('',#1275);
#1275 = CARTESIAN_POINT('',(-4.8768E+03,-2.92608E+04,0.));
#1276 = LINE('',#1277,#1278);
#1277 = CARTESIAN_POINT('',(-4.8768E+03,-2.92608E+04,0.));
#1278 = VECTOR('',#1279,1.);
#1279 = DIRECTION('',(-0.,-0.,-1.));
#1280 = ORIENTED_EDGE('',*,*,#1281,.F.);
#1281 = EDGE_CURVE('',#1243,#1274,#1282,.T.);
#1282 = LINE('',#1283,#1284);
#1283 = CARTESIAN_POINT('',(1.2192E+03,-2.92608E+04,0.));
#1284 = VECTOR('',#1285,1.);
#1285 = DIRECTION('',(-1.,0.,0.));
#1286 = PLANE('',#1287);
#1287 = AXIS2_PLACEMENT_3D('',#1288,#1289,#1290);
#1288 = CARTESIAN_POINT('',(1.2192E+03,-2.92608E+04,0.));
#1289 = DIRECTION('',(0.,1.,0.));
#1290 = DIRECTION('',(-1.,0.,0.));
#1291 = ADVANCED_FACE('',(#1292),#1317,.F.);
#1292 = FACE_BOUND('',#1293,.F.);
#1293 = EDGE_LOOP('',(#1294,#1295,#1303,#1311));
#1294 = ORIENTED_EDGE('',*,*,#1273,.T.);
#1295 = ORIENTED_EDGE('',*,*,#1296,.T.);
#1296 = EDGE_CURVE('',#1266,#1297,#1299,.T.);
#1297 = VERTEX_POINT('',#1298);
#1298 = CARTESIAN_POINT('',(-6.096E+03,-2.80416E+04,-127.));
#1299 = LINE('',#1300,#1301);
#1300 = CARTESIAN_POINT('',(-4.8768E+03,-2.92608E+04,-127.));
#1301 = VECTOR('',#1302,1.);
#1302 = DIRECTION('',(-0.707106781187,0.707106781187,0.));
#1303 = ORIENTED_EDGE('',*,*,#1304,.F.);
#1304 = EDGE_CURVE('',#1305,#1297,#1307,.T.);
#1305 = VERTEX_POINT('',#1306);
#1306 = CARTESIAN_POINT('',(-6.096E+03,-2.80416E+04,0.));
#1307 = LINE('',#1308,#1309);
#1308 = CARTESIAN_POINT('',(-6.096E+03,-2.80416E+04,0.));
#1309 = VECTOR('',#1310,1.);
#1310 = DIRECTION('',(-0.,-0.,-1.));
#1311 = ORIENTED_EDGE('',*,*,#1312,.F.);
#1312 = EDGE_CURVE('',#1274,#1305,#1313,.T.);
#1313 = LINE('',#1314,#1315);
#1314 = CARTESIAN_POINT('',(-4.8768E+03,-2.92608E+04,0.));
#1315 = VECTOR('',#1316,1.);
#1316 = DIRECTION('',(-0.707106781187,0.707106781187,0.));
#1317 = PLANE('',#1318);
#1318 = AXIS2_PLACEMENT_3D('',#1319,#1320,#1321);
#1319 = CARTESIAN_POINT('',(-4.8768E+03,-2.92608E+04,0.));
#1320 = DIRECTION('',(0.707106781187,0.707106781187,0.));
#1321 = DIRECTION('',(-0.707106781187,0.707106781187,0.));
#1322 = ADVANCED_FACE('',(#1323),#1348,.T.);
#1323 = FACE_BOUND('',#1324,.T.);
#1324 = EDGE_LOOP('',(#1325,#1335,#1341,#1342));
#1325 = ORIENTED_EDGE('',*,*,#1326,.T.);
#1326 = EDGE_CURVE('',#1327,#1329,#1331,.T.);
#1327 = VERTEX_POINT('',#1328);
#1328 = CARTESIAN_POINT('',(-9.7536E+03,-2.80416E+04,0.));
#1329 = VERTEX_POINT('',#1330);
#1330 = CARTESIAN_POINT('',(-9.7536E+03,-2.80416E+04,-127.));
#1331 = LINE('',#1332,#1333);
#1332 = CARTESIAN_POINT('',(-9.7536E+03,-2.80416E+04,0.));
#1333 = VECTOR('',#1334,1.);
#1334 = DIRECTION('',(-0.,-0.,-1.));
#1335 = ORIENTED_EDGE('',*,*,#1336,.T.);
#1336 = EDGE_CURVE('',#1329,#1297,#1337,.T.);
#1337 = LINE('',#1338,#1339);
#1338 = CARTESIAN_POINT('',(-9.7536E+03,-2.80416E+04,-127.));
#1339 = VECTOR('',#1340,1.);
#1340 = DIRECTION('',(1.,0.,0.));
#1341 = ORIENTED_EDGE('',*,*,#1304,.F.);
#1342 = ORIENTED_EDGE('',*,*,#1343,.F.);
#1343 = EDGE_CURVE('',#1327,#1305,#1344,.T.);
#1344 = LINE('',#1345,#1346);
#1345 = CARTESIAN_POINT('',(-9.7536E+03,-2.80416E+04,0.));
#1346 = VECTOR('',#1347,1.);
#1347 = DIRECTION('',(1.,0.,0.));
#1348 = PLANE('',#1349);
#1349 = AXIS2_PLACEMENT_3D('',#1350,#1351,#1352);
#1350 = CARTESIAN_POINT('',(-9.7536E+03,-2.80416E+04,0.));
#1351 = DIRECTION('',(0.,-1.,0.));
#1352 = DIRECTION('',(1.,0.,0.));
#1353 = ADVANCED_FACE('',(#1354),#1379,.T.);
#1354 = FACE_BOUND('',#1355,.T.);
#1355 = EDGE_LOOP('',(#1356,#1366,#1372,#1373));
#1356 = ORIENTED_EDGE('',*,*,#1357,.T.);
#1357 = EDGE_CURVE('',#1358,#1360,#1362,.T.);
#1358 = VERTEX_POINT('',#1359);
#1359 = CARTESIAN_POINT('',(-1.34112E+04,-2.4384E+04,0.));
#1360 = VERTEX_POINT('',#1361);
#1361 = CARTESIAN_POINT('',(-1.34112E+04,-2.4384E+04,-127.));
#1362 = LINE('',#1363,#1364);
#1363 = CARTESIAN_POINT('',(-1.34112E+04,-2.4384E+04,0.));
#1364 = VECTOR('',#1365,1.);
#1365 = DIRECTION('',(-0.,-0.,-1.));
#1366 = ORIENTED_EDGE('',*,*,#1367,.T.);
#1367 = EDGE_CURVE('',#1360,#1329,#1368,.T.);
#1368 = LINE('',#1369,#1370);
#1369 = CARTESIAN_POINT('',(-1.34112E+04,-2.4384E+04,-127.));
#1370 = VECTOR('',#1371,1.);
#1371 = DIRECTION('',(0.707106781187,-0.707106781187,0.));
#1372 = ORIENTED_EDGE('',*,*,#1326,.F.);
#1373 = ORIENTED_EDGE('',*,*,#1374,.F.);
#1374 = EDGE_CURVE('',#1358,#1327,#1375,.T.);
#1375 = LINE('',#1376,#1377);
#1376 = CARTESIAN_POINT('',(-1.34112E+04,-2.4384E+04,0.));
#1377 = VECTOR('',#1378,1.);
#1378 = DIRECTION('',(0.707106781187,-0.707106781187,0.));
#1379 = PLANE('',#1380);
#1380 = AXIS2_PLACEMENT_3D('',#1381,#1382,#1383);
#1381 = CARTESIAN_POINT('',(-1.34112E+04,-2.4384E+04,0.));
#1382 = DIRECTION('',(-0.707106781187,-0.707106781187,0.));
#1383 = DIRECTION('',(0.707106781187,-0.707106781187,0.));
#1384 = ADVANCED_FACE('',(#1385),#1410,.T.);
#1385 = FACE_BOUND('',#1386,.T.);
#1386 = EDGE_LOOP('',(#1387,#1397,#1403,#1404));
#1387 = ORIENTED_EDGE('',*,*,#1388,.T.);
#1388 = EDGE_CURVE('',#1389,#1391,#1393,.T.);
#1389 = VERTEX_POINT('',#1390);
#1390 = CARTESIAN_POINT('',(-1.34112E+04,-2.07264E+04,0.));
#1391 = VERTEX_POINT('',#1392);
#1392 = CARTESIAN_POINT('',(-1.34112E+04,-2.07264E+04,-127.));
#1393 = LINE('',#1394,#1395);
#1394 = CARTESIAN_POINT('',(-1.34112E+04,-2.07264E+04,0.));
#1395 = VECTOR('',#1396,1.);
#1396 = DIRECTION('',(-0.,-0.,-1.));
#1397 = ORIENTED_EDGE('',*,*,#1398,.T.);
#1398 = EDGE_CURVE('',#1391,#1360,#1399,.T.);
#1399 = LINE('',#1400,#1401);
#1400 = CARTESIAN_POINT('',(-1.34112E+04,-2.07264E+04,-127.));
#1401 = VECTOR('',#1402,1.);
#1402 = DIRECTION('',(0.,-1.,0.));
#1403 = ORIENTED_EDGE('',*,*,#1357,.F.);
#1404 = ORIENTED_EDGE('',*,*,#1405,.F.);
#1405 = EDGE_CURVE('',#1389,#1358,#1406,.T.);
#1406 = LINE('',#1407,#1408);
#1407 = CARTESIAN_POINT('',(-1.34112E+04,-2.07264E+04,0.));
#1408 = VECTOR('',#1409,1.);
#1409 = DIRECTION('',(0.,-1.,0.));
#1410 = PLANE('',#1411);
#1411 = AXIS2_PLACEMENT_3D('',#1412,#1413,#1414);
#1412 = CARTESIAN_POINT('',(-1.34112E+04,-2.07264E+04,0.));
#1413 = DIRECTION('',(-1.,0.,0.));
#1414 = DIRECTION('',(0.,-1.,0.));
#1415 = ADVANCED_FACE('',(#1416),#1441,.T.);
#1416 = FACE_BOUND('',#1417,.T.);
#1417 = EDGE_LOOP('',(#1418,#1428,#1434,#1435));
#1418 = ORIENTED_EDGE('',*,*,#1419,.T.);
#1419 = EDGE_CURVE('',#1420,#1422,#1424,.T.);
#1420 = VERTEX_POINT('',#1421);
#1421 = CARTESIAN_POINT('',(-1.46304E+04,-1.95072E+04,0.));
#1422 = VERTEX_POINT('',#1423);
#1423 = CARTESIAN_POINT('',(-1.46304E+04,-1.95072E+04,-127.));
#1424 = LINE('',#1425,#1426);
#1425 = CARTESIAN_POINT('',(-1.46304E+04,-1.95072E+04,0.));
#1426 = VECTOR('',#1427,1.);
#1427 = DIRECTION('',(-0.,-0.,-1.));
#1428 = ORIENTED_EDGE('',*,*,#1429,.T.);
#1429 = EDGE_CURVE('',#1422,#1391,#1430,.T.);
#1430 = LINE('',#1431,#1432);
#1431 = CARTESIAN_POINT('',(-1.46304E+04,-1.95072E+04,-127.));
#1432 = VECTOR('',#1433,1.);
#1433 = DIRECTION('',(0.707106781187,-0.707106781187,0.));
#1434 = ORIENTED_EDGE('',*,*,#1388,.F.);
#1435 = ORIENTED_EDGE('',*,*,#1436,.F.);
#1436 = EDGE_CURVE('',#1420,#1389,#1437,.T.);
#1437 = LINE('',#1438,#1439);
#1438 = CARTESIAN_POINT('',(-1.46304E+04,-1.95072E+04,0.));
#1439 = VECTOR('',#1440,1.);
#1440 = DIRECTION('',(0.707106781187,-0.707106781187,0.));
#1441 = PLANE('',#1442);
#1442 = AXIS2_PLACEMENT_3D('',#1443,#1444,#1445);
#1443 = CARTESIAN_POINT('',(-1.46304E+04,-1.95072E+04,0.));
#1444 = DIRECTION('',(-0.707106781187,-0.707106781187,0.));
#1445 = DIRECTION('',(0.707106781187,-0.707106781187,0.));
#1446 = ADVANCED_FACE('',(#1447),#1520,.T.);
#1447 = FACE_BOUND('',#1448,.F.);
#1448 = EDGE_LOOP('',(#1449,#1457,#1458,#1459,#1460,#1461,#1462,#1463,
    #1464,#1465,#1466,#1474,#1482,#1490,#1498,#1506,#1514));
#1449 = ORIENTED_EDGE('',*,*,#1450,.T.);
#1450 = EDGE_CURVE('',#1451,#1163,#1453,.T.);
#1451 = VERTEX_POINT('',#1452);
#1452 = CARTESIAN_POINT('',(7.07E-13,-1.46304E+04,0.));
#1453 = LINE('',#1454,#1455);
#1454 = CARTESIAN_POINT('',(1.114796E+04,-1.46304E+04,0.));
#1455 = VECTOR('',#1456,1.);
#1456 = DIRECTION('',(1.,0.,0.));
#1457 = ORIENTED_EDGE('',*,*,#1188,.T.);
#1458 = ORIENTED_EDGE('',*,*,#1219,.T.);
#1459 = ORIENTED_EDGE('',*,*,#1250,.T.);
#1460 = ORIENTED_EDGE('',*,*,#1281,.T.);
#1461 = ORIENTED_EDGE('',*,*,#1312,.T.);
#1462 = ORIENTED_EDGE('',*,*,#1343,.F.);
#1463 = ORIENTED_EDGE('',*,*,#1374,.F.);
#1464 = ORIENTED_EDGE('',*,*,#1405,.F.);
#1465 = ORIENTED_EDGE('',*,*,#1436,.F.);
#1466 = ORIENTED_EDGE('',*,*,#1467,.F.);
#1467 = EDGE_CURVE('',#1468,#1420,#1470,.T.);
#1468 = VERTEX_POINT('',#1469);
#1469 = CARTESIAN_POINT('',(-1.46304E+04,1.26746E+04,0.));
#1470 = LINE('',#1471,#1472);
#1471 = CARTESIAN_POINT('',(-1.46304E+04,1.26746E+04,0.));
#1472 = VECTOR('',#1473,1.);
#1473 = DIRECTION('',(7.E-17,-1.,0.));
#1474 = ORIENTED_EDGE('',*,*,#1475,.F.);
#1475 = EDGE_CURVE('',#1476,#1468,#1478,.T.);
#1476 = VERTEX_POINT('',#1477);
#1477 = CARTESIAN_POINT('',(-8.21954E+03,1.26746E+04,0.));
#1478 = LINE('',#1479,#1480);
#1479 = CARTESIAN_POINT('',(-8.21954E+03,1.26746E+04,0.));
#1480 = VECTOR('',#1481,1.);
#1481 = DIRECTION('',(-1.,0.,0.));
#1482 = ORIENTED_EDGE('',*,*,#1483,.T.);
#1483 = EDGE_CURVE('',#1476,#1484,#1486,.T.);
#1484 = VERTEX_POINT('',#1485);
#1485 = CARTESIAN_POINT('',(-8.21954E+03,-1.8288E+04,0.));
#1486 = LINE('',#1487,#1488);
#1487 = CARTESIAN_POINT('',(-8.21954E+03,1.26746E+04,0.));
#1488 = VECTOR('',#1489,1.);
#1489 = DIRECTION('',(0.,-1.,0.));
#1490 = ORIENTED_EDGE('',*,*,#1491,.T.);
#1491 = EDGE_CURVE('',#1484,#1492,#1494,.T.);
#1492 = VERTEX_POINT('',#1493);
#1493 = CARTESIAN_POINT('',(-6.87334E+03,-1.8288E+04,0.));
#1494 = LINE('',#1495,#1496);
#1495 = CARTESIAN_POINT('',(-8.21954E+03,-1.8288E+04,0.));
#1496 = VECTOR('',#1497,1.);
#1497 = DIRECTION('',(1.,2.7E-15,0.));
#1498 = ORIENTED_EDGE('',*,*,#1499,.T.);
#1499 = EDGE_CURVE('',#1492,#1500,#1502,.T.);
#1500 = VERTEX_POINT('',#1501);
#1501 = CARTESIAN_POINT('',(-6.87334E+03,-1.07697E+04,0.));
#1502 = LINE('',#1503,#1504);
#1503 = CARTESIAN_POINT('',(-6.87334E+03,-1.8288E+04,0.));
#1504 = VECTOR('',#1505,1.);
#1505 = DIRECTION('',(0.,1.,0.));
#1506 = ORIENTED_EDGE('',*,*,#1507,.T.);
#1507 = EDGE_CURVE('',#1500,#1508,#1510,.T.);
#1508 = VERTEX_POINT('',#1509);
#1509 = CARTESIAN_POINT('',(9.09E-13,-1.07697E+04,0.));
#1510 = LINE('',#1511,#1512);
#1511 = CARTESIAN_POINT('',(-6.87334E+03,-1.07697E+04,0.));
#1512 = VECTOR('',#1513,1.);
#1513 = DIRECTION('',(1.,0.,0.));
#1514 = ORIENTED_EDGE('',*,*,#1515,.F.);
#1515 = EDGE_CURVE('',#1451,#1508,#1516,.T.);
#1516 = LINE('',#1517,#1518);
#1517 = CARTESIAN_POINT('',(7.069E-13,-1.46304E+04,0.));
#1518 = VECTOR('',#1519,1.);
#1519 = DIRECTION('',(5.E-17,1.,0.));
#1520 = PLANE('',#1521);
#1521 = AXIS2_PLACEMENT_3D('',#1522,#1523,#1524);
#1522 = CARTESIAN_POINT('',(-4.664521063408E+03,-1.198507669038E+04,0.)
  );
#1523 = DIRECTION('',(0.,0.,1.));
#1524 = DIRECTION('',(1.,0.,0.));
#1525 = ADVANCED_FACE('',(#1526),#1551,.T.);
#1526 = FACE_BOUND('',#1527,.T.);
#1527 = EDGE_LOOP('',(#1528,#1536,#1544,#1550));
#1528 = ORIENTED_EDGE('',*,*,#1529,.T.);
#1529 = EDGE_CURVE('',#1476,#1530,#1532,.T.);
#1530 = VERTEX_POINT('',#1531);
#1531 = CARTESIAN_POINT('',(-8.21954E+03,1.26746E+04,-127.));
#1532 = LINE('',#1533,#1534);
#1533 = CARTESIAN_POINT('',(-8.21954E+03,1.26746E+04,0.));
#1534 = VECTOR('',#1535,1.);
#1535 = DIRECTION('',(-0.,-0.,-1.));
#1536 = ORIENTED_EDGE('',*,*,#1537,.T.);
#1537 = EDGE_CURVE('',#1530,#1538,#1540,.T.);
#1538 = VERTEX_POINT('',#1539);
#1539 = CARTESIAN_POINT('',(-1.46304E+04,1.26746E+04,-127.));
#1540 = LINE('',#1541,#1542);
#1541 = CARTESIAN_POINT('',(-8.21954E+03,1.26746E+04,-127.));
#1542 = VECTOR('',#1543,1.);
#1543 = DIRECTION('',(-1.,0.,0.));
#1544 = ORIENTED_EDGE('',*,*,#1545,.F.);
#1545 = EDGE_CURVE('',#1468,#1538,#1546,.T.);
#1546 = LINE('',#1547,#1548);
#1547 = CARTESIAN_POINT('',(-1.46304E+04,1.26746E+04,0.));
#1548 = VECTOR('',#1549,1.);
#1549 = DIRECTION('',(-0.,-0.,-1.));
#1550 = ORIENTED_EDGE('',*,*,#1475,.F.);
#1551 = PLANE('',#1552);
#1552 = AXIS2_PLACEMENT_3D('',#1553,#1554,#1555);
#1553 = CARTESIAN_POINT('',(-8.21954E+03,1.26746E+04,0.));
#1554 = DIRECTION('',(0.,1.,0.));
#1555 = DIRECTION('',(-1.,0.,0.));
#1556 = ADVANCED_FACE('',(#1557),#1575,.F.);
#1557 = FACE_BOUND('',#1558,.F.);
#1558 = EDGE_LOOP('',(#1559,#1560,#1568,#1574));
#1559 = ORIENTED_EDGE('',*,*,#1529,.T.);
#1560 = ORIENTED_EDGE('',*,*,#1561,.T.);
#1561 = EDGE_CURVE('',#1530,#1562,#1564,.T.);
#1562 = VERTEX_POINT('',#1563);
#1563 = CARTESIAN_POINT('',(-8.21954E+03,-1.8288E+04,-127.));
#1564 = LINE('',#1565,#1566);
#1565 = CARTESIAN_POINT('',(-8.21954E+03,1.26746E+04,-127.));
#1566 = VECTOR('',#1567,1.);
#1567 = DIRECTION('',(0.,-1.,0.));
#1568 = ORIENTED_EDGE('',*,*,#1569,.F.);
#1569 = EDGE_CURVE('',#1484,#1562,#1570,.T.);
#1570 = LINE('',#1571,#1572);
#1571 = CARTESIAN_POINT('',(-8.21954E+03,-1.8288E+04,0.));
#1572 = VECTOR('',#1573,1.);
#1573 = DIRECTION('',(-0.,-0.,-1.));
#1574 = ORIENTED_EDGE('',*,*,#1483,.F.);
#1575 = PLANE('',#1576);
#1576 = AXIS2_PLACEMENT_3D('',#1577,#1578,#1579);
#1577 = CARTESIAN_POINT('',(-8.21954E+03,1.26746E+04,0.));
#1578 = DIRECTION('',(-1.,0.,0.));
#1579 = DIRECTION('',(0.,-1.,0.));
#1580 = ADVANCED_FACE('',(#1581),#1599,.F.);
#1581 = FACE_BOUND('',#1582,.F.);
#1582 = EDGE_LOOP('',(#1583,#1584,#1592,#1598));
#1583 = ORIENTED_EDGE('',*,*,#1569,.T.);
#1584 = ORIENTED_EDGE('',*,*,#1585,.T.);
#1585 = EDGE_CURVE('',#1562,#1586,#1588,.T.);
#1586 = VERTEX_POINT('',#1587);
#1587 = CARTESIAN_POINT('',(-6.87334E+03,-1.8288E+04,-127.));
#1588 = LINE('',#1589,#1590);
#1589 = CARTESIAN_POINT('',(-8.21954E+03,-1.8288E+04,-127.));
#1590 = VECTOR('',#1591,1.);
#1591 = DIRECTION('',(1.,2.7E-15,0.));
#1592 = ORIENTED_EDGE('',*,*,#1593,.F.);
#1593 = EDGE_CURVE('',#1492,#1586,#1594,.T.);
#1594 = LINE('',#1595,#1596);
#1595 = CARTESIAN_POINT('',(-6.87334E+03,-1.8288E+04,0.));
#1596 = VECTOR('',#1597,1.);
#1597 = DIRECTION('',(-0.,-0.,-1.));
#1598 = ORIENTED_EDGE('',*,*,#1491,.F.);
#1599 = PLANE('',#1600);
#1600 = AXIS2_PLACEMENT_3D('',#1601,#1602,#1603);
#1601 = CARTESIAN_POINT('',(-8.21954E+03,-1.8288E+04,0.));
#1602 = DIRECTION('',(2.7E-15,-1.,0.));
#1603 = DIRECTION('',(1.,2.7E-15,0.));
#1604 = ADVANCED_FACE('',(#1605),#1623,.F.);
#1605 = FACE_BOUND('',#1606,.F.);
#1606 = EDGE_LOOP('',(#1607,#1608,#1616,#1622));
#1607 = ORIENTED_EDGE('',*,*,#1593,.T.);
#1608 = ORIENTED_EDGE('',*,*,#1609,.T.);
#1609 = EDGE_CURVE('',#1586,#1610,#1612,.T.);
#1610 = VERTEX_POINT('',#1611);
#1611 = CARTESIAN_POINT('',(-6.87334E+03,-1.07697E+04,-127.));
#1612 = LINE('',#1613,#1614);
#1613 = CARTESIAN_POINT('',(-6.87334E+03,-1.8288E+04,-127.));
#1614 = VECTOR('',#1615,1.);
#1615 = DIRECTION('',(0.,1.,0.));
#1616 = ORIENTED_EDGE('',*,*,#1617,.F.);
#1617 = EDGE_CURVE('',#1500,#1610,#1618,.T.);
#1618 = LINE('',#1619,#1620);
#1619 = CARTESIAN_POINT('',(-6.87334E+03,-1.07697E+04,0.));
#1620 = VECTOR('',#1621,1.);
#1621 = DIRECTION('',(-0.,-0.,-1.));
#1622 = ORIENTED_EDGE('',*,*,#1499,.F.);
#1623 = PLANE('',#1624);
#1624 = AXIS2_PLACEMENT_3D('',#1625,#1626,#1627);
#1625 = CARTESIAN_POINT('',(-6.87334E+03,-1.8288E+04,0.));
#1626 = DIRECTION('',(1.,0.,0.));
#1627 = DIRECTION('',(-0.,1.,0.));
#1628 = ADVANCED_FACE('',(#1629),#1647,.F.);
#1629 = FACE_BOUND('',#1630,.F.);
#1630 = EDGE_LOOP('',(#1631,#1632,#1640,#1646));
#1631 = ORIENTED_EDGE('',*,*,#1617,.T.);
#1632 = ORIENTED_EDGE('',*,*,#1633,.T.);
#1633 = EDGE_CURVE('',#1610,#1634,#1636,.T.);
#1634 = VERTEX_POINT('',#1635);
#1635 = CARTESIAN_POINT('',(9.09E-13,-1.07697E+04,-127.));
#1636 = LINE('',#1637,#1638);
#1637 = CARTESIAN_POINT('',(-6.87334E+03,-1.07697E+04,-127.));
#1638 = VECTOR('',#1639,1.);
#1639 = DIRECTION('',(1.,0.,0.));
#1640 = ORIENTED_EDGE('',*,*,#1641,.F.);
#1641 = EDGE_CURVE('',#1508,#1634,#1642,.T.);
#1642 = LINE('',#1643,#1644);
#1643 = CARTESIAN_POINT('',(9.0949E-13,-1.07697E+04,0.));
#1644 = VECTOR('',#1645,1.);
#1645 = DIRECTION('',(-0.,-0.,-1.));
#1646 = ORIENTED_EDGE('',*,*,#1507,.F.);
#1647 = PLANE('',#1648);
#1648 = AXIS2_PLACEMENT_3D('',#1649,#1650,#1651);
#1649 = CARTESIAN_POINT('',(-6.87334E+03,-1.07697E+04,0.));
#1650 = DIRECTION('',(0.,-1.,0.));
#1651 = DIRECTION('',(1.,0.,0.));
#1652 = ADVANCED_FACE('',(#1653),#1671,.T.);
#1653 = FACE_BOUND('',#1654,.T.);
#1654 = EDGE_LOOP('',(#1655,#1663,#1669,#1670));
#1655 = ORIENTED_EDGE('',*,*,#1656,.T.);
#1656 = EDGE_CURVE('',#1451,#1657,#1659,.T.);
#1657 = VERTEX_POINT('',#1658);
#1658 = CARTESIAN_POINT('',(7.07E-13,-1.46304E+04,-127.));
#1659 = LINE('',#1660,#1661);
#1660 = CARTESIAN_POINT('',(7.069E-13,-1.46304E+04,0.));
#1661 = VECTOR('',#1662,1.);
#1662 = DIRECTION('',(-0.,-0.,-1.));
#1663 = ORIENTED_EDGE('',*,*,#1664,.T.);
#1664 = EDGE_CURVE('',#1657,#1634,#1665,.T.);
#1665 = LINE('',#1666,#1667);
#1666 = CARTESIAN_POINT('',(7.069E-13,-1.46304E+04,-127.));
#1667 = VECTOR('',#1668,1.);
#1668 = DIRECTION('',(5.E-17,1.,0.));
#1669 = ORIENTED_EDGE('',*,*,#1641,.F.);
#1670 = ORIENTED_EDGE('',*,*,#1515,.F.);
#1671 = PLANE('',#1672);
#1672 = AXIS2_PLACEMENT_3D('',#1673,#1674,#1675);
#1673 = CARTESIAN_POINT('',(7.069E-13,-1.46304E+04,0.));
#1674 = DIRECTION('',(1.,-5.E-17,0.));
#1675 = DIRECTION('',(5.E-17,1.,0.));
#1676 = ADVANCED_FACE('',(#1677),#1706,.F.);
#1677 = FACE_BOUND('',#1678,.T.);
#1678 = EDGE_LOOP('',(#1679,#1685,#1686,#1687,#1688,#1689,#1690,#1691,
    #1692,#1693,#1694,#1700,#1701,#1702,#1703,#1704,#1705));
#1679 = ORIENTED_EDGE('',*,*,#1680,.T.);
#1680 = EDGE_CURVE('',#1657,#1165,#1681,.T.);
#1681 = LINE('',#1682,#1683);
#1682 = CARTESIAN_POINT('',(7.069E-13,-1.46304E+04,-127.));
#1683 = VECTOR('',#1684,1.);
#1684 = DIRECTION('',(1.,0.,0.));
#1685 = ORIENTED_EDGE('',*,*,#1172,.T.);
#1686 = ORIENTED_EDGE('',*,*,#1203,.T.);
#1687 = ORIENTED_EDGE('',*,*,#1234,.T.);
#1688 = ORIENTED_EDGE('',*,*,#1265,.T.);
#1689 = ORIENTED_EDGE('',*,*,#1296,.T.);
#1690 = ORIENTED_EDGE('',*,*,#1336,.F.);
#1691 = ORIENTED_EDGE('',*,*,#1367,.F.);
#1692 = ORIENTED_EDGE('',*,*,#1398,.F.);
#1693 = ORIENTED_EDGE('',*,*,#1429,.F.);
#1694 = ORIENTED_EDGE('',*,*,#1695,.T.);
#1695 = EDGE_CURVE('',#1422,#1538,#1696,.T.);
#1696 = LINE('',#1697,#1698);
#1697 = CARTESIAN_POINT('',(-1.46304E+04,-1.95072E+04,-127.));
#1698 = VECTOR('',#1699,1.);
#1699 = DIRECTION('',(0.,1.,0.));
#1700 = ORIENTED_EDGE('',*,*,#1537,.F.);
#1701 = ORIENTED_EDGE('',*,*,#1561,.T.);
#1702 = ORIENTED_EDGE('',*,*,#1585,.T.);
#1703 = ORIENTED_EDGE('',*,*,#1609,.T.);
#1704 = ORIENTED_EDGE('',*,*,#1633,.T.);
#1705 = ORIENTED_EDGE('',*,*,#1664,.F.);
#1706 = PLANE('',#1707);
#1707 = AXIS2_PLACEMENT_3D('',#1708,#1709,#1710);
#1708 = CARTESIAN_POINT('',(-4.664521063408E+03,-1.198507669038E+04,
    -127.));
#1709 = DIRECTION('',(0.,0.,1.));
#1710 = DIRECTION('',(1.,0.,0.));
#1711 = ADVANCED_FACE('',(#1712),#1718,.T.);
#1712 = FACE_BOUND('',#1713,.T.);
#1713 = EDGE_LOOP('',(#1714,#1715,#1716,#1717));
#1714 = ORIENTED_EDGE('',*,*,#1656,.F.);
#1715 = ORIENTED_EDGE('',*,*,#1450,.T.);
#1716 = ORIENTED_EDGE('',*,*,#1162,.T.);
#1717 = ORIENTED_EDGE('',*,*,#1680,.F.);
#1718 = PLANE('',#1719);
#1719 = AXIS2_PLACEMENT_3D('',#1720,#1721,#1722);
#1720 = CARTESIAN_POINT('',(6.7056E+03,-1.46304E+04,-63.5));
#1721 = DIRECTION('',(0.,1.,0.));
#1722 = DIRECTION('',(0.,-0.,1.));
#1723 = ADVANCED_FACE('',(#1724),#1730,.T.);
#1724 = FACE_BOUND('',#1725,.T.);
#1725 = EDGE_LOOP('',(#1726,#1727,#1728,#1729));
#1726 = ORIENTED_EDGE('',*,*,#1419,.F.);
#1727 = ORIENTED_EDGE('',*,*,#1467,.F.);
#1728 = ORIENTED_EDGE('',*,*,#1545,.T.);
#1729 = ORIENTED_EDGE('',*,*,#1695,.F.);
#1730 = PLANE('',#1731);
#1731 = AXIS2_PLACEMENT_3D('',#1732,#1733,#1734);
#1732 = CARTESIAN_POINT('',(-1.46304E+04,-3.4163E+03,-63.5));
#1733 = DIRECTION('',(-1.,-0.,-0.));
#1734 = DIRECTION('',(0.,0.,-1.));
#1735 = ( GEOMETRIC_REPRESENTATION_CONTEXT(3) 
GLOBAL_UNCERTAINTY_ASSIGNED_CONTEXT((#1739)) 
GLOBAL_UNIT_ASSIGNED_CONTEXT((#1736,#1737,#1738)) REPRESENTATION_CONTEXT
('Context #1','3D Context with UNIT and UNCERTAINTY') );
#1736 = ( LENGTH_UNIT() NAMED_UNIT(*) SI_UNIT(.MILLI.,.METRE.) );
#1737 = ( NAMED_UNIT(*) PLANE_ANGLE_UNIT() SI_UNIT($,.RADIAN.) );
#1738 = ( NAMED_UNIT(*) SI_UNIT($,.STERADIAN.) SOLID_ANGLE_UNIT() );
#1739 = UNCERTAINTY_MEASURE_WITH_UNIT(LENGTH_MEASURE(1.E-07),#1736,
  'distance_accuracy_value','confusion accuracy');
#1740 = CONTEXT_DEPENDENT_SHAPE_REPRESENTATION(#1741,#1743);
#1741 = ( REPRESENTATION_RELATIONSHIP('','',#1155,#510) 
REPRESENTATION_RELATIONSHIP_WITH_TRANSFORMATION(#1742) 
SHAPE_REPRESENTATION_RELATIONSHIP() );
#1742 = ITEM_DEFINED_TRANSFORMATION('','',#11,#515);
#1743 = PRODUCT_DEFINITION_SHAPE('Placement','Placement of an item',
  #1744);
#1744 = NEXT_ASSEMBLY_USAGE_OCCURRENCE('4','SecondFloor','',#505,#1150,$
  );
#1745 = PRODUCT_RELATED_PRODUCT_CATEGORY('part',$,(#1152));
#1746 = SHAPE_DEFINITION_REPRESENTATION(#1747,#1753);
#1747 = PRODUCT_DEFINITION_SHAPE('','',#1748);
#1748 = PRODUCT_DEFINITION('design','',#1749,#1752);
#1749 = PRODUCT_DEFINITION_FORMATION('','',#1750);
#1750 = PRODUCT('FirstFloorWalls','FirstFloorWalls','',(#1751));
#1751 = PRODUCT_CONTEXT('',#2,'mechanical');
#1752 = PRODUCT_DEFINITION_CONTEXT('part definition',#2,'design');
#1753 = ADVANCED_BREP_SHAPE_REPRESENTATION('',(#11,#1754),#2300);
#1754 = MANIFOLD_SOLID_BREP('',#1755);
#1755 = CLOSED_SHELL('',(#1756,#1796,#1827,#1858,#1889,#1920,#1951,#1982
    ,#2013,#2044,#2075,#2106,#2137,#2168,#2199,#2230,#2252,#2276));
#1756 = ADVANCED_FACE('',(#1757),#1791,.F.);
#1757 = FACE_BOUND('',#1758,.F.);
#1758 = EDGE_LOOP('',(#1759,#1769,#1777,#1785));
#1759 = ORIENTED_EDGE('',*,*,#1760,.T.);
#1760 = EDGE_CURVE('',#1761,#1763,#1765,.T.);
#1761 = VERTEX_POINT('',#1762);
#1762 = CARTESIAN_POINT('',(1.34112E+04,1.58496E+04,0.));
#1763 = VERTEX_POINT('',#1764);
#1764 = CARTESIAN_POINT('',(1.34112E+04,1.58496E+04,9.E+03));
#1765 = LINE('',#1766,#1767);
#1766 = CARTESIAN_POINT('',(1.34112E+04,1.58496E+04,0.));
#1767 = VECTOR('',#1768,1.);
#1768 = DIRECTION('',(0.,0.,1.));
#1769 = ORIENTED_EDGE('',*,*,#1770,.T.);
#1770 = EDGE_CURVE('',#1763,#1771,#1773,.T.);
#1771 = VERTEX_POINT('',#1772);
#1772 = CARTESIAN_POINT('',(1.34112E+04,2.80416E+04,9.E+03));
#1773 = LINE('',#1774,#1775);
#1774 = CARTESIAN_POINT('',(1.34112E+04,1.58496E+04,9.E+03));
#1775 = VECTOR('',#1776,1.);
#1776 = DIRECTION('',(-1.5E-16,1.,0.));
#1777 = ORIENTED_EDGE('',*,*,#1778,.F.);
#1778 = EDGE_CURVE('',#1779,#1771,#1781,.T.);
#1779 = VERTEX_POINT('',#1780);
#1780 = CARTESIAN_POINT('',(1.34112E+04,2.80416E+04,0.));
#1781 = LINE('',#1782,#1783);
#1782 = CARTESIAN_POINT('',(1.34112E+04,2.80416E+04,0.));
#1783 = VECTOR('',#1784,1.);
#1784 = DIRECTION('',(0.,0.,1.));
#1785 = ORIENTED_EDGE('',*,*,#1786,.F.);
#1786 = EDGE_CURVE('',#1761,#1779,#1787,.T.);
#1787 = LINE('',#1788,#1789);
#1788 = CARTESIAN_POINT('',(1.34112E+04,1.58496E+04,0.));
#1789 = VECTOR('',#1790,1.);
#1790 = DIRECTION('',(-1.5E-16,1.,0.));
#1791 = PLANE('',#1792);
#1792 = AXIS2_PLACEMENT_3D('',#1793,#1794,#1795);
#1793 = CARTESIAN_POINT('',(1.34112E+04,1.58496E+04,0.));
#1794 = DIRECTION('',(-1.,-1.5E-16,0.));
#1795 = DIRECTION('',(-1.5E-16,1.,0.));
#1796 = ADVANCED_FACE('',(#1797),#1822,.T.);
#1797 = FACE_BOUND('',#1798,.T.);
#1798 = EDGE_LOOP('',(#1799,#1800,#1808,#1816));
#1799 = ORIENTED_EDGE('',*,*,#1760,.T.);
#1800 = ORIENTED_EDGE('',*,*,#1801,.T.);
#1801 = EDGE_CURVE('',#1763,#1802,#1804,.T.);
#1802 = VERTEX_POINT('',#1803);
#1803 = CARTESIAN_POINT('',(1.46304E+04,1.58496E+04,9.E+03));
#1804 = LINE('',#1805,#1806);
#1805 = CARTESIAN_POINT('',(1.34112E+04,1.58496E+04,9.E+03));
#1806 = VECTOR('',#1807,1.);
#1807 = DIRECTION('',(1.,0.,0.));
#1808 = ORIENTED_EDGE('',*,*,#1809,.F.);
#1809 = EDGE_CURVE('',#1810,#1802,#1812,.T.);
#1810 = VERTEX_POINT('',#1811);
#1811 = CARTESIAN_POINT('',(1.46304E+04,1.58496E+04,0.));
#1812 = LINE('',#1813,#1814);
#1813 = CARTESIAN_POINT('',(1.46304E+04,1.58496E+04,0.));
#1814 = VECTOR('',#1815,1.);
#1815 = DIRECTION('',(0.,0.,1.));
#1816 = ORIENTED_EDGE('',*,*,#1817,.F.);
#1817 = EDGE_CURVE('',#1761,#1810,#1818,.T.);
#1818 = LINE('',#1819,#1820);
#1819 = CARTESIAN_POINT('',(1.34112E+04,1.58496E+04,0.));
#1820 = VECTOR('',#1821,1.);
#1821 = DIRECTION('',(1.,0.,0.));
#1822 = PLANE('',#1823);
#1823 = AXIS2_PLACEMENT_3D('',#1824,#1825,#1826);
#1824 = CARTESIAN_POINT('',(1.34112E+04,1.58496E+04,0.));
#1825 = DIRECTION('',(0.,1.,0.));
#1826 = DIRECTION('',(1.,0.,0.));
#1827 = ADVANCED_FACE('',(#1828),#1853,.T.);
#1828 = FACE_BOUND('',#1829,.T.);
#1829 = EDGE_LOOP('',(#1830,#1831,#1839,#1847));
#1830 = ORIENTED_EDGE('',*,*,#1809,.T.);
#1831 = ORIENTED_EDGE('',*,*,#1832,.T.);
#1832 = EDGE_CURVE('',#1802,#1833,#1835,.T.);
#1833 = VERTEX_POINT('',#1834);
#1834 = CARTESIAN_POINT('',(1.46304E+04,1.46304E+04,9.E+03));
#1835 = LINE('',#1836,#1837);
#1836 = CARTESIAN_POINT('',(1.46304E+04,1.58496E+04,9.E+03));
#1837 = VECTOR('',#1838,1.);
#1838 = DIRECTION('',(-1.49E-15,-1.,0.));
#1839 = ORIENTED_EDGE('',*,*,#1840,.F.);
#1840 = EDGE_CURVE('',#1841,#1833,#1843,.T.);
#1841 = VERTEX_POINT('',#1842);
#1842 = CARTESIAN_POINT('',(1.46304E+04,1.46304E+04,0.));
#1843 = LINE('',#1844,#1845);
#1844 = CARTESIAN_POINT('',(1.46304E+04,1.46304E+04,0.));
#1845 = VECTOR('',#1846,1.);
#1846 = DIRECTION('',(0.,0.,1.));
#1847 = ORIENTED_EDGE('',*,*,#1848,.F.);
#1848 = EDGE_CURVE('',#1810,#1841,#1849,.T.);
#1849 = LINE('',#1850,#1851);
#1850 = CARTESIAN_POINT('',(1.46304E+04,1.58496E+04,0.));
#1851 = VECTOR('',#1852,1.);
#1852 = DIRECTION('',(-1.49E-15,-1.,0.));
#1853 = PLANE('',#1854);
#1854 = AXIS2_PLACEMENT_3D('',#1855,#1856,#1857);
#1855 = CARTESIAN_POINT('',(1.46304E+04,1.58496E+04,0.));
#1856 = DIRECTION('',(1.,-1.49E-15,0.));
#1857 = DIRECTION('',(-1.49E-15,-1.,0.));
#1858 = ADVANCED_FACE('',(#1859),#1884,.F.);
#1859 = FACE_BOUND('',#1860,.F.);
#1860 = EDGE_LOOP('',(#1861,#1871,#1877,#1878));
#1861 = ORIENTED_EDGE('',*,*,#1862,.T.);
#1862 = EDGE_CURVE('',#1863,#1865,#1867,.T.);
#1863 = VERTEX_POINT('',#1864);
#1864 = CARTESIAN_POINT('',(1.45034E+04,1.46304E+04,0.));
#1865 = VERTEX_POINT('',#1866);
#1866 = CARTESIAN_POINT('',(1.45034E+04,1.46304E+04,9.E+03));
#1867 = LINE('',#1868,#1869);
#1868 = CARTESIAN_POINT('',(1.45034E+04,1.46304E+04,0.));
#1869 = VECTOR('',#1870,1.);
#1870 = DIRECTION('',(0.,0.,1.));
#1871 = ORIENTED_EDGE('',*,*,#1872,.T.);
#1872 = EDGE_CURVE('',#1865,#1833,#1873,.T.);
#1873 = LINE('',#1874,#1875);
#1874 = CARTESIAN_POINT('',(1.45034E+04,1.46304E+04,9.E+03));
#1875 = VECTOR('',#1876,1.);
#1876 = DIRECTION('',(1.,0.,0.));
#1877 = ORIENTED_EDGE('',*,*,#1840,.F.);
#1878 = ORIENTED_EDGE('',*,*,#1879,.F.);
#1879 = EDGE_CURVE('',#1863,#1841,#1880,.T.);
#1880 = LINE('',#1881,#1882);
#1881 = CARTESIAN_POINT('',(1.45034E+04,1.46304E+04,0.));
#1882 = VECTOR('',#1883,1.);
#1883 = DIRECTION('',(1.,0.,0.));
#1884 = PLANE('',#1885);
#1885 = AXIS2_PLACEMENT_3D('',#1886,#1887,#1888);
#1886 = CARTESIAN_POINT('',(1.45034E+04,1.46304E+04,0.));
#1887 = DIRECTION('',(0.,1.,0.));
#1888 = DIRECTION('',(1.,0.,0.));
#1889 = ADVANCED_FACE('',(#1890),#1915,.F.);
#1890 = FACE_BOUND('',#1891,.F.);
#1891 = EDGE_LOOP('',(#1892,#1902,#1908,#1909));
#1892 = ORIENTED_EDGE('',*,*,#1893,.T.);
#1893 = EDGE_CURVE('',#1894,#1896,#1898,.T.);
#1894 = VERTEX_POINT('',#1895);
#1895 = CARTESIAN_POINT('',(1.45034E+04,1.57226E+04,0.));
#1896 = VERTEX_POINT('',#1897);
#1897 = CARTESIAN_POINT('',(1.45034E+04,1.57226E+04,9.E+03));
#1898 = LINE('',#1899,#1900);
#1899 = CARTESIAN_POINT('',(1.45034E+04,1.57226E+04,0.));
#1900 = VECTOR('',#1901,1.);
#1901 = DIRECTION('',(0.,0.,1.));
#1902 = ORIENTED_EDGE('',*,*,#1903,.T.);
#1903 = EDGE_CURVE('',#1896,#1865,#1904,.T.);
#1904 = LINE('',#1905,#1906);
#1905 = CARTESIAN_POINT('',(1.45034E+04,1.57226E+04,9.E+03));
#1906 = VECTOR('',#1907,1.);
#1907 = DIRECTION('',(0.,-1.,0.));
#1908 = ORIENTED_EDGE('',*,*,#1862,.F.);
#1909 = ORIENTED_EDGE('',*,*,#1910,.F.);
#1910 = EDGE_CURVE('',#1894,#1863,#1911,.T.);
#1911 = LINE('',#1912,#1913);
#1912 = CARTESIAN_POINT('',(1.45034E+04,1.57226E+04,0.));
#1913 = VECTOR('',#1914,1.);
#1914 = DIRECTION('',(0.,-1.,0.));
#1915 = PLANE('',#1916);
#1916 = AXIS2_PLACEMENT_3D('',#1917,#1918,#1919);
#1917 = CARTESIAN_POINT('',(1.45034E+04,1.57226E+04,0.));
#1918 = DIRECTION('',(1.,0.,0.));
#1919 = DIRECTION('',(0.,-1.,0.));
#1920 = ADVANCED_FACE('',(#1921),#1946,.F.);
#1921 = FACE_BOUND('',#1922,.F.);
#1922 = EDGE_LOOP('',(#1923,#1933,#1939,#1940));
#1923 = ORIENTED_EDGE('',*,*,#1924,.T.);
#1924 = EDGE_CURVE('',#1925,#1927,#1929,.T.);
#1925 = VERTEX_POINT('',#1926);
#1926 = CARTESIAN_POINT('',(1.32842E+04,1.57226E+04,0.));
#1927 = VERTEX_POINT('',#1928);
#1928 = CARTESIAN_POINT('',(1.32842E+04,1.57226E+04,9.E+03));
#1929 = LINE('',#1930,#1931);
#1930 = CARTESIAN_POINT('',(1.32842E+04,1.57226E+04,0.));
#1931 = VECTOR('',#1932,1.);
#1932 = DIRECTION('',(0.,0.,1.));
#1933 = ORIENTED_EDGE('',*,*,#1934,.T.);
#1934 = EDGE_CURVE('',#1927,#1896,#1935,.T.);
#1935 = LINE('',#1936,#1937);
#1936 = CARTESIAN_POINT('',(1.32842E+04,1.57226E+04,9.E+03));
#1937 = VECTOR('',#1938,1.);
#1938 = DIRECTION('',(1.,0.,0.));
#1939 = ORIENTED_EDGE('',*,*,#1893,.F.);
#1940 = ORIENTED_EDGE('',*,*,#1941,.F.);
#1941 = EDGE_CURVE('',#1925,#1894,#1942,.T.);
#1942 = LINE('',#1943,#1944);
#1943 = CARTESIAN_POINT('',(1.32842E+04,1.57226E+04,0.));
#1944 = VECTOR('',#1945,1.);
#1945 = DIRECTION('',(1.,0.,0.));
#1946 = PLANE('',#1947);
#1947 = AXIS2_PLACEMENT_3D('',#1948,#1949,#1950);
#1948 = CARTESIAN_POINT('',(1.32842E+04,1.57226E+04,0.));
#1949 = DIRECTION('',(0.,1.,0.));
#1950 = DIRECTION('',(1.,0.,0.));
#1951 = ADVANCED_FACE('',(#1952),#1977,.F.);
#1952 = FACE_BOUND('',#1953,.F.);
#1953 = EDGE_LOOP('',(#1954,#1964,#1970,#1971));
#1954 = ORIENTED_EDGE('',*,*,#1955,.T.);
#1955 = EDGE_CURVE('',#1956,#1958,#1960,.T.);
#1956 = VERTEX_POINT('',#1957);
#1957 = CARTESIAN_POINT('',(1.32842E+04,2.79146E+04,0.));
#1958 = VERTEX_POINT('',#1959);
#1959 = CARTESIAN_POINT('',(1.32842E+04,2.79146E+04,9.E+03));
#1960 = LINE('',#1961,#1962);
#1961 = CARTESIAN_POINT('',(1.32842E+04,2.79146E+04,0.));
#1962 = VECTOR('',#1963,1.);
#1963 = DIRECTION('',(0.,0.,1.));
#1964 = ORIENTED_EDGE('',*,*,#1965,.T.);
#1965 = EDGE_CURVE('',#1958,#1927,#1966,.T.);
#1966 = LINE('',#1967,#1968);
#1967 = CARTESIAN_POINT('',(1.32842E+04,2.79146E+04,9.E+03));
#1968 = VECTOR('',#1969,1.);
#1969 = DIRECTION('',(0.,-1.,0.));
#1970 = ORIENTED_EDGE('',*,*,#1924,.F.);
#1971 = ORIENTED_EDGE('',*,*,#1972,.F.);
#1972 = EDGE_CURVE('',#1956,#1925,#1973,.T.);
#1973 = LINE('',#1974,#1975);
#1974 = CARTESIAN_POINT('',(1.32842E+04,2.79146E+04,0.));
#1975 = VECTOR('',#1976,1.);
#1976 = DIRECTION('',(0.,-1.,0.));
#1977 = PLANE('',#1978);
#1978 = AXIS2_PLACEMENT_3D('',#1979,#1980,#1981);
#1979 = CARTESIAN_POINT('',(1.32842E+04,2.79146E+04,0.));
#1980 = DIRECTION('',(1.,0.,0.));
#1981 = DIRECTION('',(0.,-1.,0.));
#1982 = ADVANCED_FACE('',(#1983),#2008,.F.);
#1983 = FACE_BOUND('',#1984,.F.);
#1984 = EDGE_LOOP('',(#1985,#1995,#2001,#2002));
#1985 = ORIENTED_EDGE('',*,*,#1986,.T.);
#1986 = EDGE_CURVE('',#1987,#1989,#1991,.T.);
#1987 = VERTEX_POINT('',#1988);
#1988 = CARTESIAN_POINT('',(1.0922E+03,2.79146E+04,0.));
#1989 = VERTEX_POINT('',#1990);
#1990 = CARTESIAN_POINT('',(1.0922E+03,2.79146E+04,9.E+03));
#1991 = LINE('',#1992,#1993);
#1992 = CARTESIAN_POINT('',(1.0922E+03,2.79146E+04,0.));
#1993 = VECTOR('',#1994,1.);
#1994 = DIRECTION('',(0.,0.,1.));
#1995 = ORIENTED_EDGE('',*,*,#1996,.T.);
#1996 = EDGE_CURVE('',#1989,#1958,#1997,.T.);
#1997 = LINE('',#1998,#1999);
#1998 = CARTESIAN_POINT('',(1.0922E+03,2.79146E+04,9.E+03));
#1999 = VECTOR('',#2000,1.);
#2000 = DIRECTION('',(1.,0.,0.));
#2001 = ORIENTED_EDGE('',*,*,#1955,.F.);
#2002 = ORIENTED_EDGE('',*,*,#2003,.F.);
#2003 = EDGE_CURVE('',#1987,#1956,#2004,.T.);
#2004 = LINE('',#2005,#2006);
#2005 = CARTESIAN_POINT('',(1.0922E+03,2.79146E+04,0.));
#2006 = VECTOR('',#2007,1.);
#2007 = DIRECTION('',(1.,0.,0.));
#2008 = PLANE('',#2009);
#2009 = AXIS2_PLACEMENT_3D('',#2010,#2011,#2012);
#2010 = CARTESIAN_POINT('',(1.0922E+03,2.79146E+04,0.));
#2011 = DIRECTION('',(0.,1.,0.));
#2012 = DIRECTION('',(1.,0.,0.));
#2013 = ADVANCED_FACE('',(#2014),#2039,.F.);
#2014 = FACE_BOUND('',#2015,.F.);
#2015 = EDGE_LOOP('',(#2016,#2026,#2032,#2033));
#2016 = ORIENTED_EDGE('',*,*,#2017,.T.);
#2017 = EDGE_CURVE('',#2018,#2020,#2022,.T.);
#2018 = VERTEX_POINT('',#2019);
#2019 = CARTESIAN_POINT('',(1.0922E+03,2.91338E+04,0.));
#2020 = VERTEX_POINT('',#2021);
#2021 = CARTESIAN_POINT('',(1.0922E+03,2.91338E+04,9.E+03));
#2022 = LINE('',#2023,#2024);
#2023 = CARTESIAN_POINT('',(1.0922E+03,2.91338E+04,0.));
#2024 = VECTOR('',#2025,1.);
#2025 = DIRECTION('',(0.,0.,1.));
#2026 = ORIENTED_EDGE('',*,*,#2027,.T.);
#2027 = EDGE_CURVE('',#2020,#1989,#2028,.T.);
#2028 = LINE('',#2029,#2030);
#2029 = CARTESIAN_POINT('',(1.0922E+03,2.91338E+04,9.E+03));
#2030 = VECTOR('',#2031,1.);
#2031 = DIRECTION('',(0.,-1.,0.));
#2032 = ORIENTED_EDGE('',*,*,#1986,.F.);
#2033 = ORIENTED_EDGE('',*,*,#2034,.F.);
#2034 = EDGE_CURVE('',#2018,#1987,#2035,.T.);
#2035 = LINE('',#2036,#2037);
#2036 = CARTESIAN_POINT('',(1.0922E+03,2.91338E+04,0.));
#2037 = VECTOR('',#2038,1.);
#2038 = DIRECTION('',(0.,-1.,0.));
#2039 = PLANE('',#2040);
#2040 = AXIS2_PLACEMENT_3D('',#2041,#2042,#2043);
#2041 = CARTESIAN_POINT('',(1.0922E+03,2.91338E+04,0.));
#2042 = DIRECTION('',(1.,0.,0.));
#2043 = DIRECTION('',(0.,-1.,0.));
#2044 = ADVANCED_FACE('',(#2045),#2070,.F.);
#2045 = FACE_BOUND('',#2046,.F.);
#2046 = EDGE_LOOP('',(#2047,#2057,#2063,#2064));
#2047 = ORIENTED_EDGE('',*,*,#2048,.T.);
#2048 = EDGE_CURVE('',#2049,#2051,#2053,.T.);
#2049 = VERTEX_POINT('',#2050);
#2050 = CARTESIAN_POINT('',(-1.45034E+04,2.91338E+04,0.));
#2051 = VERTEX_POINT('',#2052);
#2052 = CARTESIAN_POINT('',(-1.45034E+04,2.91338E+04,9.E+03));
#2053 = LINE('',#2054,#2055);
#2054 = CARTESIAN_POINT('',(-1.45034E+04,2.91338E+04,0.));
#2055 = VECTOR('',#2056,1.);
#2056 = DIRECTION('',(0.,0.,1.));
#2057 = ORIENTED_EDGE('',*,*,#2058,.T.);
#2058 = EDGE_CURVE('',#2051,#2020,#2059,.T.);
#2059 = LINE('',#2060,#2061);
#2060 = CARTESIAN_POINT('',(-1.45034E+04,2.91338E+04,9.E+03));
#2061 = VECTOR('',#2062,1.);
#2062 = DIRECTION('',(1.,0.,0.));
#2063 = ORIENTED_EDGE('',*,*,#2017,.F.);
#2064 = ORIENTED_EDGE('',*,*,#2065,.F.);
#2065 = EDGE_CURVE('',#2049,#2018,#2066,.T.);
#2066 = LINE('',#2067,#2068);
#2067 = CARTESIAN_POINT('',(-1.45034E+04,2.91338E+04,0.));
#2068 = VECTOR('',#2069,1.);
#2069 = DIRECTION('',(1.,0.,0.));
#2070 = PLANE('',#2071);
#2071 = AXIS2_PLACEMENT_3D('',#2072,#2073,#2074);
#2072 = CARTESIAN_POINT('',(-1.45034E+04,2.91338E+04,0.));
#2073 = DIRECTION('',(0.,1.,0.));
#2074 = DIRECTION('',(1.,0.,0.));
#2075 = ADVANCED_FACE('',(#2076),#2101,.F.);
#2076 = FACE_BOUND('',#2077,.F.);
#2077 = EDGE_LOOP('',(#2078,#2088,#2094,#2095));
#2078 = ORIENTED_EDGE('',*,*,#2079,.T.);
#2079 = EDGE_CURVE('',#2080,#2082,#2084,.T.);
#2080 = VERTEX_POINT('',#2081);
#2081 = CARTESIAN_POINT('',(-1.45034E+04,1.46304E+04,0.));
#2082 = VERTEX_POINT('',#2083);
#2083 = CARTESIAN_POINT('',(-1.45034E+04,1.46304E+04,9.E+03));
#2084 = LINE('',#2085,#2086);
#2085 = CARTESIAN_POINT('',(-1.45034E+04,1.46304E+04,0.));
#2086 = VECTOR('',#2087,1.);
#2087 = DIRECTION('',(0.,0.,1.));
#2088 = ORIENTED_EDGE('',*,*,#2089,.T.);
#2089 = EDGE_CURVE('',#2082,#2051,#2090,.T.);
#2090 = LINE('',#2091,#2092);
#2091 = CARTESIAN_POINT('',(-1.45034E+04,1.46304E+04,9.E+03));
#2092 = VECTOR('',#2093,1.);
#2093 = DIRECTION('',(0.,1.,0.));
#2094 = ORIENTED_EDGE('',*,*,#2048,.F.);
#2095 = ORIENTED_EDGE('',*,*,#2096,.F.);
#2096 = EDGE_CURVE('',#2080,#2049,#2097,.T.);
#2097 = LINE('',#2098,#2099);
#2098 = CARTESIAN_POINT('',(-1.45034E+04,1.46304E+04,0.));
#2099 = VECTOR('',#2100,1.);
#2100 = DIRECTION('',(0.,1.,0.));
#2101 = PLANE('',#2102);
#2102 = AXIS2_PLACEMENT_3D('',#2103,#2104,#2105);
#2103 = CARTESIAN_POINT('',(-1.45034E+04,1.46304E+04,0.));
#2104 = DIRECTION('',(-1.,0.,0.));
#2105 = DIRECTION('',(0.,1.,0.));
#2106 = ADVANCED_FACE('',(#2107),#2132,.F.);
#2107 = FACE_BOUND('',#2108,.F.);
#2108 = EDGE_LOOP('',(#2109,#2119,#2125,#2126));
#2109 = ORIENTED_EDGE('',*,*,#2110,.T.);
#2110 = EDGE_CURVE('',#2111,#2113,#2115,.T.);
#2111 = VERTEX_POINT('',#2112);
#2112 = CARTESIAN_POINT('',(-1.46304E+04,1.46304E+04,0.));
#2113 = VERTEX_POINT('',#2114);
#2114 = CARTESIAN_POINT('',(-1.46304E+04,1.46304E+04,9.E+03));
#2115 = LINE('',#2116,#2117);
#2116 = CARTESIAN_POINT('',(-1.46304E+04,1.46304E+04,0.));
#2117 = VECTOR('',#2118,1.);
#2118 = DIRECTION('',(0.,0.,1.));
#2119 = ORIENTED_EDGE('',*,*,#2120,.T.);
#2120 = EDGE_CURVE('',#2113,#2082,#2121,.T.);
#2121 = LINE('',#2122,#2123);
#2122 = CARTESIAN_POINT('',(-1.46304E+04,1.46304E+04,9.E+03));
#2123 = VECTOR('',#2124,1.);
#2124 = DIRECTION('',(1.,0.,0.));
#2125 = ORIENTED_EDGE('',*,*,#2079,.F.);
#2126 = ORIENTED_EDGE('',*,*,#2127,.F.);
#2127 = EDGE_CURVE('',#2111,#2080,#2128,.T.);
#2128 = LINE('',#2129,#2130);
#2129 = CARTESIAN_POINT('',(-1.46304E+04,1.46304E+04,0.));
#2130 = VECTOR('',#2131,1.);
#2131 = DIRECTION('',(1.,0.,0.));
#2132 = PLANE('',#2133);
#2133 = AXIS2_PLACEMENT_3D('',#2134,#2135,#2136);
#2134 = CARTESIAN_POINT('',(-1.46304E+04,1.46304E+04,0.));
#2135 = DIRECTION('',(0.,1.,0.));
#2136 = DIRECTION('',(1.,0.,0.));
#2137 = ADVANCED_FACE('',(#2138),#2163,.F.);
#2138 = FACE_BOUND('',#2139,.F.);
#2139 = EDGE_LOOP('',(#2140,#2150,#2156,#2157));
#2140 = ORIENTED_EDGE('',*,*,#2141,.T.);
#2141 = EDGE_CURVE('',#2142,#2144,#2146,.T.);
#2142 = VERTEX_POINT('',#2143);
#2143 = CARTESIAN_POINT('',(-1.46304E+04,2.92608E+04,0.));
#2144 = VERTEX_POINT('',#2145);
#2145 = CARTESIAN_POINT('',(-1.46304E+04,2.92608E+04,9.E+03));
#2146 = LINE('',#2147,#2148);
#2147 = CARTESIAN_POINT('',(-1.46304E+04,2.92608E+04,0.));
#2148 = VECTOR('',#2149,1.);
#2149 = DIRECTION('',(0.,0.,1.));
#2150 = ORIENTED_EDGE('',*,*,#2151,.T.);
#2151 = EDGE_CURVE('',#2144,#2113,#2152,.T.);
#2152 = LINE('',#2153,#2154);
#2153 = CARTESIAN_POINT('',(-1.46304E+04,2.92608E+04,9.E+03));
#2154 = VECTOR('',#2155,1.);
#2155 = DIRECTION('',(2.5E-16,-1.,0.));
#2156 = ORIENTED_EDGE('',*,*,#2110,.F.);
#2157 = ORIENTED_EDGE('',*,*,#2158,.F.);
#2158 = EDGE_CURVE('',#2142,#2111,#2159,.T.);
#2159 = LINE('',#2160,#2161);
#2160 = CARTESIAN_POINT('',(-1.46304E+04,2.92608E+04,0.));
#2161 = VECTOR('',#2162,1.);
#2162 = DIRECTION('',(2.5E-16,-1.,0.));
#2163 = PLANE('',#2164);
#2164 = AXIS2_PLACEMENT_3D('',#2165,#2166,#2167);
#2165 = CARTESIAN_POINT('',(-1.46304E+04,2.92608E+04,0.));
#2166 = DIRECTION('',(1.,2.5E-16,0.));
#2167 = DIRECTION('',(2.5E-16,-1.,0.));
#2168 = ADVANCED_FACE('',(#2169),#2194,.F.);
#2169 = FACE_BOUND('',#2170,.F.);
#2170 = EDGE_LOOP('',(#2171,#2181,#2187,#2188));
#2171 = ORIENTED_EDGE('',*,*,#2172,.T.);
#2172 = EDGE_CURVE('',#2173,#2175,#2177,.T.);
#2173 = VERTEX_POINT('',#2174);
#2174 = CARTESIAN_POINT('',(1.2192E+03,2.92608E+04,0.));
#2175 = VERTEX_POINT('',#2176);
#2176 = CARTESIAN_POINT('',(1.2192E+03,2.92608E+04,9.E+03));
#2177 = LINE('',#2178,#2179);
#2178 = CARTESIAN_POINT('',(1.2192E+03,2.92608E+04,0.));
#2179 = VECTOR('',#2180,1.);
#2180 = DIRECTION('',(0.,0.,1.));
#2181 = ORIENTED_EDGE('',*,*,#2182,.T.);
#2182 = EDGE_CURVE('',#2175,#2144,#2183,.T.);
#2183 = LINE('',#2184,#2185);
#2184 = CARTESIAN_POINT('',(1.2192E+03,2.92608E+04,9.E+03));
#2185 = VECTOR('',#2186,1.);
#2186 = DIRECTION('',(-1.,0.,0.));
#2187 = ORIENTED_EDGE('',*,*,#2141,.F.);
#2188 = ORIENTED_EDGE('',*,*,#2189,.F.);
#2189 = EDGE_CURVE('',#2173,#2142,#2190,.T.);
#2190 = LINE('',#2191,#2192);
#2191 = CARTESIAN_POINT('',(1.2192E+03,2.92608E+04,0.));
#2192 = VECTOR('',#2193,1.);
#2193 = DIRECTION('',(-1.,0.,0.));
#2194 = PLANE('',#2195);
#2195 = AXIS2_PLACEMENT_3D('',#2196,#2197,#2198);
#2196 = CARTESIAN_POINT('',(1.2192E+03,2.92608E+04,0.));
#2197 = DIRECTION('',(0.,-1.,0.));
#2198 = DIRECTION('',(-1.,0.,0.));
#2199 = ADVANCED_FACE('',(#2200),#2225,.F.);
#2200 = FACE_BOUND('',#2201,.F.);
#2201 = EDGE_LOOP('',(#2202,#2212,#2218,#2219));
#2202 = ORIENTED_EDGE('',*,*,#2203,.T.);
#2203 = EDGE_CURVE('',#2204,#2206,#2208,.T.);
#2204 = VERTEX_POINT('',#2205);
#2205 = CARTESIAN_POINT('',(1.2192E+03,2.80416E+04,0.));
#2206 = VERTEX_POINT('',#2207);
#2207 = CARTESIAN_POINT('',(1.2192E+03,2.80416E+04,9.E+03));
#2208 = LINE('',#2209,#2210);
#2209 = CARTESIAN_POINT('',(1.2192E+03,2.80416E+04,0.));
#2210 = VECTOR('',#2211,1.);
#2211 = DIRECTION('',(0.,0.,1.));
#2212 = ORIENTED_EDGE('',*,*,#2213,.T.);
#2213 = EDGE_CURVE('',#2206,#2175,#2214,.T.);
#2214 = LINE('',#2215,#2216);
#2215 = CARTESIAN_POINT('',(1.2192E+03,2.80416E+04,9.E+03));
#2216 = VECTOR('',#2217,1.);
#2217 = DIRECTION('',(0.,1.,0.));
#2218 = ORIENTED_EDGE('',*,*,#2172,.F.);
#2219 = ORIENTED_EDGE('',*,*,#2220,.F.);
#2220 = EDGE_CURVE('',#2204,#2173,#2221,.T.);
#2221 = LINE('',#2222,#2223);
#2222 = CARTESIAN_POINT('',(1.2192E+03,2.80416E+04,0.));
#2223 = VECTOR('',#2224,1.);
#2224 = DIRECTION('',(0.,1.,0.));
#2225 = PLANE('',#2226);
#2226 = AXIS2_PLACEMENT_3D('',#2227,#2228,#2229);
#2227 = CARTESIAN_POINT('',(1.2192E+03,2.80416E+04,0.));
#2228 = DIRECTION('',(-1.,0.,0.));
#2229 = DIRECTION('',(0.,1.,0.));
#2230 = ADVANCED_FACE('',(#2231),#2247,.F.);
#2231 = FACE_BOUND('',#2232,.F.);
#2232 = EDGE_LOOP('',(#2233,#2234,#2240,#2241));
#2233 = ORIENTED_EDGE('',*,*,#1778,.T.);
#2234 = ORIENTED_EDGE('',*,*,#2235,.T.);
#2235 = EDGE_CURVE('',#1771,#2206,#2236,.T.);
#2236 = LINE('',#2237,#2238);
#2237 = CARTESIAN_POINT('',(1.34112E+04,2.80416E+04,9.E+03));
#2238 = VECTOR('',#2239,1.);
#2239 = DIRECTION('',(-1.,0.,0.));
#2240 = ORIENTED_EDGE('',*,*,#2203,.F.);
#2241 = ORIENTED_EDGE('',*,*,#2242,.F.);
#2242 = EDGE_CURVE('',#1779,#2204,#2243,.T.);
#2243 = LINE('',#2244,#2245);
#2244 = CARTESIAN_POINT('',(1.34112E+04,2.80416E+04,0.));
#2245 = VECTOR('',#2246,1.);
#2246 = DIRECTION('',(-1.,0.,0.));
#2247 = PLANE('',#2248);
#2248 = AXIS2_PLACEMENT_3D('',#2249,#2250,#2251);
#2249 = CARTESIAN_POINT('',(1.34112E+04,2.80416E+04,0.));
#2250 = DIRECTION('',(0.,-1.,0.));
#2251 = DIRECTION('',(-1.,0.,0.));
#2252 = ADVANCED_FACE('',(#2253),#2271,.F.);
#2253 = FACE_BOUND('',#2254,.T.);
#2254 = EDGE_LOOP('',(#2255,#2256,#2257,#2258,#2259,#2260,#2261,#2262,
    #2263,#2264,#2265,#2266,#2267,#2268,#2269,#2270));
#2255 = ORIENTED_EDGE('',*,*,#1786,.F.);
#2256 = ORIENTED_EDGE('',*,*,#1817,.T.);
#2257 = ORIENTED_EDGE('',*,*,#1848,.T.);
#2258 = ORIENTED_EDGE('',*,*,#1879,.F.);
#2259 = ORIENTED_EDGE('',*,*,#1910,.F.);
#2260 = ORIENTED_EDGE('',*,*,#1941,.F.);
#2261 = ORIENTED_EDGE('',*,*,#1972,.F.);
#2262 = ORIENTED_EDGE('',*,*,#2003,.F.);
#2263 = ORIENTED_EDGE('',*,*,#2034,.F.);
#2264 = ORIENTED_EDGE('',*,*,#2065,.F.);
#2265 = ORIENTED_EDGE('',*,*,#2096,.F.);
#2266 = ORIENTED_EDGE('',*,*,#2127,.F.);
#2267 = ORIENTED_EDGE('',*,*,#2158,.F.);
#2268 = ORIENTED_EDGE('',*,*,#2189,.F.);
#2269 = ORIENTED_EDGE('',*,*,#2220,.F.);
#2270 = ORIENTED_EDGE('',*,*,#2242,.F.);
#2271 = PLANE('',#2272);
#2272 = AXIS2_PLACEMENT_3D('',#2273,#2274,#2275);
#2273 = CARTESIAN_POINT('',(-534.5600695954,2.499746137451E+04,0.));
#2274 = DIRECTION('',(0.,0.,1.));
#2275 = DIRECTION('',(1.,0.,0.));
#2276 = ADVANCED_FACE('',(#2277),#2295,.T.);
#2277 = FACE_BOUND('',#2278,.F.);
#2278 = EDGE_LOOP('',(#2279,#2280,#2281,#2282,#2283,#2284,#2285,#2286,
    #2287,#2288,#2289,#2290,#2291,#2292,#2293,#2294));
#2279 = ORIENTED_EDGE('',*,*,#1770,.F.);
#2280 = ORIENTED_EDGE('',*,*,#1801,.T.);
#2281 = ORIENTED_EDGE('',*,*,#1832,.T.);
#2282 = ORIENTED_EDGE('',*,*,#1872,.F.);
#2283 = ORIENTED_EDGE('',*,*,#1903,.F.);
#2284 = ORIENTED_EDGE('',*,*,#1934,.F.);
#2285 = ORIENTED_EDGE('',*,*,#1965,.F.);
#2286 = ORIENTED_EDGE('',*,*,#1996,.F.);
#2287 = ORIENTED_EDGE('',*,*,#2027,.F.);
#2288 = ORIENTED_EDGE('',*,*,#2058,.F.);
#2289 = ORIENTED_EDGE('',*,*,#2089,.F.);
#2290 = ORIENTED_EDGE('',*,*,#2120,.F.);
#2291 = ORIENTED_EDGE('',*,*,#2151,.F.);
#2292 = ORIENTED_EDGE('',*,*,#2182,.F.);
#2293 = ORIENTED_EDGE('',*,*,#2213,.F.);
#2294 = ORIENTED_EDGE('',*,*,#2235,.F.);
#2295 = PLANE('',#2296);
#2296 = AXIS2_PLACEMENT_3D('',#2297,#2298,#2299);
#2297 = CARTESIAN_POINT('',(-534.5600695954,2.499746137451E+04,9.E+03));
#2298 = DIRECTION('',(0.,0.,1.));
#2299 = DIRECTION('',(1.,0.,0.));
#2300 = ( GEOMETRIC_REPRESENTATION_CONTEXT(3) 
GLOBAL_UNCERTAINTY_ASSIGNED_CONTEXT((#2304)) 
GLOBAL_UNIT_ASSIGNED_CONTEXT((#2301,#2302,#2303)) REPRESENTATION_CONTEXT
('Context #1','3D Context with UNIT and UNCERTAINTY') );
#2301 = ( LENGTH_UNIT() NAMED_UNIT(*) SI_UNIT(.MILLI.,.METRE.) );
#2302 = ( NAMED_UNIT(*) PLANE_ANGLE_UNIT() SI_UNIT($,.RADIAN.) );
#2303 = ( NAMED_UNIT(*) SI_UNIT($,.STERADIAN.) SOLID_ANGLE_UNIT() );
#2304 = UNCERTAINTY_MEASURE_WITH_UNIT(LENGTH_MEASURE(1.E-07),#2301,
  'distance_accuracy_value','confusion accuracy');
#2305 = CONTEXT_DEPENDENT_SHAPE_REPRESENTATION(#2306,#2308);
#2306 = ( REPRESENTATION_RELATIONSHIP('','',#1753,#510) 
REPRESENTATION_RELATIONSHIP_WITH_TRANSFORMATION(#2307) 
SHAPE_REPRESENTATION_RELATIONSHIP() );
#2307 = ITEM_DEFINED_TRANSFORMATION('','',#11,#519);
#2308 = PRODUCT_DEFINITION_SHAPE('Placement','Placement of an item',
  #2309);
#2309 = NEXT_ASSEMBLY_USAGE_OCCURRENCE('5','FirstFloorWalls','',#505,
  #1748,$);
#2310 = PRODUCT_RELATED_PRODUCT_CATEGORY('part',$,(#1750));
#2311 = SHAPE_DEFINITION_REPRESENTATION(#2312,#2318);
#2312 = PRODUCT_DEFINITION_SHAPE('','',#2313);
#2313 = PRODUCT_DEFINITION('design','',#2314,#2317);
#2314 = PRODUCT_DEFINITION_FORMATION('','',#2315);
#2315 = PRODUCT('SecondFloorWalls','SecondFloorWalls','',(#2316));
#2316 = PRODUCT_CONTEXT('',#2,'mechanical');
#2317 = PRODUCT_DEFINITION_CONTEXT('part definition',#2,'design');
#2318 = ADVANCED_BREP_SHAPE_REPRESENTATION('',(#11,#2319),#3681);
#2319 = MANIFOLD_SOLID_BREP('',#2320);
#2320 = CLOSED_SHELL('',(#2321,#2361,#2392,#2423,#2536,#2649,#2666,#2683
    ,#2700,#2921,#2938,#2955,#2972,#3193,#3210,#3227,#3244,#3261,#3273,
    #3295,#3312,#3329,#3341,#3363,#3380,#3397,#3409,#3431,#3448,#3465,
    #3477,#3499,#3516,#3533,#3545,#3567,#3584,#3601,#3613,#3635,#3652,
    #3669));
#2321 = ADVANCED_FACE('',(#2322),#2356,.T.);
#2322 = FACE_BOUND('',#2323,.T.);
#2323 = EDGE_LOOP('',(#2324,#2334,#2342,#2350));
#2324 = ORIENTED_EDGE('',*,*,#2325,.T.);
#2325 = EDGE_CURVE('',#2326,#2328,#2330,.T.);
#2326 = VERTEX_POINT('',#2327);
#2327 = CARTESIAN_POINT('',(-1.225E-12,-1.46304E+04,0.));
#2328 = VERTEX_POINT('',#2329);
#2329 = CARTESIAN_POINT('',(-1.225E-12,-1.46304E+04,9.E+03));
#2330 = LINE('',#2331,#2332);
#2331 = CARTESIAN_POINT('',(-1.22502E-12,-1.46304E+04,0.));
#2332 = VECTOR('',#2333,1.);
#2333 = DIRECTION('',(0.,0.,1.));
#2334 = ORIENTED_EDGE('',*,*,#2335,.T.);
#2335 = EDGE_CURVE('',#2328,#2336,#2338,.T.);
#2336 = VERTEX_POINT('',#2337);
#2337 = CARTESIAN_POINT('',(-9.09E-13,-1.07697E+04,9.E+03));
#2338 = LINE('',#2339,#2340);
#2339 = CARTESIAN_POINT('',(-1.22502E-12,-1.46304E+04,9.E+03));
#2340 = VECTOR('',#2341,1.);
#2341 = DIRECTION('',(8.E-17,1.,0.));
#2342 = ORIENTED_EDGE('',*,*,#2343,.F.);
#2343 = EDGE_CURVE('',#2344,#2336,#2346,.T.);
#2344 = VERTEX_POINT('',#2345);
#2345 = CARTESIAN_POINT('',(-9.09E-13,-1.07697E+04,0.));
#2346 = LINE('',#2347,#2348);
#2347 = CARTESIAN_POINT('',(-9.0949E-13,-1.07697E+04,0.));
#2348 = VECTOR('',#2349,1.);
#2349 = DIRECTION('',(0.,0.,1.));
#2350 = ORIENTED_EDGE('',*,*,#2351,.F.);
#2351 = EDGE_CURVE('',#2326,#2344,#2352,.T.);
#2352 = LINE('',#2353,#2354);
#2353 = CARTESIAN_POINT('',(-1.22502E-12,-1.46304E+04,0.));
#2354 = VECTOR('',#2355,1.);
#2355 = DIRECTION('',(8.E-17,1.,0.));
#2356 = PLANE('',#2357);
#2357 = AXIS2_PLACEMENT_3D('',#2358,#2359,#2360);
#2358 = CARTESIAN_POINT('',(-1.22502E-12,-1.46304E+04,0.));
#2359 = DIRECTION('',(-1.,8.E-17,0.));
#2360 = DIRECTION('',(8.E-17,1.,0.));
#2361 = ADVANCED_FACE('',(#2362),#2387,.T.);
#2362 = FACE_BOUND('',#2363,.T.);
#2363 = EDGE_LOOP('',(#2364,#2365,#2373,#2381));
#2364 = ORIENTED_EDGE('',*,*,#2325,.F.);
#2365 = ORIENTED_EDGE('',*,*,#2366,.T.);
#2366 = EDGE_CURVE('',#2326,#2367,#2369,.T.);
#2367 = VERTEX_POINT('',#2368);
#2368 = CARTESIAN_POINT('',(1.46304E+04,-1.46304E+04,0.));
#2369 = LINE('',#2370,#2371);
#2370 = CARTESIAN_POINT('',(1.34112E+04,-1.46304E+04,0.));
#2371 = VECTOR('',#2372,1.);
#2372 = DIRECTION('',(1.,-1.49E-15,0.));
#2373 = ORIENTED_EDGE('',*,*,#2374,.T.);
#2374 = EDGE_CURVE('',#2367,#2375,#2377,.T.);
#2375 = VERTEX_POINT('',#2376);
#2376 = CARTESIAN_POINT('',(1.46304E+04,-1.46304E+04,9.E+03));
#2377 = LINE('',#2378,#2379);
#2378 = CARTESIAN_POINT('',(1.46304E+04,-1.46304E+04,0.));
#2379 = VECTOR('',#2380,1.);
#2380 = DIRECTION('',(0.,0.,1.));
#2381 = ORIENTED_EDGE('',*,*,#2382,.F.);
#2382 = EDGE_CURVE('',#2328,#2375,#2383,.T.);
#2383 = LINE('',#2384,#2385);
#2384 = CARTESIAN_POINT('',(-1.22502E-12,-1.46304E+04,9.E+03));
#2385 = VECTOR('',#2386,1.);
#2386 = DIRECTION('',(1.,-1.6E-16,0.));
#2387 = PLANE('',#2388);
#2388 = AXIS2_PLACEMENT_3D('',#2389,#2390,#2391);
#2389 = CARTESIAN_POINT('',(7.3152E+03,-1.46304E+04,4.5E+03));
#2390 = DIRECTION('',(-0.,-1.,-0.));
#2391 = DIRECTION('',(0.,0.,-1.));
#2392 = ADVANCED_FACE('',(#2393),#2418,.F.);
#2393 = FACE_BOUND('',#2394,.F.);
#2394 = EDGE_LOOP('',(#2395,#2405,#2411,#2412));
#2395 = ORIENTED_EDGE('',*,*,#2396,.T.);
#2396 = EDGE_CURVE('',#2397,#2399,#2401,.T.);
#2397 = VERTEX_POINT('',#2398);
#2398 = CARTESIAN_POINT('',(-6.87334E+03,-1.07697E+04,0.));
#2399 = VERTEX_POINT('',#2400);
#2400 = CARTESIAN_POINT('',(-6.87334E+03,-1.07697E+04,9.E+03));
#2401 = LINE('',#2402,#2403);
#2402 = CARTESIAN_POINT('',(-6.87334E+03,-1.07697E+04,0.));
#2403 = VECTOR('',#2404,1.);
#2404 = DIRECTION('',(0.,0.,1.));
#2405 = ORIENTED_EDGE('',*,*,#2406,.T.);
#2406 = EDGE_CURVE('',#2399,#2336,#2407,.T.);
#2407 = LINE('',#2408,#2409);
#2408 = CARTESIAN_POINT('',(-6.87334E+03,-1.07697E+04,9.E+03));
#2409 = VECTOR('',#2410,1.);
#2410 = DIRECTION('',(1.,0.,0.));
#2411 = ORIENTED_EDGE('',*,*,#2343,.F.);
#2412 = ORIENTED_EDGE('',*,*,#2413,.F.);
#2413 = EDGE_CURVE('',#2397,#2344,#2414,.T.);
#2414 = LINE('',#2415,#2416);
#2415 = CARTESIAN_POINT('',(-6.87334E+03,-1.07697E+04,0.));
#2416 = VECTOR('',#2417,1.);
#2417 = DIRECTION('',(1.,0.,0.));
#2418 = PLANE('',#2419);
#2419 = AXIS2_PLACEMENT_3D('',#2420,#2421,#2422);
#2420 = CARTESIAN_POINT('',(-6.87334E+03,-1.07697E+04,0.));
#2421 = DIRECTION('',(0.,1.,0.));
#2422 = DIRECTION('',(1.,0.,0.));
#2423 = ADVANCED_FACE('',(#2424),#2531,.F.);
#2424 = FACE_BOUND('',#2425,.T.);
#2425 = EDGE_LOOP('',(#2426,#2427,#2428,#2436,#2444,#2452,#2460,#2468,
    #2476,#2484,#2492,#2500,#2508,#2516,#2524,#2530));
#2426 = ORIENTED_EDGE('',*,*,#2351,.T.);
#2427 = ORIENTED_EDGE('',*,*,#2413,.F.);
#2428 = ORIENTED_EDGE('',*,*,#2429,.F.);
#2429 = EDGE_CURVE('',#2430,#2397,#2432,.T.);
#2430 = VERTEX_POINT('',#2431);
#2431 = CARTESIAN_POINT('',(-6.87334E+03,-1.8288E+04,0.));
#2432 = LINE('',#2433,#2434);
#2433 = CARTESIAN_POINT('',(-6.87334E+03,-1.8288E+04,0.));
#2434 = VECTOR('',#2435,1.);
#2435 = DIRECTION('',(0.,1.,0.));
#2436 = ORIENTED_EDGE('',*,*,#2437,.F.);
#2437 = EDGE_CURVE('',#2438,#2430,#2440,.T.);
#2438 = VERTEX_POINT('',#2439);
#2439 = CARTESIAN_POINT('',(-8.21954E+03,-1.8288E+04,0.));
#2440 = LINE('',#2441,#2442);
#2441 = CARTESIAN_POINT('',(-8.21954E+03,-1.8288E+04,0.));
#2442 = VECTOR('',#2443,1.);
#2443 = DIRECTION('',(1.,2.7E-15,0.));
#2444 = ORIENTED_EDGE('',*,*,#2445,.F.);
#2445 = EDGE_CURVE('',#2446,#2438,#2448,.T.);
#2446 = VERTEX_POINT('',#2447);
#2447 = CARTESIAN_POINT('',(-8.21954E+03,1.26746E+04,0.));
#2448 = LINE('',#2449,#2450);
#2449 = CARTESIAN_POINT('',(-8.21954E+03,1.26746E+04,0.));
#2450 = VECTOR('',#2451,1.);
#2451 = DIRECTION('',(0.,-1.,0.));
#2452 = ORIENTED_EDGE('',*,*,#2453,.T.);
#2453 = EDGE_CURVE('',#2446,#2454,#2456,.T.);
#2454 = VERTEX_POINT('',#2455);
#2455 = CARTESIAN_POINT('',(-1.46304E+04,1.26746E+04,0.));
#2456 = LINE('',#2457,#2458);
#2457 = CARTESIAN_POINT('',(-8.21954E+03,1.26746E+04,0.));
#2458 = VECTOR('',#2459,1.);
#2459 = DIRECTION('',(-1.,0.,0.));
#2460 = ORIENTED_EDGE('',*,*,#2461,.T.);
#2461 = EDGE_CURVE('',#2454,#2462,#2464,.T.);
#2462 = VERTEX_POINT('',#2463);
#2463 = CARTESIAN_POINT('',(-1.46304E+04,1.28016E+04,0.));
#2464 = LINE('',#2465,#2466);
#2465 = CARTESIAN_POINT('',(-1.46304E+04,1.26746E+04,0.));
#2466 = VECTOR('',#2467,1.);
#2467 = DIRECTION('',(-1.432E-14,1.,0.));
#2468 = ORIENTED_EDGE('',*,*,#2469,.T.);
#2469 = EDGE_CURVE('',#2462,#2470,#2472,.T.);
#2470 = VERTEX_POINT('',#2471);
#2471 = CARTESIAN_POINT('',(-8.09254E+03,1.28016E+04,0.));
#2472 = LINE('',#2473,#2474);
#2473 = CARTESIAN_POINT('',(-1.46304E+04,1.28016E+04,0.));
#2474 = VECTOR('',#2475,1.);
#2475 = DIRECTION('',(1.,0.,0.));
#2476 = ORIENTED_EDGE('',*,*,#2477,.T.);
#2477 = EDGE_CURVE('',#2470,#2478,#2480,.T.);
#2478 = VERTEX_POINT('',#2479);
#2479 = CARTESIAN_POINT('',(-8.09254E+03,-1.8161E+04,0.));
#2480 = LINE('',#2481,#2482);
#2481 = CARTESIAN_POINT('',(-8.09254E+03,1.28016E+04,0.));
#2482 = VECTOR('',#2483,1.);
#2483 = DIRECTION('',(0.,-1.,0.));
#2484 = ORIENTED_EDGE('',*,*,#2485,.T.);
#2485 = EDGE_CURVE('',#2478,#2486,#2488,.T.);
#2486 = VERTEX_POINT('',#2487);
#2487 = CARTESIAN_POINT('',(-7.00034E+03,-1.8161E+04,0.));
#2488 = LINE('',#2489,#2490);
#2489 = CARTESIAN_POINT('',(-8.09254E+03,-1.8161E+04,0.));
#2490 = VECTOR('',#2491,1.);
#2491 = DIRECTION('',(1.,0.,0.));
#2492 = ORIENTED_EDGE('',*,*,#2493,.T.);
#2493 = EDGE_CURVE('',#2486,#2494,#2496,.T.);
#2494 = VERTEX_POINT('',#2495);
#2495 = CARTESIAN_POINT('',(-7.00034E+03,-1.06427E+04,0.));
#2496 = LINE('',#2497,#2498);
#2497 = CARTESIAN_POINT('',(-7.00034E+03,-1.8161E+04,0.));
#2498 = VECTOR('',#2499,1.);
#2499 = DIRECTION('',(0.,1.,0.));
#2500 = ORIENTED_EDGE('',*,*,#2501,.T.);
#2501 = EDGE_CURVE('',#2494,#2502,#2504,.T.);
#2502 = VERTEX_POINT('',#2503);
#2503 = CARTESIAN_POINT('',(126.99999999999,-1.06427E+04,0.));
#2504 = LINE('',#2505,#2506);
#2505 = CARTESIAN_POINT('',(-7.00034E+03,-1.06427E+04,0.));
#2506 = VECTOR('',#2507,1.);
#2507 = DIRECTION('',(1.,0.,0.));
#2508 = ORIENTED_EDGE('',*,*,#2509,.T.);
#2509 = EDGE_CURVE('',#2502,#2510,#2512,.T.);
#2510 = VERTEX_POINT('',#2511);
#2511 = CARTESIAN_POINT('',(126.99999999999,-1.45034E+04,0.));
#2512 = LINE('',#2513,#2514);
#2513 = CARTESIAN_POINT('',(126.99999999999,-1.06427E+04,0.));
#2514 = VECTOR('',#2515,1.);
#2515 = DIRECTION('',(0.,-1.,0.));
#2516 = ORIENTED_EDGE('',*,*,#2517,.T.);
#2517 = EDGE_CURVE('',#2510,#2518,#2520,.T.);
#2518 = VERTEX_POINT('',#2519);
#2519 = CARTESIAN_POINT('',(1.46304E+04,-1.45034E+04,0.));
#2520 = LINE('',#2521,#2522);
#2521 = CARTESIAN_POINT('',(126.99999999999,-1.45034E+04,0.));
#2522 = VECTOR('',#2523,1.);
#2523 = DIRECTION('',(1.,0.,0.));
#2524 = ORIENTED_EDGE('',*,*,#2525,.T.);
#2525 = EDGE_CURVE('',#2518,#2367,#2526,.T.);
#2526 = LINE('',#2527,#2528);
#2527 = CARTESIAN_POINT('',(1.46304E+04,-1.45034E+04,0.));
#2528 = VECTOR('',#2529,1.);
#2529 = DIRECTION('',(1.432E-14,-1.,0.));
#2530 = ORIENTED_EDGE('',*,*,#2366,.F.);
#2531 = PLANE('',#2532);
#2532 = AXIS2_PLACEMENT_3D('',#2533,#2534,#2535);
#2533 = CARTESIAN_POINT('',(-4.244288866574E+03,-6.545201599511E+03,0.)
  );
#2534 = DIRECTION('',(0.,0.,1.));
#2535 = DIRECTION('',(1.,0.,0.));
#2536 = ADVANCED_FACE('',(#2537),#2644,.T.);
#2537 = FACE_BOUND('',#2538,.F.);
#2538 = EDGE_LOOP('',(#2539,#2540,#2541,#2542,#2550,#2558,#2566,#2574,
    #2582,#2590,#2598,#2606,#2614,#2622,#2630,#2638));
#2539 = ORIENTED_EDGE('',*,*,#2382,.F.);
#2540 = ORIENTED_EDGE('',*,*,#2335,.T.);
#2541 = ORIENTED_EDGE('',*,*,#2406,.F.);
#2542 = ORIENTED_EDGE('',*,*,#2543,.F.);
#2543 = EDGE_CURVE('',#2544,#2399,#2546,.T.);
#2544 = VERTEX_POINT('',#2545);
#2545 = CARTESIAN_POINT('',(-6.87334E+03,-1.8288E+04,9.E+03));
#2546 = LINE('',#2547,#2548);
#2547 = CARTESIAN_POINT('',(-6.87334E+03,-1.8288E+04,9.E+03));
#2548 = VECTOR('',#2549,1.);
#2549 = DIRECTION('',(0.,1.,0.));
#2550 = ORIENTED_EDGE('',*,*,#2551,.F.);
#2551 = EDGE_CURVE('',#2552,#2544,#2554,.T.);
#2552 = VERTEX_POINT('',#2553);
#2553 = CARTESIAN_POINT('',(-8.21954E+03,-1.8288E+04,9.E+03));
#2554 = LINE('',#2555,#2556);
#2555 = CARTESIAN_POINT('',(-8.21954E+03,-1.8288E+04,9.E+03));
#2556 = VECTOR('',#2557,1.);
#2557 = DIRECTION('',(1.,2.7E-15,0.));
#2558 = ORIENTED_EDGE('',*,*,#2559,.F.);
#2559 = EDGE_CURVE('',#2560,#2552,#2562,.T.);
#2560 = VERTEX_POINT('',#2561);
#2561 = CARTESIAN_POINT('',(-8.21954E+03,1.26746E+04,9.E+03));
#2562 = LINE('',#2563,#2564);
#2563 = CARTESIAN_POINT('',(-8.21954E+03,1.26746E+04,9.E+03));
#2564 = VECTOR('',#2565,1.);
#2565 = DIRECTION('',(0.,-1.,0.));
#2566 = ORIENTED_EDGE('',*,*,#2567,.T.);
#2567 = EDGE_CURVE('',#2560,#2568,#2570,.T.);
#2568 = VERTEX_POINT('',#2569);
#2569 = CARTESIAN_POINT('',(-1.46304E+04,1.26746E+04,9.E+03));
#2570 = LINE('',#2571,#2572);
#2571 = CARTESIAN_POINT('',(-8.21954E+03,1.26746E+04,9.E+03));
#2572 = VECTOR('',#2573,1.);
#2573 = DIRECTION('',(-1.,0.,0.));
#2574 = ORIENTED_EDGE('',*,*,#2575,.T.);
#2575 = EDGE_CURVE('',#2568,#2576,#2578,.T.);
#2576 = VERTEX_POINT('',#2577);
#2577 = CARTESIAN_POINT('',(-1.46304E+04,1.28016E+04,9.E+03));
#2578 = LINE('',#2579,#2580);
#2579 = CARTESIAN_POINT('',(-1.46304E+04,1.26746E+04,9.E+03));
#2580 = VECTOR('',#2581,1.);
#2581 = DIRECTION('',(-1.432E-14,1.,0.));
#2582 = ORIENTED_EDGE('',*,*,#2583,.T.);
#2583 = EDGE_CURVE('',#2576,#2584,#2586,.T.);
#2584 = VERTEX_POINT('',#2585);
#2585 = CARTESIAN_POINT('',(-8.09254E+03,1.28016E+04,9.E+03));
#2586 = LINE('',#2587,#2588);
#2587 = CARTESIAN_POINT('',(-1.46304E+04,1.28016E+04,9.E+03));
#2588 = VECTOR('',#2589,1.);
#2589 = DIRECTION('',(1.,0.,0.));
#2590 = ORIENTED_EDGE('',*,*,#2591,.T.);
#2591 = EDGE_CURVE('',#2584,#2592,#2594,.T.);
#2592 = VERTEX_POINT('',#2593);
#2593 = CARTESIAN_POINT('',(-8.09254E+03,-1.8161E+04,9.E+03));
#2594 = LINE('',#2595,#2596);
#2595 = CARTESIAN_POINT('',(-8.09254E+03,1.28016E+04,9.E+03));
#2596 = VECTOR('',#2597,1.);
#2597 = DIRECTION('',(0.,-1.,0.));
#2598 = ORIENTED_EDGE('',*,*,#2599,.T.);
#2599 = EDGE_CURVE('',#2592,#2600,#2602,.T.);
#2600 = VERTEX_POINT('',#2601);
#2601 = CARTESIAN_POINT('',(-7.00034E+03,-1.8161E+04,9.E+03));
#2602 = LINE('',#2603,#2604);
#2603 = CARTESIAN_POINT('',(-8.09254E+03,-1.8161E+04,9.E+03));
#2604 = VECTOR('',#2605,1.);
#2605 = DIRECTION('',(1.,0.,0.));
#2606 = ORIENTED_EDGE('',*,*,#2607,.T.);
#2607 = EDGE_CURVE('',#2600,#2608,#2610,.T.);
#2608 = VERTEX_POINT('',#2609);
#2609 = CARTESIAN_POINT('',(-7.00034E+03,-1.06427E+04,9.E+03));
#2610 = LINE('',#2611,#2612);
#2611 = CARTESIAN_POINT('',(-7.00034E+03,-1.8161E+04,9.E+03));
#2612 = VECTOR('',#2613,1.);
#2613 = DIRECTION('',(0.,1.,0.));
#2614 = ORIENTED_EDGE('',*,*,#2615,.T.);
#2615 = EDGE_CURVE('',#2608,#2616,#2618,.T.);
#2616 = VERTEX_POINT('',#2617);
#2617 = CARTESIAN_POINT('',(126.99999999999,-1.06427E+04,9.E+03));
#2618 = LINE('',#2619,#2620);
#2619 = CARTESIAN_POINT('',(-7.00034E+03,-1.06427E+04,9.E+03));
#2620 = VECTOR('',#2621,1.);
#2621 = DIRECTION('',(1.,0.,0.));
#2622 = ORIENTED_EDGE('',*,*,#2623,.T.);
#2623 = EDGE_CURVE('',#2616,#2624,#2626,.T.);
#2624 = VERTEX_POINT('',#2625);
#2625 = CARTESIAN_POINT('',(126.99999999999,-1.45034E+04,9.E+03));
#2626 = LINE('',#2627,#2628);
#2627 = CARTESIAN_POINT('',(126.99999999999,-1.06427E+04,9.E+03));
#2628 = VECTOR('',#2629,1.);
#2629 = DIRECTION('',(0.,-1.,0.));
#2630 = ORIENTED_EDGE('',*,*,#2631,.T.);
#2631 = EDGE_CURVE('',#2624,#2632,#2634,.T.);
#2632 = VERTEX_POINT('',#2633);
#2633 = CARTESIAN_POINT('',(1.46304E+04,-1.45034E+04,9.E+03));
#2634 = LINE('',#2635,#2636);
#2635 = CARTESIAN_POINT('',(126.99999999999,-1.45034E+04,9.E+03));
#2636 = VECTOR('',#2637,1.);
#2637 = DIRECTION('',(1.,0.,0.));
#2638 = ORIENTED_EDGE('',*,*,#2639,.T.);
#2639 = EDGE_CURVE('',#2632,#2375,#2640,.T.);
#2640 = LINE('',#2641,#2642);
#2641 = CARTESIAN_POINT('',(1.46304E+04,-1.45034E+04,9.E+03));
#2642 = VECTOR('',#2643,1.);
#2643 = DIRECTION('',(1.432E-14,-1.,0.));
#2644 = PLANE('',#2645);
#2645 = AXIS2_PLACEMENT_3D('',#2646,#2647,#2648);
#2646 = CARTESIAN_POINT('',(-4.244288866574E+03,-6.545201599511E+03,
    9.E+03));
#2647 = DIRECTION('',(0.,0.,1.));
#2648 = DIRECTION('',(1.,0.,0.));
#2649 = ADVANCED_FACE('',(#2650),#2661,.T.);
#2650 = FACE_BOUND('',#2651,.T.);
#2651 = EDGE_LOOP('',(#2652,#2658,#2659,#2660));
#2652 = ORIENTED_EDGE('',*,*,#2653,.T.);
#2653 = EDGE_CURVE('',#2518,#2632,#2654,.T.);
#2654 = LINE('',#2655,#2656);
#2655 = CARTESIAN_POINT('',(1.46304E+04,-1.45034E+04,0.));
#2656 = VECTOR('',#2657,1.);
#2657 = DIRECTION('',(0.,0.,1.));
#2658 = ORIENTED_EDGE('',*,*,#2639,.T.);
#2659 = ORIENTED_EDGE('',*,*,#2374,.F.);
#2660 = ORIENTED_EDGE('',*,*,#2525,.F.);
#2661 = PLANE('',#2662);
#2662 = AXIS2_PLACEMENT_3D('',#2663,#2664,#2665);
#2663 = CARTESIAN_POINT('',(1.46304E+04,-1.45034E+04,0.));
#2664 = DIRECTION('',(1.,1.432E-14,0.));
#2665 = DIRECTION('',(1.432E-14,-1.,0.));
#2666 = ADVANCED_FACE('',(#2667),#2678,.F.);
#2667 = FACE_BOUND('',#2668,.F.);
#2668 = EDGE_LOOP('',(#2669,#2675,#2676,#2677));
#2669 = ORIENTED_EDGE('',*,*,#2670,.T.);
#2670 = EDGE_CURVE('',#2430,#2544,#2671,.T.);
#2671 = LINE('',#2672,#2673);
#2672 = CARTESIAN_POINT('',(-6.87334E+03,-1.8288E+04,0.));
#2673 = VECTOR('',#2674,1.);
#2674 = DIRECTION('',(0.,0.,1.));
#2675 = ORIENTED_EDGE('',*,*,#2543,.T.);
#2676 = ORIENTED_EDGE('',*,*,#2396,.F.);
#2677 = ORIENTED_EDGE('',*,*,#2429,.F.);
#2678 = PLANE('',#2679);
#2679 = AXIS2_PLACEMENT_3D('',#2680,#2681,#2682);
#2680 = CARTESIAN_POINT('',(-6.87334E+03,-1.8288E+04,0.));
#2681 = DIRECTION('',(-1.,0.,0.));
#2682 = DIRECTION('',(0.,1.,0.));
#2683 = ADVANCED_FACE('',(#2684),#2695,.F.);
#2684 = FACE_BOUND('',#2685,.F.);
#2685 = EDGE_LOOP('',(#2686,#2692,#2693,#2694));
#2686 = ORIENTED_EDGE('',*,*,#2687,.T.);
#2687 = EDGE_CURVE('',#2438,#2552,#2688,.T.);
#2688 = LINE('',#2689,#2690);
#2689 = CARTESIAN_POINT('',(-8.21954E+03,-1.8288E+04,0.));
#2690 = VECTOR('',#2691,1.);
#2691 = DIRECTION('',(0.,0.,1.));
#2692 = ORIENTED_EDGE('',*,*,#2551,.T.);
#2693 = ORIENTED_EDGE('',*,*,#2670,.F.);
#2694 = ORIENTED_EDGE('',*,*,#2437,.F.);
#2695 = PLANE('',#2696);
#2696 = AXIS2_PLACEMENT_3D('',#2697,#2698,#2699);
#2697 = CARTESIAN_POINT('',(-8.21954E+03,-1.8288E+04,0.));
#2698 = DIRECTION('',(-2.7E-15,1.,0.));
#2699 = DIRECTION('',(1.,2.7E-15,0.));
#2700 = ADVANCED_FACE('',(#2701,#2712,#2746,#2780,#2814,#2848,#2882),
  #2916,.F.);
#2701 = FACE_BOUND('',#2702,.F.);
#2702 = EDGE_LOOP('',(#2703,#2709,#2710,#2711));
#2703 = ORIENTED_EDGE('',*,*,#2704,.T.);
#2704 = EDGE_CURVE('',#2446,#2560,#2705,.T.);
#2705 = LINE('',#2706,#2707);
#2706 = CARTESIAN_POINT('',(-8.21954E+03,1.26746E+04,0.));
#2707 = VECTOR('',#2708,1.);
#2708 = DIRECTION('',(0.,0.,1.));
#2709 = ORIENTED_EDGE('',*,*,#2559,.T.);
#2710 = ORIENTED_EDGE('',*,*,#2687,.F.);
#2711 = ORIENTED_EDGE('',*,*,#2445,.F.);
#2712 = FACE_BOUND('',#2713,.F.);
#2713 = EDGE_LOOP('',(#2714,#2724,#2732,#2740));
#2714 = ORIENTED_EDGE('',*,*,#2715,.F.);
#2715 = EDGE_CURVE('',#2716,#2718,#2720,.T.);
#2716 = VERTEX_POINT('',#2717);
#2717 = CARTESIAN_POINT('',(-8.21954E+03,9.26328E+03,6.58876E+03));
#2718 = VERTEX_POINT('',#2719);
#2719 = CARTESIAN_POINT('',(-8.21954E+03,9.26328E+03,5.06476E+03));
#2720 = LINE('',#2721,#2722);
#2721 = CARTESIAN_POINT('',(-8.21954E+03,9.26328E+03,3.29438E+03));
#2722 = VECTOR('',#2723,1.);
#2723 = DIRECTION('',(0.,0.,-1.));
#2724 = ORIENTED_EDGE('',*,*,#2725,.F.);
#2725 = EDGE_CURVE('',#2726,#2716,#2728,.T.);
#2726 = VERTEX_POINT('',#2727);
#2727 = CARTESIAN_POINT('',(-8.21954E+03,1.200648E+04,6.58876E+03));
#2728 = LINE('',#2729,#2730);
#2729 = CARTESIAN_POINT('',(-8.21954E+03,1.234054E+04,6.58876E+03));
#2730 = VECTOR('',#2731,1.);
#2731 = DIRECTION('',(0.,-1.,0.));
#2732 = ORIENTED_EDGE('',*,*,#2733,.F.);
#2733 = EDGE_CURVE('',#2734,#2726,#2736,.T.);
#2734 = VERTEX_POINT('',#2735);
#2735 = CARTESIAN_POINT('',(-8.21954E+03,1.200648E+04,5.06476E+03));
#2736 = LINE('',#2737,#2738);
#2737 = CARTESIAN_POINT('',(-8.21954E+03,1.200648E+04,2.53238E+03));
#2738 = VECTOR('',#2739,1.);
#2739 = DIRECTION('',(0.,0.,1.));
#2740 = ORIENTED_EDGE('',*,*,#2741,.F.);
#2741 = EDGE_CURVE('',#2718,#2734,#2742,.T.);
#2742 = LINE('',#2743,#2744);
#2743 = CARTESIAN_POINT('',(-8.21954E+03,1.096894E+04,5.06476E+03));
#2744 = VECTOR('',#2745,1.);
#2745 = DIRECTION('',(0.,1.,0.));
#2746 = FACE_BOUND('',#2747,.F.);
#2747 = EDGE_LOOP('',(#2748,#2758,#2766,#2774));
#2748 = ORIENTED_EDGE('',*,*,#2749,.F.);
#2749 = EDGE_CURVE('',#2750,#2752,#2754,.T.);
#2750 = VERTEX_POINT('',#2751);
#2751 = CARTESIAN_POINT('',(-8.21954E+03,6.21528E+03,6.58876E+03));
#2752 = VERTEX_POINT('',#2753);
#2753 = CARTESIAN_POINT('',(-8.21954E+03,6.21528E+03,5.06476E+03));
#2754 = LINE('',#2755,#2756);
#2755 = CARTESIAN_POINT('',(-8.21954E+03,6.21528E+03,3.29438E+03));
#2756 = VECTOR('',#2757,1.);
#2757 = DIRECTION('',(0.,0.,-1.));
#2758 = ORIENTED_EDGE('',*,*,#2759,.F.);
#2759 = EDGE_CURVE('',#2760,#2750,#2762,.T.);
#2760 = VERTEX_POINT('',#2761);
#2761 = CARTESIAN_POINT('',(-8.21954E+03,8.95848E+03,6.58876E+03));
#2762 = LINE('',#2763,#2764);
#2763 = CARTESIAN_POINT('',(-8.21954E+03,1.081654E+04,6.58876E+03));
#2764 = VECTOR('',#2765,1.);
#2765 = DIRECTION('',(0.,-1.,0.));
#2766 = ORIENTED_EDGE('',*,*,#2767,.F.);
#2767 = EDGE_CURVE('',#2768,#2760,#2770,.T.);
#2768 = VERTEX_POINT('',#2769);
#2769 = CARTESIAN_POINT('',(-8.21954E+03,8.95848E+03,5.06476E+03));
#2770 = LINE('',#2771,#2772);
#2771 = CARTESIAN_POINT('',(-8.21954E+03,8.95848E+03,2.53238E+03));
#2772 = VECTOR('',#2773,1.);
#2773 = DIRECTION('',(0.,0.,1.));
#2774 = ORIENTED_EDGE('',*,*,#2775,.F.);
#2775 = EDGE_CURVE('',#2752,#2768,#2776,.T.);
#2776 = LINE('',#2777,#2778);
#2777 = CARTESIAN_POINT('',(-8.21954E+03,9.44494E+03,5.06476E+03));
#2778 = VECTOR('',#2779,1.);
#2779 = DIRECTION('',(0.,1.,0.));
#2780 = FACE_BOUND('',#2781,.F.);
#2781 = EDGE_LOOP('',(#2782,#2792,#2800,#2808));
#2782 = ORIENTED_EDGE('',*,*,#2783,.F.);
#2783 = EDGE_CURVE('',#2784,#2786,#2788,.T.);
#2784 = VERTEX_POINT('',#2785);
#2785 = CARTESIAN_POINT('',(-8.21954E+03,3.16728E+03,6.58876E+03));
#2786 = VERTEX_POINT('',#2787);
#2787 = CARTESIAN_POINT('',(-8.21954E+03,3.16728E+03,5.06476E+03));
#2788 = LINE('',#2789,#2790);
#2789 = CARTESIAN_POINT('',(-8.21954E+03,3.16728E+03,3.29438E+03));
#2790 = VECTOR('',#2791,1.);
#2791 = DIRECTION('',(0.,0.,-1.));
#2792 = ORIENTED_EDGE('',*,*,#2793,.F.);
#2793 = EDGE_CURVE('',#2794,#2784,#2796,.T.);
#2794 = VERTEX_POINT('',#2795);
#2795 = CARTESIAN_POINT('',(-8.21954E+03,5.91048E+03,6.58876E+03));
#2796 = LINE('',#2797,#2798);
#2797 = CARTESIAN_POINT('',(-8.21954E+03,9.29254E+03,6.58876E+03));
#2798 = VECTOR('',#2799,1.);
#2799 = DIRECTION('',(0.,-1.,0.));
#2800 = ORIENTED_EDGE('',*,*,#2801,.F.);
#2801 = EDGE_CURVE('',#2802,#2794,#2804,.T.);
#2802 = VERTEX_POINT('',#2803);
#2803 = CARTESIAN_POINT('',(-8.21954E+03,5.91048E+03,5.06476E+03));
#2804 = LINE('',#2805,#2806);
#2805 = CARTESIAN_POINT('',(-8.21954E+03,5.91048E+03,2.53238E+03));
#2806 = VECTOR('',#2807,1.);
#2807 = DIRECTION('',(0.,0.,1.));
#2808 = ORIENTED_EDGE('',*,*,#2809,.F.);
#2809 = EDGE_CURVE('',#2786,#2802,#2810,.T.);
#2810 = LINE('',#2811,#2812);
#2811 = CARTESIAN_POINT('',(-8.21954E+03,7.92094E+03,5.06476E+03));
#2812 = VECTOR('',#2813,1.);
#2813 = DIRECTION('',(0.,1.,0.));
#2814 = FACE_BOUND('',#2815,.F.);
#2815 = EDGE_LOOP('',(#2816,#2826,#2834,#2842));
#2816 = ORIENTED_EDGE('',*,*,#2817,.F.);
#2817 = EDGE_CURVE('',#2818,#2820,#2822,.T.);
#2818 = VERTEX_POINT('',#2819);
#2819 = CARTESIAN_POINT('',(-8.21954E+03,119.27999999999,6.58876E+03));
#2820 = VERTEX_POINT('',#2821);
#2821 = CARTESIAN_POINT('',(-8.21954E+03,119.27999999999,5.06476E+03));
#2822 = LINE('',#2823,#2824);
#2823 = CARTESIAN_POINT('',(-8.21954E+03,119.27999999999,3.29438E+03));
#2824 = VECTOR('',#2825,1.);
#2825 = DIRECTION('',(0.,0.,-1.));
#2826 = ORIENTED_EDGE('',*,*,#2827,.F.);
#2827 = EDGE_CURVE('',#2828,#2818,#2830,.T.);
#2828 = VERTEX_POINT('',#2829);
#2829 = CARTESIAN_POINT('',(-8.21954E+03,2.86248E+03,6.58876E+03));
#2830 = LINE('',#2831,#2832);
#2831 = CARTESIAN_POINT('',(-8.21954E+03,7.76854E+03,6.58876E+03));
#2832 = VECTOR('',#2833,1.);
#2833 = DIRECTION('',(0.,-1.,0.));
#2834 = ORIENTED_EDGE('',*,*,#2835,.F.);
#2835 = EDGE_CURVE('',#2836,#2828,#2838,.T.);
#2836 = VERTEX_POINT('',#2837);
#2837 = CARTESIAN_POINT('',(-8.21954E+03,2.86248E+03,5.06476E+03));
#2838 = LINE('',#2839,#2840);
#2839 = CARTESIAN_POINT('',(-8.21954E+03,2.86248E+03,2.53238E+03));
#2840 = VECTOR('',#2841,1.);
#2841 = DIRECTION('',(0.,0.,1.));
#2842 = ORIENTED_EDGE('',*,*,#2843,.F.);
#2843 = EDGE_CURVE('',#2820,#2836,#2844,.T.);
#2844 = LINE('',#2845,#2846);
#2845 = CARTESIAN_POINT('',(-8.21954E+03,6.39694E+03,5.06476E+03));
#2846 = VECTOR('',#2847,1.);
#2847 = DIRECTION('',(0.,1.,0.));
#2848 = FACE_BOUND('',#2849,.F.);
#2849 = EDGE_LOOP('',(#2850,#2860,#2868,#2876));
#2850 = ORIENTED_EDGE('',*,*,#2851,.F.);
#2851 = EDGE_CURVE('',#2852,#2854,#2856,.T.);
#2852 = VERTEX_POINT('',#2853);
#2853 = CARTESIAN_POINT('',(-8.21954E+03,-2.92872E+03,6.58876E+03));
#2854 = VERTEX_POINT('',#2855);
#2855 = CARTESIAN_POINT('',(-8.21954E+03,-2.92872E+03,5.06476E+03));
#2856 = LINE('',#2857,#2858);
#2857 = CARTESIAN_POINT('',(-8.21954E+03,-2.92872E+03,3.29438E+03));
#2858 = VECTOR('',#2859,1.);
#2859 = DIRECTION('',(0.,0.,-1.));
#2860 = ORIENTED_EDGE('',*,*,#2861,.F.);
#2861 = EDGE_CURVE('',#2862,#2852,#2864,.T.);
#2862 = VERTEX_POINT('',#2863);
#2863 = CARTESIAN_POINT('',(-8.21954E+03,-185.52,6.58876E+03));
#2864 = LINE('',#2865,#2866);
#2865 = CARTESIAN_POINT('',(-8.21954E+03,6.24454E+03,6.58876E+03));
#2866 = VECTOR('',#2867,1.);
#2867 = DIRECTION('',(0.,-1.,0.));
#2868 = ORIENTED_EDGE('',*,*,#2869,.F.);
#2869 = EDGE_CURVE('',#2870,#2862,#2872,.T.);
#2870 = VERTEX_POINT('',#2871);
#2871 = CARTESIAN_POINT('',(-8.21954E+03,-185.52,5.06476E+03));
#2872 = LINE('',#2873,#2874);
#2873 = CARTESIAN_POINT('',(-8.21954E+03,-185.52,2.53238E+03));
#2874 = VECTOR('',#2875,1.);
#2875 = DIRECTION('',(0.,0.,1.));
#2876 = ORIENTED_EDGE('',*,*,#2877,.F.);
#2877 = EDGE_CURVE('',#2854,#2870,#2878,.T.);
#2878 = LINE('',#2879,#2880);
#2879 = CARTESIAN_POINT('',(-8.21954E+03,4.87294E+03,5.06476E+03));
#2880 = VECTOR('',#2881,1.);
#2881 = DIRECTION('',(0.,1.,0.));
#2882 = FACE_BOUND('',#2883,.F.);
#2883 = EDGE_LOOP('',(#2884,#2894,#2902,#2910));
#2884 = ORIENTED_EDGE('',*,*,#2885,.F.);
#2885 = EDGE_CURVE('',#2886,#2888,#2890,.T.);
#2886 = VERTEX_POINT('',#2887);
#2887 = CARTESIAN_POINT('',(-8.21954E+03,-5.97672E+03,6.58876E+03));
#2888 = VERTEX_POINT('',#2889);
#2889 = CARTESIAN_POINT('',(-8.21954E+03,-5.97672E+03,5.06476E+03));
#2890 = LINE('',#2891,#2892);
#2891 = CARTESIAN_POINT('',(-8.21954E+03,-5.97672E+03,3.29438E+03));
#2892 = VECTOR('',#2893,1.);
#2893 = DIRECTION('',(0.,0.,-1.));
#2894 = ORIENTED_EDGE('',*,*,#2895,.F.);
#2895 = EDGE_CURVE('',#2896,#2886,#2898,.T.);
#2896 = VERTEX_POINT('',#2897);
#2897 = CARTESIAN_POINT('',(-8.21954E+03,-3.23352E+03,6.58876E+03));
#2898 = LINE('',#2899,#2900);
#2899 = CARTESIAN_POINT('',(-8.21954E+03,4.72054E+03,6.58876E+03));
#2900 = VECTOR('',#2901,1.);
#2901 = DIRECTION('',(0.,-1.,0.));
#2902 = ORIENTED_EDGE('',*,*,#2903,.F.);
#2903 = EDGE_CURVE('',#2904,#2896,#2906,.T.);
#2904 = VERTEX_POINT('',#2905);
#2905 = CARTESIAN_POINT('',(-8.21954E+03,-3.23352E+03,5.06476E+03));
#2906 = LINE('',#2907,#2908);
#2907 = CARTESIAN_POINT('',(-8.21954E+03,-3.23352E+03,2.53238E+03));
#2908 = VECTOR('',#2909,1.);
#2909 = DIRECTION('',(0.,0.,1.));
#2910 = ORIENTED_EDGE('',*,*,#2911,.F.);
#2911 = EDGE_CURVE('',#2888,#2904,#2912,.T.);
#2912 = LINE('',#2913,#2914);
#2913 = CARTESIAN_POINT('',(-8.21954E+03,3.34894E+03,5.06476E+03));
#2914 = VECTOR('',#2915,1.);
#2915 = DIRECTION('',(0.,1.,0.));
#2916 = PLANE('',#2917);
#2917 = AXIS2_PLACEMENT_3D('',#2918,#2919,#2920);
#2918 = CARTESIAN_POINT('',(-8.21954E+03,1.26746E+04,0.));
#2919 = DIRECTION('',(1.,0.,0.));
#2920 = DIRECTION('',(0.,-1.,0.));
#2921 = ADVANCED_FACE('',(#2922),#2933,.T.);
#2922 = FACE_BOUND('',#2923,.T.);
#2923 = EDGE_LOOP('',(#2924,#2925,#2926,#2932));
#2924 = ORIENTED_EDGE('',*,*,#2704,.T.);
#2925 = ORIENTED_EDGE('',*,*,#2567,.T.);
#2926 = ORIENTED_EDGE('',*,*,#2927,.F.);
#2927 = EDGE_CURVE('',#2454,#2568,#2928,.T.);
#2928 = LINE('',#2929,#2930);
#2929 = CARTESIAN_POINT('',(-1.46304E+04,1.26746E+04,0.));
#2930 = VECTOR('',#2931,1.);
#2931 = DIRECTION('',(0.,0.,1.));
#2932 = ORIENTED_EDGE('',*,*,#2453,.F.);
#2933 = PLANE('',#2934);
#2934 = AXIS2_PLACEMENT_3D('',#2935,#2936,#2937);
#2935 = CARTESIAN_POINT('',(-8.21954E+03,1.26746E+04,0.));
#2936 = DIRECTION('',(0.,-1.,0.));
#2937 = DIRECTION('',(-1.,0.,0.));
#2938 = ADVANCED_FACE('',(#2939),#2950,.T.);
#2939 = FACE_BOUND('',#2940,.T.);
#2940 = EDGE_LOOP('',(#2941,#2942,#2943,#2949));
#2941 = ORIENTED_EDGE('',*,*,#2927,.T.);
#2942 = ORIENTED_EDGE('',*,*,#2575,.T.);
#2943 = ORIENTED_EDGE('',*,*,#2944,.F.);
#2944 = EDGE_CURVE('',#2462,#2576,#2945,.T.);
#2945 = LINE('',#2946,#2947);
#2946 = CARTESIAN_POINT('',(-1.46304E+04,1.28016E+04,0.));
#2947 = VECTOR('',#2948,1.);
#2948 = DIRECTION('',(0.,0.,1.));
#2949 = ORIENTED_EDGE('',*,*,#2461,.F.);
#2950 = PLANE('',#2951);
#2951 = AXIS2_PLACEMENT_3D('',#2952,#2953,#2954);
#2952 = CARTESIAN_POINT('',(-1.46304E+04,1.26746E+04,0.));
#2953 = DIRECTION('',(-1.,-1.432E-14,0.));
#2954 = DIRECTION('',(-1.432E-14,1.,0.));
#2955 = ADVANCED_FACE('',(#2956),#2967,.T.);
#2956 = FACE_BOUND('',#2957,.T.);
#2957 = EDGE_LOOP('',(#2958,#2959,#2960,#2966));
#2958 = ORIENTED_EDGE('',*,*,#2944,.T.);
#2959 = ORIENTED_EDGE('',*,*,#2583,.T.);
#2960 = ORIENTED_EDGE('',*,*,#2961,.F.);
#2961 = EDGE_CURVE('',#2470,#2584,#2962,.T.);
#2962 = LINE('',#2963,#2964);
#2963 = CARTESIAN_POINT('',(-8.09254E+03,1.28016E+04,0.));
#2964 = VECTOR('',#2965,1.);
#2965 = DIRECTION('',(0.,0.,1.));
#2966 = ORIENTED_EDGE('',*,*,#2469,.F.);
#2967 = PLANE('',#2968);
#2968 = AXIS2_PLACEMENT_3D('',#2969,#2970,#2971);
#2969 = CARTESIAN_POINT('',(-1.46304E+04,1.28016E+04,0.));
#2970 = DIRECTION('',(0.,1.,0.));
#2971 = DIRECTION('',(1.,0.,0.));
#2972 = ADVANCED_FACE('',(#2973,#2984,#3018,#3052,#3086,#3120,#3154),
  #3188,.T.);
#2973 = FACE_BOUND('',#2974,.T.);
#2974 = EDGE_LOOP('',(#2975,#2976,#2977,#2983));
#2975 = ORIENTED_EDGE('',*,*,#2961,.T.);
#2976 = ORIENTED_EDGE('',*,*,#2591,.T.);
#2977 = ORIENTED_EDGE('',*,*,#2978,.F.);
#2978 = EDGE_CURVE('',#2478,#2592,#2979,.T.);
#2979 = LINE('',#2980,#2981);
#2980 = CARTESIAN_POINT('',(-8.09254E+03,-1.8161E+04,0.));
#2981 = VECTOR('',#2982,1.);
#2982 = DIRECTION('',(0.,0.,1.));
#2983 = ORIENTED_EDGE('',*,*,#2477,.F.);
#2984 = FACE_BOUND('',#2985,.T.);
#2985 = EDGE_LOOP('',(#2986,#2996,#3004,#3012));
#2986 = ORIENTED_EDGE('',*,*,#2987,.F.);
#2987 = EDGE_CURVE('',#2988,#2990,#2992,.T.);
#2988 = VERTEX_POINT('',#2989);
#2989 = CARTESIAN_POINT('',(-8.09254E+03,9.26328E+03,6.58876E+03));
#2990 = VERTEX_POINT('',#2991);
#2991 = CARTESIAN_POINT('',(-8.09254E+03,9.26328E+03,5.06476E+03));
#2992 = LINE('',#2993,#2994);
#2993 = CARTESIAN_POINT('',(-8.09254E+03,9.26328E+03,6.58876E+03));
#2994 = VECTOR('',#2995,1.);
#2995 = DIRECTION('',(0.,0.,-1.));
#2996 = ORIENTED_EDGE('',*,*,#2997,.F.);
#2997 = EDGE_CURVE('',#2998,#2988,#3000,.T.);
#2998 = VERTEX_POINT('',#2999);
#2999 = CARTESIAN_POINT('',(-8.09254E+03,1.200648E+04,6.58876E+03));
#3000 = LINE('',#3001,#3002);
#3001 = CARTESIAN_POINT('',(-8.09254E+03,1.200648E+04,6.58876E+03));
#3002 = VECTOR('',#3003,1.);
#3003 = DIRECTION('',(0.,-1.,0.));
#3004 = ORIENTED_EDGE('',*,*,#3005,.F.);
#3005 = EDGE_CURVE('',#3006,#2998,#3008,.T.);
#3006 = VERTEX_POINT('',#3007);
#3007 = CARTESIAN_POINT('',(-8.09254E+03,1.200648E+04,5.06476E+03));
#3008 = LINE('',#3009,#3010);
#3009 = CARTESIAN_POINT('',(-8.09254E+03,1.200648E+04,5.06476E+03));
#3010 = VECTOR('',#3011,1.);
#3011 = DIRECTION('',(0.,0.,1.));
#3012 = ORIENTED_EDGE('',*,*,#3013,.F.);
#3013 = EDGE_CURVE('',#2990,#3006,#3014,.T.);
#3014 = LINE('',#3015,#3016);
#3015 = CARTESIAN_POINT('',(-8.09254E+03,9.26328E+03,5.06476E+03));
#3016 = VECTOR('',#3017,1.);
#3017 = DIRECTION('',(0.,1.,0.));
#3018 = FACE_BOUND('',#3019,.T.);
#3019 = EDGE_LOOP('',(#3020,#3030,#3038,#3046));
#3020 = ORIENTED_EDGE('',*,*,#3021,.F.);
#3021 = EDGE_CURVE('',#3022,#3024,#3026,.T.);
#3022 = VERTEX_POINT('',#3023);
#3023 = CARTESIAN_POINT('',(-8.09254E+03,6.21528E+03,6.58876E+03));
#3024 = VERTEX_POINT('',#3025);
#3025 = CARTESIAN_POINT('',(-8.09254E+03,6.21528E+03,5.06476E+03));
#3026 = LINE('',#3027,#3028);
#3027 = CARTESIAN_POINT('',(-8.09254E+03,6.21528E+03,6.58876E+03));
#3028 = VECTOR('',#3029,1.);
#3029 = DIRECTION('',(0.,0.,-1.));
#3030 = ORIENTED_EDGE('',*,*,#3031,.F.);
#3031 = EDGE_CURVE('',#3032,#3022,#3034,.T.);
#3032 = VERTEX_POINT('',#3033);
#3033 = CARTESIAN_POINT('',(-8.09254E+03,8.95848E+03,6.58876E+03));
#3034 = LINE('',#3035,#3036);
#3035 = CARTESIAN_POINT('',(-8.09254E+03,8.95848E+03,6.58876E+03));
#3036 = VECTOR('',#3037,1.);
#3037 = DIRECTION('',(0.,-1.,0.));
#3038 = ORIENTED_EDGE('',*,*,#3039,.F.);
#3039 = EDGE_CURVE('',#3040,#3032,#3042,.T.);
#3040 = VERTEX_POINT('',#3041);
#3041 = CARTESIAN_POINT('',(-8.09254E+03,8.95848E+03,5.06476E+03));
#3042 = LINE('',#3043,#3044);
#3043 = CARTESIAN_POINT('',(-8.09254E+03,8.95848E+03,5.06476E+03));
#3044 = VECTOR('',#3045,1.);
#3045 = DIRECTION('',(0.,0.,1.));
#3046 = ORIENTED_EDGE('',*,*,#3047,.F.);
#3047 = EDGE_CURVE('',#3024,#3040,#3048,.T.);
#3048 = LINE('',#3049,#3050);
#3049 = CARTESIAN_POINT('',(-8.09254E+03,6.21528E+03,5.06476E+03));
#3050 = VECTOR('',#3051,1.);
#3051 = DIRECTION('',(0.,1.,0.));
#3052 = FACE_BOUND('',#3053,.T.);
#3053 = EDGE_LOOP('',(#3054,#3064,#3072,#3080));
#3054 = ORIENTED_EDGE('',*,*,#3055,.F.);
#3055 = EDGE_CURVE('',#3056,#3058,#3060,.T.);
#3056 = VERTEX_POINT('',#3057);
#3057 = CARTESIAN_POINT('',(-8.09254E+03,3.16728E+03,6.58876E+03));
#3058 = VERTEX_POINT('',#3059);
#3059 = CARTESIAN_POINT('',(-8.09254E+03,3.16728E+03,5.06476E+03));
#3060 = LINE('',#3061,#3062);
#3061 = CARTESIAN_POINT('',(-8.09254E+03,3.16728E+03,6.58876E+03));
#3062 = VECTOR('',#3063,1.);
#3063 = DIRECTION('',(0.,0.,-1.));
#3064 = ORIENTED_EDGE('',*,*,#3065,.F.);
#3065 = EDGE_CURVE('',#3066,#3056,#3068,.T.);
#3066 = VERTEX_POINT('',#3067);
#3067 = CARTESIAN_POINT('',(-8.09254E+03,5.91048E+03,6.58876E+03));
#3068 = LINE('',#3069,#3070);
#3069 = CARTESIAN_POINT('',(-8.09254E+03,5.91048E+03,6.58876E+03));
#3070 = VECTOR('',#3071,1.);
#3071 = DIRECTION('',(0.,-1.,0.));
#3072 = ORIENTED_EDGE('',*,*,#3073,.F.);
#3073 = EDGE_CURVE('',#3074,#3066,#3076,.T.);
#3074 = VERTEX_POINT('',#3075);
#3075 = CARTESIAN_POINT('',(-8.09254E+03,5.91048E+03,5.06476E+03));
#3076 = LINE('',#3077,#3078);
#3077 = CARTESIAN_POINT('',(-8.09254E+03,5.91048E+03,5.06476E+03));
#3078 = VECTOR('',#3079,1.);
#3079 = DIRECTION('',(0.,0.,1.));
#3080 = ORIENTED_EDGE('',*,*,#3081,.F.);
#3081 = EDGE_CURVE('',#3058,#3074,#3082,.T.);
#3082 = LINE('',#3083,#3084);
#3083 = CARTESIAN_POINT('',(-8.09254E+03,3.16728E+03,5.06476E+03));
#3084 = VECTOR('',#3085,1.);
#3085 = DIRECTION('',(0.,1.,0.));
#3086 = FACE_BOUND('',#3087,.T.);
#3087 = EDGE_LOOP('',(#3088,#3098,#3106,#3114));
#3088 = ORIENTED_EDGE('',*,*,#3089,.F.);
#3089 = EDGE_CURVE('',#3090,#3092,#3094,.T.);
#3090 = VERTEX_POINT('',#3091);
#3091 = CARTESIAN_POINT('',(-8.09254E+03,119.27999999999,6.58876E+03));
#3092 = VERTEX_POINT('',#3093);
#3093 = CARTESIAN_POINT('',(-8.09254E+03,119.27999999999,5.06476E+03));
#3094 = LINE('',#3095,#3096);
#3095 = CARTESIAN_POINT('',(-8.09254E+03,119.27999999999,6.58876E+03));
#3096 = VECTOR('',#3097,1.);
#3097 = DIRECTION('',(0.,0.,-1.));
#3098 = ORIENTED_EDGE('',*,*,#3099,.F.);
#3099 = EDGE_CURVE('',#3100,#3090,#3102,.T.);
#3100 = VERTEX_POINT('',#3101);
#3101 = CARTESIAN_POINT('',(-8.09254E+03,2.86248E+03,6.58876E+03));
#3102 = LINE('',#3103,#3104);
#3103 = CARTESIAN_POINT('',(-8.09254E+03,2.86248E+03,6.58876E+03));
#3104 = VECTOR('',#3105,1.);
#3105 = DIRECTION('',(0.,-1.,0.));
#3106 = ORIENTED_EDGE('',*,*,#3107,.F.);
#3107 = EDGE_CURVE('',#3108,#3100,#3110,.T.);
#3108 = VERTEX_POINT('',#3109);
#3109 = CARTESIAN_POINT('',(-8.09254E+03,2.86248E+03,5.06476E+03));
#3110 = LINE('',#3111,#3112);
#3111 = CARTESIAN_POINT('',(-8.09254E+03,2.86248E+03,5.06476E+03));
#3112 = VECTOR('',#3113,1.);
#3113 = DIRECTION('',(0.,0.,1.));
#3114 = ORIENTED_EDGE('',*,*,#3115,.F.);
#3115 = EDGE_CURVE('',#3092,#3108,#3116,.T.);
#3116 = LINE('',#3117,#3118);
#3117 = CARTESIAN_POINT('',(-8.09254E+03,119.27999999999,5.06476E+03));
#3118 = VECTOR('',#3119,1.);
#3119 = DIRECTION('',(0.,1.,0.));
#3120 = FACE_BOUND('',#3121,.T.);
#3121 = EDGE_LOOP('',(#3122,#3132,#3140,#3148));
#3122 = ORIENTED_EDGE('',*,*,#3123,.F.);
#3123 = EDGE_CURVE('',#3124,#3126,#3128,.T.);
#3124 = VERTEX_POINT('',#3125);
#3125 = CARTESIAN_POINT('',(-8.09254E+03,-2.92872E+03,6.58876E+03));
#3126 = VERTEX_POINT('',#3127);
#3127 = CARTESIAN_POINT('',(-8.09254E+03,-2.92872E+03,5.06476E+03));
#3128 = LINE('',#3129,#3130);
#3129 = CARTESIAN_POINT('',(-8.09254E+03,-2.92872E+03,6.58876E+03));
#3130 = VECTOR('',#3131,1.);
#3131 = DIRECTION('',(0.,0.,-1.));
#3132 = ORIENTED_EDGE('',*,*,#3133,.F.);
#3133 = EDGE_CURVE('',#3134,#3124,#3136,.T.);
#3134 = VERTEX_POINT('',#3135);
#3135 = CARTESIAN_POINT('',(-8.09254E+03,-185.52,6.58876E+03));
#3136 = LINE('',#3137,#3138);
#3137 = CARTESIAN_POINT('',(-8.09254E+03,-185.52,6.58876E+03));
#3138 = VECTOR('',#3139,1.);
#3139 = DIRECTION('',(0.,-1.,0.));
#3140 = ORIENTED_EDGE('',*,*,#3141,.F.);
#3141 = EDGE_CURVE('',#3142,#3134,#3144,.T.);
#3142 = VERTEX_POINT('',#3143);
#3143 = CARTESIAN_POINT('',(-8.09254E+03,-185.52,5.06476E+03));
#3144 = LINE('',#3145,#3146);
#3145 = CARTESIAN_POINT('',(-8.09254E+03,-185.52,5.06476E+03));
#3146 = VECTOR('',#3147,1.);
#3147 = DIRECTION('',(0.,0.,1.));
#3148 = ORIENTED_EDGE('',*,*,#3149,.F.);
#3149 = EDGE_CURVE('',#3126,#3142,#3150,.T.);
#3150 = LINE('',#3151,#3152);
#3151 = CARTESIAN_POINT('',(-8.09254E+03,-2.92872E+03,5.06476E+03));
#3152 = VECTOR('',#3153,1.);
#3153 = DIRECTION('',(0.,1.,0.));
#3154 = FACE_BOUND('',#3155,.T.);
#3155 = EDGE_LOOP('',(#3156,#3166,#3174,#3182));
#3156 = ORIENTED_EDGE('',*,*,#3157,.F.);
#3157 = EDGE_CURVE('',#3158,#3160,#3162,.T.);
#3158 = VERTEX_POINT('',#3159);
#3159 = CARTESIAN_POINT('',(-8.09254E+03,-5.97672E+03,6.58876E+03));
#3160 = VERTEX_POINT('',#3161);
#3161 = CARTESIAN_POINT('',(-8.09254E+03,-5.97672E+03,5.06476E+03));
#3162 = LINE('',#3163,#3164);
#3163 = CARTESIAN_POINT('',(-8.09254E+03,-5.97672E+03,6.58876E+03));
#3164 = VECTOR('',#3165,1.);
#3165 = DIRECTION('',(0.,0.,-1.));
#3166 = ORIENTED_EDGE('',*,*,#3167,.F.);
#3167 = EDGE_CURVE('',#3168,#3158,#3170,.T.);
#3168 = VERTEX_POINT('',#3169);
#3169 = CARTESIAN_POINT('',(-8.09254E+03,-3.23352E+03,6.58876E+03));
#3170 = LINE('',#3171,#3172);
#3171 = CARTESIAN_POINT('',(-8.09254E+03,-3.23352E+03,6.58876E+03));
#3172 = VECTOR('',#3173,1.);
#3173 = DIRECTION('',(0.,-1.,0.));
#3174 = ORIENTED_EDGE('',*,*,#3175,.F.);
#3175 = EDGE_CURVE('',#3176,#3168,#3178,.T.);
#3176 = VERTEX_POINT('',#3177);
#3177 = CARTESIAN_POINT('',(-8.09254E+03,-3.23352E+03,5.06476E+03));
#3178 = LINE('',#3179,#3180);
#3179 = CARTESIAN_POINT('',(-8.09254E+03,-3.23352E+03,5.06476E+03));
#3180 = VECTOR('',#3181,1.);
#3181 = DIRECTION('',(0.,0.,1.));
#3182 = ORIENTED_EDGE('',*,*,#3183,.F.);
#3183 = EDGE_CURVE('',#3160,#3176,#3184,.T.);
#3184 = LINE('',#3185,#3186);
#3185 = CARTESIAN_POINT('',(-8.09254E+03,-5.97672E+03,5.06476E+03));
#3186 = VECTOR('',#3187,1.);
#3187 = DIRECTION('',(0.,1.,0.));
#3188 = PLANE('',#3189);
#3189 = AXIS2_PLACEMENT_3D('',#3190,#3191,#3192);
#3190 = CARTESIAN_POINT('',(-8.09254E+03,1.28016E+04,0.));
#3191 = DIRECTION('',(1.,0.,0.));
#3192 = DIRECTION('',(0.,-1.,0.));
#3193 = ADVANCED_FACE('',(#3194),#3205,.T.);
#3194 = FACE_BOUND('',#3195,.T.);
#3195 = EDGE_LOOP('',(#3196,#3197,#3198,#3204));
#3196 = ORIENTED_EDGE('',*,*,#2978,.T.);
#3197 = ORIENTED_EDGE('',*,*,#2599,.T.);
#3198 = ORIENTED_EDGE('',*,*,#3199,.F.);
#3199 = EDGE_CURVE('',#2486,#2600,#3200,.T.);
#3200 = LINE('',#3201,#3202);
#3201 = CARTESIAN_POINT('',(-7.00034E+03,-1.8161E+04,0.));
#3202 = VECTOR('',#3203,1.);
#3203 = DIRECTION('',(0.,0.,1.));
#3204 = ORIENTED_EDGE('',*,*,#2485,.F.);
#3205 = PLANE('',#3206);
#3206 = AXIS2_PLACEMENT_3D('',#3207,#3208,#3209);
#3207 = CARTESIAN_POINT('',(-8.09254E+03,-1.8161E+04,0.));
#3208 = DIRECTION('',(0.,1.,0.));
#3209 = DIRECTION('',(1.,0.,0.));
#3210 = ADVANCED_FACE('',(#3211),#3222,.T.);
#3211 = FACE_BOUND('',#3212,.T.);
#3212 = EDGE_LOOP('',(#3213,#3214,#3215,#3221));
#3213 = ORIENTED_EDGE('',*,*,#3199,.T.);
#3214 = ORIENTED_EDGE('',*,*,#2607,.T.);
#3215 = ORIENTED_EDGE('',*,*,#3216,.F.);
#3216 = EDGE_CURVE('',#2494,#2608,#3217,.T.);
#3217 = LINE('',#3218,#3219);
#3218 = CARTESIAN_POINT('',(-7.00034E+03,-1.06427E+04,0.));
#3219 = VECTOR('',#3220,1.);
#3220 = DIRECTION('',(0.,0.,1.));
#3221 = ORIENTED_EDGE('',*,*,#2493,.F.);
#3222 = PLANE('',#3223);
#3223 = AXIS2_PLACEMENT_3D('',#3224,#3225,#3226);
#3224 = CARTESIAN_POINT('',(-7.00034E+03,-1.8161E+04,0.));
#3225 = DIRECTION('',(-1.,0.,0.));
#3226 = DIRECTION('',(0.,1.,0.));
#3227 = ADVANCED_FACE('',(#3228),#3239,.T.);
#3228 = FACE_BOUND('',#3229,.T.);
#3229 = EDGE_LOOP('',(#3230,#3231,#3232,#3238));
#3230 = ORIENTED_EDGE('',*,*,#3216,.T.);
#3231 = ORIENTED_EDGE('',*,*,#2615,.T.);
#3232 = ORIENTED_EDGE('',*,*,#3233,.F.);
#3233 = EDGE_CURVE('',#2502,#2616,#3234,.T.);
#3234 = LINE('',#3235,#3236);
#3235 = CARTESIAN_POINT('',(126.99999999999,-1.06427E+04,0.));
#3236 = VECTOR('',#3237,1.);
#3237 = DIRECTION('',(0.,0.,1.));
#3238 = ORIENTED_EDGE('',*,*,#2501,.F.);
#3239 = PLANE('',#3240);
#3240 = AXIS2_PLACEMENT_3D('',#3241,#3242,#3243);
#3241 = CARTESIAN_POINT('',(-7.00034E+03,-1.06427E+04,0.));
#3242 = DIRECTION('',(0.,1.,0.));
#3243 = DIRECTION('',(1.,0.,0.));
#3244 = ADVANCED_FACE('',(#3245),#3256,.T.);
#3245 = FACE_BOUND('',#3246,.T.);
#3246 = EDGE_LOOP('',(#3247,#3248,#3249,#3255));
#3247 = ORIENTED_EDGE('',*,*,#3233,.T.);
#3248 = ORIENTED_EDGE('',*,*,#2623,.T.);
#3249 = ORIENTED_EDGE('',*,*,#3250,.F.);
#3250 = EDGE_CURVE('',#2510,#2624,#3251,.T.);
#3251 = LINE('',#3252,#3253);
#3252 = CARTESIAN_POINT('',(126.99999999999,-1.45034E+04,0.));
#3253 = VECTOR('',#3254,1.);
#3254 = DIRECTION('',(0.,0.,1.));
#3255 = ORIENTED_EDGE('',*,*,#2509,.F.);
#3256 = PLANE('',#3257);
#3257 = AXIS2_PLACEMENT_3D('',#3258,#3259,#3260);
#3258 = CARTESIAN_POINT('',(126.99999999999,-1.06427E+04,0.));
#3259 = DIRECTION('',(1.,0.,0.));
#3260 = DIRECTION('',(0.,-1.,0.));
#3261 = ADVANCED_FACE('',(#3262),#3268,.T.);
#3262 = FACE_BOUND('',#3263,.T.);
#3263 = EDGE_LOOP('',(#3264,#3265,#3266,#3267));
#3264 = ORIENTED_EDGE('',*,*,#3250,.T.);
#3265 = ORIENTED_EDGE('',*,*,#2631,.T.);
#3266 = ORIENTED_EDGE('',*,*,#2653,.F.);
#3267 = ORIENTED_EDGE('',*,*,#2517,.F.);
#3268 = PLANE('',#3269);
#3269 = AXIS2_PLACEMENT_3D('',#3270,#3271,#3272);
#3270 = CARTESIAN_POINT('',(126.99999999999,-1.45034E+04,0.));
#3271 = DIRECTION('',(0.,1.,0.));
#3272 = DIRECTION('',(1.,0.,0.));
#3273 = ADVANCED_FACE('',(#3274),#3290,.F.);
#3274 = FACE_BOUND('',#3275,.F.);
#3275 = EDGE_LOOP('',(#3276,#3277,#3283,#3284));
#3276 = ORIENTED_EDGE('',*,*,#2987,.F.);
#3277 = ORIENTED_EDGE('',*,*,#3278,.T.);
#3278 = EDGE_CURVE('',#2988,#2716,#3279,.T.);
#3279 = LINE('',#3280,#3281);
#3280 = CARTESIAN_POINT('',(-8.09254E+03,9.26328E+03,6.58876E+03));
#3281 = VECTOR('',#3282,1.);
#3282 = DIRECTION('',(-1.,-0.,-0.));
#3283 = ORIENTED_EDGE('',*,*,#2715,.T.);
#3284 = ORIENTED_EDGE('',*,*,#3285,.F.);
#3285 = EDGE_CURVE('',#2990,#2718,#3286,.T.);
#3286 = LINE('',#3287,#3288);
#3287 = CARTESIAN_POINT('',(-8.09254E+03,9.26328E+03,5.06476E+03));
#3288 = VECTOR('',#3289,1.);
#3289 = DIRECTION('',(-1.,-0.,-0.));
#3290 = PLANE('',#3291);
#3291 = AXIS2_PLACEMENT_3D('',#3292,#3293,#3294);
#3292 = CARTESIAN_POINT('',(-8.09254E+03,9.26328E+03,6.58876E+03));
#3293 = DIRECTION('',(0.,-1.,0.));
#3294 = DIRECTION('',(0.,0.,-1.));
#3295 = ADVANCED_FACE('',(#3296),#3307,.F.);
#3296 = FACE_BOUND('',#3297,.F.);
#3297 = EDGE_LOOP('',(#3298,#3299,#3300,#3301));
#3298 = ORIENTED_EDGE('',*,*,#3013,.F.);
#3299 = ORIENTED_EDGE('',*,*,#3285,.T.);
#3300 = ORIENTED_EDGE('',*,*,#2741,.T.);
#3301 = ORIENTED_EDGE('',*,*,#3302,.F.);
#3302 = EDGE_CURVE('',#3006,#2734,#3303,.T.);
#3303 = LINE('',#3304,#3305);
#3304 = CARTESIAN_POINT('',(-8.09254E+03,1.200648E+04,5.06476E+03));
#3305 = VECTOR('',#3306,1.);
#3306 = DIRECTION('',(-1.,-0.,-0.));
#3307 = PLANE('',#3308);
#3308 = AXIS2_PLACEMENT_3D('',#3309,#3310,#3311);
#3309 = CARTESIAN_POINT('',(-8.09254E+03,9.26328E+03,5.06476E+03));
#3310 = DIRECTION('',(0.,0.,-1.));
#3311 = DIRECTION('',(0.,1.,0.));
#3312 = ADVANCED_FACE('',(#3313),#3324,.F.);
#3313 = FACE_BOUND('',#3314,.F.);
#3314 = EDGE_LOOP('',(#3315,#3316,#3317,#3318));
#3315 = ORIENTED_EDGE('',*,*,#3005,.F.);
#3316 = ORIENTED_EDGE('',*,*,#3302,.T.);
#3317 = ORIENTED_EDGE('',*,*,#2733,.T.);
#3318 = ORIENTED_EDGE('',*,*,#3319,.F.);
#3319 = EDGE_CURVE('',#2998,#2726,#3320,.T.);
#3320 = LINE('',#3321,#3322);
#3321 = CARTESIAN_POINT('',(-8.09254E+03,1.200648E+04,6.58876E+03));
#3322 = VECTOR('',#3323,1.);
#3323 = DIRECTION('',(-1.,-0.,-0.));
#3324 = PLANE('',#3325);
#3325 = AXIS2_PLACEMENT_3D('',#3326,#3327,#3328);
#3326 = CARTESIAN_POINT('',(-8.09254E+03,1.200648E+04,5.06476E+03));
#3327 = DIRECTION('',(0.,1.,0.));
#3328 = DIRECTION('',(0.,-0.,1.));
#3329 = ADVANCED_FACE('',(#3330),#3336,.F.);
#3330 = FACE_BOUND('',#3331,.F.);
#3331 = EDGE_LOOP('',(#3332,#3333,#3334,#3335));
#3332 = ORIENTED_EDGE('',*,*,#2997,.F.);
#3333 = ORIENTED_EDGE('',*,*,#3319,.T.);
#3334 = ORIENTED_EDGE('',*,*,#2725,.T.);
#3335 = ORIENTED_EDGE('',*,*,#3278,.F.);
#3336 = PLANE('',#3337);
#3337 = AXIS2_PLACEMENT_3D('',#3338,#3339,#3340);
#3338 = CARTESIAN_POINT('',(-8.09254E+03,1.200648E+04,6.58876E+03));
#3339 = DIRECTION('',(0.,0.,1.));
#3340 = DIRECTION('',(0.,-1.,0.));
#3341 = ADVANCED_FACE('',(#3342),#3358,.F.);
#3342 = FACE_BOUND('',#3343,.F.);
#3343 = EDGE_LOOP('',(#3344,#3345,#3351,#3352));
#3344 = ORIENTED_EDGE('',*,*,#3021,.F.);
#3345 = ORIENTED_EDGE('',*,*,#3346,.T.);
#3346 = EDGE_CURVE('',#3022,#2750,#3347,.T.);
#3347 = LINE('',#3348,#3349);
#3348 = CARTESIAN_POINT('',(-8.09254E+03,6.21528E+03,6.58876E+03));
#3349 = VECTOR('',#3350,1.);
#3350 = DIRECTION('',(-1.,-0.,-0.));
#3351 = ORIENTED_EDGE('',*,*,#2749,.T.);
#3352 = ORIENTED_EDGE('',*,*,#3353,.F.);
#3353 = EDGE_CURVE('',#3024,#2752,#3354,.T.);
#3354 = LINE('',#3355,#3356);
#3355 = CARTESIAN_POINT('',(-8.09254E+03,6.21528E+03,5.06476E+03));
#3356 = VECTOR('',#3357,1.);
#3357 = DIRECTION('',(-1.,-0.,-0.));
#3358 = PLANE('',#3359);
#3359 = AXIS2_PLACEMENT_3D('',#3360,#3361,#3362);
#3360 = CARTESIAN_POINT('',(-8.09254E+03,6.21528E+03,6.58876E+03));
#3361 = DIRECTION('',(0.,-1.,0.));
#3362 = DIRECTION('',(0.,0.,-1.));
#3363 = ADVANCED_FACE('',(#3364),#3375,.F.);
#3364 = FACE_BOUND('',#3365,.F.);
#3365 = EDGE_LOOP('',(#3366,#3367,#3368,#3369));
#3366 = ORIENTED_EDGE('',*,*,#3047,.F.);
#3367 = ORIENTED_EDGE('',*,*,#3353,.T.);
#3368 = ORIENTED_EDGE('',*,*,#2775,.T.);
#3369 = ORIENTED_EDGE('',*,*,#3370,.F.);
#3370 = EDGE_CURVE('',#3040,#2768,#3371,.T.);
#3371 = LINE('',#3372,#3373);
#3372 = CARTESIAN_POINT('',(-8.09254E+03,8.95848E+03,5.06476E+03));
#3373 = VECTOR('',#3374,1.);
#3374 = DIRECTION('',(-1.,-0.,-0.));
#3375 = PLANE('',#3376);
#3376 = AXIS2_PLACEMENT_3D('',#3377,#3378,#3379);
#3377 = CARTESIAN_POINT('',(-8.09254E+03,6.21528E+03,5.06476E+03));
#3378 = DIRECTION('',(0.,0.,-1.));
#3379 = DIRECTION('',(0.,1.,0.));
#3380 = ADVANCED_FACE('',(#3381),#3392,.F.);
#3381 = FACE_BOUND('',#3382,.F.);
#3382 = EDGE_LOOP('',(#3383,#3384,#3385,#3386));
#3383 = ORIENTED_EDGE('',*,*,#3039,.F.);
#3384 = ORIENTED_EDGE('',*,*,#3370,.T.);
#3385 = ORIENTED_EDGE('',*,*,#2767,.T.);
#3386 = ORIENTED_EDGE('',*,*,#3387,.F.);
#3387 = EDGE_CURVE('',#3032,#2760,#3388,.T.);
#3388 = LINE('',#3389,#3390);
#3389 = CARTESIAN_POINT('',(-8.09254E+03,8.95848E+03,6.58876E+03));
#3390 = VECTOR('',#3391,1.);
#3391 = DIRECTION('',(-1.,-0.,-0.));
#3392 = PLANE('',#3393);
#3393 = AXIS2_PLACEMENT_3D('',#3394,#3395,#3396);
#3394 = CARTESIAN_POINT('',(-8.09254E+03,8.95848E+03,5.06476E+03));
#3395 = DIRECTION('',(0.,1.,0.));
#3396 = DIRECTION('',(0.,-0.,1.));
#3397 = ADVANCED_FACE('',(#3398),#3404,.F.);
#3398 = FACE_BOUND('',#3399,.F.);
#3399 = EDGE_LOOP('',(#3400,#3401,#3402,#3403));
#3400 = ORIENTED_EDGE('',*,*,#3031,.F.);
#3401 = ORIENTED_EDGE('',*,*,#3387,.T.);
#3402 = ORIENTED_EDGE('',*,*,#2759,.T.);
#3403 = ORIENTED_EDGE('',*,*,#3346,.F.);
#3404 = PLANE('',#3405);
#3405 = AXIS2_PLACEMENT_3D('',#3406,#3407,#3408);
#3406 = CARTESIAN_POINT('',(-8.09254E+03,8.95848E+03,6.58876E+03));
#3407 = DIRECTION('',(0.,0.,1.));
#3408 = DIRECTION('',(0.,-1.,0.));
#3409 = ADVANCED_FACE('',(#3410),#3426,.F.);
#3410 = FACE_BOUND('',#3411,.F.);
#3411 = EDGE_LOOP('',(#3412,#3413,#3419,#3420));
#3412 = ORIENTED_EDGE('',*,*,#3055,.F.);
#3413 = ORIENTED_EDGE('',*,*,#3414,.T.);
#3414 = EDGE_CURVE('',#3056,#2784,#3415,.T.);
#3415 = LINE('',#3416,#3417);
#3416 = CARTESIAN_POINT('',(-8.09254E+03,3.16728E+03,6.58876E+03));
#3417 = VECTOR('',#3418,1.);
#3418 = DIRECTION('',(-1.,-0.,-0.));
#3419 = ORIENTED_EDGE('',*,*,#2783,.T.);
#3420 = ORIENTED_EDGE('',*,*,#3421,.F.);
#3421 = EDGE_CURVE('',#3058,#2786,#3422,.T.);
#3422 = LINE('',#3423,#3424);
#3423 = CARTESIAN_POINT('',(-8.09254E+03,3.16728E+03,5.06476E+03));
#3424 = VECTOR('',#3425,1.);
#3425 = DIRECTION('',(-1.,-0.,-0.));
#3426 = PLANE('',#3427);
#3427 = AXIS2_PLACEMENT_3D('',#3428,#3429,#3430);
#3428 = CARTESIAN_POINT('',(-8.09254E+03,3.16728E+03,6.58876E+03));
#3429 = DIRECTION('',(0.,-1.,0.));
#3430 = DIRECTION('',(0.,0.,-1.));
#3431 = ADVANCED_FACE('',(#3432),#3443,.F.);
#3432 = FACE_BOUND('',#3433,.F.);
#3433 = EDGE_LOOP('',(#3434,#3435,#3436,#3437));
#3434 = ORIENTED_EDGE('',*,*,#3081,.F.);
#3435 = ORIENTED_EDGE('',*,*,#3421,.T.);
#3436 = ORIENTED_EDGE('',*,*,#2809,.T.);
#3437 = ORIENTED_EDGE('',*,*,#3438,.F.);
#3438 = EDGE_CURVE('',#3074,#2802,#3439,.T.);
#3439 = LINE('',#3440,#3441);
#3440 = CARTESIAN_POINT('',(-8.09254E+03,5.91048E+03,5.06476E+03));
#3441 = VECTOR('',#3442,1.);
#3442 = DIRECTION('',(-1.,-0.,-0.));
#3443 = PLANE('',#3444);
#3444 = AXIS2_PLACEMENT_3D('',#3445,#3446,#3447);
#3445 = CARTESIAN_POINT('',(-8.09254E+03,3.16728E+03,5.06476E+03));
#3446 = DIRECTION('',(0.,0.,-1.));
#3447 = DIRECTION('',(0.,1.,0.));
#3448 = ADVANCED_FACE('',(#3449),#3460,.F.);
#3449 = FACE_BOUND('',#3450,.F.);
#3450 = EDGE_LOOP('',(#3451,#3452,#3453,#3454));
#3451 = ORIENTED_EDGE('',*,*,#3073,.F.);
#3452 = ORIENTED_EDGE('',*,*,#3438,.T.);
#3453 = ORIENTED_EDGE('',*,*,#2801,.T.);
#3454 = ORIENTED_EDGE('',*,*,#3455,.F.);
#3455 = EDGE_CURVE('',#3066,#2794,#3456,.T.);
#3456 = LINE('',#3457,#3458);
#3457 = CARTESIAN_POINT('',(-8.09254E+03,5.91048E+03,6.58876E+03));
#3458 = VECTOR('',#3459,1.);
#3459 = DIRECTION('',(-1.,-0.,-0.));
#3460 = PLANE('',#3461);
#3461 = AXIS2_PLACEMENT_3D('',#3462,#3463,#3464);
#3462 = CARTESIAN_POINT('',(-8.09254E+03,5.91048E+03,5.06476E+03));
#3463 = DIRECTION('',(0.,1.,0.));
#3464 = DIRECTION('',(0.,-0.,1.));
#3465 = ADVANCED_FACE('',(#3466),#3472,.F.);
#3466 = FACE_BOUND('',#3467,.F.);
#3467 = EDGE_LOOP('',(#3468,#3469,#3470,#3471));
#3468 = ORIENTED_EDGE('',*,*,#3065,.F.);
#3469 = ORIENTED_EDGE('',*,*,#3455,.T.);
#3470 = ORIENTED_EDGE('',*,*,#2793,.T.);
#3471 = ORIENTED_EDGE('',*,*,#3414,.F.);
#3472 = PLANE('',#3473);
#3473 = AXIS2_PLACEMENT_3D('',#3474,#3475,#3476);
#3474 = CARTESIAN_POINT('',(-8.09254E+03,5.91048E+03,6.58876E+03));
#3475 = DIRECTION('',(0.,0.,1.));
#3476 = DIRECTION('',(0.,-1.,0.));
#3477 = ADVANCED_FACE('',(#3478),#3494,.F.);
#3478 = FACE_BOUND('',#3479,.F.);
#3479 = EDGE_LOOP('',(#3480,#3481,#3487,#3488));
#3480 = ORIENTED_EDGE('',*,*,#3089,.F.);
#3481 = ORIENTED_EDGE('',*,*,#3482,.T.);
#3482 = EDGE_CURVE('',#3090,#2818,#3483,.T.);
#3483 = LINE('',#3484,#3485);
#3484 = CARTESIAN_POINT('',(-8.09254E+03,119.27999999999,6.58876E+03));
#3485 = VECTOR('',#3486,1.);
#3486 = DIRECTION('',(-1.,-0.,-0.));
#3487 = ORIENTED_EDGE('',*,*,#2817,.T.);
#3488 = ORIENTED_EDGE('',*,*,#3489,.F.);
#3489 = EDGE_CURVE('',#3092,#2820,#3490,.T.);
#3490 = LINE('',#3491,#3492);
#3491 = CARTESIAN_POINT('',(-8.09254E+03,119.27999999999,5.06476E+03));
#3492 = VECTOR('',#3493,1.);
#3493 = DIRECTION('',(-1.,-0.,-0.));
#3494 = PLANE('',#3495);
#3495 = AXIS2_PLACEMENT_3D('',#3496,#3497,#3498);
#3496 = CARTESIAN_POINT('',(-8.09254E+03,119.27999999999,6.58876E+03));
#3497 = DIRECTION('',(0.,-1.,0.));
#3498 = DIRECTION('',(0.,0.,-1.));
#3499 = ADVANCED_FACE('',(#3500),#3511,.F.);
#3500 = FACE_BOUND('',#3501,.F.);
#3501 = EDGE_LOOP('',(#3502,#3503,#3504,#3505));
#3502 = ORIENTED_EDGE('',*,*,#3115,.F.);
#3503 = ORIENTED_EDGE('',*,*,#3489,.T.);
#3504 = ORIENTED_EDGE('',*,*,#2843,.T.);
#3505 = ORIENTED_EDGE('',*,*,#3506,.F.);
#3506 = EDGE_CURVE('',#3108,#2836,#3507,.T.);
#3507 = LINE('',#3508,#3509);
#3508 = CARTESIAN_POINT('',(-8.09254E+03,2.86248E+03,5.06476E+03));
#3509 = VECTOR('',#3510,1.);
#3510 = DIRECTION('',(-1.,-0.,-0.));
#3511 = PLANE('',#3512);
#3512 = AXIS2_PLACEMENT_3D('',#3513,#3514,#3515);
#3513 = CARTESIAN_POINT('',(-8.09254E+03,119.27999999999,5.06476E+03));
#3514 = DIRECTION('',(0.,0.,-1.));
#3515 = DIRECTION('',(0.,1.,0.));
#3516 = ADVANCED_FACE('',(#3517),#3528,.F.);
#3517 = FACE_BOUND('',#3518,.F.);
#3518 = EDGE_LOOP('',(#3519,#3520,#3521,#3522));
#3519 = ORIENTED_EDGE('',*,*,#3107,.F.);
#3520 = ORIENTED_EDGE('',*,*,#3506,.T.);
#3521 = ORIENTED_EDGE('',*,*,#2835,.T.);
#3522 = ORIENTED_EDGE('',*,*,#3523,.F.);
#3523 = EDGE_CURVE('',#3100,#2828,#3524,.T.);
#3524 = LINE('',#3525,#3526);
#3525 = CARTESIAN_POINT('',(-8.09254E+03,2.86248E+03,6.58876E+03));
#3526 = VECTOR('',#3527,1.);
#3527 = DIRECTION('',(-1.,-0.,-0.));
#3528 = PLANE('',#3529);
#3529 = AXIS2_PLACEMENT_3D('',#3530,#3531,#3532);
#3530 = CARTESIAN_POINT('',(-8.09254E+03,2.86248E+03,5.06476E+03));
#3531 = DIRECTION('',(0.,1.,0.));
#3532 = DIRECTION('',(0.,-0.,1.));
#3533 = ADVANCED_FACE('',(#3534),#3540,.F.);
#3534 = FACE_BOUND('',#3535,.F.);
#3535 = EDGE_LOOP('',(#3536,#3537,#3538,#3539));
#3536 = ORIENTED_EDGE('',*,*,#3099,.F.);
#3537 = ORIENTED_EDGE('',*,*,#3523,.T.);
#3538 = ORIENTED_EDGE('',*,*,#2827,.T.);
#3539 = ORIENTED_EDGE('',*,*,#3482,.F.);
#3540 = PLANE('',#3541);
#3541 = AXIS2_PLACEMENT_3D('',#3542,#3543,#3544);
#3542 = CARTESIAN_POINT('',(-8.09254E+03,2.86248E+03,6.58876E+03));
#3543 = DIRECTION('',(0.,0.,1.));
#3544 = DIRECTION('',(0.,-1.,0.));
#3545 = ADVANCED_FACE('',(#3546),#3562,.F.);
#3546 = FACE_BOUND('',#3547,.F.);
#3547 = EDGE_LOOP('',(#3548,#3549,#3555,#3556));
#3548 = ORIENTED_EDGE('',*,*,#3123,.F.);
#3549 = ORIENTED_EDGE('',*,*,#3550,.T.);
#3550 = EDGE_CURVE('',#3124,#2852,#3551,.T.);
#3551 = LINE('',#3552,#3553);
#3552 = CARTESIAN_POINT('',(-8.09254E+03,-2.92872E+03,6.58876E+03));
#3553 = VECTOR('',#3554,1.);
#3554 = DIRECTION('',(-1.,-0.,-0.));
#3555 = ORIENTED_EDGE('',*,*,#2851,.T.);
#3556 = ORIENTED_EDGE('',*,*,#3557,.F.);
#3557 = EDGE_CURVE('',#3126,#2854,#3558,.T.);
#3558 = LINE('',#3559,#3560);
#3559 = CARTESIAN_POINT('',(-8.09254E+03,-2.92872E+03,5.06476E+03));
#3560 = VECTOR('',#3561,1.);
#3561 = DIRECTION('',(-1.,-0.,-0.));
#3562 = PLANE('',#3563);
#3563 = AXIS2_PLACEMENT_3D('',#3564,#3565,#3566);
#3564 = CARTESIAN_POINT('',(-8.09254E+03,-2.92872E+03,6.58876E+03));
#3565 = DIRECTION('',(0.,-1.,0.));
#3566 = DIRECTION('',(0.,0.,-1.));
#3567 = ADVANCED_FACE('',(#3568),#3579,.F.);
#3568 = FACE_BOUND('',#3569,.F.);
#3569 = EDGE_LOOP('',(#3570,#3571,#3572,#3573));
#3570 = ORIENTED_EDGE('',*,*,#3149,.F.);
#3571 = ORIENTED_EDGE('',*,*,#3557,.T.);
#3572 = ORIENTED_EDGE('',*,*,#2877,.T.);
#3573 = ORIENTED_EDGE('',*,*,#3574,.F.);
#3574 = EDGE_CURVE('',#3142,#2870,#3575,.T.);
#3575 = LINE('',#3576,#3577);
#3576 = CARTESIAN_POINT('',(-8.09254E+03,-185.52,5.06476E+03));
#3577 = VECTOR('',#3578,1.);
#3578 = DIRECTION('',(-1.,-0.,-0.));
#3579 = PLANE('',#3580);
#3580 = AXIS2_PLACEMENT_3D('',#3581,#3582,#3583);
#3581 = CARTESIAN_POINT('',(-8.09254E+03,-2.92872E+03,5.06476E+03));
#3582 = DIRECTION('',(0.,0.,-1.));
#3583 = DIRECTION('',(0.,1.,0.));
#3584 = ADVANCED_FACE('',(#3585),#3596,.F.);
#3585 = FACE_BOUND('',#3586,.F.);
#3586 = EDGE_LOOP('',(#3587,#3588,#3589,#3590));
#3587 = ORIENTED_EDGE('',*,*,#3141,.F.);
#3588 = ORIENTED_EDGE('',*,*,#3574,.T.);
#3589 = ORIENTED_EDGE('',*,*,#2869,.T.);
#3590 = ORIENTED_EDGE('',*,*,#3591,.F.);
#3591 = EDGE_CURVE('',#3134,#2862,#3592,.T.);
#3592 = LINE('',#3593,#3594);
#3593 = CARTESIAN_POINT('',(-8.09254E+03,-185.52,6.58876E+03));
#3594 = VECTOR('',#3595,1.);
#3595 = DIRECTION('',(-1.,-0.,-0.));
#3596 = PLANE('',#3597);
#3597 = AXIS2_PLACEMENT_3D('',#3598,#3599,#3600);
#3598 = CARTESIAN_POINT('',(-8.09254E+03,-185.52,5.06476E+03));
#3599 = DIRECTION('',(0.,1.,0.));
#3600 = DIRECTION('',(0.,-0.,1.));
#3601 = ADVANCED_FACE('',(#3602),#3608,.F.);
#3602 = FACE_BOUND('',#3603,.F.);
#3603 = EDGE_LOOP('',(#3604,#3605,#3606,#3607));
#3604 = ORIENTED_EDGE('',*,*,#3133,.F.);
#3605 = ORIENTED_EDGE('',*,*,#3591,.T.);
#3606 = ORIENTED_EDGE('',*,*,#2861,.T.);
#3607 = ORIENTED_EDGE('',*,*,#3550,.F.);
#3608 = PLANE('',#3609);
#3609 = AXIS2_PLACEMENT_3D('',#3610,#3611,#3612);
#3610 = CARTESIAN_POINT('',(-8.09254E+03,-185.52,6.58876E+03));
#3611 = DIRECTION('',(0.,0.,1.));
#3612 = DIRECTION('',(0.,-1.,0.));
#3613 = ADVANCED_FACE('',(#3614),#3630,.F.);
#3614 = FACE_BOUND('',#3615,.F.);
#3615 = EDGE_LOOP('',(#3616,#3617,#3623,#3624));
#3616 = ORIENTED_EDGE('',*,*,#3157,.F.);
#3617 = ORIENTED_EDGE('',*,*,#3618,.T.);
#3618 = EDGE_CURVE('',#3158,#2886,#3619,.T.);
#3619 = LINE('',#3620,#3621);
#3620 = CARTESIAN_POINT('',(-8.09254E+03,-5.97672E+03,6.58876E+03));
#3621 = VECTOR('',#3622,1.);
#3622 = DIRECTION('',(-1.,-0.,-0.));
#3623 = ORIENTED_EDGE('',*,*,#2885,.T.);
#3624 = ORIENTED_EDGE('',*,*,#3625,.F.);
#3625 = EDGE_CURVE('',#3160,#2888,#3626,.T.);
#3626 = LINE('',#3627,#3628);
#3627 = CARTESIAN_POINT('',(-8.09254E+03,-5.97672E+03,5.06476E+03));
#3628 = VECTOR('',#3629,1.);
#3629 = DIRECTION('',(-1.,-0.,-0.));
#3630 = PLANE('',#3631);
#3631 = AXIS2_PLACEMENT_3D('',#3632,#3633,#3634);
#3632 = CARTESIAN_POINT('',(-8.09254E+03,-5.97672E+03,6.58876E+03));
#3633 = DIRECTION('',(0.,-1.,0.));
#3634 = DIRECTION('',(0.,0.,-1.));
#3635 = ADVANCED_FACE('',(#3636),#3647,.F.);
#3636 = FACE_BOUND('',#3637,.F.);
#3637 = EDGE_LOOP('',(#3638,#3639,#3640,#3641));
#3638 = ORIENTED_EDGE('',*,*,#3183,.F.);
#3639 = ORIENTED_EDGE('',*,*,#3625,.T.);
#3640 = ORIENTED_EDGE('',*,*,#2911,.T.);
#3641 = ORIENTED_EDGE('',*,*,#3642,.F.);
#3642 = EDGE_CURVE('',#3176,#2904,#3643,.T.);
#3643 = LINE('',#3644,#3645);
#3644 = CARTESIAN_POINT('',(-8.09254E+03,-3.23352E+03,5.06476E+03));
#3645 = VECTOR('',#3646,1.);
#3646 = DIRECTION('',(-1.,-0.,-0.));
#3647 = PLANE('',#3648);
#3648 = AXIS2_PLACEMENT_3D('',#3649,#3650,#3651);
#3649 = CARTESIAN_POINT('',(-8.09254E+03,-5.97672E+03,5.06476E+03));
#3650 = DIRECTION('',(0.,0.,-1.));
#3651 = DIRECTION('',(0.,1.,0.));
#3652 = ADVANCED_FACE('',(#3653),#3664,.F.);
#3653 = FACE_BOUND('',#3654,.F.);
#3654 = EDGE_LOOP('',(#3655,#3656,#3657,#3658));
#3655 = ORIENTED_EDGE('',*,*,#3175,.F.);
#3656 = ORIENTED_EDGE('',*,*,#3642,.T.);
#3657 = ORIENTED_EDGE('',*,*,#2903,.T.);
#3658 = ORIENTED_EDGE('',*,*,#3659,.F.);
#3659 = EDGE_CURVE('',#3168,#2896,#3660,.T.);
#3660 = LINE('',#3661,#3662);
#3661 = CARTESIAN_POINT('',(-8.09254E+03,-3.23352E+03,6.58876E+03));
#3662 = VECTOR('',#3663,1.);
#3663 = DIRECTION('',(-1.,-0.,-0.));
#3664 = PLANE('',#3665);
#3665 = AXIS2_PLACEMENT_3D('',#3666,#3667,#3668);
#3666 = CARTESIAN_POINT('',(-8.09254E+03,-3.23352E+03,5.06476E+03));
#3667 = DIRECTION('',(0.,1.,0.));
#3668 = DIRECTION('',(0.,-0.,1.));
#3669 = ADVANCED_FACE('',(#3670),#3676,.F.);
#3670 = FACE_BOUND('',#3671,.F.);
#3671 = EDGE_LOOP('',(#3672,#3673,#3674,#3675));
#3672 = ORIENTED_EDGE('',*,*,#3167,.F.);
#3673 = ORIENTED_EDGE('',*,*,#3659,.T.);
#3674 = ORIENTED_EDGE('',*,*,#2895,.T.);
#3675 = ORIENTED_EDGE('',*,*,#3618,.F.);
#3676 = PLANE('',#3677);
#3677 = AXIS2_PLACEMENT_3D('',#3678,#3679,#3680);
#3678 = CARTESIAN_POINT('',(-8.09254E+03,-3.23352E+03,6.58876E+03));
#3679 = DIRECTION('',(0.,0.,1.));
#3680 = DIRECTION('',(0.,-1.,0.));
#3681 = ( GEOMETRIC_REPRESENTATION_CONTEXT(3) 
GLOBAL_UNCERTAINTY_ASSIGNED_CONTEXT((#3685)) 
GLOBAL_UNIT_ASSIGNED_CONTEXT((#3682,#3683,#3684)) REPRESENTATION_CONTEXT
('Context #1','3D Context with UNIT and UNCERTAINTY') );
#3682 = ( LENGTH_UNIT() NAMED_UNIT(*) SI_UNIT(.MILLI.,.METRE.) );
#3683 = ( NAMED_UNIT(*) PLANE_ANGLE_UNIT() SI_UNIT($,.RADIAN.) );
#3684 = ( NAMED_UNIT(*) SI_UNIT($,.STERADIAN.) SOLID_ANGLE_UNIT() );
#3685 = UNCERTAINTY_MEASURE_WITH_UNIT(LENGTH_MEASURE(2.E-02),#3682,
  'distance_accuracy_value','confusion accuracy');
#3686 = CONTEXT_DEPENDENT_SHAPE_REPRESENTATION(#3687,#3689);
#3687 = ( REPRESENTATION_RELATIONSHIP('','',#2318,#510) 
REPRESENTATION_RELATIONSHIP_WITH_TRANSFORMATION(#3688) 
SHAPE_REPRESENTATION_RELATIONSHIP() );
#3688 = ITEM_DEFINED_TRANSFORMATION('','',#11,#523);
#3689 = PRODUCT_DEFINITION_SHAPE('Placement','Placement of an item',
  #3690);
#3690 = NEXT_ASSEMBLY_USAGE_OCCURRENCE('6','SecondFloorWalls','',#505,
  #2313,$);
#3691 = PRODUCT_RELATED_PRODUCT_CATEGORY('part',$,(#2315));
#3692 = SHAPE_DEFINITION_REPRESENTATION(#3693,#3699);
#3693 = PRODUCT_DEFINITION_SHAPE('','',#3694);
#3694 = PRODUCT_DEFINITION('design','',#3695,#3698);
#3695 = PRODUCT_DEFINITION_FORMATION('','',#3696);
#3696 = PRODUCT('Glass','Glass','',(#3697));
#3697 = PRODUCT_CONTEXT('',#2,'mechanical');
#3698 = PRODUCT_DEFINITION_CONTEXT('part definition',#2,'design');
#3699 = SHAPE_REPRESENTATION('',(#11,#3700,#3704,#3708,#3712,#3716,#3720
    ),#3724);
#3700 = AXIS2_PLACEMENT_3D('',#3701,#3702,#3703);
#3701 = CARTESIAN_POINT('',(-8.21793E+03,-5.97584E+03,6.5879E+03));
#3702 = DIRECTION('',(1.,-0.,0.));
#3703 = DIRECTION('',(0.,0.,-1.));
#3704 = AXIS2_PLACEMENT_3D('',#3705,#3706,#3707);
#3705 = CARTESIAN_POINT('',(-8.21793E+03,-2.92784E+03,6.5879E+03));
#3706 = DIRECTION('',(1.,-0.,0.));
#3707 = DIRECTION('',(0.,0.,-1.));
#3708 = AXIS2_PLACEMENT_3D('',#3709,#3710,#3711);
#3709 = CARTESIAN_POINT('',(-8.21793E+03,120.15999999999,6.5879E+03));
#3710 = DIRECTION('',(1.,-0.,0.));
#3711 = DIRECTION('',(0.,0.,-1.));
#3712 = AXIS2_PLACEMENT_3D('',#3713,#3714,#3715);
#3713 = CARTESIAN_POINT('',(-8.21793E+03,3.16816E+03,6.5879E+03));
#3714 = DIRECTION('',(1.,-0.,0.));
#3715 = DIRECTION('',(0.,0.,-1.));
#3716 = AXIS2_PLACEMENT_3D('',#3717,#3718,#3719);
#3717 = CARTESIAN_POINT('',(-8.21793E+03,6.21616E+03,6.5879E+03));
#3718 = DIRECTION('',(1.,-0.,0.));
#3719 = DIRECTION('',(0.,0.,-1.));
#3720 = AXIS2_PLACEMENT_3D('',#3721,#3722,#3723);
#3721 = CARTESIAN_POINT('',(-8.21793E+03,9.26416E+03,6.5879E+03));
#3722 = DIRECTION('',(1.,-0.,0.));
#3723 = DIRECTION('',(0.,0.,-1.));
#3724 = ( GEOMETRIC_REPRESENTATION_CONTEXT(3) 
GLOBAL_UNCERTAINTY_ASSIGNED_CONTEXT((#3728)) 
GLOBAL_UNIT_ASSIGNED_CONTEXT((#3725,#3726,#3727)) REPRESENTATION_CONTEXT
('Context #1','3D Context with UNIT and UNCERTAINTY') );
#3725 = ( LENGTH_UNIT() NAMED_UNIT(*) SI_UNIT(.MILLI.,.METRE.) );
#3726 = ( NAMED_UNIT(*) PLANE_ANGLE_UNIT() SI_UNIT($,.RADIAN.) );
#3727 = ( NAMED_UNIT(*) SI_UNIT($,.STERADIAN.) SOLID_ANGLE_UNIT() );
#3728 = UNCERTAINTY_MEASURE_WITH_UNIT(LENGTH_MEASURE(1.E-07),#3725,
  'distance_accuracy_value','confusion accuracy');
#3729 = CONTEXT_DEPENDENT_SHAPE_REPRESENTATION(#3730,#3732);
#3730 = ( REPRESENTATION_RELATIONSHIP('','',#3699,#510) 
REPRESENTATION_RELATIONSHIP_WITH_TRANSFORMATION(#3731) 
SHAPE_REPRESENTATION_RELATIONSHIP() );
#3731 = ITEM_DEFINED_TRANSFORMATION('','',#11,#527);
#3732 = PRODUCT_DEFINITION_SHAPE('Placement','Placement of an item',
  #3733);
#3733 = NEXT_ASSEMBLY_USAGE_OCCURRENCE('13','Glass','',#505,#3694,$);
#3734 = PRODUCT_RELATED_PRODUCT_CATEGORY('part',$,(#3696));
#3735 = SHAPE_DEFINITION_REPRESENTATION(#3736,#3742);
#3736 = PRODUCT_DEFINITION_SHAPE('','',#3737);
#3737 = PRODUCT_DEFINITION('design','',#3738,#3741);
#3738 = PRODUCT_DEFINITION_FORMATION('','',#3739);
#3739 = PRODUCT('Glass001','Glass001','',(#3740));
#3740 = PRODUCT_CONTEXT('',#2,'mechanical');
#3741 = PRODUCT_DEFINITION_CONTEXT('part definition',#2,'design');
#3742 = ADVANCED_BREP_SHAPE_REPRESENTATION('',(#11,#3743),#3893);
#3743 = MANIFOLD_SOLID_BREP('',#3744);
#3744 = CLOSED_SHELL('',(#3745,#3785,#3825,#3847,#3869,#3881));
#3745 = ADVANCED_FACE('',(#3746),#3780,.F.);
#3746 = FACE_BOUND('',#3747,.F.);
#3747 = EDGE_LOOP('',(#3748,#3758,#3766,#3774));
#3748 = ORIENTED_EDGE('',*,*,#3749,.F.);
#3749 = EDGE_CURVE('',#3750,#3752,#3754,.T.);
#3750 = VERTEX_POINT('',#3751);
#3751 = CARTESIAN_POINT('',(0.,0.,0.));
#3752 = VERTEX_POINT('',#3753);
#3753 = CARTESIAN_POINT('',(0.,0.,7.));
#3754 = LINE('',#3755,#3756);
#3755 = CARTESIAN_POINT('',(0.,0.,0.));
#3756 = VECTOR('',#3757,1.);
#3757 = DIRECTION('',(0.,0.,1.));
#3758 = ORIENTED_EDGE('',*,*,#3759,.T.);
#3759 = EDGE_CURVE('',#3750,#3760,#3762,.T.);
#3760 = VERTEX_POINT('',#3761);
#3761 = CARTESIAN_POINT('',(0.,2.737104E+03,0.));
#3762 = LINE('',#3763,#3764);
#3763 = CARTESIAN_POINT('',(0.,0.,0.));
#3764 = VECTOR('',#3765,1.);
#3765 = DIRECTION('',(-0.,1.,0.));
#3766 = ORIENTED_EDGE('',*,*,#3767,.T.);
#3767 = EDGE_CURVE('',#3760,#3768,#3770,.T.);
#3768 = VERTEX_POINT('',#3769);
#3769 = CARTESIAN_POINT('',(0.,2.737104E+03,7.));
#3770 = LINE('',#3771,#3772);
#3771 = CARTESIAN_POINT('',(0.,2.737104E+03,0.));
#3772 = VECTOR('',#3773,1.);
#3773 = DIRECTION('',(0.,0.,1.));
#3774 = ORIENTED_EDGE('',*,*,#3775,.F.);
#3775 = EDGE_CURVE('',#3752,#3768,#3776,.T.);
#3776 = LINE('',#3777,#3778);
#3777 = CARTESIAN_POINT('',(0.,0.,7.));
#3778 = VECTOR('',#3779,1.);
#3779 = DIRECTION('',(-0.,1.,0.));
#3780 = PLANE('',#3781);
#3781 = AXIS2_PLACEMENT_3D('',#3782,#3783,#3784);
#3782 = CARTESIAN_POINT('',(0.,0.,0.));
#3783 = DIRECTION('',(1.,0.,-0.));
#3784 = DIRECTION('',(0.,0.,1.));
#3785 = ADVANCED_FACE('',(#3786),#3820,.T.);
#3786 = FACE_BOUND('',#3787,.T.);
#3787 = EDGE_LOOP('',(#3788,#3798,#3806,#3814));
#3788 = ORIENTED_EDGE('',*,*,#3789,.F.);
#3789 = EDGE_CURVE('',#3790,#3792,#3794,.T.);
#3790 = VERTEX_POINT('',#3791);
#3791 = CARTESIAN_POINT('',(1.517904E+03,0.,0.));
#3792 = VERTEX_POINT('',#3793);
#3793 = CARTESIAN_POINT('',(1.517904E+03,0.,7.));
#3794 = LINE('',#3795,#3796);
#3795 = CARTESIAN_POINT('',(1.517904E+03,0.,0.));
#3796 = VECTOR('',#3797,1.);
#3797 = DIRECTION('',(0.,0.,1.));
#3798 = ORIENTED_EDGE('',*,*,#3799,.T.);
#3799 = EDGE_CURVE('',#3790,#3800,#3802,.T.);
#3800 = VERTEX_POINT('',#3801);
#3801 = CARTESIAN_POINT('',(1.517904E+03,2.737104E+03,0.));
#3802 = LINE('',#3803,#3804);
#3803 = CARTESIAN_POINT('',(1.517904E+03,0.,0.));
#3804 = VECTOR('',#3805,1.);
#3805 = DIRECTION('',(-0.,1.,0.));
#3806 = ORIENTED_EDGE('',*,*,#3807,.T.);
#3807 = EDGE_CURVE('',#3800,#3808,#3810,.T.);
#3808 = VERTEX_POINT('',#3809);
#3809 = CARTESIAN_POINT('',(1.517904E+03,2.737104E+03,7.));
#3810 = LINE('',#3811,#3812);
#3811 = CARTESIAN_POINT('',(1.517904E+03,2.737104E+03,0.));
#3812 = VECTOR('',#3813,1.);
#3813 = DIRECTION('',(0.,0.,1.));
#3814 = ORIENTED_EDGE('',*,*,#3815,.F.);
#3815 = EDGE_CURVE('',#3792,#3808,#3816,.T.);
#3816 = LINE('',#3817,#3818);
#3817 = CARTESIAN_POINT('',(1.517904E+03,0.,7.));
#3818 = VECTOR('',#3819,1.);
#3819 = DIRECTION('',(-0.,1.,0.));
#3820 = PLANE('',#3821);
#3821 = AXIS2_PLACEMENT_3D('',#3822,#3823,#3824);
#3822 = CARTESIAN_POINT('',(1.517904E+03,0.,0.));
#3823 = DIRECTION('',(1.,0.,-0.));
#3824 = DIRECTION('',(0.,0.,1.));
#3825 = ADVANCED_FACE('',(#3826),#3842,.F.);
#3826 = FACE_BOUND('',#3827,.F.);
#3827 = EDGE_LOOP('',(#3828,#3834,#3835,#3841));
#3828 = ORIENTED_EDGE('',*,*,#3829,.F.);
#3829 = EDGE_CURVE('',#3750,#3790,#3830,.T.);
#3830 = LINE('',#3831,#3832);
#3831 = CARTESIAN_POINT('',(0.,0.,0.));
#3832 = VECTOR('',#3833,1.);
#3833 = DIRECTION('',(1.,0.,-0.));
#3834 = ORIENTED_EDGE('',*,*,#3749,.T.);
#3835 = ORIENTED_EDGE('',*,*,#3836,.T.);
#3836 = EDGE_CURVE('',#3752,#3792,#3837,.T.);
#3837 = LINE('',#3838,#3839);
#3838 = CARTESIAN_POINT('',(0.,0.,7.));
#3839 = VECTOR('',#3840,1.);
#3840 = DIRECTION('',(1.,0.,-0.));
#3841 = ORIENTED_EDGE('',*,*,#3789,.F.);
#3842 = PLANE('',#3843);
#3843 = AXIS2_PLACEMENT_3D('',#3844,#3845,#3846);
#3844 = CARTESIAN_POINT('',(0.,0.,0.));
#3845 = DIRECTION('',(-0.,1.,0.));
#3846 = DIRECTION('',(0.,0.,1.));
#3847 = ADVANCED_FACE('',(#3848),#3864,.T.);
#3848 = FACE_BOUND('',#3849,.T.);
#3849 = EDGE_LOOP('',(#3850,#3856,#3857,#3863));
#3850 = ORIENTED_EDGE('',*,*,#3851,.F.);
#3851 = EDGE_CURVE('',#3760,#3800,#3852,.T.);
#3852 = LINE('',#3853,#3854);
#3853 = CARTESIAN_POINT('',(0.,2.737104E+03,0.));
#3854 = VECTOR('',#3855,1.);
#3855 = DIRECTION('',(1.,0.,-0.));
#3856 = ORIENTED_EDGE('',*,*,#3767,.T.);
#3857 = ORIENTED_EDGE('',*,*,#3858,.T.);
#3858 = EDGE_CURVE('',#3768,#3808,#3859,.T.);
#3859 = LINE('',#3860,#3861);
#3860 = CARTESIAN_POINT('',(0.,2.737104E+03,7.));
#3861 = VECTOR('',#3862,1.);
#3862 = DIRECTION('',(1.,0.,-0.));
#3863 = ORIENTED_EDGE('',*,*,#3807,.F.);
#3864 = PLANE('',#3865);
#3865 = AXIS2_PLACEMENT_3D('',#3866,#3867,#3868);
#3866 = CARTESIAN_POINT('',(0.,2.737104E+03,0.));
#3867 = DIRECTION('',(-0.,1.,0.));
#3868 = DIRECTION('',(0.,0.,1.));
#3869 = ADVANCED_FACE('',(#3870),#3876,.F.);
#3870 = FACE_BOUND('',#3871,.F.);
#3871 = EDGE_LOOP('',(#3872,#3873,#3874,#3875));
#3872 = ORIENTED_EDGE('',*,*,#3759,.F.);
#3873 = ORIENTED_EDGE('',*,*,#3829,.T.);
#3874 = ORIENTED_EDGE('',*,*,#3799,.T.);
#3875 = ORIENTED_EDGE('',*,*,#3851,.F.);
#3876 = PLANE('',#3877);
#3877 = AXIS2_PLACEMENT_3D('',#3878,#3879,#3880);
#3878 = CARTESIAN_POINT('',(0.,0.,0.));
#3879 = DIRECTION('',(0.,0.,1.));
#3880 = DIRECTION('',(1.,0.,-0.));
#3881 = ADVANCED_FACE('',(#3882),#3888,.T.);
#3882 = FACE_BOUND('',#3883,.T.);
#3883 = EDGE_LOOP('',(#3884,#3885,#3886,#3887));
#3884 = ORIENTED_EDGE('',*,*,#3775,.F.);
#3885 = ORIENTED_EDGE('',*,*,#3836,.T.);
#3886 = ORIENTED_EDGE('',*,*,#3815,.T.);
#3887 = ORIENTED_EDGE('',*,*,#3858,.F.);
#3888 = PLANE('',#3889);
#3889 = AXIS2_PLACEMENT_3D('',#3890,#3891,#3892);
#3890 = CARTESIAN_POINT('',(0.,0.,7.));
#3891 = DIRECTION('',(0.,0.,1.));
#3892 = DIRECTION('',(1.,0.,-0.));
#3893 = ( GEOMETRIC_REPRESENTATION_CONTEXT(3) 
GLOBAL_UNCERTAINTY_ASSIGNED_CONTEXT((#3897)) 
GLOBAL_UNIT_ASSIGNED_CONTEXT((#3894,#3895,#3896)) REPRESENTATION_CONTEXT
('Context #1','3D Context with UNIT and UNCERTAINTY') );
#3894 = ( LENGTH_UNIT() NAMED_UNIT(*) SI_UNIT(.MILLI.,.METRE.) );
#3895 = ( NAMED_UNIT(*) PLANE_ANGLE_UNIT() SI_UNIT($,.RADIAN.) );
#3896 = ( NAMED_UNIT(*) SI_UNIT($,.STERADIAN.) SOLID_ANGLE_UNIT() );
#3897 = UNCERTAINTY_MEASURE_WITH_UNIT(LENGTH_MEASURE(1.E-07),#3894,
  'distance_accuracy_value','confusion accuracy');
#3898 = CONTEXT_DEPENDENT_SHAPE_REPRESENTATION(#3899,#3901);
#3899 = ( REPRESENTATION_RELATIONSHIP('','',#3742,#3699) 
REPRESENTATION_RELATIONSHIP_WITH_TRANSFORMATION(#3900) 
SHAPE_REPRESENTATION_RELATIONSHIP() );
#3900 = ITEM_DEFINED_TRANSFORMATION('','',#11,#3700);
#3901 = PRODUCT_DEFINITION_SHAPE('Placement','Placement of an item',
  #3902);
#3902 = NEXT_ASSEMBLY_USAGE_OCCURRENCE('7','Glass001','',#3694,#3737,$);
#3903 = PRODUCT_RELATED_PRODUCT_CATEGORY('part',$,(#3739));
#3904 = SHAPE_DEFINITION_REPRESENTATION(#3905,#3911);
#3905 = PRODUCT_DEFINITION_SHAPE('','',#3906);
#3906 = PRODUCT_DEFINITION('design','',#3907,#3910);
#3907 = PRODUCT_DEFINITION_FORMATION('','',#3908);
#3908 = PRODUCT('Glass002','Glass002','',(#3909));
#3909 = PRODUCT_CONTEXT('',#2,'mechanical');
#3910 = PRODUCT_DEFINITION_CONTEXT('part definition',#2,'design');
#3911 = ADVANCED_BREP_SHAPE_REPRESENTATION('',(#11,#3912),#4062);
#3912 = MANIFOLD_SOLID_BREP('',#3913);
#3913 = CLOSED_SHELL('',(#3914,#3954,#3994,#4016,#4038,#4050));
#3914 = ADVANCED_FACE('',(#3915),#3949,.F.);
#3915 = FACE_BOUND('',#3916,.F.);
#3916 = EDGE_LOOP('',(#3917,#3927,#3935,#3943));
#3917 = ORIENTED_EDGE('',*,*,#3918,.F.);
#3918 = EDGE_CURVE('',#3919,#3921,#3923,.T.);
#3919 = VERTEX_POINT('',#3920);
#3920 = CARTESIAN_POINT('',(0.,0.,0.));
#3921 = VERTEX_POINT('',#3922);
#3922 = CARTESIAN_POINT('',(0.,0.,7.));
#3923 = LINE('',#3924,#3925);
#3924 = CARTESIAN_POINT('',(0.,0.,0.));
#3925 = VECTOR('',#3926,1.);
#3926 = DIRECTION('',(0.,0.,1.));
#3927 = ORIENTED_EDGE('',*,*,#3928,.T.);
#3928 = EDGE_CURVE('',#3919,#3929,#3931,.T.);
#3929 = VERTEX_POINT('',#3930);
#3930 = CARTESIAN_POINT('',(0.,2.737104E+03,0.));
#3931 = LINE('',#3932,#3933);
#3932 = CARTESIAN_POINT('',(0.,0.,0.));
#3933 = VECTOR('',#3934,1.);
#3934 = DIRECTION('',(-0.,1.,0.));
#3935 = ORIENTED_EDGE('',*,*,#3936,.T.);
#3936 = EDGE_CURVE('',#3929,#3937,#3939,.T.);
#3937 = VERTEX_POINT('',#3938);
#3938 = CARTESIAN_POINT('',(0.,2.737104E+03,7.));
#3939 = LINE('',#3940,#3941);
#3940 = CARTESIAN_POINT('',(0.,2.737104E+03,0.));
#3941 = VECTOR('',#3942,1.);
#3942 = DIRECTION('',(0.,0.,1.));
#3943 = ORIENTED_EDGE('',*,*,#3944,.F.);
#3944 = EDGE_CURVE('',#3921,#3937,#3945,.T.);
#3945 = LINE('',#3946,#3947);
#3946 = CARTESIAN_POINT('',(0.,0.,7.));
#3947 = VECTOR('',#3948,1.);
#3948 = DIRECTION('',(-0.,1.,0.));
#3949 = PLANE('',#3950);
#3950 = AXIS2_PLACEMENT_3D('',#3951,#3952,#3953);
#3951 = CARTESIAN_POINT('',(0.,0.,0.));
#3952 = DIRECTION('',(1.,0.,-0.));
#3953 = DIRECTION('',(0.,0.,1.));
#3954 = ADVANCED_FACE('',(#3955),#3989,.T.);
#3955 = FACE_BOUND('',#3956,.T.);
#3956 = EDGE_LOOP('',(#3957,#3967,#3975,#3983));
#3957 = ORIENTED_EDGE('',*,*,#3958,.F.);
#3958 = EDGE_CURVE('',#3959,#3961,#3963,.T.);
#3959 = VERTEX_POINT('',#3960);
#3960 = CARTESIAN_POINT('',(1.517904E+03,0.,0.));
#3961 = VERTEX_POINT('',#3962);
#3962 = CARTESIAN_POINT('',(1.517904E+03,0.,7.));
#3963 = LINE('',#3964,#3965);
#3964 = CARTESIAN_POINT('',(1.517904E+03,0.,0.));
#3965 = VECTOR('',#3966,1.);
#3966 = DIRECTION('',(0.,0.,1.));
#3967 = ORIENTED_EDGE('',*,*,#3968,.T.);
#3968 = EDGE_CURVE('',#3959,#3969,#3971,.T.);
#3969 = VERTEX_POINT('',#3970);
#3970 = CARTESIAN_POINT('',(1.517904E+03,2.737104E+03,0.));
#3971 = LINE('',#3972,#3973);
#3972 = CARTESIAN_POINT('',(1.517904E+03,0.,0.));
#3973 = VECTOR('',#3974,1.);
#3974 = DIRECTION('',(-0.,1.,0.));
#3975 = ORIENTED_EDGE('',*,*,#3976,.T.);
#3976 = EDGE_CURVE('',#3969,#3977,#3979,.T.);
#3977 = VERTEX_POINT('',#3978);
#3978 = CARTESIAN_POINT('',(1.517904E+03,2.737104E+03,7.));
#3979 = LINE('',#3980,#3981);
#3980 = CARTESIAN_POINT('',(1.517904E+03,2.737104E+03,0.));
#3981 = VECTOR('',#3982,1.);
#3982 = DIRECTION('',(0.,0.,1.));
#3983 = ORIENTED_EDGE('',*,*,#3984,.F.);
#3984 = EDGE_CURVE('',#3961,#3977,#3985,.T.);
#3985 = LINE('',#3986,#3987);
#3986 = CARTESIAN_POINT('',(1.517904E+03,0.,7.));
#3987 = VECTOR('',#3988,1.);
#3988 = DIRECTION('',(-0.,1.,0.));
#3989 = PLANE('',#3990);
#3990 = AXIS2_PLACEMENT_3D('',#3991,#3992,#3993);
#3991 = CARTESIAN_POINT('',(1.517904E+03,0.,0.));
#3992 = DIRECTION('',(1.,0.,-0.));
#3993 = DIRECTION('',(0.,0.,1.));
#3994 = ADVANCED_FACE('',(#3995),#4011,.F.);
#3995 = FACE_BOUND('',#3996,.F.);
#3996 = EDGE_LOOP('',(#3997,#4003,#4004,#4010));
#3997 = ORIENTED_EDGE('',*,*,#3998,.F.);
#3998 = EDGE_CURVE('',#3919,#3959,#3999,.T.);
#3999 = LINE('',#4000,#4001);
#4000 = CARTESIAN_POINT('',(0.,0.,0.));
#4001 = VECTOR('',#4002,1.);
#4002 = DIRECTION('',(1.,0.,-0.));
#4003 = ORIENTED_EDGE('',*,*,#3918,.T.);
#4004 = ORIENTED_EDGE('',*,*,#4005,.T.);
#4005 = EDGE_CURVE('',#3921,#3961,#4006,.T.);
#4006 = LINE('',#4007,#4008);
#4007 = CARTESIAN_POINT('',(0.,0.,7.));
#4008 = VECTOR('',#4009,1.);
#4009 = DIRECTION('',(1.,0.,-0.));
#4010 = ORIENTED_EDGE('',*,*,#3958,.F.);
#4011 = PLANE('',#4012);
#4012 = AXIS2_PLACEMENT_3D('',#4013,#4014,#4015);
#4013 = CARTESIAN_POINT('',(0.,0.,0.));
#4014 = DIRECTION('',(-0.,1.,0.));
#4015 = DIRECTION('',(0.,0.,1.));
#4016 = ADVANCED_FACE('',(#4017),#4033,.T.);
#4017 = FACE_BOUND('',#4018,.T.);
#4018 = EDGE_LOOP('',(#4019,#4025,#4026,#4032));
#4019 = ORIENTED_EDGE('',*,*,#4020,.F.);
#4020 = EDGE_CURVE('',#3929,#3969,#4021,.T.);
#4021 = LINE('',#4022,#4023);
#4022 = CARTESIAN_POINT('',(0.,2.737104E+03,0.));
#4023 = VECTOR('',#4024,1.);
#4024 = DIRECTION('',(1.,0.,-0.));
#4025 = ORIENTED_EDGE('',*,*,#3936,.T.);
#4026 = ORIENTED_EDGE('',*,*,#4027,.T.);
#4027 = EDGE_CURVE('',#3937,#3977,#4028,.T.);
#4028 = LINE('',#4029,#4030);
#4029 = CARTESIAN_POINT('',(0.,2.737104E+03,7.));
#4030 = VECTOR('',#4031,1.);
#4031 = DIRECTION('',(1.,0.,-0.));
#4032 = ORIENTED_EDGE('',*,*,#3976,.F.);
#4033 = PLANE('',#4034);
#4034 = AXIS2_PLACEMENT_3D('',#4035,#4036,#4037);
#4035 = CARTESIAN_POINT('',(0.,2.737104E+03,0.));
#4036 = DIRECTION('',(-0.,1.,0.));
#4037 = DIRECTION('',(0.,0.,1.));
#4038 = ADVANCED_FACE('',(#4039),#4045,.F.);
#4039 = FACE_BOUND('',#4040,.F.);
#4040 = EDGE_LOOP('',(#4041,#4042,#4043,#4044));
#4041 = ORIENTED_EDGE('',*,*,#3928,.F.);
#4042 = ORIENTED_EDGE('',*,*,#3998,.T.);
#4043 = ORIENTED_EDGE('',*,*,#3968,.T.);
#4044 = ORIENTED_EDGE('',*,*,#4020,.F.);
#4045 = PLANE('',#4046);
#4046 = AXIS2_PLACEMENT_3D('',#4047,#4048,#4049);
#4047 = CARTESIAN_POINT('',(0.,0.,0.));
#4048 = DIRECTION('',(0.,0.,1.));
#4049 = DIRECTION('',(1.,0.,-0.));
#4050 = ADVANCED_FACE('',(#4051),#4057,.T.);
#4051 = FACE_BOUND('',#4052,.T.);
#4052 = EDGE_LOOP('',(#4053,#4054,#4055,#4056));
#4053 = ORIENTED_EDGE('',*,*,#3944,.F.);
#4054 = ORIENTED_EDGE('',*,*,#4005,.T.);
#4055 = ORIENTED_EDGE('',*,*,#3984,.T.);
#4056 = ORIENTED_EDGE('',*,*,#4027,.F.);
#4057 = PLANE('',#4058);
#4058 = AXIS2_PLACEMENT_3D('',#4059,#4060,#4061);
#4059 = CARTESIAN_POINT('',(0.,0.,7.));
#4060 = DIRECTION('',(0.,0.,1.));
#4061 = DIRECTION('',(1.,0.,-0.));
#4062 = ( GEOMETRIC_REPRESENTATION_CONTEXT(3) 
GLOBAL_UNCERTAINTY_ASSIGNED_CONTEXT((#4066)) 
GLOBAL_UNIT_ASSIGNED_CONTEXT((#4063,#4064,#4065)) REPRESENTATION_CONTEXT
('Context #1','3D Context with UNIT and UNCERTAINTY') );
#4063 = ( LENGTH_UNIT() NAMED_UNIT(*) SI_UNIT(.MILLI.,.METRE.) );
#4064 = ( NAMED_UNIT(*) PLANE_ANGLE_UNIT() SI_UNIT($,.RADIAN.) );
#4065 = ( NAMED_UNIT(*) SI_UNIT($,.STERADIAN.) SOLID_ANGLE_UNIT() );
#4066 = UNCERTAINTY_MEASURE_WITH_UNIT(LENGTH_MEASURE(1.E-07),#4063,
  'distance_accuracy_value','confusion accuracy');
#4067 = CONTEXT_DEPENDENT_SHAPE_REPRESENTATION(#4068,#4070);
#4068 = ( REPRESENTATION_RELATIONSHIP('','',#3911,#3699) 
REPRESENTATION_RELATIONSHIP_WITH_TRANSFORMATION(#4069) 
SHAPE_REPRESENTATION_RELATIONSHIP() );
#4069 = ITEM_DEFINED_TRANSFORMATION('','',#11,#3704);
#4070 = PRODUCT_DEFINITION_SHAPE('Placement','Placement of an item',
  #4071);
#4071 = NEXT_ASSEMBLY_USAGE_OCCURRENCE('8','Glass002','',#3694,#3906,$);
#4072 = PRODUCT_RELATED_PRODUCT_CATEGORY('part',$,(#3908));
#4073 = SHAPE_DEFINITION_REPRESENTATION(#4074,#4080);
#4074 = PRODUCT_DEFINITION_SHAPE('','',#4075);
#4075 = PRODUCT_DEFINITION('design','',#4076,#4079);
#4076 = PRODUCT_DEFINITION_FORMATION('','',#4077);
#4077 = PRODUCT('Glass003','Glass003','',(#4078));
#4078 = PRODUCT_CONTEXT('',#2,'mechanical');
#4079 = PRODUCT_DEFINITION_CONTEXT('part definition',#2,'design');
#4080 = ADVANCED_BREP_SHAPE_REPRESENTATION('',(#11,#4081),#4231);
#4081 = MANIFOLD_SOLID_BREP('',#4082);
#4082 = CLOSED_SHELL('',(#4083,#4123,#4163,#4185,#4207,#4219));
#4083 = ADVANCED_FACE('',(#4084),#4118,.F.);
#4084 = FACE_BOUND('',#4085,.F.);
#4085 = EDGE_LOOP('',(#4086,#4096,#4104,#4112));
#4086 = ORIENTED_EDGE('',*,*,#4087,.F.);
#4087 = EDGE_CURVE('',#4088,#4090,#4092,.T.);
#4088 = VERTEX_POINT('',#4089);
#4089 = CARTESIAN_POINT('',(0.,0.,0.));
#4090 = VERTEX_POINT('',#4091);
#4091 = CARTESIAN_POINT('',(0.,0.,7.));
#4092 = LINE('',#4093,#4094);
#4093 = CARTESIAN_POINT('',(0.,0.,0.));
#4094 = VECTOR('',#4095,1.);
#4095 = DIRECTION('',(0.,0.,1.));
#4096 = ORIENTED_EDGE('',*,*,#4097,.T.);
#4097 = EDGE_CURVE('',#4088,#4098,#4100,.T.);
#4098 = VERTEX_POINT('',#4099);
#4099 = CARTESIAN_POINT('',(0.,2.737104E+03,0.));
#4100 = LINE('',#4101,#4102);
#4101 = CARTESIAN_POINT('',(0.,0.,0.));
#4102 = VECTOR('',#4103,1.);
#4103 = DIRECTION('',(-0.,1.,0.));
#4104 = ORIENTED_EDGE('',*,*,#4105,.T.);
#4105 = EDGE_CURVE('',#4098,#4106,#4108,.T.);
#4106 = VERTEX_POINT('',#4107);
#4107 = CARTESIAN_POINT('',(0.,2.737104E+03,7.));
#4108 = LINE('',#4109,#4110);
#4109 = CARTESIAN_POINT('',(0.,2.737104E+03,0.));
#4110 = VECTOR('',#4111,1.);
#4111 = DIRECTION('',(0.,0.,1.));
#4112 = ORIENTED_EDGE('',*,*,#4113,.F.);
#4113 = EDGE_CURVE('',#4090,#4106,#4114,.T.);
#4114 = LINE('',#4115,#4116);
#4115 = CARTESIAN_POINT('',(0.,0.,7.));
#4116 = VECTOR('',#4117,1.);
#4117 = DIRECTION('',(-0.,1.,0.));
#4118 = PLANE('',#4119);
#4119 = AXIS2_PLACEMENT_3D('',#4120,#4121,#4122);
#4120 = CARTESIAN_POINT('',(0.,0.,0.));
#4121 = DIRECTION('',(1.,0.,-0.));
#4122 = DIRECTION('',(0.,0.,1.));
#4123 = ADVANCED_FACE('',(#4124),#4158,.T.);
#4124 = FACE_BOUND('',#4125,.T.);
#4125 = EDGE_LOOP('',(#4126,#4136,#4144,#4152));
#4126 = ORIENTED_EDGE('',*,*,#4127,.F.);
#4127 = EDGE_CURVE('',#4128,#4130,#4132,.T.);
#4128 = VERTEX_POINT('',#4129);
#4129 = CARTESIAN_POINT('',(1.517904E+03,0.,0.));
#4130 = VERTEX_POINT('',#4131);
#4131 = CARTESIAN_POINT('',(1.517904E+03,0.,7.));
#4132 = LINE('',#4133,#4134);
#4133 = CARTESIAN_POINT('',(1.517904E+03,0.,0.));
#4134 = VECTOR('',#4135,1.);
#4135 = DIRECTION('',(0.,0.,1.));
#4136 = ORIENTED_EDGE('',*,*,#4137,.T.);
#4137 = EDGE_CURVE('',#4128,#4138,#4140,.T.);
#4138 = VERTEX_POINT('',#4139);
#4139 = CARTESIAN_POINT('',(1.517904E+03,2.737104E+03,0.));
#4140 = LINE('',#4141,#4142);
#4141 = CARTESIAN_POINT('',(1.517904E+03,0.,0.));
#4142 = VECTOR('',#4143,1.);
#4143 = DIRECTION('',(-0.,1.,0.));
#4144 = ORIENTED_EDGE('',*,*,#4145,.T.);
#4145 = EDGE_CURVE('',#4138,#4146,#4148,.T.);
#4146 = VERTEX_POINT('',#4147);
#4147 = CARTESIAN_POINT('',(1.517904E+03,2.737104E+03,7.));
#4148 = LINE('',#4149,#4150);
#4149 = CARTESIAN_POINT('',(1.517904E+03,2.737104E+03,0.));
#4150 = VECTOR('',#4151,1.);
#4151 = DIRECTION('',(0.,0.,1.));
#4152 = ORIENTED_EDGE('',*,*,#4153,.F.);
#4153 = EDGE_CURVE('',#4130,#4146,#4154,.T.);
#4154 = LINE('',#4155,#4156);
#4155 = CARTESIAN_POINT('',(1.517904E+03,0.,7.));
#4156 = VECTOR('',#4157,1.);
#4157 = DIRECTION('',(-0.,1.,0.));
#4158 = PLANE('',#4159);
#4159 = AXIS2_PLACEMENT_3D('',#4160,#4161,#4162);
#4160 = CARTESIAN_POINT('',(1.517904E+03,0.,0.));
#4161 = DIRECTION('',(1.,0.,-0.));
#4162 = DIRECTION('',(0.,0.,1.));
#4163 = ADVANCED_FACE('',(#4164),#4180,.F.);
#4164 = FACE_BOUND('',#4165,.F.);
#4165 = EDGE_LOOP('',(#4166,#4172,#4173,#4179));
#4166 = ORIENTED_EDGE('',*,*,#4167,.F.);
#4167 = EDGE_CURVE('',#4088,#4128,#4168,.T.);
#4168 = LINE('',#4169,#4170);
#4169 = CARTESIAN_POINT('',(0.,0.,0.));
#4170 = VECTOR('',#4171,1.);
#4171 = DIRECTION('',(1.,0.,-0.));
#4172 = ORIENTED_EDGE('',*,*,#4087,.T.);
#4173 = ORIENTED_EDGE('',*,*,#4174,.T.);
#4174 = EDGE_CURVE('',#4090,#4130,#4175,.T.);
#4175 = LINE('',#4176,#4177);
#4176 = CARTESIAN_POINT('',(0.,0.,7.));
#4177 = VECTOR('',#4178,1.);
#4178 = DIRECTION('',(1.,0.,-0.));
#4179 = ORIENTED_EDGE('',*,*,#4127,.F.);
#4180 = PLANE('',#4181);
#4181 = AXIS2_PLACEMENT_3D('',#4182,#4183,#4184);
#4182 = CARTESIAN_POINT('',(0.,0.,0.));
#4183 = DIRECTION('',(-0.,1.,0.));
#4184 = DIRECTION('',(0.,0.,1.));
#4185 = ADVANCED_FACE('',(#4186),#4202,.T.);
#4186 = FACE_BOUND('',#4187,.T.);
#4187 = EDGE_LOOP('',(#4188,#4194,#4195,#4201));
#4188 = ORIENTED_EDGE('',*,*,#4189,.F.);
#4189 = EDGE_CURVE('',#4098,#4138,#4190,.T.);
#4190 = LINE('',#4191,#4192);
#4191 = CARTESIAN_POINT('',(0.,2.737104E+03,0.));
#4192 = VECTOR('',#4193,1.);
#4193 = DIRECTION('',(1.,0.,-0.));
#4194 = ORIENTED_EDGE('',*,*,#4105,.T.);
#4195 = ORIENTED_EDGE('',*,*,#4196,.T.);
#4196 = EDGE_CURVE('',#4106,#4146,#4197,.T.);
#4197 = LINE('',#4198,#4199);
#4198 = CARTESIAN_POINT('',(0.,2.737104E+03,7.));
#4199 = VECTOR('',#4200,1.);
#4200 = DIRECTION('',(1.,0.,-0.));
#4201 = ORIENTED_EDGE('',*,*,#4145,.F.);
#4202 = PLANE('',#4203);
#4203 = AXIS2_PLACEMENT_3D('',#4204,#4205,#4206);
#4204 = CARTESIAN_POINT('',(0.,2.737104E+03,0.));
#4205 = DIRECTION('',(-0.,1.,0.));
#4206 = DIRECTION('',(0.,0.,1.));
#4207 = ADVANCED_FACE('',(#4208),#4214,.F.);
#4208 = FACE_BOUND('',#4209,.F.);
#4209 = EDGE_LOOP('',(#4210,#4211,#4212,#4213));
#4210 = ORIENTED_EDGE('',*,*,#4097,.F.);
#4211 = ORIENTED_EDGE('',*,*,#4167,.T.);
#4212 = ORIENTED_EDGE('',*,*,#4137,.T.);
#4213 = ORIENTED_EDGE('',*,*,#4189,.F.);
#4214 = PLANE('',#4215);
#4215 = AXIS2_PLACEMENT_3D('',#4216,#4217,#4218);
#4216 = CARTESIAN_POINT('',(0.,0.,0.));
#4217 = DIRECTION('',(0.,0.,1.));
#4218 = DIRECTION('',(1.,0.,-0.));
#4219 = ADVANCED_FACE('',(#4220),#4226,.T.);
#4220 = FACE_BOUND('',#4221,.T.);
#4221 = EDGE_LOOP('',(#4222,#4223,#4224,#4225));
#4222 = ORIENTED_EDGE('',*,*,#4113,.F.);
#4223 = ORIENTED_EDGE('',*,*,#4174,.T.);
#4224 = ORIENTED_EDGE('',*,*,#4153,.T.);
#4225 = ORIENTED_EDGE('',*,*,#4196,.F.);
#4226 = PLANE('',#4227);
#4227 = AXIS2_PLACEMENT_3D('',#4228,#4229,#4230);
#4228 = CARTESIAN_POINT('',(0.,0.,7.));
#4229 = DIRECTION('',(0.,0.,1.));
#4230 = DIRECTION('',(1.,0.,-0.));
#4231 = ( GEOMETRIC_REPRESENTATION_CONTEXT(3) 
GLOBAL_UNCERTAINTY_ASSIGNED_CONTEXT((#4235)) 
GLOBAL_UNIT_ASSIGNED_CONTEXT((#4232,#4233,#4234)) REPRESENTATION_CONTEXT
('Context #1','3D Context with UNIT and UNCERTAINTY') );
#4232 = ( LENGTH_UNIT() NAMED_UNIT(*) SI_UNIT(.MILLI.,.METRE.) );
#4233 = ( NAMED_UNIT(*) PLANE_ANGLE_UNIT() SI_UNIT($,.RADIAN.) );
#4234 = ( NAMED_UNIT(*) SI_UNIT($,.STERADIAN.) SOLID_ANGLE_UNIT() );
#4235 = UNCERTAINTY_MEASURE_WITH_UNIT(LENGTH_MEASURE(1.E-07),#4232,
  'distance_accuracy_value','confusion accuracy');
#4236 = CONTEXT_DEPENDENT_SHAPE_REPRESENTATION(#4237,#4239);
#4237 = ( REPRESENTATION_RELATIONSHIP('','',#4080,#3699) 
REPRESENTATION_RELATIONSHIP_WITH_TRANSFORMATION(#4238) 
SHAPE_REPRESENTATION_RELATIONSHIP() );
#4238 = ITEM_DEFINED_TRANSFORMATION('','',#11,#3708);
#4239 = PRODUCT_DEFINITION_SHAPE('Placement','Placement of an item',
  #4240);
#4240 = NEXT_ASSEMBLY_USAGE_OCCURRENCE('9','Glass003','',#3694,#4075,$);
#4241 = PRODUCT_RELATED_PRODUCT_CATEGORY('part',$,(#4077));
#4242 = SHAPE_DEFINITION_REPRESENTATION(#4243,#4249);
#4243 = PRODUCT_DEFINITION_SHAPE('','',#4244);
#4244 = PRODUCT_DEFINITION('design','',#4245,#4248);
#4245 = PRODUCT_DEFINITION_FORMATION('','',#4246);
#4246 = PRODUCT('Glass004','Glass004','',(#4247));
#4247 = PRODUCT_CONTEXT('',#2,'mechanical');
#4248 = PRODUCT_DEFINITION_CONTEXT('part definition',#2,'design');
#4249 = ADVANCED_BREP_SHAPE_REPRESENTATION('',(#11,#4250),#4400);
#4250 = MANIFOLD_SOLID_BREP('',#4251);
#4251 = CLOSED_SHELL('',(#4252,#4292,#4332,#4354,#4376,#4388));
#4252 = ADVANCED_FACE('',(#4253),#4287,.F.);
#4253 = FACE_BOUND('',#4254,.F.);
#4254 = EDGE_LOOP('',(#4255,#4265,#4273,#4281));
#4255 = ORIENTED_EDGE('',*,*,#4256,.F.);
#4256 = EDGE_CURVE('',#4257,#4259,#4261,.T.);
#4257 = VERTEX_POINT('',#4258);
#4258 = CARTESIAN_POINT('',(0.,0.,0.));
#4259 = VERTEX_POINT('',#4260);
#4260 = CARTESIAN_POINT('',(0.,0.,7.));
#4261 = LINE('',#4262,#4263);
#4262 = CARTESIAN_POINT('',(0.,0.,0.));
#4263 = VECTOR('',#4264,1.);
#4264 = DIRECTION('',(0.,0.,1.));
#4265 = ORIENTED_EDGE('',*,*,#4266,.T.);
#4266 = EDGE_CURVE('',#4257,#4267,#4269,.T.);
#4267 = VERTEX_POINT('',#4268);
#4268 = CARTESIAN_POINT('',(0.,2.737104E+03,0.));
#4269 = LINE('',#4270,#4271);
#4270 = CARTESIAN_POINT('',(0.,0.,0.));
#4271 = VECTOR('',#4272,1.);
#4272 = DIRECTION('',(-0.,1.,0.));
#4273 = ORIENTED_EDGE('',*,*,#4274,.T.);
#4274 = EDGE_CURVE('',#4267,#4275,#4277,.T.);
#4275 = VERTEX_POINT('',#4276);
#4276 = CARTESIAN_POINT('',(0.,2.737104E+03,7.));
#4277 = LINE('',#4278,#4279);
#4278 = CARTESIAN_POINT('',(0.,2.737104E+03,0.));
#4279 = VECTOR('',#4280,1.);
#4280 = DIRECTION('',(0.,0.,1.));
#4281 = ORIENTED_EDGE('',*,*,#4282,.F.);
#4282 = EDGE_CURVE('',#4259,#4275,#4283,.T.);
#4283 = LINE('',#4284,#4285);
#4284 = CARTESIAN_POINT('',(0.,0.,7.));
#4285 = VECTOR('',#4286,1.);
#4286 = DIRECTION('',(-0.,1.,0.));
#4287 = PLANE('',#4288);
#4288 = AXIS2_PLACEMENT_3D('',#4289,#4290,#4291);
#4289 = CARTESIAN_POINT('',(0.,0.,0.));
#4290 = DIRECTION('',(1.,0.,-0.));
#4291 = DIRECTION('',(0.,0.,1.));
#4292 = ADVANCED_FACE('',(#4293),#4327,.T.);
#4293 = FACE_BOUND('',#4294,.T.);
#4294 = EDGE_LOOP('',(#4295,#4305,#4313,#4321));
#4295 = ORIENTED_EDGE('',*,*,#4296,.F.);
#4296 = EDGE_CURVE('',#4297,#4299,#4301,.T.);
#4297 = VERTEX_POINT('',#4298);
#4298 = CARTESIAN_POINT('',(1.517904E+03,0.,0.));
#4299 = VERTEX_POINT('',#4300);
#4300 = CARTESIAN_POINT('',(1.517904E+03,0.,7.));
#4301 = LINE('',#4302,#4303);
#4302 = CARTESIAN_POINT('',(1.517904E+03,0.,0.));
#4303 = VECTOR('',#4304,1.);
#4304 = DIRECTION('',(0.,0.,1.));
#4305 = ORIENTED_EDGE('',*,*,#4306,.T.);
#4306 = EDGE_CURVE('',#4297,#4307,#4309,.T.);
#4307 = VERTEX_POINT('',#4308);
#4308 = CARTESIAN_POINT('',(1.517904E+03,2.737104E+03,0.));
#4309 = LINE('',#4310,#4311);
#4310 = CARTESIAN_POINT('',(1.517904E+03,0.,0.));
#4311 = VECTOR('',#4312,1.);
#4312 = DIRECTION('',(-0.,1.,0.));
#4313 = ORIENTED_EDGE('',*,*,#4314,.T.);
#4314 = EDGE_CURVE('',#4307,#4315,#4317,.T.);
#4315 = VERTEX_POINT('',#4316);
#4316 = CARTESIAN_POINT('',(1.517904E+03,2.737104E+03,7.));
#4317 = LINE('',#4318,#4319);
#4318 = CARTESIAN_POINT('',(1.517904E+03,2.737104E+03,0.));
#4319 = VECTOR('',#4320,1.);
#4320 = DIRECTION('',(0.,0.,1.));
#4321 = ORIENTED_EDGE('',*,*,#4322,.F.);
#4322 = EDGE_CURVE('',#4299,#4315,#4323,.T.);
#4323 = LINE('',#4324,#4325);
#4324 = CARTESIAN_POINT('',(1.517904E+03,0.,7.));
#4325 = VECTOR('',#4326,1.);
#4326 = DIRECTION('',(-0.,1.,0.));
#4327 = PLANE('',#4328);
#4328 = AXIS2_PLACEMENT_3D('',#4329,#4330,#4331);
#4329 = CARTESIAN_POINT('',(1.517904E+03,0.,0.));
#4330 = DIRECTION('',(1.,0.,-0.));
#4331 = DIRECTION('',(0.,0.,1.));
#4332 = ADVANCED_FACE('',(#4333),#4349,.F.);
#4333 = FACE_BOUND('',#4334,.F.);
#4334 = EDGE_LOOP('',(#4335,#4341,#4342,#4348));
#4335 = ORIENTED_EDGE('',*,*,#4336,.F.);
#4336 = EDGE_CURVE('',#4257,#4297,#4337,.T.);
#4337 = LINE('',#4338,#4339);
#4338 = CARTESIAN_POINT('',(0.,0.,0.));
#4339 = VECTOR('',#4340,1.);
#4340 = DIRECTION('',(1.,0.,-0.));
#4341 = ORIENTED_EDGE('',*,*,#4256,.T.);
#4342 = ORIENTED_EDGE('',*,*,#4343,.T.);
#4343 = EDGE_CURVE('',#4259,#4299,#4344,.T.);
#4344 = LINE('',#4345,#4346);
#4345 = CARTESIAN_POINT('',(0.,0.,7.));
#4346 = VECTOR('',#4347,1.);
#4347 = DIRECTION('',(1.,0.,-0.));
#4348 = ORIENTED_EDGE('',*,*,#4296,.F.);
#4349 = PLANE('',#4350);
#4350 = AXIS2_PLACEMENT_3D('',#4351,#4352,#4353);
#4351 = CARTESIAN_POINT('',(0.,0.,0.));
#4352 = DIRECTION('',(-0.,1.,0.));
#4353 = DIRECTION('',(0.,0.,1.));
#4354 = ADVANCED_FACE('',(#4355),#4371,.T.);
#4355 = FACE_BOUND('',#4356,.T.);
#4356 = EDGE_LOOP('',(#4357,#4363,#4364,#4370));
#4357 = ORIENTED_EDGE('',*,*,#4358,.F.);
#4358 = EDGE_CURVE('',#4267,#4307,#4359,.T.);
#4359 = LINE('',#4360,#4361);
#4360 = CARTESIAN_POINT('',(0.,2.737104E+03,0.));
#4361 = VECTOR('',#4362,1.);
#4362 = DIRECTION('',(1.,0.,-0.));
#4363 = ORIENTED_EDGE('',*,*,#4274,.T.);
#4364 = ORIENTED_EDGE('',*,*,#4365,.T.);
#4365 = EDGE_CURVE('',#4275,#4315,#4366,.T.);
#4366 = LINE('',#4367,#4368);
#4367 = CARTESIAN_POINT('',(0.,2.737104E+03,7.));
#4368 = VECTOR('',#4369,1.);
#4369 = DIRECTION('',(1.,0.,-0.));
#4370 = ORIENTED_EDGE('',*,*,#4314,.F.);
#4371 = PLANE('',#4372);
#4372 = AXIS2_PLACEMENT_3D('',#4373,#4374,#4375);
#4373 = CARTESIAN_POINT('',(0.,2.737104E+03,0.));
#4374 = DIRECTION('',(-0.,1.,0.));
#4375 = DIRECTION('',(0.,0.,1.));
#4376 = ADVANCED_FACE('',(#4377),#4383,.F.);
#4377 = FACE_BOUND('',#4378,.F.);
#4378 = EDGE_LOOP('',(#4379,#4380,#4381,#4382));
#4379 = ORIENTED_EDGE('',*,*,#4266,.F.);
#4380 = ORIENTED_EDGE('',*,*,#4336,.T.);
#4381 = ORIENTED_EDGE('',*,*,#4306,.T.);
#4382 = ORIENTED_EDGE('',*,*,#4358,.F.);
#4383 = PLANE('',#4384);
#4384 = AXIS2_PLACEMENT_3D('',#4385,#4386,#4387);
#4385 = CARTESIAN_POINT('',(0.,0.,0.));
#4386 = DIRECTION('',(0.,0.,1.));
#4387 = DIRECTION('',(1.,0.,-0.));
#4388 = ADVANCED_FACE('',(#4389),#4395,.T.);
#4389 = FACE_BOUND('',#4390,.T.);
#4390 = EDGE_LOOP('',(#4391,#4392,#4393,#4394));
#4391 = ORIENTED_EDGE('',*,*,#4282,.F.);
#4392 = ORIENTED_EDGE('',*,*,#4343,.T.);
#4393 = ORIENTED_EDGE('',*,*,#4322,.T.);
#4394 = ORIENTED_EDGE('',*,*,#4365,.F.);
#4395 = PLANE('',#4396);
#4396 = AXIS2_PLACEMENT_3D('',#4397,#4398,#4399);
#4397 = CARTESIAN_POINT('',(0.,0.,7.));
#4398 = DIRECTION('',(0.,0.,1.));
#4399 = DIRECTION('',(1.,0.,-0.));
#4400 = ( GEOMETRIC_REPRESENTATION_CONTEXT(3) 
GLOBAL_UNCERTAINTY_ASSIGNED_CONTEXT((#4404)) 
GLOBAL_UNIT_ASSIGNED_CONTEXT((#4401,#4402,#4403)) REPRESENTATION_CONTEXT
('Context #1','3D Context with UNIT and UNCERTAINTY') );
#4401 = ( LENGTH_UNIT() NAMED_UNIT(*) SI_UNIT(.MILLI.,.METRE.) );
#4402 = ( NAMED_UNIT(*) PLANE_ANGLE_UNIT() SI_UNIT($,.RADIAN.) );
#4403 = ( NAMED_UNIT(*) SI_UNIT($,.STERADIAN.) SOLID_ANGLE_UNIT() );
#4404 = UNCERTAINTY_MEASURE_WITH_UNIT(LENGTH_MEASURE(1.E-07),#4401,
  'distance_accuracy_value','confusion accuracy');
#4405 = CONTEXT_DEPENDENT_SHAPE_REPRESENTATION(#4406,#4408);
#4406 = ( REPRESENTATION_RELATIONSHIP('','',#4249,#3699) 
REPRESENTATION_RELATIONSHIP_WITH_TRANSFORMATION(#4407) 
SHAPE_REPRESENTATION_RELATIONSHIP() );
#4407 = ITEM_DEFINED_TRANSFORMATION('','',#11,#3712);
#4408 = PRODUCT_DEFINITION_SHAPE('Placement','Placement of an item',
  #4409);
#4409 = NEXT_ASSEMBLY_USAGE_OCCURRENCE('10','Glass004','',#3694,#4244,$
  );
#4410 = PRODUCT_RELATED_PRODUCT_CATEGORY('part',$,(#4246));
#4411 = SHAPE_DEFINITION_REPRESENTATION(#4412,#4418);
#4412 = PRODUCT_DEFINITION_SHAPE('','',#4413);
#4413 = PRODUCT_DEFINITION('design','',#4414,#4417);
#4414 = PRODUCT_DEFINITION_FORMATION('','',#4415);
#4415 = PRODUCT('Glass005','Glass005','',(#4416));
#4416 = PRODUCT_CONTEXT('',#2,'mechanical');
#4417 = PRODUCT_DEFINITION_CONTEXT('part definition',#2,'design');
#4418 = ADVANCED_BREP_SHAPE_REPRESENTATION('',(#11,#4419),#4569);
#4419 = MANIFOLD_SOLID_BREP('',#4420);
#4420 = CLOSED_SHELL('',(#4421,#4461,#4501,#4523,#4545,#4557));
#4421 = ADVANCED_FACE('',(#4422),#4456,.F.);
#4422 = FACE_BOUND('',#4423,.F.);
#4423 = EDGE_LOOP('',(#4424,#4434,#4442,#4450));
#4424 = ORIENTED_EDGE('',*,*,#4425,.F.);
#4425 = EDGE_CURVE('',#4426,#4428,#4430,.T.);
#4426 = VERTEX_POINT('',#4427);
#4427 = CARTESIAN_POINT('',(0.,0.,0.));
#4428 = VERTEX_POINT('',#4429);
#4429 = CARTESIAN_POINT('',(0.,0.,7.));
#4430 = LINE('',#4431,#4432);
#4431 = CARTESIAN_POINT('',(0.,0.,0.));
#4432 = VECTOR('',#4433,1.);
#4433 = DIRECTION('',(0.,0.,1.));
#4434 = ORIENTED_EDGE('',*,*,#4435,.T.);
#4435 = EDGE_CURVE('',#4426,#4436,#4438,.T.);
#4436 = VERTEX_POINT('',#4437);
#4437 = CARTESIAN_POINT('',(0.,2.737104E+03,0.));
#4438 = LINE('',#4439,#4440);
#4439 = CARTESIAN_POINT('',(0.,0.,0.));
#4440 = VECTOR('',#4441,1.);
#4441 = DIRECTION('',(-0.,1.,0.));
#4442 = ORIENTED_EDGE('',*,*,#4443,.T.);
#4443 = EDGE_CURVE('',#4436,#4444,#4446,.T.);
#4444 = VERTEX_POINT('',#4445);
#4445 = CARTESIAN_POINT('',(0.,2.737104E+03,7.));
#4446 = LINE('',#4447,#4448);
#4447 = CARTESIAN_POINT('',(0.,2.737104E+03,0.));
#4448 = VECTOR('',#4449,1.);
#4449 = DIRECTION('',(0.,0.,1.));
#4450 = ORIENTED_EDGE('',*,*,#4451,.F.);
#4451 = EDGE_CURVE('',#4428,#4444,#4452,.T.);
#4452 = LINE('',#4453,#4454);
#4453 = CARTESIAN_POINT('',(0.,0.,7.));
#4454 = VECTOR('',#4455,1.);
#4455 = DIRECTION('',(-0.,1.,0.));
#4456 = PLANE('',#4457);
#4457 = AXIS2_PLACEMENT_3D('',#4458,#4459,#4460);
#4458 = CARTESIAN_POINT('',(0.,0.,0.));
#4459 = DIRECTION('',(1.,0.,-0.));
#4460 = DIRECTION('',(0.,0.,1.));
#4461 = ADVANCED_FACE('',(#4462),#4496,.T.);
#4462 = FACE_BOUND('',#4463,.T.);
#4463 = EDGE_LOOP('',(#4464,#4474,#4482,#4490));
#4464 = ORIENTED_EDGE('',*,*,#4465,.F.);
#4465 = EDGE_CURVE('',#4466,#4468,#4470,.T.);
#4466 = VERTEX_POINT('',#4467);
#4467 = CARTESIAN_POINT('',(1.517904E+03,0.,0.));
#4468 = VERTEX_POINT('',#4469);
#4469 = CARTESIAN_POINT('',(1.517904E+03,0.,7.));
#4470 = LINE('',#4471,#4472);
#4471 = CARTESIAN_POINT('',(1.517904E+03,0.,0.));
#4472 = VECTOR('',#4473,1.);
#4473 = DIRECTION('',(0.,0.,1.));
#4474 = ORIENTED_EDGE('',*,*,#4475,.T.);
#4475 = EDGE_CURVE('',#4466,#4476,#4478,.T.);
#4476 = VERTEX_POINT('',#4477);
#4477 = CARTESIAN_POINT('',(1.517904E+03,2.737104E+03,0.));
#4478 = LINE('',#4479,#4480);
#4479 = CARTESIAN_POINT('',(1.517904E+03,0.,0.));
#4480 = VECTOR('',#4481,1.);
#4481 = DIRECTION('',(-0.,1.,0.));
#4482 = ORIENTED_EDGE('',*,*,#4483,.T.);
#4483 = EDGE_CURVE('',#4476,#4484,#4486,.T.);
#4484 = VERTEX_POINT('',#4485);
#4485 = CARTESIAN_POINT('',(1.517904E+03,2.737104E+03,7.));
#4486 = LINE('',#4487,#4488);
#4487 = CARTESIAN_POINT('',(1.517904E+03,2.737104E+03,0.));
#4488 = VECTOR('',#4489,1.);
#4489 = DIRECTION('',(0.,0.,1.));
#4490 = ORIENTED_EDGE('',*,*,#4491,.F.);
#4491 = EDGE_CURVE('',#4468,#4484,#4492,.T.);
#4492 = LINE('',#4493,#4494);
#4493 = CARTESIAN_POINT('',(1.517904E+03,0.,7.));
#4494 = VECTOR('',#4495,1.);
#4495 = DIRECTION('',(-0.,1.,0.));
#4496 = PLANE('',#4497);
#4497 = AXIS2_PLACEMENT_3D('',#4498,#4499,#4500);
#4498 = CARTESIAN_POINT('',(1.517904E+03,0.,0.));
#4499 = DIRECTION('',(1.,0.,-0.));
#4500 = DIRECTION('',(0.,0.,1.));
#4501 = ADVANCED_FACE('',(#4502),#4518,.F.);
#4502 = FACE_BOUND('',#4503,.F.);
#4503 = EDGE_LOOP('',(#4504,#4510,#4511,#4517));
#4504 = ORIENTED_EDGE('',*,*,#4505,.F.);
#4505 = EDGE_CURVE('',#4426,#4466,#4506,.T.);
#4506 = LINE('',#4507,#4508);
#4507 = CARTESIAN_POINT('',(0.,0.,0.));
#4508 = VECTOR('',#4509,1.);
#4509 = DIRECTION('',(1.,0.,-0.));
#4510 = ORIENTED_EDGE('',*,*,#4425,.T.);
#4511 = ORIENTED_EDGE('',*,*,#4512,.T.);
#4512 = EDGE_CURVE('',#4428,#4468,#4513,.T.);
#4513 = LINE('',#4514,#4515);
#4514 = CARTESIAN_POINT('',(0.,0.,7.));
#4515 = VECTOR('',#4516,1.);
#4516 = DIRECTION('',(1.,0.,-0.));
#4517 = ORIENTED_EDGE('',*,*,#4465,.F.);
#4518 = PLANE('',#4519);
#4519 = AXIS2_PLACEMENT_3D('',#4520,#4521,#4522);
#4520 = CARTESIAN_POINT('',(0.,0.,0.));
#4521 = DIRECTION('',(-0.,1.,0.));
#4522 = DIRECTION('',(0.,0.,1.));
#4523 = ADVANCED_FACE('',(#4524),#4540,.T.);
#4524 = FACE_BOUND('',#4525,.T.);
#4525 = EDGE_LOOP('',(#4526,#4532,#4533,#4539));
#4526 = ORIENTED_EDGE('',*,*,#4527,.F.);
#4527 = EDGE_CURVE('',#4436,#4476,#4528,.T.);
#4528 = LINE('',#4529,#4530);
#4529 = CARTESIAN_POINT('',(0.,2.737104E+03,0.));
#4530 = VECTOR('',#4531,1.);
#4531 = DIRECTION('',(1.,0.,-0.));
#4532 = ORIENTED_EDGE('',*,*,#4443,.T.);
#4533 = ORIENTED_EDGE('',*,*,#4534,.T.);
#4534 = EDGE_CURVE('',#4444,#4484,#4535,.T.);
#4535 = LINE('',#4536,#4537);
#4536 = CARTESIAN_POINT('',(0.,2.737104E+03,7.));
#4537 = VECTOR('',#4538,1.);
#4538 = DIRECTION('',(1.,0.,-0.));
#4539 = ORIENTED_EDGE('',*,*,#4483,.F.);
#4540 = PLANE('',#4541);
#4541 = AXIS2_PLACEMENT_3D('',#4542,#4543,#4544);
#4542 = CARTESIAN_POINT('',(0.,2.737104E+03,0.));
#4543 = DIRECTION('',(-0.,1.,0.));
#4544 = DIRECTION('',(0.,0.,1.));
#4545 = ADVANCED_FACE('',(#4546),#4552,.F.);
#4546 = FACE_BOUND('',#4547,.F.);
#4547 = EDGE_LOOP('',(#4548,#4549,#4550,#4551));
#4548 = ORIENTED_EDGE('',*,*,#4435,.F.);
#4549 = ORIENTED_EDGE('',*,*,#4505,.T.);
#4550 = ORIENTED_EDGE('',*,*,#4475,.T.);
#4551 = ORIENTED_EDGE('',*,*,#4527,.F.);
#4552 = PLANE('',#4553);
#4553 = AXIS2_PLACEMENT_3D('',#4554,#4555,#4556);
#4554 = CARTESIAN_POINT('',(0.,0.,0.));
#4555 = DIRECTION('',(0.,0.,1.));
#4556 = DIRECTION('',(1.,0.,-0.));
#4557 = ADVANCED_FACE('',(#4558),#4564,.T.);
#4558 = FACE_BOUND('',#4559,.T.);
#4559 = EDGE_LOOP('',(#4560,#4561,#4562,#4563));
#4560 = ORIENTED_EDGE('',*,*,#4451,.F.);
#4561 = ORIENTED_EDGE('',*,*,#4512,.T.);
#4562 = ORIENTED_EDGE('',*,*,#4491,.T.);
#4563 = ORIENTED_EDGE('',*,*,#4534,.F.);
#4564 = PLANE('',#4565);
#4565 = AXIS2_PLACEMENT_3D('',#4566,#4567,#4568);
#4566 = CARTESIAN_POINT('',(0.,0.,7.));
#4567 = DIRECTION('',(0.,0.,1.));
#4568 = DIRECTION('',(1.,0.,-0.));
#4569 = ( GEOMETRIC_REPRESENTATION_CONTEXT(3) 
GLOBAL_UNCERTAINTY_ASSIGNED_CONTEXT((#4573)) 
GLOBAL_UNIT_ASSIGNED_CONTEXT((#4570,#4571,#4572)) REPRESENTATION_CONTEXT
('Context #1','3D Context with UNIT and UNCERTAINTY') );
#4570 = ( LENGTH_UNIT() NAMED_UNIT(*) SI_UNIT(.MILLI.,.METRE.) );
#4571 = ( NAMED_UNIT(*) PLANE_ANGLE_UNIT() SI_UNIT($,.RADIAN.) );
#4572 = ( NAMED_UNIT(*) SI_UNIT($,.STERADIAN.) SOLID_ANGLE_UNIT() );
#4573 = UNCERTAINTY_MEASURE_WITH_UNIT(LENGTH_MEASURE(1.E-07),#4570,
  'distance_accuracy_value','confusion accuracy');
#4574 = CONTEXT_DEPENDENT_SHAPE_REPRESENTATION(#4575,#4577);
#4575 = ( REPRESENTATION_RELATIONSHIP('','',#4418,#3699) 
REPRESENTATION_RELATIONSHIP_WITH_TRANSFORMATION(#4576) 
SHAPE_REPRESENTATION_RELATIONSHIP() );
#4576 = ITEM_DEFINED_TRANSFORMATION('','',#11,#3716);
#4577 = PRODUCT_DEFINITION_SHAPE('Placement','Placement of an item',
  #4578);
#4578 = NEXT_ASSEMBLY_USAGE_OCCURRENCE('11','Glass005','',#3694,#4413,$
  );
#4579 = PRODUCT_RELATED_PRODUCT_CATEGORY('part',$,(#4415));
#4580 = SHAPE_DEFINITION_REPRESENTATION(#4581,#4587);
#4581 = PRODUCT_DEFINITION_SHAPE('','',#4582);
#4582 = PRODUCT_DEFINITION('design','',#4583,#4586);
#4583 = PRODUCT_DEFINITION_FORMATION('','',#4584);
#4584 = PRODUCT('Glass006','Glass006','',(#4585));
#4585 = PRODUCT_CONTEXT('',#2,'mechanical');
#4586 = PRODUCT_DEFINITION_CONTEXT('part definition',#2,'design');
#4587 = ADVANCED_BREP_SHAPE_REPRESENTATION('',(#11,#4588),#4738);
#4588 = MANIFOLD_SOLID_BREP('',#4589);
#4589 = CLOSED_SHELL('',(#4590,#4630,#4670,#4692,#4714,#4726));
#4590 = ADVANCED_FACE('',(#4591),#4625,.F.);
#4591 = FACE_BOUND('',#4592,.F.);
#4592 = EDGE_LOOP('',(#4593,#4603,#4611,#4619));
#4593 = ORIENTED_EDGE('',*,*,#4594,.F.);
#4594 = EDGE_CURVE('',#4595,#4597,#4599,.T.);
#4595 = VERTEX_POINT('',#4596);
#4596 = CARTESIAN_POINT('',(0.,0.,0.));
#4597 = VERTEX_POINT('',#4598);
#4598 = CARTESIAN_POINT('',(0.,0.,7.));
#4599 = LINE('',#4600,#4601);
#4600 = CARTESIAN_POINT('',(0.,0.,0.));
#4601 = VECTOR('',#4602,1.);
#4602 = DIRECTION('',(0.,0.,1.));
#4603 = ORIENTED_EDGE('',*,*,#4604,.T.);
#4604 = EDGE_CURVE('',#4595,#4605,#4607,.T.);
#4605 = VERTEX_POINT('',#4606);
#4606 = CARTESIAN_POINT('',(0.,2.737104E+03,0.));
#4607 = LINE('',#4608,#4609);
#4608 = CARTESIAN_POINT('',(0.,0.,0.));
#4609 = VECTOR('',#4610,1.);
#4610 = DIRECTION('',(-0.,1.,0.));
#4611 = ORIENTED_EDGE('',*,*,#4612,.T.);
#4612 = EDGE_CURVE('',#4605,#4613,#4615,.T.);
#4613 = VERTEX_POINT('',#4614);
#4614 = CARTESIAN_POINT('',(0.,2.737104E+03,7.));
#4615 = LINE('',#4616,#4617);
#4616 = CARTESIAN_POINT('',(0.,2.737104E+03,0.));
#4617 = VECTOR('',#4618,1.);
#4618 = DIRECTION('',(0.,0.,1.));
#4619 = ORIENTED_EDGE('',*,*,#4620,.F.);
#4620 = EDGE_CURVE('',#4597,#4613,#4621,.T.);
#4621 = LINE('',#4622,#4623);
#4622 = CARTESIAN_POINT('',(0.,0.,7.));
#4623 = VECTOR('',#4624,1.);
#4624 = DIRECTION('',(-0.,1.,0.));
#4625 = PLANE('',#4626);
#4626 = AXIS2_PLACEMENT_3D('',#4627,#4628,#4629);
#4627 = CARTESIAN_POINT('',(0.,0.,0.));
#4628 = DIRECTION('',(1.,0.,-0.));
#4629 = DIRECTION('',(0.,0.,1.));
#4630 = ADVANCED_FACE('',(#4631),#4665,.T.);
#4631 = FACE_BOUND('',#4632,.T.);
#4632 = EDGE_LOOP('',(#4633,#4643,#4651,#4659));
#4633 = ORIENTED_EDGE('',*,*,#4634,.F.);
#4634 = EDGE_CURVE('',#4635,#4637,#4639,.T.);
#4635 = VERTEX_POINT('',#4636);
#4636 = CARTESIAN_POINT('',(1.517904E+03,0.,0.));
#4637 = VERTEX_POINT('',#4638);
#4638 = CARTESIAN_POINT('',(1.517904E+03,0.,7.));
#4639 = LINE('',#4640,#4641);
#4640 = CARTESIAN_POINT('',(1.517904E+03,0.,0.));
#4641 = VECTOR('',#4642,1.);
#4642 = DIRECTION('',(0.,0.,1.));
#4643 = ORIENTED_EDGE('',*,*,#4644,.T.);
#4644 = EDGE_CURVE('',#4635,#4645,#4647,.T.);
#4645 = VERTEX_POINT('',#4646);
#4646 = CARTESIAN_POINT('',(1.517904E+03,2.737104E+03,0.));
#4647 = LINE('',#4648,#4649);
#4648 = CARTESIAN_POINT('',(1.517904E+03,0.,0.));
#4649 = VECTOR('',#4650,1.);
#4650 = DIRECTION('',(-0.,1.,0.));
#4651 = ORIENTED_EDGE('',*,*,#4652,.T.);
#4652 = EDGE_CURVE('',#4645,#4653,#4655,.T.);
#4653 = VERTEX_POINT('',#4654);
#4654 = CARTESIAN_POINT('',(1.517904E+03,2.737104E+03,7.));
#4655 = LINE('',#4656,#4657);
#4656 = CARTESIAN_POINT('',(1.517904E+03,2.737104E+03,0.));
#4657 = VECTOR('',#4658,1.);
#4658 = DIRECTION('',(0.,0.,1.));
#4659 = ORIENTED_EDGE('',*,*,#4660,.F.);
#4660 = EDGE_CURVE('',#4637,#4653,#4661,.T.);
#4661 = LINE('',#4662,#4663);
#4662 = CARTESIAN_POINT('',(1.517904E+03,0.,7.));
#4663 = VECTOR('',#4664,1.);
#4664 = DIRECTION('',(-0.,1.,0.));
#4665 = PLANE('',#4666);
#4666 = AXIS2_PLACEMENT_3D('',#4667,#4668,#4669);
#4667 = CARTESIAN_POINT('',(1.517904E+03,0.,0.));
#4668 = DIRECTION('',(1.,0.,-0.));
#4669 = DIRECTION('',(0.,0.,1.));
#4670 = ADVANCED_FACE('',(#4671),#4687,.F.);
#4671 = FACE_BOUND('',#4672,.F.);
#4672 = EDGE_LOOP('',(#4673,#4679,#4680,#4686));
#4673 = ORIENTED_EDGE('',*,*,#4674,.F.);
#4674 = EDGE_CURVE('',#4595,#4635,#4675,.T.);
#4675 = LINE('',#4676,#4677);
#4676 = CARTESIAN_POINT('',(0.,0.,0.));
#4677 = VECTOR('',#4678,1.);
#4678 = DIRECTION('',(1.,0.,-0.));
#4679 = ORIENTED_EDGE('',*,*,#4594,.T.);
#4680 = ORIENTED_EDGE('',*,*,#4681,.T.);
#4681 = EDGE_CURVE('',#4597,#4637,#4682,.T.);
#4682 = LINE('',#4683,#4684);
#4683 = CARTESIAN_POINT('',(0.,0.,7.));
#4684 = VECTOR('',#4685,1.);
#4685 = DIRECTION('',(1.,0.,-0.));
#4686 = ORIENTED_EDGE('',*,*,#4634,.F.);
#4687 = PLANE('',#4688);
#4688 = AXIS2_PLACEMENT_3D('',#4689,#4690,#4691);
#4689 = CARTESIAN_POINT('',(0.,0.,0.));
#4690 = DIRECTION('',(-0.,1.,0.));
#4691 = DIRECTION('',(0.,0.,1.));
#4692 = ADVANCED_FACE('',(#4693),#4709,.T.);
#4693 = FACE_BOUND('',#4694,.T.);
#4694 = EDGE_LOOP('',(#4695,#4701,#4702,#4708));
#4695 = ORIENTED_EDGE('',*,*,#4696,.F.);
#4696 = EDGE_CURVE('',#4605,#4645,#4697,.T.);
#4697 = LINE('',#4698,#4699);
#4698 = CARTESIAN_POINT('',(0.,2.737104E+03,0.));
#4699 = VECTOR('',#4700,1.);
#4700 = DIRECTION('',(1.,0.,-0.));
#4701 = ORIENTED_EDGE('',*,*,#4612,.T.);
#4702 = ORIENTED_EDGE('',*,*,#4703,.T.);
#4703 = EDGE_CURVE('',#4613,#4653,#4704,.T.);
#4704 = LINE('',#4705,#4706);
#4705 = CARTESIAN_POINT('',(0.,2.737104E+03,7.));
#4706 = VECTOR('',#4707,1.);
#4707 = DIRECTION('',(1.,0.,-0.));
#4708 = ORIENTED_EDGE('',*,*,#4652,.F.);
#4709 = PLANE('',#4710);
#4710 = AXIS2_PLACEMENT_3D('',#4711,#4712,#4713);
#4711 = CARTESIAN_POINT('',(0.,2.737104E+03,0.));
#4712 = DIRECTION('',(-0.,1.,0.));
#4713 = DIRECTION('',(0.,0.,1.));
#4714 = ADVANCED_FACE('',(#4715),#4721,.F.);
#4715 = FACE_BOUND('',#4716,.F.);
#4716 = EDGE_LOOP('',(#4717,#4718,#4719,#4720));
#4717 = ORIENTED_EDGE('',*,*,#4604,.F.);
#4718 = ORIENTED_EDGE('',*,*,#4674,.T.);
#4719 = ORIENTED_EDGE('',*,*,#4644,.T.);
#4720 = ORIENTED_EDGE('',*,*,#4696,.F.);
#4721 = PLANE('',#4722);
#4722 = AXIS2_PLACEMENT_3D('',#4723,#4724,#4725);
#4723 = CARTESIAN_POINT('',(0.,0.,0.));
#4724 = DIRECTION('',(0.,0.,1.));
#4725 = DIRECTION('',(1.,0.,-0.));
#4726 = ADVANCED_FACE('',(#4727),#4733,.T.);
#4727 = FACE_BOUND('',#4728,.T.);
#4728 = EDGE_LOOP('',(#4729,#4730,#4731,#4732));
#4729 = ORIENTED_EDGE('',*,*,#4620,.F.);
#4730 = ORIENTED_EDGE('',*,*,#4681,.T.);
#4731 = ORIENTED_EDGE('',*,*,#4660,.T.);
#4732 = ORIENTED_EDGE('',*,*,#4703,.F.);
#4733 = PLANE('',#4734);
#4734 = AXIS2_PLACEMENT_3D('',#4735,#4736,#4737);
#4735 = CARTESIAN_POINT('',(0.,0.,7.));
#4736 = DIRECTION('',(0.,0.,1.));
#4737 = DIRECTION('',(1.,0.,-0.));
#4738 = ( GEOMETRIC_REPRESENTATION_CONTEXT(3) 
GLOBAL_UNCERTAINTY_ASSIGNED_CONTEXT((#4742)) 
GLOBAL_UNIT_ASSIGNED_CONTEXT((#4739,#4740,#4741)) REPRESENTATION_CONTEXT
('Context #1','3D Context with UNIT and UNCERTAINTY') );
#4739 = ( LENGTH_UNIT() NAMED_UNIT(*) SI_UNIT(.MILLI.,.METRE.) );
#4740 = ( NAMED_UNIT(*) PLANE_ANGLE_UNIT() SI_UNIT($,.RADIAN.) );
#4741 = ( NAMED_UNIT(*) SI_UNIT($,.STERADIAN.) SOLID_ANGLE_UNIT() );
#4742 = UNCERTAINTY_MEASURE_WITH_UNIT(LENGTH_MEASURE(1.E-07),#4739,
  'distance_accuracy_value','confusion accuracy');
#4743 = CONTEXT_DEPENDENT_SHAPE_REPRESENTATION(#4744,#4746);
#4744 = ( REPRESENTATION_RELATIONSHIP('','',#4587,#3699) 
REPRESENTATION_RELATIONSHIP_WITH_TRANSFORMATION(#4745) 
SHAPE_REPRESENTATION_RELATIONSHIP() );
#4745 = ITEM_DEFINED_TRANSFORMATION('','',#11,#3720);
#4746 = PRODUCT_DEFINITION_SHAPE('Placement','Placement of an item',
  #4747);
#4747 = NEXT_ASSEMBLY_USAGE_OCCURRENCE('12','Glass006','',#3694,#4582,$
  );
#4748 = PRODUCT_RELATED_PRODUCT_CATEGORY('part',$,(#4584));
#4749 = SHAPE_DEFINITION_REPRESENTATION(#4750,#4756);
#4750 = PRODUCT_DEFINITION_SHAPE('','',#4751);
#4751 = PRODUCT_DEFINITION('design','',#4752,#4755);
#4752 = PRODUCT_DEFINITION_FORMATION('','',#4753);
#4753 = PRODUCT('ConcreteSlab','ConcreteSlab','',(#4754));
#4754 = PRODUCT_CONTEXT('',#2,'mechanical');
#4755 = PRODUCT_DEFINITION_CONTEXT('part definition',#2,'design');
#4756 = ADVANCED_BREP_SHAPE_REPRESENTATION('',(#11,#4757),#4907);
#4757 = MANIFOLD_SOLID_BREP('',#4758);
#4758 = CLOSED_SHELL('',(#4759,#4799,#4839,#4861,#4883,#4895));
#4759 = ADVANCED_FACE('',(#4760),#4794,.F.);
#4760 = FACE_BOUND('',#4761,.F.);
#4761 = EDGE_LOOP('',(#4762,#4772,#4780,#4788));
#4762 = ORIENTED_EDGE('',*,*,#4763,.F.);
#4763 = EDGE_CURVE('',#4764,#4766,#4768,.T.);
#4764 = VERTEX_POINT('',#4765);
#4765 = CARTESIAN_POINT('',(0.,0.,0.));
#4766 = VERTEX_POINT('',#4767);
#4767 = CARTESIAN_POINT('',(0.,0.,1.8288E+03));
#4768 = LINE('',#4769,#4770);
#4769 = CARTESIAN_POINT('',(0.,0.,0.));
#4770 = VECTOR('',#4771,1.);
#4771 = DIRECTION('',(0.,0.,1.));
#4772 = ORIENTED_EDGE('',*,*,#4773,.T.);
#4773 = EDGE_CURVE('',#4764,#4774,#4776,.T.);
#4774 = VERTEX_POINT('',#4775);
#4775 = CARTESIAN_POINT('',(0.,1.996E+04,0.));
#4776 = LINE('',#4777,#4778);
#4777 = CARTESIAN_POINT('',(0.,0.,0.));
#4778 = VECTOR('',#4779,1.);
#4779 = DIRECTION('',(-0.,1.,0.));
#4780 = ORIENTED_EDGE('',*,*,#4781,.T.);
#4781 = EDGE_CURVE('',#4774,#4782,#4784,.T.);
#4782 = VERTEX_POINT('',#4783);
#4783 = CARTESIAN_POINT('',(0.,1.996E+04,1.8288E+03));
#4784 = LINE('',#4785,#4786);
#4785 = CARTESIAN_POINT('',(0.,1.996E+04,0.));
#4786 = VECTOR('',#4787,1.);
#4787 = DIRECTION('',(0.,0.,1.));
#4788 = ORIENTED_EDGE('',*,*,#4789,.F.);
#4789 = EDGE_CURVE('',#4766,#4782,#4790,.T.);
#4790 = LINE('',#4791,#4792);
#4791 = CARTESIAN_POINT('',(0.,0.,1.8288E+03));
#4792 = VECTOR('',#4793,1.);
#4793 = DIRECTION('',(-0.,1.,0.));
#4794 = PLANE('',#4795);
#4795 = AXIS2_PLACEMENT_3D('',#4796,#4797,#4798);
#4796 = CARTESIAN_POINT('',(0.,0.,0.));
#4797 = DIRECTION('',(1.,0.,-0.));
#4798 = DIRECTION('',(0.,0.,1.));
#4799 = ADVANCED_FACE('',(#4800),#4834,.T.);
#4800 = FACE_BOUND('',#4801,.T.);
#4801 = EDGE_LOOP('',(#4802,#4812,#4820,#4828));
#4802 = ORIENTED_EDGE('',*,*,#4803,.F.);
#4803 = EDGE_CURVE('',#4804,#4806,#4808,.T.);
#4804 = VERTEX_POINT('',#4805);
#4805 = CARTESIAN_POINT('',(1.024E+04,0.,0.));
#4806 = VERTEX_POINT('',#4807);
#4807 = CARTESIAN_POINT('',(1.024E+04,0.,1.8288E+03));
#4808 = LINE('',#4809,#4810);
#4809 = CARTESIAN_POINT('',(1.024E+04,0.,0.));
#4810 = VECTOR('',#4811,1.);
#4811 = DIRECTION('',(0.,0.,1.));
#4812 = ORIENTED_EDGE('',*,*,#4813,.T.);
#4813 = EDGE_CURVE('',#4804,#4814,#4816,.T.);
#4814 = VERTEX_POINT('',#4815);
#4815 = CARTESIAN_POINT('',(1.024E+04,1.996E+04,0.));
#4816 = LINE('',#4817,#4818);
#4817 = CARTESIAN_POINT('',(1.024E+04,0.,0.));
#4818 = VECTOR('',#4819,1.);
#4819 = DIRECTION('',(-0.,1.,0.));
#4820 = ORIENTED_EDGE('',*,*,#4821,.T.);
#4821 = EDGE_CURVE('',#4814,#4822,#4824,.T.);
#4822 = VERTEX_POINT('',#4823);
#4823 = CARTESIAN_POINT('',(1.024E+04,1.996E+04,1.8288E+03));
#4824 = LINE('',#4825,#4826);
#4825 = CARTESIAN_POINT('',(1.024E+04,1.996E+04,0.));
#4826 = VECTOR('',#4827,1.);
#4827 = DIRECTION('',(0.,0.,1.));
#4828 = ORIENTED_EDGE('',*,*,#4829,.F.);
#4829 = EDGE_CURVE('',#4806,#4822,#4830,.T.);
#4830 = LINE('',#4831,#4832);
#4831 = CARTESIAN_POINT('',(1.024E+04,0.,1.8288E+03));
#4832 = VECTOR('',#4833,1.);
#4833 = DIRECTION('',(-0.,1.,0.));
#4834 = PLANE('',#4835);
#4835 = AXIS2_PLACEMENT_3D('',#4836,#4837,#4838);
#4836 = CARTESIAN_POINT('',(1.024E+04,0.,0.));
#4837 = DIRECTION('',(1.,0.,-0.));
#4838 = DIRECTION('',(0.,0.,1.));
#4839 = ADVANCED_FACE('',(#4840),#4856,.F.);
#4840 = FACE_BOUND('',#4841,.F.);
#4841 = EDGE_LOOP('',(#4842,#4848,#4849,#4855));
#4842 = ORIENTED_EDGE('',*,*,#4843,.F.);
#4843 = EDGE_CURVE('',#4764,#4804,#4844,.T.);
#4844 = LINE('',#4845,#4846);
#4845 = CARTESIAN_POINT('',(0.,0.,0.));
#4846 = VECTOR('',#4847,1.);
#4847 = DIRECTION('',(1.,0.,-0.));
#4848 = ORIENTED_EDGE('',*,*,#4763,.T.);
#4849 = ORIENTED_EDGE('',*,*,#4850,.T.);
#4850 = EDGE_CURVE('',#4766,#4806,#4851,.T.);
#4851 = LINE('',#4852,#4853);
#4852 = CARTESIAN_POINT('',(0.,0.,1.8288E+03));
#4853 = VECTOR('',#4854,1.);
#4854 = DIRECTION('',(1.,0.,-0.));
#4855 = ORIENTED_EDGE('',*,*,#4803,.F.);
#4856 = PLANE('',#4857);
#4857 = AXIS2_PLACEMENT_3D('',#4858,#4859,#4860);
#4858 = CARTESIAN_POINT('',(0.,0.,0.));
#4859 = DIRECTION('',(-0.,1.,0.));
#4860 = DIRECTION('',(0.,0.,1.));
#4861 = ADVANCED_FACE('',(#4862),#4878,.T.);
#4862 = FACE_BOUND('',#4863,.T.);
#4863 = EDGE_LOOP('',(#4864,#4870,#4871,#4877));
#4864 = ORIENTED_EDGE('',*,*,#4865,.F.);
#4865 = EDGE_CURVE('',#4774,#4814,#4866,.T.);
#4866 = LINE('',#4867,#4868);
#4867 = CARTESIAN_POINT('',(0.,1.996E+04,0.));
#4868 = VECTOR('',#4869,1.);
#4869 = DIRECTION('',(1.,0.,-0.));
#4870 = ORIENTED_EDGE('',*,*,#4781,.T.);
#4871 = ORIENTED_EDGE('',*,*,#4872,.T.);
#4872 = EDGE_CURVE('',#4782,#4822,#4873,.T.);
#4873 = LINE('',#4874,#4875);
#4874 = CARTESIAN_POINT('',(0.,1.996E+04,1.8288E+03));
#4875 = VECTOR('',#4876,1.);
#4876 = DIRECTION('',(1.,0.,-0.));
#4877 = ORIENTED_EDGE('',*,*,#4821,.F.);
#4878 = PLANE('',#4879);
#4879 = AXIS2_PLACEMENT_3D('',#4880,#4881,#4882);
#4880 = CARTESIAN_POINT('',(0.,1.996E+04,0.));
#4881 = DIRECTION('',(-0.,1.,0.));
#4882 = DIRECTION('',(0.,0.,1.));
#4883 = ADVANCED_FACE('',(#4884),#4890,.F.);
#4884 = FACE_BOUND('',#4885,.F.);
#4885 = EDGE_LOOP('',(#4886,#4887,#4888,#4889));
#4886 = ORIENTED_EDGE('',*,*,#4773,.F.);
#4887 = ORIENTED_EDGE('',*,*,#4843,.T.);
#4888 = ORIENTED_EDGE('',*,*,#4813,.T.);
#4889 = ORIENTED_EDGE('',*,*,#4865,.F.);
#4890 = PLANE('',#4891);
#4891 = AXIS2_PLACEMENT_3D('',#4892,#4893,#4894);
#4892 = CARTESIAN_POINT('',(0.,0.,0.));
#4893 = DIRECTION('',(0.,0.,1.));
#4894 = DIRECTION('',(1.,0.,-0.));
#4895 = ADVANCED_FACE('',(#4896),#4902,.T.);
#4896 = FACE_BOUND('',#4897,.T.);
#4897 = EDGE_LOOP('',(#4898,#4899,#4900,#4901));
#4898 = ORIENTED_EDGE('',*,*,#4789,.F.);
#4899 = ORIENTED_EDGE('',*,*,#4850,.T.);
#4900 = ORIENTED_EDGE('',*,*,#4829,.T.);
#4901 = ORIENTED_EDGE('',*,*,#4872,.F.);
#4902 = PLANE('',#4903);
#4903 = AXIS2_PLACEMENT_3D('',#4904,#4905,#4906);
#4904 = CARTESIAN_POINT('',(0.,0.,1.8288E+03));
#4905 = DIRECTION('',(0.,0.,1.));
#4906 = DIRECTION('',(1.,0.,-0.));
#4907 = ( GEOMETRIC_REPRESENTATION_CONTEXT(3) 
GLOBAL_UNCERTAINTY_ASSIGNED_CONTEXT((#4911)) 
GLOBAL_UNIT_ASSIGNED_CONTEXT((#4908,#4909,#4910)) REPRESENTATION_CONTEXT
('Context #1','3D Context with UNIT and UNCERTAINTY') );
#4908 = ( LENGTH_UNIT() NAMED_UNIT(*) SI_UNIT(.MILLI.,.METRE.) );
#4909 = ( NAMED_UNIT(*) PLANE_ANGLE_UNIT() SI_UNIT($,.RADIAN.) );
#4910 = ( NAMED_UNIT(*) SI_UNIT($,.STERADIAN.) SOLID_ANGLE_UNIT() );
#4911 = UNCERTAINTY_MEASURE_WITH_UNIT(LENGTH_MEASURE(1.E-07),#4908,
  'distance_accuracy_value','confusion accuracy');
#4912 = CONTEXT_DEPENDENT_SHAPE_REPRESENTATION(#4913,#4915);
#4913 = ( REPRESENTATION_RELATIONSHIP('','',#4756,#510) 
REPRESENTATION_RELATIONSHIP_WITH_TRANSFORMATION(#4914) 
SHAPE_REPRESENTATION_RELATIONSHIP() );
#4914 = ITEM_DEFINED_TRANSFORMATION('','',#11,#531);
#4915 = PRODUCT_DEFINITION_SHAPE('Placement','Placement of an item',
  #4916);
#4916 = NEXT_ASSEMBLY_USAGE_OCCURRENCE('14','ConcreteSlab','',#505,#4751
  ,$);
#4917 = PRODUCT_RELATED_PRODUCT_CATEGORY('part',$,(#4753));
#4918 = SHAPE_DEFINITION_REPRESENTATION(#4919,#4925);
#4919 = PRODUCT_DEFINITION_SHAPE('','',#4920);
#4920 = PRODUCT_DEFINITION('design','',#4921,#4924);
#4921 = PRODUCT_DEFINITION_FORMATION('','',#4922);
#4922 = PRODUCT('AluminumCeiling','AluminumCeiling','',(#4923));
#4923 = PRODUCT_CONTEXT('',#2,'mechanical');
#4924 = PRODUCT_DEFINITION_CONTEXT('part definition',#2,'design');
#4925 = ADVANCED_BREP_SHAPE_REPRESENTATION('',(#11,#4926),#5076);
#4926 = MANIFOLD_SOLID_BREP('',#4927);
#4927 = CLOSED_SHELL('',(#4928,#4968,#4999,#5030,#5052,#5064));
#4928 = ADVANCED_FACE('',(#4929),#4963,.F.);
#4929 = FACE_BOUND('',#4930,.F.);
#4930 = EDGE_LOOP('',(#4931,#4941,#4949,#4957));
#4931 = ORIENTED_EDGE('',*,*,#4932,.T.);
#4932 = EDGE_CURVE('',#4933,#4935,#4937,.T.);
#4933 = VERTEX_POINT('',#4934);
#4934 = CARTESIAN_POINT('',(-1.463E+04,2.926E+04,0.));
#4935 = VERTEX_POINT('',#4936);
#4936 = CARTESIAN_POINT('',(-1.463E+04,2.926E+04,1.27));
#4937 = LINE('',#4938,#4939);
#4938 = CARTESIAN_POINT('',(-1.463E+04,2.926E+04,0.));
#4939 = VECTOR('',#4940,1.);
#4940 = DIRECTION('',(0.,0.,1.));
#4941 = ORIENTED_EDGE('',*,*,#4942,.T.);
#4942 = EDGE_CURVE('',#4935,#4943,#4945,.T.);
#4943 = VERTEX_POINT('',#4944);
#4944 = CARTESIAN_POINT('',(-1.463E+04,-1.463E+04,1.27));
#4945 = LINE('',#4946,#4947);
#4946 = CARTESIAN_POINT('',(-1.463E+04,2.926E+04,1.27));
#4947 = VECTOR('',#4948,1.);
#4948 = DIRECTION('',(0.,-1.,0.));
#4949 = ORIENTED_EDGE('',*,*,#4950,.F.);
#4950 = EDGE_CURVE('',#4951,#4943,#4953,.T.);
#4951 = VERTEX_POINT('',#4952);
#4952 = CARTESIAN_POINT('',(-1.463E+04,-1.463E+04,0.));
#4953 = LINE('',#4954,#4955);
#4954 = CARTESIAN_POINT('',(-1.463E+04,-1.463E+04,0.));
#4955 = VECTOR('',#4956,1.);
#4956 = DIRECTION('',(0.,0.,1.));
#4957 = ORIENTED_EDGE('',*,*,#4958,.F.);
#4958 = EDGE_CURVE('',#4933,#4951,#4959,.T.);
#4959 = LINE('',#4960,#4961);
#4960 = CARTESIAN_POINT('',(-1.463E+04,2.926E+04,0.));
#4961 = VECTOR('',#4962,1.);
#4962 = DIRECTION('',(0.,-1.,0.));
#4963 = PLANE('',#4964);
#4964 = AXIS2_PLACEMENT_3D('',#4965,#4966,#4967);
#4965 = CARTESIAN_POINT('',(-1.463E+04,2.926E+04,0.));
#4966 = DIRECTION('',(1.,0.,0.));
#4967 = DIRECTION('',(0.,-1.,0.));
#4968 = ADVANCED_FACE('',(#4969),#4994,.F.);
#4969 = FACE_BOUND('',#4970,.F.);
#4970 = EDGE_LOOP('',(#4971,#4972,#4980,#4988));
#4971 = ORIENTED_EDGE('',*,*,#4950,.T.);
#4972 = ORIENTED_EDGE('',*,*,#4973,.T.);
#4973 = EDGE_CURVE('',#4943,#4974,#4976,.T.);
#4974 = VERTEX_POINT('',#4975);
#4975 = CARTESIAN_POINT('',(1.463E+04,-1.463E+04,1.27));
#4976 = LINE('',#4977,#4978);
#4977 = CARTESIAN_POINT('',(-1.463E+04,-1.463E+04,1.27));
#4978 = VECTOR('',#4979,1.);
#4979 = DIRECTION('',(1.,0.,0.));
#4980 = ORIENTED_EDGE('',*,*,#4981,.F.);
#4981 = EDGE_CURVE('',#4982,#4974,#4984,.T.);
#4982 = VERTEX_POINT('',#4983);
#4983 = CARTESIAN_POINT('',(1.463E+04,-1.463E+04,0.));
#4984 = LINE('',#4985,#4986);
#4985 = CARTESIAN_POINT('',(1.463E+04,-1.463E+04,0.));
#4986 = VECTOR('',#4987,1.);
#4987 = DIRECTION('',(0.,0.,1.));
#4988 = ORIENTED_EDGE('',*,*,#4989,.F.);
#4989 = EDGE_CURVE('',#4951,#4982,#4990,.T.);
#4990 = LINE('',#4991,#4992);
#4991 = CARTESIAN_POINT('',(-1.463E+04,-1.463E+04,0.));
#4992 = VECTOR('',#4993,1.);
#4993 = DIRECTION('',(1.,0.,0.));
#4994 = PLANE('',#4995);
#4995 = AXIS2_PLACEMENT_3D('',#4996,#4997,#4998);
#4996 = CARTESIAN_POINT('',(-1.463E+04,-1.463E+04,0.));
#4997 = DIRECTION('',(0.,1.,0.));
#4998 = DIRECTION('',(1.,0.,0.));
#4999 = ADVANCED_FACE('',(#5000),#5025,.F.);
#5000 = FACE_BOUND('',#5001,.F.);
#5001 = EDGE_LOOP('',(#5002,#5003,#5011,#5019));
#5002 = ORIENTED_EDGE('',*,*,#4981,.T.);
#5003 = ORIENTED_EDGE('',*,*,#5004,.T.);
#5004 = EDGE_CURVE('',#4974,#5005,#5007,.T.);
#5005 = VERTEX_POINT('',#5006);
#5006 = CARTESIAN_POINT('',(1.463E+04,2.926E+04,1.27));
#5007 = LINE('',#5008,#5009);
#5008 = CARTESIAN_POINT('',(1.463E+04,-1.463E+04,1.27));
#5009 = VECTOR('',#5010,1.);
#5010 = DIRECTION('',(0.,1.,0.));
#5011 = ORIENTED_EDGE('',*,*,#5012,.F.);
#5012 = EDGE_CURVE('',#5013,#5005,#5015,.T.);
#5013 = VERTEX_POINT('',#5014);
#5014 = CARTESIAN_POINT('',(1.463E+04,2.926E+04,0.));
#5015 = LINE('',#5016,#5017);
#5016 = CARTESIAN_POINT('',(1.463E+04,2.926E+04,0.));
#5017 = VECTOR('',#5018,1.);
#5018 = DIRECTION('',(0.,0.,1.));
#5019 = ORIENTED_EDGE('',*,*,#5020,.F.);
#5020 = EDGE_CURVE('',#4982,#5013,#5021,.T.);
#5021 = LINE('',#5022,#5023);
#5022 = CARTESIAN_POINT('',(1.463E+04,-1.463E+04,0.));
#5023 = VECTOR('',#5024,1.);
#5024 = DIRECTION('',(0.,1.,0.));
#5025 = PLANE('',#5026);
#5026 = AXIS2_PLACEMENT_3D('',#5027,#5028,#5029);
#5027 = CARTESIAN_POINT('',(1.463E+04,-1.463E+04,0.));
#5028 = DIRECTION('',(-1.,0.,0.));
#5029 = DIRECTION('',(0.,1.,0.));
#5030 = ADVANCED_FACE('',(#5031),#5047,.F.);
#5031 = FACE_BOUND('',#5032,.F.);
#5032 = EDGE_LOOP('',(#5033,#5034,#5040,#5041));
#5033 = ORIENTED_EDGE('',*,*,#5012,.T.);
#5034 = ORIENTED_EDGE('',*,*,#5035,.T.);
#5035 = EDGE_CURVE('',#5005,#4935,#5036,.T.);
#5036 = LINE('',#5037,#5038);
#5037 = CARTESIAN_POINT('',(1.463E+04,2.926E+04,1.27));
#5038 = VECTOR('',#5039,1.);
#5039 = DIRECTION('',(-1.,0.,0.));
#5040 = ORIENTED_EDGE('',*,*,#4932,.F.);
#5041 = ORIENTED_EDGE('',*,*,#5042,.F.);
#5042 = EDGE_CURVE('',#5013,#4933,#5043,.T.);
#5043 = LINE('',#5044,#5045);
#5044 = CARTESIAN_POINT('',(1.463E+04,2.926E+04,0.));
#5045 = VECTOR('',#5046,1.);
#5046 = DIRECTION('',(-1.,0.,0.));
#5047 = PLANE('',#5048);
#5048 = AXIS2_PLACEMENT_3D('',#5049,#5050,#5051);
#5049 = CARTESIAN_POINT('',(1.463E+04,2.926E+04,0.));
#5050 = DIRECTION('',(0.,-1.,0.));
#5051 = DIRECTION('',(-1.,0.,0.));
#5052 = ADVANCED_FACE('',(#5053),#5059,.F.);
#5053 = FACE_BOUND('',#5054,.F.);
#5054 = EDGE_LOOP('',(#5055,#5056,#5057,#5058));
#5055 = ORIENTED_EDGE('',*,*,#4958,.T.);
#5056 = ORIENTED_EDGE('',*,*,#4989,.T.);
#5057 = ORIENTED_EDGE('',*,*,#5020,.T.);
#5058 = ORIENTED_EDGE('',*,*,#5042,.T.);
#5059 = PLANE('',#5060);
#5060 = AXIS2_PLACEMENT_3D('',#5061,#5062,#5063);
#5061 = CARTESIAN_POINT('',(8.148276797729E-13,7.315E+03,0.));
#5062 = DIRECTION('',(0.,0.,1.));
#5063 = DIRECTION('',(1.,0.,0.));
#5064 = ADVANCED_FACE('',(#5065),#5071,.T.);
#5065 = FACE_BOUND('',#5066,.T.);
#5066 = EDGE_LOOP('',(#5067,#5068,#5069,#5070));
#5067 = ORIENTED_EDGE('',*,*,#4942,.T.);
#5068 = ORIENTED_EDGE('',*,*,#4973,.T.);
#5069 = ORIENTED_EDGE('',*,*,#5004,.T.);
#5070 = ORIENTED_EDGE('',*,*,#5035,.T.);
#5071 = PLANE('',#5072);
#5072 = AXIS2_PLACEMENT_3D('',#5073,#5074,#5075);
#5073 = CARTESIAN_POINT('',(8.148276797729E-13,7.315E+03,1.27));
#5074 = DIRECTION('',(0.,0.,1.));
#5075 = DIRECTION('',(1.,0.,0.));
#5076 = ( GEOMETRIC_REPRESENTATION_CONTEXT(3) 
GLOBAL_UNCERTAINTY_ASSIGNED_CONTEXT((#5080)) 
GLOBAL_UNIT_ASSIGNED_CONTEXT((#5077,#5078,#5079)) REPRESENTATION_CONTEXT
('Context #1','3D Context with UNIT and UNCERTAINTY') );
#5077 = ( LENGTH_UNIT() NAMED_UNIT(*) SI_UNIT(.MILLI.,.METRE.) );
#5078 = ( NAMED_UNIT(*) PLANE_ANGLE_UNIT() SI_UNIT($,.RADIAN.) );
#5079 = ( NAMED_UNIT(*) SI_UNIT($,.STERADIAN.) SOLID_ANGLE_UNIT() );
#5080 = UNCERTAINTY_MEASURE_WITH_UNIT(LENGTH_MEASURE(1.E-07),#5077,
  'distance_accuracy_value','confusion accuracy');
#5081 = CONTEXT_DEPENDENT_SHAPE_REPRESENTATION(#5082,#5084);
#5082 = ( REPRESENTATION_RELATIONSHIP('','',#4925,#510) 
REPRESENTATION_RELATIONSHIP_WITH_TRANSFORMATION(#5083) 
SHAPE_REPRESENTATION_RELATIONSHIP() );
#5083 = ITEM_DEFINED_TRANSFORMATION('','',#11,#535);
#5084 = PRODUCT_DEFINITION_SHAPE('Placement','Placement of an item',
  #5085);
#5085 = NEXT_ASSEMBLY_USAGE_OCCURRENCE('15','AluminumCeiling','',#505,
  #4920,$);
#5086 = PRODUCT_RELATED_PRODUCT_CATEGORY('part',$,(#4922));
#5087 = SHAPE_DEFINITION_REPRESENTATION(#5088,#5094);
#5088 = PRODUCT_DEFINITION_SHAPE('','',#5089);
#5089 = PRODUCT_DEFINITION('design','',#5090,#5093);
#5090 = PRODUCT_DEFINITION_FORMATION('','',#5091);
#5091 = PRODUCT('VacuumChamberAssembly','VacuumChamberAssembly','',(
    #5092));
#5092 = PRODUCT_CONTEXT('',#2,'mechanical');
#5093 = PRODUCT_DEFINITION_CONTEXT('part definition',#2,'design');
#5094 = SHAPE_REPRESENTATION('',(#11,#5095,#5099),#5103);
#5095 = AXIS2_PLACEMENT_3D('',#5096,#5097,#5098);
#5096 = CARTESIAN_POINT('',(0.,0.,0.));
#5097 = DIRECTION('',(0.,0.,1.));
#5098 = DIRECTION('',(1.,0.,0.));
#5099 = AXIS2_PLACEMENT_3D('',#5100,#5101,#5102);
#5100 = CARTESIAN_POINT('',(250.,250.,0.));
#5101 = DIRECTION('',(0.,0.,1.));
#5102 = DIRECTION('',(1.,0.,0.));
#5103 = ( GEOMETRIC_REPRESENTATION_CONTEXT(3) 
GLOBAL_UNCERTAINTY_ASSIGNED_CONTEXT((#5107)) 
GLOBAL_UNIT_ASSIGNED_CONTEXT((#5104,#5105,#5106)) REPRESENTATION_CONTEXT
('Context #1','3D Context with UNIT and UNCERTAINTY') );
#5104 = ( LENGTH_UNIT() NAMED_UNIT(*) SI_UNIT(.MILLI.,.METRE.) );
#5105 = ( NAMED_UNIT(*) PLANE_ANGLE_UNIT() SI_UNIT($,.RADIAN.) );
#5106 = ( NAMED_UNIT(*) SI_UNIT($,.STERADIAN.) SOLID_ANGLE_UNIT() );
#5107 = UNCERTAINTY_MEASURE_WITH_UNIT(LENGTH_MEASURE(1.E-07),#5104,
  'distance_accuracy_value','confusion accuracy');
#5108 = CONTEXT_DEPENDENT_SHAPE_REPRESENTATION(#5109,#5111);
#5109 = ( REPRESENTATION_RELATIONSHIP('','',#5094,#10) 
REPRESENTATION_RELATIONSHIP_WITH_TRANSFORMATION(#5110) 
SHAPE_REPRESENTATION_RELATIONSHIP() );
#5110 = ITEM_DEFINED_TRANSFORMATION('','',#11,#23);
#5111 = PRODUCT_DEFINITION_SHAPE('Placement','Placement of an item',
  #5112);
#5112 = NEXT_ASSEMBLY_USAGE_OCCURRENCE('19','VacuumChamberAssembly','',
  #5,#5089,$);
#5113 = PRODUCT_RELATED_PRODUCT_CATEGORY('part',$,(#5091));
#5114 = SHAPE_DEFINITION_REPRESENTATION(#5115,#5121);
#5115 = PRODUCT_DEFINITION_SHAPE('','',#5116);
#5116 = PRODUCT_DEFINITION('design','',#5117,#5120);
#5117 = PRODUCT_DEFINITION_FORMATION('','',#5118);
#5118 = PRODUCT('VacuumChamber','VacuumChamber','',(#5119));
#5119 = PRODUCT_CONTEXT('',#2,'mechanical');
#5120 = PRODUCT_DEFINITION_CONTEXT('part definition',#2,'design');
#5121 = ADVANCED_BREP_SHAPE_REPRESENTATION('',(#11,#5122),#5459);
#5122 = MANIFOLD_SOLID_BREP('',#5123);
#5123 = CLOSED_SHELL('',(#5124,#5164,#5195,#5219,#5243,#5271,#5283,#5308
    ,#5351,#5382,#5406,#5430,#5447));
#5124 = ADVANCED_FACE('',(#5125),#5159,.F.);
#5125 = FACE_BOUND('',#5126,.F.);
#5126 = EDGE_LOOP('',(#5127,#5137,#5145,#5153));
#5127 = ORIENTED_EDGE('',*,*,#5128,.F.);
#5128 = EDGE_CURVE('',#5129,#5131,#5133,.T.);
#5129 = VERTEX_POINT('',#5130);
#5130 = CARTESIAN_POINT('',(0.,0.,0.));
#5131 = VERTEX_POINT('',#5132);
#5132 = CARTESIAN_POINT('',(0.,0.,500.));
#5133 = LINE('',#5134,#5135);
#5134 = CARTESIAN_POINT('',(0.,0.,0.));
#5135 = VECTOR('',#5136,1.);
#5136 = DIRECTION('',(0.,0.,1.));
#5137 = ORIENTED_EDGE('',*,*,#5138,.T.);
#5138 = EDGE_CURVE('',#5129,#5139,#5141,.T.);
#5139 = VERTEX_POINT('',#5140);
#5140 = CARTESIAN_POINT('',(0.,500.,0.));
#5141 = LINE('',#5142,#5143);
#5142 = CARTESIAN_POINT('',(0.,0.,0.));
#5143 = VECTOR('',#5144,1.);
#5144 = DIRECTION('',(0.,1.,0.));
#5145 = ORIENTED_EDGE('',*,*,#5146,.T.);
#5146 = EDGE_CURVE('',#5139,#5147,#5149,.T.);
#5147 = VERTEX_POINT('',#5148);
#5148 = CARTESIAN_POINT('',(0.,500.,500.));
#5149 = LINE('',#5150,#5151);
#5150 = CARTESIAN_POINT('',(0.,500.,0.));
#5151 = VECTOR('',#5152,1.);
#5152 = DIRECTION('',(0.,0.,1.));
#5153 = ORIENTED_EDGE('',*,*,#5154,.F.);
#5154 = EDGE_CURVE('',#5131,#5147,#5155,.T.);
#5155 = LINE('',#5156,#5157);
#5156 = CARTESIAN_POINT('',(0.,0.,500.));
#5157 = VECTOR('',#5158,1.);
#5158 = DIRECTION('',(0.,1.,0.));
#5159 = PLANE('',#5160);
#5160 = AXIS2_PLACEMENT_3D('',#5161,#5162,#5163);
#5161 = CARTESIAN_POINT('',(0.,0.,0.));
#5162 = DIRECTION('',(1.,0.,0.));
#5163 = DIRECTION('',(0.,0.,1.));
#5164 = ADVANCED_FACE('',(#5165),#5190,.F.);
#5165 = FACE_BOUND('',#5166,.F.);
#5166 = EDGE_LOOP('',(#5167,#5175,#5176,#5184));
#5167 = ORIENTED_EDGE('',*,*,#5168,.F.);
#5168 = EDGE_CURVE('',#5129,#5169,#5171,.T.);
#5169 = VERTEX_POINT('',#5170);
#5170 = CARTESIAN_POINT('',(500.,0.,0.));
#5171 = LINE('',#5172,#5173);
#5172 = CARTESIAN_POINT('',(0.,0.,0.));
#5173 = VECTOR('',#5174,1.);
#5174 = DIRECTION('',(1.,0.,0.));
#5175 = ORIENTED_EDGE('',*,*,#5128,.T.);
#5176 = ORIENTED_EDGE('',*,*,#5177,.T.);
#5177 = EDGE_CURVE('',#5131,#5178,#5180,.T.);
#5178 = VERTEX_POINT('',#5179);
#5179 = CARTESIAN_POINT('',(500.,0.,500.));
#5180 = LINE('',#5181,#5182);
#5181 = CARTESIAN_POINT('',(0.,0.,500.));
#5182 = VECTOR('',#5183,1.);
#5183 = DIRECTION('',(1.,0.,0.));
#5184 = ORIENTED_EDGE('',*,*,#5185,.F.);
#5185 = EDGE_CURVE('',#5169,#5178,#5186,.T.);
#5186 = LINE('',#5187,#5188);
#5187 = CARTESIAN_POINT('',(500.,0.,0.));
#5188 = VECTOR('',#5189,1.);
#5189 = DIRECTION('',(0.,0.,1.));
#5190 = PLANE('',#5191);
#5191 = AXIS2_PLACEMENT_3D('',#5192,#5193,#5194);
#5192 = CARTESIAN_POINT('',(0.,0.,0.));
#5193 = DIRECTION('',(0.,1.,0.));
#5194 = DIRECTION('',(0.,0.,1.));
#5195 = ADVANCED_FACE('',(#5196),#5214,.T.);
#5196 = FACE_BOUND('',#5197,.T.);
#5197 = EDGE_LOOP('',(#5198,#5199,#5200,#5208));
#5198 = ORIENTED_EDGE('',*,*,#5154,.F.);
#5199 = ORIENTED_EDGE('',*,*,#5177,.T.);
#5200 = ORIENTED_EDGE('',*,*,#5201,.T.);
#5201 = EDGE_CURVE('',#5178,#5202,#5204,.T.);
#5202 = VERTEX_POINT('',#5203);
#5203 = CARTESIAN_POINT('',(500.,500.,500.));
#5204 = LINE('',#5205,#5206);
#5205 = CARTESIAN_POINT('',(500.,0.,500.));
#5206 = VECTOR('',#5207,1.);
#5207 = DIRECTION('',(0.,1.,0.));
#5208 = ORIENTED_EDGE('',*,*,#5209,.F.);
#5209 = EDGE_CURVE('',#5147,#5202,#5210,.T.);
#5210 = LINE('',#5211,#5212);
#5211 = CARTESIAN_POINT('',(0.,500.,500.));
#5212 = VECTOR('',#5213,1.);
#5213 = DIRECTION('',(1.,0.,0.));
#5214 = PLANE('',#5215);
#5215 = AXIS2_PLACEMENT_3D('',#5216,#5217,#5218);
#5216 = CARTESIAN_POINT('',(0.,0.,500.));
#5217 = DIRECTION('',(0.,0.,1.));
#5218 = DIRECTION('',(1.,0.,0.));
#5219 = ADVANCED_FACE('',(#5220),#5238,.T.);
#5220 = FACE_BOUND('',#5221,.T.);
#5221 = EDGE_LOOP('',(#5222,#5230,#5231,#5232));
#5222 = ORIENTED_EDGE('',*,*,#5223,.F.);
#5223 = EDGE_CURVE('',#5139,#5224,#5226,.T.);
#5224 = VERTEX_POINT('',#5225);
#5225 = CARTESIAN_POINT('',(500.,500.,0.));
#5226 = LINE('',#5227,#5228);
#5227 = CARTESIAN_POINT('',(0.,500.,0.));
#5228 = VECTOR('',#5229,1.);
#5229 = DIRECTION('',(1.,0.,0.));
#5230 = ORIENTED_EDGE('',*,*,#5146,.T.);
#5231 = ORIENTED_EDGE('',*,*,#5209,.T.);
#5232 = ORIENTED_EDGE('',*,*,#5233,.F.);
#5233 = EDGE_CURVE('',#5224,#5202,#5234,.T.);
#5234 = LINE('',#5235,#5236);
#5235 = CARTESIAN_POINT('',(500.,500.,0.));
#5236 = VECTOR('',#5237,1.);
#5237 = DIRECTION('',(0.,0.,1.));
#5238 = PLANE('',#5239);
#5239 = AXIS2_PLACEMENT_3D('',#5240,#5241,#5242);
#5240 = CARTESIAN_POINT('',(0.,500.,0.));
#5241 = DIRECTION('',(0.,1.,0.));
#5242 = DIRECTION('',(0.,0.,1.));
#5243 = ADVANCED_FACE('',(#5244,#5255),#5266,.F.);
#5244 = FACE_BOUND('',#5245,.F.);
#5245 = EDGE_LOOP('',(#5246,#5247,#5248,#5254));
#5246 = ORIENTED_EDGE('',*,*,#5138,.F.);
#5247 = ORIENTED_EDGE('',*,*,#5168,.T.);
#5248 = ORIENTED_EDGE('',*,*,#5249,.T.);
#5249 = EDGE_CURVE('',#5169,#5224,#5250,.T.);
#5250 = LINE('',#5251,#5252);
#5251 = CARTESIAN_POINT('',(500.,0.,0.));
#5252 = VECTOR('',#5253,1.);
#5253 = DIRECTION('',(0.,1.,0.));
#5254 = ORIENTED_EDGE('',*,*,#5223,.F.);
#5255 = FACE_BOUND('',#5256,.F.);
#5256 = EDGE_LOOP('',(#5257));
#5257 = ORIENTED_EDGE('',*,*,#5258,.T.);
#5258 = EDGE_CURVE('',#5259,#5259,#5261,.T.);
#5259 = VERTEX_POINT('',#5260);
#5260 = CARTESIAN_POINT('',(350.,250.,0.));
#5261 = CIRCLE('',#5262,100.);
#5262 = AXIS2_PLACEMENT_3D('',#5263,#5264,#5265);
#5263 = CARTESIAN_POINT('',(250.,250.,0.));
#5264 = DIRECTION('',(0.,0.,-1.));
#5265 = DIRECTION('',(1.,0.,0.));
#5266 = PLANE('',#5267);
#5267 = AXIS2_PLACEMENT_3D('',#5268,#5269,#5270);
#5268 = CARTESIAN_POINT('',(0.,0.,0.));
#5269 = DIRECTION('',(0.,0.,1.));
#5270 = DIRECTION('',(1.,0.,0.));
#5271 = ADVANCED_FACE('',(#5272),#5278,.T.);
#5272 = FACE_BOUND('',#5273,.T.);
#5273 = EDGE_LOOP('',(#5274,#5275,#5276,#5277));
#5274 = ORIENTED_EDGE('',*,*,#5185,.F.);
#5275 = ORIENTED_EDGE('',*,*,#5249,.T.);
#5276 = ORIENTED_EDGE('',*,*,#5233,.T.);
#5277 = ORIENTED_EDGE('',*,*,#5201,.F.);
#5278 = PLANE('',#5279);
#5279 = AXIS2_PLACEMENT_3D('',#5280,#5281,#5282);
#5280 = CARTESIAN_POINT('',(500.,0.,0.));
#5281 = DIRECTION('',(1.,0.,0.));
#5282 = DIRECTION('',(0.,0.,1.));
#5283 = ADVANCED_FACE('',(#5284),#5303,.F.);
#5284 = FACE_BOUND('',#5285,.T.);
#5285 = EDGE_LOOP('',(#5286,#5287,#5295,#5302));
#5286 = ORIENTED_EDGE('',*,*,#5258,.T.);
#5287 = ORIENTED_EDGE('',*,*,#5288,.T.);
#5288 = EDGE_CURVE('',#5259,#5289,#5291,.T.);
#5289 = VERTEX_POINT('',#5290);
#5290 = CARTESIAN_POINT('',(350.,250.,25.));
#5291 = LINE('',#5292,#5293);
#5292 = CARTESIAN_POINT('',(350.,250.,-10.));
#5293 = VECTOR('',#5294,1.);
#5294 = DIRECTION('',(0.,0.,1.));
#5295 = ORIENTED_EDGE('',*,*,#5296,.F.);
#5296 = EDGE_CURVE('',#5289,#5289,#5297,.T.);
#5297 = CIRCLE('',#5298,100.);
#5298 = AXIS2_PLACEMENT_3D('',#5299,#5300,#5301);
#5299 = CARTESIAN_POINT('',(250.,250.,25.));
#5300 = DIRECTION('',(0.,0.,-1.));
#5301 = DIRECTION('',(1.,0.,0.));
#5302 = ORIENTED_EDGE('',*,*,#5288,.F.);
#5303 = CYLINDRICAL_SURFACE('',#5304,100.);
#5304 = AXIS2_PLACEMENT_3D('',#5305,#5306,#5307);
#5305 = CARTESIAN_POINT('',(250.,250.,-10.));
#5306 = DIRECTION('',(-0.,-0.,-1.));
#5307 = DIRECTION('',(1.,0.,0.));
#5308 = ADVANCED_FACE('',(#5309,#5343),#5346,.T.);
#5309 = FACE_BOUND('',#5310,.T.);
#5310 = EDGE_LOOP('',(#5311,#5321,#5329,#5337));
#5311 = ORIENTED_EDGE('',*,*,#5312,.F.);
#5312 = EDGE_CURVE('',#5313,#5315,#5317,.T.);
#5313 = VERTEX_POINT('',#5314);
#5314 = CARTESIAN_POINT('',(25.,25.,25.));
#5315 = VERTEX_POINT('',#5316);
#5316 = CARTESIAN_POINT('',(25.,475.,25.));
#5317 = LINE('',#5318,#5319);
#5318 = CARTESIAN_POINT('',(25.,25.,25.));
#5319 = VECTOR('',#5320,1.);
#5320 = DIRECTION('',(0.,1.,0.));
#5321 = ORIENTED_EDGE('',*,*,#5322,.T.);
#5322 = EDGE_CURVE('',#5313,#5323,#5325,.T.);
#5323 = VERTEX_POINT('',#5324);
#5324 = CARTESIAN_POINT('',(475.,25.,25.));
#5325 = LINE('',#5326,#5327);
#5326 = CARTESIAN_POINT('',(25.,25.,25.));
#5327 = VECTOR('',#5328,1.);
#5328 = DIRECTION('',(1.,0.,0.));
#5329 = ORIENTED_EDGE('',*,*,#5330,.T.);
#5330 = EDGE_CURVE('',#5323,#5331,#5333,.T.);
#5331 = VERTEX_POINT('',#5332);
#5332 = CARTESIAN_POINT('',(475.,475.,25.));
#5333 = LINE('',#5334,#5335);
#5334 = CARTESIAN_POINT('',(475.,25.,25.));
#5335 = VECTOR('',#5336,1.);
#5336 = DIRECTION('',(0.,1.,0.));
#5337 = ORIENTED_EDGE('',*,*,#5338,.F.);
#5338 = EDGE_CURVE('',#5315,#5331,#5339,.T.);
#5339 = LINE('',#5340,#5341);
#5340 = CARTESIAN_POINT('',(25.,475.,25.));
#5341 = VECTOR('',#5342,1.);
#5342 = DIRECTION('',(1.,0.,0.));
#5343 = FACE_BOUND('',#5344,.T.);
#5344 = EDGE_LOOP('',(#5345));
#5345 = ORIENTED_EDGE('',*,*,#5296,.T.);
#5346 = PLANE('',#5347);
#5347 = AXIS2_PLACEMENT_3D('',#5348,#5349,#5350);
#5348 = CARTESIAN_POINT('',(25.,25.,25.));
#5349 = DIRECTION('',(0.,0.,1.));
#5350 = DIRECTION('',(1.,0.,0.));
#5351 = ADVANCED_FACE('',(#5352),#5377,.T.);
#5352 = FACE_BOUND('',#5353,.T.);
#5353 = EDGE_LOOP('',(#5354,#5362,#5363,#5371));
#5354 = ORIENTED_EDGE('',*,*,#5355,.F.);
#5355 = EDGE_CURVE('',#5313,#5356,#5358,.T.);
#5356 = VERTEX_POINT('',#5357);
#5357 = CARTESIAN_POINT('',(25.,25.,475.));
#5358 = LINE('',#5359,#5360);
#5359 = CARTESIAN_POINT('',(25.,25.,25.));
#5360 = VECTOR('',#5361,1.);
#5361 = DIRECTION('',(0.,0.,1.));
#5362 = ORIENTED_EDGE('',*,*,#5312,.T.);
#5363 = ORIENTED_EDGE('',*,*,#5364,.T.);
#5364 = EDGE_CURVE('',#5315,#5365,#5367,.T.);
#5365 = VERTEX_POINT('',#5366);
#5366 = CARTESIAN_POINT('',(25.,475.,475.));
#5367 = LINE('',#5368,#5369);
#5368 = CARTESIAN_POINT('',(25.,475.,25.));
#5369 = VECTOR('',#5370,1.);
#5370 = DIRECTION('',(0.,0.,1.));
#5371 = ORIENTED_EDGE('',*,*,#5372,.F.);
#5372 = EDGE_CURVE('',#5356,#5365,#5373,.T.);
#5373 = LINE('',#5374,#5375);
#5374 = CARTESIAN_POINT('',(25.,25.,475.));
#5375 = VECTOR('',#5376,1.);
#5376 = DIRECTION('',(0.,1.,0.));
#5377 = PLANE('',#5378);
#5378 = AXIS2_PLACEMENT_3D('',#5379,#5380,#5381);
#5379 = CARTESIAN_POINT('',(25.,25.,25.));
#5380 = DIRECTION('',(1.,0.,0.));
#5381 = DIRECTION('',(0.,0.,1.));
#5382 = ADVANCED_FACE('',(#5383),#5401,.F.);
#5383 = FACE_BOUND('',#5384,.F.);
#5384 = EDGE_LOOP('',(#5385,#5386,#5387,#5395));
#5385 = ORIENTED_EDGE('',*,*,#5338,.F.);
#5386 = ORIENTED_EDGE('',*,*,#5364,.T.);
#5387 = ORIENTED_EDGE('',*,*,#5388,.T.);
#5388 = EDGE_CURVE('',#5365,#5389,#5391,.T.);
#5389 = VERTEX_POINT('',#5390);
#5390 = CARTESIAN_POINT('',(475.,475.,475.));
#5391 = LINE('',#5392,#5393);
#5392 = CARTESIAN_POINT('',(25.,475.,475.));
#5393 = VECTOR('',#5394,1.);
#5394 = DIRECTION('',(1.,0.,0.));
#5395 = ORIENTED_EDGE('',*,*,#5396,.F.);
#5396 = EDGE_CURVE('',#5331,#5389,#5397,.T.);
#5397 = LINE('',#5398,#5399);
#5398 = CARTESIAN_POINT('',(475.,475.,25.));
#5399 = VECTOR('',#5400,1.);
#5400 = DIRECTION('',(0.,0.,1.));
#5401 = PLANE('',#5402);
#5402 = AXIS2_PLACEMENT_3D('',#5403,#5404,#5405);
#5403 = CARTESIAN_POINT('',(25.,475.,25.));
#5404 = DIRECTION('',(0.,1.,0.));
#5405 = DIRECTION('',(0.,0.,1.));
#5406 = ADVANCED_FACE('',(#5407),#5425,.T.);
#5407 = FACE_BOUND('',#5408,.T.);
#5408 = EDGE_LOOP('',(#5409,#5410,#5411,#5419));
#5409 = ORIENTED_EDGE('',*,*,#5322,.F.);
#5410 = ORIENTED_EDGE('',*,*,#5355,.T.);
#5411 = ORIENTED_EDGE('',*,*,#5412,.T.);
#5412 = EDGE_CURVE('',#5356,#5413,#5415,.T.);
#5413 = VERTEX_POINT('',#5414);
#5414 = CARTESIAN_POINT('',(475.,25.,475.));
#5415 = LINE('',#5416,#5417);
#5416 = CARTESIAN_POINT('',(25.,25.,475.));
#5417 = VECTOR('',#5418,1.);
#5418 = DIRECTION('',(1.,0.,0.));
#5419 = ORIENTED_EDGE('',*,*,#5420,.F.);
#5420 = EDGE_CURVE('',#5323,#5413,#5421,.T.);
#5421 = LINE('',#5422,#5423);
#5422 = CARTESIAN_POINT('',(475.,25.,25.));
#5423 = VECTOR('',#5424,1.);
#5424 = DIRECTION('',(0.,0.,1.));
#5425 = PLANE('',#5426);
#5426 = AXIS2_PLACEMENT_3D('',#5427,#5428,#5429);
#5427 = CARTESIAN_POINT('',(25.,25.,25.));
#5428 = DIRECTION('',(0.,1.,0.));
#5429 = DIRECTION('',(0.,0.,1.));
#5430 = ADVANCED_FACE('',(#5431),#5442,.F.);
#5431 = FACE_BOUND('',#5432,.F.);
#5432 = EDGE_LOOP('',(#5433,#5434,#5435,#5436));
#5433 = ORIENTED_EDGE('',*,*,#5420,.F.);
#5434 = ORIENTED_EDGE('',*,*,#5330,.T.);
#5435 = ORIENTED_EDGE('',*,*,#5396,.T.);
#5436 = ORIENTED_EDGE('',*,*,#5437,.F.);
#5437 = EDGE_CURVE('',#5413,#5389,#5438,.T.);
#5438 = LINE('',#5439,#5440);
#5439 = CARTESIAN_POINT('',(475.,25.,475.));
#5440 = VECTOR('',#5441,1.);
#5441 = DIRECTION('',(0.,1.,0.));
#5442 = PLANE('',#5443);
#5443 = AXIS2_PLACEMENT_3D('',#5444,#5445,#5446);
#5444 = CARTESIAN_POINT('',(475.,25.,25.));
#5445 = DIRECTION('',(1.,0.,0.));
#5446 = DIRECTION('',(0.,0.,1.));
#5447 = ADVANCED_FACE('',(#5448),#5454,.F.);
#5448 = FACE_BOUND('',#5449,.F.);
#5449 = EDGE_LOOP('',(#5450,#5451,#5452,#5453));
#5450 = ORIENTED_EDGE('',*,*,#5372,.F.);
#5451 = ORIENTED_EDGE('',*,*,#5412,.T.);
#5452 = ORIENTED_EDGE('',*,*,#5437,.T.);
#5453 = ORIENTED_EDGE('',*,*,#5388,.F.);
#5454 = PLANE('',#5455);
#5455 = AXIS2_PLACEMENT_3D('',#5456,#5457,#5458);
#5456 = CARTESIAN_POINT('',(25.,25.,475.));
#5457 = DIRECTION('',(0.,0.,1.));
#5458 = DIRECTION('',(1.,0.,0.));
#5459 = ( GEOMETRIC_REPRESENTATION_CONTEXT(3) 
GLOBAL_UNCERTAINTY_ASSIGNED_CONTEXT((#5463)) 
GLOBAL_UNIT_ASSIGNED_CONTEXT((#5460,#5461,#5462)) REPRESENTATION_CONTEXT
('Context #1','3D Context with UNIT and UNCERTAINTY') );
#5460 = ( LENGTH_UNIT() NAMED_UNIT(*) SI_UNIT(.MILLI.,.METRE.) );
#5461 = ( NAMED_UNIT(*) PLANE_ANGLE_UNIT() SI_UNIT($,.RADIAN.) );
#5462 = ( NAMED_UNIT(*) SI_UNIT($,.STERADIAN.) SOLID_ANGLE_UNIT() );
#5463 = UNCERTAINTY_MEASURE_WITH_UNIT(LENGTH_MEASURE(1.E-07),#5460,
  'distance_accuracy_value','confusion accuracy');
#5464 = CONTEXT_DEPENDENT_SHAPE_REPRESENTATION(#5465,#5467);
#5465 = ( REPRESENTATION_RELATIONSHIP('','',#5121,#5094) 
REPRESENTATION_RELATIONSHIP_WITH_TRANSFORMATION(#5466) 
SHAPE_REPRESENTATION_RELATIONSHIP() );
#5466 = ITEM_DEFINED_TRANSFORMATION('','',#11,#5095);
#5467 = PRODUCT_DEFINITION_SHAPE('Placement','Placement of an item',
  #5468);
#5468 = NEXT_ASSEMBLY_USAGE_OCCURRENCE('17','VacuumChamber','',#5089,
  #5116,$);
#5469 = PRODUCT_RELATED_PRODUCT_CATEGORY('part',$,(#5118));
#5470 = SHAPE_DEFINITION_REPRESENTATION(#5471,#5477);
#5471 = PRODUCT_DEFINITION_SHAPE('','',#5472);
#5472 = PRODUCT_DEFINITION('design','',#5473,#5476);
#5473 = PRODUCT_DEFINITION_FORMATION('','',#5474);
#5474 = PRODUCT('Window','Window','',(#5475));
#5475 = PRODUCT_CONTEXT('',#2,'mechanical');
#5476 = PRODUCT_DEFINITION_CONTEXT('part definition',#2,'design');
#5477 = ADVANCED_BREP_SHAPE_REPRESENTATION('',(#11,#5478),#5531);
#5478 = MANIFOLD_SOLID_BREP('',#5479);
#5479 = CLOSED_SHELL('',(#5480,#5513,#5522));
#5480 = ADVANCED_FACE('',(#5481),#5508,.T.);
#5481 = FACE_BOUND('',#5482,.F.);
#5482 = EDGE_LOOP('',(#5483,#5493,#5500,#5501));
#5483 = ORIENTED_EDGE('',*,*,#5484,.T.);
#5484 = EDGE_CURVE('',#5485,#5487,#5489,.T.);
#5485 = VERTEX_POINT('',#5486);
#5486 = CARTESIAN_POINT('',(99.6,-2.4E-14,0.));
#5487 = VERTEX_POINT('',#5488);
#5488 = CARTESIAN_POINT('',(99.6,-2.4E-14,12.5));
#5489 = LINE('',#5490,#5491);
#5490 = CARTESIAN_POINT('',(99.6,-2.439E-14,0.));
#5491 = VECTOR('',#5492,1.);
#5492 = DIRECTION('',(0.,0.,1.));
#5493 = ORIENTED_EDGE('',*,*,#5494,.T.);
#5494 = EDGE_CURVE('',#5487,#5487,#5495,.T.);
#5495 = CIRCLE('',#5496,99.6);
#5496 = AXIS2_PLACEMENT_3D('',#5497,#5498,#5499);
#5497 = CARTESIAN_POINT('',(0.,0.,12.5));
#5498 = DIRECTION('',(0.,0.,1.));
#5499 = DIRECTION('',(1.,0.,0.));
#5500 = ORIENTED_EDGE('',*,*,#5484,.F.);
#5501 = ORIENTED_EDGE('',*,*,#5502,.F.);
#5502 = EDGE_CURVE('',#5485,#5485,#5503,.T.);
#5503 = CIRCLE('',#5504,99.6);
#5504 = AXIS2_PLACEMENT_3D('',#5505,#5506,#5507);
#5505 = CARTESIAN_POINT('',(0.,0.,0.));
#5506 = DIRECTION('',(0.,0.,1.));
#5507 = DIRECTION('',(1.,0.,-0.));
#5508 = CYLINDRICAL_SURFACE('',#5509,99.6);
#5509 = AXIS2_PLACEMENT_3D('',#5510,#5511,#5512);
#5510 = CARTESIAN_POINT('',(0.,0.,0.));
#5511 = DIRECTION('',(-0.,-0.,-1.));
#5512 = DIRECTION('',(1.,0.,-0.));
#5513 = ADVANCED_FACE('',(#5514),#5517,.F.);
#5514 = FACE_BOUND('',#5515,.T.);
#5515 = EDGE_LOOP('',(#5516));
#5516 = ORIENTED_EDGE('',*,*,#5502,.F.);
#5517 = PLANE('',#5518);
#5518 = AXIS2_PLACEMENT_3D('',#5519,#5520,#5521);
#5519 = CARTESIAN_POINT('',(0.,0.,0.));
#5520 = DIRECTION('',(0.,0.,1.));
#5521 = DIRECTION('',(1.,0.,-0.));
#5522 = ADVANCED_FACE('',(#5523),#5526,.T.);
#5523 = FACE_BOUND('',#5524,.F.);
#5524 = EDGE_LOOP('',(#5525));
#5525 = ORIENTED_EDGE('',*,*,#5494,.F.);
#5526 = PLANE('',#5527);
#5527 = AXIS2_PLACEMENT_3D('',#5528,#5529,#5530);
#5528 = CARTESIAN_POINT('',(0.,0.,12.5));
#5529 = DIRECTION('',(0.,0.,1.));
#5530 = DIRECTION('',(1.,0.,0.));
#5531 = ( GEOMETRIC_REPRESENTATION_CONTEXT(3) 
GLOBAL_UNCERTAINTY_ASSIGNED_CONTEXT((#5535)) 
GLOBAL_UNIT_ASSIGNED_CONTEXT((#5532,#5533,#5534)) REPRESENTATION_CONTEXT
('Context #1','3D Context with UNIT and UNCERTAINTY') );
#5532 = ( LENGTH_UNIT() NAMED_UNIT(*) SI_UNIT(.MILLI.,.METRE.) );
#5533 = ( NAMED_UNIT(*) PLANE_ANGLE_UNIT() SI_UNIT($,.RADIAN.) );
#5534 = ( NAMED_UNIT(*) SI_UNIT($,.STERADIAN.) SOLID_ANGLE_UNIT() );
#5535 = UNCERTAINTY_MEASURE_WITH_UNIT(LENGTH_MEASURE(1.E-07),#5532,
  'distance_accuracy_value','confusion accuracy');
#5536 = CONTEXT_DEPENDENT_SHAPE_REPRESENTATION(#5537,#5539);
#5537 = ( REPRESENTATION_RELATIONSHIP('','',#5477,#5094) 
REPRESENTATION_RELATIONSHIP_WITH_TRANSFORMATION(#5538) 
SHAPE_REPRESENTATION_RELATIONSHIP() );
#5538 = ITEM_DEFINED_TRANSFORMATION('','',#11,#5099);
#5539 = PRODUCT_DEFINITION_SHAPE('Placement','Placement of an item',
  #5540);
#5540 = NEXT_ASSEMBLY_USAGE_OCCURRENCE('18','Window','',#5089,#5472,$);
#5541 = PRODUCT_RELATED_PRODUCT_CATEGORY('part',$,(#5474));
#5542 = SHAPE_DEFINITION_REPRESENTATION(#5543,#5549);
#5543 = PRODUCT_DEFINITION_SHAPE('','',#5544);
#5544 = PRODUCT_DEFINITION('design','',#5545,#5548);
#5545 = PRODUCT_DEFINITION_FORMATION('','',#5546);
#5546 = PRODUCT('MagnetConfig_2','MagnetConfig_2','',(#5547));
#5547 = PRODUCT_CONTEXT('',#2,'mechanical');
#5548 = PRODUCT_DEFINITION_CONTEXT('part definition',#2,'design');
#5549 = SHAPE_REPRESENTATION('',(#11,#5550),#5554);
#5550 = AXIS2_PLACEMENT_3D('',#5551,#5552,#5553);
#5551 = CARTESIAN_POINT('',(-40.,0.,-100.));
#5552 = DIRECTION('',(0.,0.,1.));
#5553 = DIRECTION('',(1.,0.,0.));
#5554 = ( GEOMETRIC_REPRESENTATION_CONTEXT(3) 
GLOBAL_UNCERTAINTY_ASSIGNED_CONTEXT((#5558)) 
GLOBAL_UNIT_ASSIGNED_CONTEXT((#5555,#5556,#5557)) REPRESENTATION_CONTEXT
('Context #1','3D Context with UNIT and UNCERTAINTY') );
#5555 = ( LENGTH_UNIT() NAMED_UNIT(*) SI_UNIT(.MILLI.,.METRE.) );
#5556 = ( NAMED_UNIT(*) PLANE_ANGLE_UNIT() SI_UNIT($,.RADIAN.) );
#5557 = ( NAMED_UNIT(*) SI_UNIT($,.STERADIAN.) SOLID_ANGLE_UNIT() );
#5558 = UNCERTAINTY_MEASURE_WITH_UNIT(LENGTH_MEASURE(1.E-07),#5555,
  'distance_accuracy_value','confusion accuracy');
#5559 = CONTEXT_DEPENDENT_SHAPE_REPRESENTATION(#5560,#5562);
#5560 = ( REPRESENTATION_RELATIONSHIP('','',#5549,#10) 
REPRESENTATION_RELATIONSHIP_WITH_TRANSFORMATION(#5561) 
SHAPE_REPRESENTATION_RELATIONSHIP() );
#5561 = ITEM_DEFINED_TRANSFORMATION('','',#11,#27);
#5562 = PRODUCT_DEFINITION_SHAPE('Placement','Placement of an item',
  #5563);
#5563 = NEXT_ASSEMBLY_USAGE_OCCURRENCE('21','MagnetConfig_2','',#5,#5544
  ,$);
#5564 = PRODUCT_RELATED_PRODUCT_CATEGORY('part',$,(#5546));
#5565 = SHAPE_DEFINITION_REPRESENTATION(#5566,#5572);
#5566 = PRODUCT_DEFINITION_SHAPE('','',#5567);
#5567 = PRODUCT_DEFINITION('design','',#5568,#5571);
#5568 = PRODUCT_DEFINITION_FORMATION('','',#5569);
#5569 = PRODUCT('MagneticRegion_1','MagneticRegion_1','',(#5570));
#5570 = PRODUCT_CONTEXT('',#2,'mechanical');
#5571 = PRODUCT_DEFINITION_CONTEXT('part definition',#2,'design');
#5572 = ADVANCED_BREP_SHAPE_REPRESENTATION('',(#11,#5573),#5723);
#5573 = MANIFOLD_SOLID_BREP('',#5574);
#5574 = CLOSED_SHELL('',(#5575,#5615,#5655,#5677,#5699,#5711));
#5575 = ADVANCED_FACE('',(#5576),#5610,.F.);
#5576 = FACE_BOUND('',#5577,.F.);
#5577 = EDGE_LOOP('',(#5578,#5588,#5596,#5604));
#5578 = ORIENTED_EDGE('',*,*,#5579,.F.);
#5579 = EDGE_CURVE('',#5580,#5582,#5584,.T.);
#5580 = VERTEX_POINT('',#5581);
#5581 = CARTESIAN_POINT('',(0.,0.,0.));
#5582 = VERTEX_POINT('',#5583);
#5583 = CARTESIAN_POINT('',(0.,0.,120.));
#5584 = LINE('',#5585,#5586);
#5585 = CARTESIAN_POINT('',(0.,0.,0.));
#5586 = VECTOR('',#5587,1.);
#5587 = DIRECTION('',(0.,0.,1.));
#5588 = ORIENTED_EDGE('',*,*,#5589,.T.);
#5589 = EDGE_CURVE('',#5580,#5590,#5592,.T.);
#5590 = VERTEX_POINT('',#5591);
#5591 = CARTESIAN_POINT('',(0.,100.,0.));
#5592 = LINE('',#5593,#5594);
#5593 = CARTESIAN_POINT('',(0.,0.,0.));
#5594 = VECTOR('',#5595,1.);
#5595 = DIRECTION('',(-0.,1.,0.));
#5596 = ORIENTED_EDGE('',*,*,#5597,.T.);
#5597 = EDGE_CURVE('',#5590,#5598,#5600,.T.);
#5598 = VERTEX_POINT('',#5599);
#5599 = CARTESIAN_POINT('',(0.,100.,120.));
#5600 = LINE('',#5601,#5602);
#5601 = CARTESIAN_POINT('',(0.,100.,0.));
#5602 = VECTOR('',#5603,1.);
#5603 = DIRECTION('',(0.,0.,1.));
#5604 = ORIENTED_EDGE('',*,*,#5605,.F.);
#5605 = EDGE_CURVE('',#5582,#5598,#5606,.T.);
#5606 = LINE('',#5607,#5608);
#5607 = CARTESIAN_POINT('',(0.,0.,120.));
#5608 = VECTOR('',#5609,1.);
#5609 = DIRECTION('',(-0.,1.,0.));
#5610 = PLANE('',#5611);
#5611 = AXIS2_PLACEMENT_3D('',#5612,#5613,#5614);
#5612 = CARTESIAN_POINT('',(0.,0.,0.));
#5613 = DIRECTION('',(1.,0.,-0.));
#5614 = DIRECTION('',(0.,0.,1.));
#5615 = ADVANCED_FACE('',(#5616),#5650,.T.);
#5616 = FACE_BOUND('',#5617,.T.);
#5617 = EDGE_LOOP('',(#5618,#5628,#5636,#5644));
#5618 = ORIENTED_EDGE('',*,*,#5619,.F.);
#5619 = EDGE_CURVE('',#5620,#5622,#5624,.T.);
#5620 = VERTEX_POINT('',#5621);
#5621 = CARTESIAN_POINT('',(80.,0.,0.));
#5622 = VERTEX_POINT('',#5623);
#5623 = CARTESIAN_POINT('',(80.,0.,120.));
#5624 = LINE('',#5625,#5626);
#5625 = CARTESIAN_POINT('',(80.,0.,0.));
#5626 = VECTOR('',#5627,1.);
#5627 = DIRECTION('',(0.,0.,1.));
#5628 = ORIENTED_EDGE('',*,*,#5629,.T.);
#5629 = EDGE_CURVE('',#5620,#5630,#5632,.T.);
#5630 = VERTEX_POINT('',#5631);
#5631 = CARTESIAN_POINT('',(80.,100.,0.));
#5632 = LINE('',#5633,#5634);
#5633 = CARTESIAN_POINT('',(80.,0.,0.));
#5634 = VECTOR('',#5635,1.);
#5635 = DIRECTION('',(-0.,1.,0.));
#5636 = ORIENTED_EDGE('',*,*,#5637,.T.);
#5637 = EDGE_CURVE('',#5630,#5638,#5640,.T.);
#5638 = VERTEX_POINT('',#5639);
#5639 = CARTESIAN_POINT('',(80.,100.,120.));
#5640 = LINE('',#5641,#5642);
#5641 = CARTESIAN_POINT('',(80.,100.,0.));
#5642 = VECTOR('',#5643,1.);
#5643 = DIRECTION('',(0.,0.,1.));
#5644 = ORIENTED_EDGE('',*,*,#5645,.F.);
#5645 = EDGE_CURVE('',#5622,#5638,#5646,.T.);
#5646 = LINE('',#5647,#5648);
#5647 = CARTESIAN_POINT('',(80.,0.,120.));
#5648 = VECTOR('',#5649,1.);
#5649 = DIRECTION('',(-0.,1.,0.));
#5650 = PLANE('',#5651);
#5651 = AXIS2_PLACEMENT_3D('',#5652,#5653,#5654);
#5652 = CARTESIAN_POINT('',(80.,0.,0.));
#5653 = DIRECTION('',(1.,0.,-0.));
#5654 = DIRECTION('',(0.,0.,1.));
#5655 = ADVANCED_FACE('',(#5656),#5672,.F.);
#5656 = FACE_BOUND('',#5657,.F.);
#5657 = EDGE_LOOP('',(#5658,#5664,#5665,#5671));
#5658 = ORIENTED_EDGE('',*,*,#5659,.F.);
#5659 = EDGE_CURVE('',#5580,#5620,#5660,.T.);
#5660 = LINE('',#5661,#5662);
#5661 = CARTESIAN_POINT('',(0.,0.,0.));
#5662 = VECTOR('',#5663,1.);
#5663 = DIRECTION('',(1.,0.,-0.));
#5664 = ORIENTED_EDGE('',*,*,#5579,.T.);
#5665 = ORIENTED_EDGE('',*,*,#5666,.T.);
#5666 = EDGE_CURVE('',#5582,#5622,#5667,.T.);
#5667 = LINE('',#5668,#5669);
#5668 = CARTESIAN_POINT('',(0.,0.,120.));
#5669 = VECTOR('',#5670,1.);
#5670 = DIRECTION('',(1.,0.,-0.));
#5671 = ORIENTED_EDGE('',*,*,#5619,.F.);
#5672 = PLANE('',#5673);
#5673 = AXIS2_PLACEMENT_3D('',#5674,#5675,#5676);
#5674 = CARTESIAN_POINT('',(0.,0.,0.));
#5675 = DIRECTION('',(-0.,1.,0.));
#5676 = DIRECTION('',(0.,0.,1.));
#5677 = ADVANCED_FACE('',(#5678),#5694,.T.);
#5678 = FACE_BOUND('',#5679,.T.);
#5679 = EDGE_LOOP('',(#5680,#5686,#5687,#5693));
#5680 = ORIENTED_EDGE('',*,*,#5681,.F.);
#5681 = EDGE_CURVE('',#5590,#5630,#5682,.T.);
#5682 = LINE('',#5683,#5684);
#5683 = CARTESIAN_POINT('',(0.,100.,0.));
#5684 = VECTOR('',#5685,1.);
#5685 = DIRECTION('',(1.,0.,-0.));
#5686 = ORIENTED_EDGE('',*,*,#5597,.T.);
#5687 = ORIENTED_EDGE('',*,*,#5688,.T.);
#5688 = EDGE_CURVE('',#5598,#5638,#5689,.T.);
#5689 = LINE('',#5690,#5691);
#5690 = CARTESIAN_POINT('',(0.,100.,120.));
#5691 = VECTOR('',#5692,1.);
#5692 = DIRECTION('',(1.,0.,-0.));
#5693 = ORIENTED_EDGE('',*,*,#5637,.F.);
#5694 = PLANE('',#5695);
#5695 = AXIS2_PLACEMENT_3D('',#5696,#5697,#5698);
#5696 = CARTESIAN_POINT('',(0.,100.,0.));
#5697 = DIRECTION('',(-0.,1.,0.));
#5698 = DIRECTION('',(0.,0.,1.));
#5699 = ADVANCED_FACE('',(#5700),#5706,.F.);
#5700 = FACE_BOUND('',#5701,.F.);
#5701 = EDGE_LOOP('',(#5702,#5703,#5704,#5705));
#5702 = ORIENTED_EDGE('',*,*,#5589,.F.);
#5703 = ORIENTED_EDGE('',*,*,#5659,.T.);
#5704 = ORIENTED_EDGE('',*,*,#5629,.T.);
#5705 = ORIENTED_EDGE('',*,*,#5681,.F.);
#5706 = PLANE('',#5707);
#5707 = AXIS2_PLACEMENT_3D('',#5708,#5709,#5710);
#5708 = CARTESIAN_POINT('',(0.,0.,0.));
#5709 = DIRECTION('',(0.,0.,1.));
#5710 = DIRECTION('',(1.,0.,-0.));
#5711 = ADVANCED_FACE('',(#5712),#5718,.T.);
#5712 = FACE_BOUND('',#5713,.T.);
#5713 = EDGE_LOOP('',(#5714,#5715,#5716,#5717));
#5714 = ORIENTED_EDGE('',*,*,#5605,.F.);
#5715 = ORIENTED_EDGE('',*,*,#5666,.T.);
#5716 = ORIENTED_EDGE('',*,*,#5645,.T.);
#5717 = ORIENTED_EDGE('',*,*,#5688,.F.);
#5718 = PLANE('',#5719);
#5719 = AXIS2_PLACEMENT_3D('',#5720,#5721,#5722);
#5720 = CARTESIAN_POINT('',(0.,0.,120.));
#5721 = DIRECTION('',(0.,0.,1.));
#5722 = DIRECTION('',(1.,0.,-0.));
#5723 = ( GEOMETRIC_REPRESENTATION_CONTEXT(3) 
GLOBAL_UNCERTAINTY_ASSIGNED_CONTEXT((#5727)) 
GLOBAL_UNIT_ASSIGNED_CONTEXT((#5724,#5725,#5726)) REPRESENTATION_CONTEXT
('Context #1','3D Context with UNIT and UNCERTAINTY') );
#5724 = ( LENGTH_UNIT() NAMED_UNIT(*) SI_UNIT(.MILLI.,.METRE.) );
#5725 = ( NAMED_UNIT(*) PLANE_ANGLE_UNIT() SI_UNIT($,.RADIAN.) );
#5726 = ( NAMED_UNIT(*) SI_UNIT($,.STERADIAN.) SOLID_ANGLE_UNIT() );
#5727 = UNCERTAINTY_MEASURE_WITH_UNIT(LENGTH_MEASURE(1.E-07),#5724,
  'distance_accuracy_value','confusion accuracy');
#5728 = CONTEXT_DEPENDENT_SHAPE_REPRESENTATION(#5729,#5731);
#5729 = ( REPRESENTATION_RELATIONSHIP('','',#5572,#5549) 
REPRESENTATION_RELATIONSHIP_WITH_TRANSFORMATION(#5730) 
SHAPE_REPRESENTATION_RELATIONSHIP() );
#5730 = ITEM_DEFINED_TRANSFORMATION('','',#11,#5550);
#5731 = PRODUCT_DEFINITION_SHAPE('Placement','Placement of an item',
  #5732);
#5732 = NEXT_ASSEMBLY_USAGE_OCCURRENCE('20','MagneticRegion_1','',#5544,
  #5567,$);
#5733 = PRODUCT_RELATED_PRODUCT_CATEGORY('part',$,(#5569));
#5734 = MECHANICAL_DESIGN_GEOMETRIC_PRESENTATION_REPRESENTATION('',(
    #5735),#492);
#5735 = STYLED_ITEM('color',(#5736),#68);
#5736 = PRESENTATION_STYLE_ASSIGNMENT((#5737,#5745));
#5737 = SURFACE_STYLE_USAGE(.BOTH.,#5738);
#5738 = SURFACE_SIDE_STYLE('',(#5739,#5743));
#5739 = SURFACE_STYLE_FILL_AREA(#5740);
#5740 = FILL_AREA_STYLE('',(#5741));
#5741 = FILL_AREA_STYLE_COLOUR('',#5742);
#5742 = COLOUR_RGB('',0.40784314916,0.533333357804,0.431372551983);
#5743 = SURFACE_STYLE_RENDERING_WITH_PROPERTIES(.NORMAL_SHADING.,#5742,(
    #5744));
#5744 = SURFACE_STYLE_TRANSPARENT(0.600000023842);
#5745 = CURVE_STYLE('',#5746,POSITIVE_LENGTH_MEASURE(0.1),#5747);
#5746 = DRAUGHTING_PRE_DEFINED_CURVE_FONT('continuous');
#5747 = COLOUR_RGB('',9.803921802644E-02,9.803921802644E-02,
  9.803921802644E-02);
#5748 = MECHANICAL_DESIGN_GEOMETRIC_PRESENTATION_REPRESENTATION('',(
    #5749),#4062);
#5749 = STYLED_ITEM('color',(#5750),#3912);
#5750 = PRESENTATION_STYLE_ASSIGNMENT((#5751,#5759));
#5751 = SURFACE_STYLE_USAGE(.BOTH.,#5752);
#5752 = SURFACE_SIDE_STYLE('',(#5753,#5757));
#5753 = SURFACE_STYLE_FILL_AREA(#5754);
#5754 = FILL_AREA_STYLE('',(#5755));
#5755 = FILL_AREA_STYLE_COLOUR('',#5756);
#5756 = COLOUR_RGB('',0.447058818107,0.474509808674,0.501960817233);
#5757 = SURFACE_STYLE_RENDERING_WITH_PROPERTIES(.NORMAL_SHADING.,#5756,(
    #5758));
#5758 = SURFACE_STYLE_TRANSPARENT(0.800000011921);
#5759 = CURVE_STYLE('',#5760,POSITIVE_LENGTH_MEASURE(0.1),#5747);
#5760 = DRAUGHTING_PRE_DEFINED_CURVE_FONT('continuous');
#5761 = MECHANICAL_DESIGN_GEOMETRIC_PRESENTATION_REPRESENTATION('',(
    #5762),#5459);
#5762 = STYLED_ITEM('color',(#5763),#5122);
#5763 = PRESENTATION_STYLE_ASSIGNMENT((#5764,#5772));
#5764 = SURFACE_STYLE_USAGE(.BOTH.,#5765);
#5765 = SURFACE_SIDE_STYLE('',(#5766,#5770));
#5766 = SURFACE_STYLE_FILL_AREA(#5767);
#5767 = FILL_AREA_STYLE('',(#5768));
#5768 = FILL_AREA_STYLE_COLOUR('',#5769);
#5769 = COLOUR_RGB('',0.301960791261,0.301960791261,0.301960791261);
#5770 = SURFACE_STYLE_RENDERING_WITH_PROPERTIES(.NORMAL_SHADING.,#5769,(
    #5771));
#5771 = SURFACE_STYLE_TRANSPARENT(0.899999976158);
#5772 = CURVE_STYLE('',#5773,POSITIVE_LENGTH_MEASURE(0.1),#5747);
#5773 = DRAUGHTING_PRE_DEFINED_CURVE_FONT('continuous');
#5774 = MECHANICAL_DESIGN_GEOMETRIC_PRESENTATION_REPRESENTATION('',(
    #5775),#1735);
#5775 = STYLED_ITEM('color',(#5776),#1156);
#5776 = PRESENTATION_STYLE_ASSIGNMENT((#5777,#5783));
#5777 = SURFACE_STYLE_USAGE(.BOTH.,#5778);
#5778 = SURFACE_SIDE_STYLE('',(#5779));
#5779 = SURFACE_STYLE_FILL_AREA(#5780);
#5780 = FILL_AREA_STYLE('',(#5781));
#5781 = FILL_AREA_STYLE_COLOUR('',#5782);
#5782 = COLOUR_RGB('',0.749019635948,0.600000020288,0.466666661095);
#5783 = CURVE_STYLE('',#5784,POSITIVE_LENGTH_MEASURE(0.1),#5747);
#5784 = DRAUGHTING_PRE_DEFINED_CURVE_FONT('continuous');
#5785 = MECHANICAL_DESIGN_GEOMETRIC_PRESENTATION_REPRESENTATION('',(
    #5786),#4231);
#5786 = STYLED_ITEM('color',(#5787),#4081);
#5787 = PRESENTATION_STYLE_ASSIGNMENT((#5788,#5795));
#5788 = SURFACE_STYLE_USAGE(.BOTH.,#5789);
#5789 = SURFACE_SIDE_STYLE('',(#5790,#5793));
#5790 = SURFACE_STYLE_FILL_AREA(#5791);
#5791 = FILL_AREA_STYLE('',(#5792));
#5792 = FILL_AREA_STYLE_COLOUR('',#5756);
#5793 = SURFACE_STYLE_RENDERING_WITH_PROPERTIES(.NORMAL_SHADING.,#5756,(
    #5794));
#5794 = SURFACE_STYLE_TRANSPARENT(0.800000011921);
#5795 = CURVE_STYLE('',#5796,POSITIVE_LENGTH_MEASURE(0.1),#5747);
#5796 = DRAUGHTING_PRE_DEFINED_CURVE_FONT('continuous');
#5797 = MECHANICAL_DESIGN_GEOMETRIC_PRESENTATION_REPRESENTATION('',(
    #5798),#4400);
#5798 = STYLED_ITEM('color',(#5799),#4250);
#5799 = PRESENTATION_STYLE_ASSIGNMENT((#5800,#5807));
#5800 = SURFACE_STYLE_USAGE(.BOTH.,#5801);
#5801 = SURFACE_SIDE_STYLE('',(#5802,#5805));
#5802 = SURFACE_STYLE_FILL_AREA(#5803);
#5803 = FILL_AREA_STYLE('',(#5804));
#5804 = FILL_AREA_STYLE_COLOUR('',#5756);
#5805 = SURFACE_STYLE_RENDERING_WITH_PROPERTIES(.NORMAL_SHADING.,#5756,(
    #5806));
#5806 = SURFACE_STYLE_TRANSPARENT(0.800000011921);
#5807 = CURVE_STYLE('',#5808,POSITIVE_LENGTH_MEASURE(0.1),#5747);
#5808 = DRAUGHTING_PRE_DEFINED_CURVE_FONT('continuous');
#5809 = MECHANICAL_DESIGN_GEOMETRIC_PRESENTATION_REPRESENTATION('',(
    #5810),#5076);
#5810 = STYLED_ITEM('color',(#5811),#4926);
#5811 = PRESENTATION_STYLE_ASSIGNMENT((#5812,#5817));
#5812 = SURFACE_STYLE_USAGE(.BOTH.,#5813);
#5813 = SURFACE_SIDE_STYLE('',(#5814));
#5814 = SURFACE_STYLE_FILL_AREA(#5815);
#5815 = FILL_AREA_STYLE('',(#5816));
#5816 = FILL_AREA_STYLE_COLOUR('',#5756);
#5817 = CURVE_STYLE('',#5818,POSITIVE_LENGTH_MEASURE(0.1),#5747);
#5818 = DRAUGHTING_PRE_DEFINED_CURVE_FONT('continuous');
#5819 = MECHANICAL_DESIGN_GEOMETRIC_PRESENTATION_REPRESENTATION('',(
    #5820),#5531);
#5820 = STYLED_ITEM('color',(#5821),#5478);
#5821 = PRESENTATION_STYLE_ASSIGNMENT((#5822,#5830));
#5822 = SURFACE_STYLE_USAGE(.BOTH.,#5823);
#5823 = SURFACE_SIDE_STYLE('',(#5824,#5828));
#5824 = SURFACE_STYLE_FILL_AREA(#5825);
#5825 = FILL_AREA_STYLE('',(#5826));
#5826 = FILL_AREA_STYLE_COLOUR('',#5827);
#5827 = COLOUR_RGB('',0.800000010877,0.800000010877,0.901960800373);
#5828 = SURFACE_STYLE_RENDERING_WITH_PROPERTIES(.NORMAL_SHADING.,#5827,(
    #5829));
#5829 = SURFACE_STYLE_TRANSPARENT(0.800000011921);
#5830 = CURVE_STYLE('',#5831,POSITIVE_LENGTH_MEASURE(0.1),#5747);
#5831 = DRAUGHTING_PRE_DEFINED_CURVE_FONT('continuous');
#5832 = MECHANICAL_DESIGN_GEOMETRIC_PRESENTATION_REPRESENTATION('',(
    #5833),#4907);
#5833 = STYLED_ITEM('color',(#5834),#4757);
#5834 = PRESENTATION_STYLE_ASSIGNMENT((#5835,#5840));
#5835 = SURFACE_STYLE_USAGE(.BOTH.,#5836);
#5836 = SURFACE_SIDE_STYLE('',(#5837));
#5837 = SURFACE_STYLE_FILL_AREA(#5838);
#5838 = FILL_AREA_STYLE('',(#5839));
#5839 = FILL_AREA_STYLE_COLOUR('',#5756);
#5840 = CURVE_STYLE('',#5841,POSITIVE_LENGTH_MEASURE(0.1),#5747);
#5841 = DRAUGHTING_PRE_DEFINED_CURVE_FONT('continuous');
#5842 = MECHANICAL_DESIGN_GEOMETRIC_PRESENTATION_REPRESENTATION('',(
    #5843),#4569);
#5843 = STYLED_ITEM('color',(#5844),#4419);
#5844 = PRESENTATION_STYLE_ASSIGNMENT((#5845,#5852));
#5845 = SURFACE_STYLE_USAGE(.BOTH.,#5846);
#5846 = SURFACE_SIDE_STYLE('',(#5847,#5850));
#5847 = SURFACE_STYLE_FILL_AREA(#5848);
#5848 = FILL_AREA_STYLE('',(#5849));
#5849 = FILL_AREA_STYLE_COLOUR('',#5756);
#5850 = SURFACE_STYLE_RENDERING_WITH_PROPERTIES(.NORMAL_SHADING.,#5756,(
    #5851));
#5851 = SURFACE_STYLE_TRANSPARENT(0.800000011921);
#5852 = CURVE_STYLE('',#5853,POSITIVE_LENGTH_MEASURE(0.1),#5747);
#5853 = DRAUGHTING_PRE_DEFINED_CURVE_FONT('continuous');
#5854 = MECHANICAL_DESIGN_GEOMETRIC_PRESENTATION_REPRESENTATION('',(
    #5855),#4738);
#5855 = STYLED_ITEM('color',(#5856),#4588);
#5856 = PRESENTATION_STYLE_ASSIGNMENT((#5857,#5864));
#5857 = SURFACE_STYLE_USAGE(.BOTH.,#5858);
#5858 = SURFACE_SIDE_STYLE('',(#5859,#5862));
#5859 = SURFACE_STYLE_FILL_AREA(#5860);
#5860 = FILL_AREA_STYLE('',(#5861));
#5861 = FILL_AREA_STYLE_COLOUR('',#5756);
#5862 = SURFACE_STYLE_RENDERING_WITH_PROPERTIES(.NORMAL_SHADING.,#5756,(
    #5863));
#5863 = SURFACE_STYLE_TRANSPARENT(0.800000011921);
#5864 = CURVE_STYLE('',#5865,POSITIVE_LENGTH_MEASURE(0.1),#5747);
#5865 = DRAUGHTING_PRE_DEFINED_CURVE_FONT('continuous');
#5866 = MECHANICAL_DESIGN_GEOMETRIC_PRESENTATION_REPRESENTATION('',(
    #5867),#1137);
#5867 = STYLED_ITEM('color',(#5868),#558);
#5868 = PRESENTATION_STYLE_ASSIGNMENT((#5869,#5874));
#5869 = SURFACE_STYLE_USAGE(.BOTH.,#5870);
#5870 = SURFACE_SIDE_STYLE('',(#5871));
#5871 = SURFACE_STYLE_FILL_AREA(#5872);
#5872 = FILL_AREA_STYLE('',(#5873));
#5873 = FILL_AREA_STYLE_COLOUR('',#5782);
#5874 = CURVE_STYLE('',#5875,POSITIVE_LENGTH_MEASURE(0.1),#5747);
#5875 = DRAUGHTING_PRE_DEFINED_CURVE_FONT('continuous');
#5876 = MECHANICAL_DESIGN_GEOMETRIC_PRESENTATION_REPRESENTATION('',(
    #5877),#2300);
#5877 = STYLED_ITEM('color',(#5878),#1754);
#5878 = PRESENTATION_STYLE_ASSIGNMENT((#5879,#5885));
#5879 = SURFACE_STYLE_USAGE(.BOTH.,#5880);
#5880 = SURFACE_SIDE_STYLE('',(#5881));
#5881 = SURFACE_STYLE_FILL_AREA(#5882);
#5882 = FILL_AREA_STYLE('',(#5883));
#5883 = FILL_AREA_STYLE_COLOUR('',#5884);
#5884 = COLOUR_RGB('',0.898039222556,0.729411790161,0.392156863511);
#5885 = CURVE_STYLE('',#5886,POSITIVE_LENGTH_MEASURE(0.1),#5747);
#5886 = DRAUGHTING_PRE_DEFINED_CURVE_FONT('continuous');
#5887 = MECHANICAL_DESIGN_GEOMETRIC_PRESENTATION_REPRESENTATION('',(
    #5888),#3681);
#5888 = STYLED_ITEM('color',(#5889),#2319);
#5889 = PRESENTATION_STYLE_ASSIGNMENT((#5890,#5895));
#5890 = SURFACE_STYLE_USAGE(.BOTH.,#5891);
#5891 = SURFACE_SIDE_STYLE('',(#5892));
#5892 = SURFACE_STYLE_FILL_AREA(#5893);
#5893 = FILL_AREA_STYLE('',(#5894));
#5894 = FILL_AREA_STYLE_COLOUR('',#5884);
#5895 = CURVE_STYLE('',#5896,POSITIVE_LENGTH_MEASURE(0.1),#5747);
#5896 = DRAUGHTING_PRE_DEFINED_CURVE_FONT('continuous');
#5897 = MECHANICAL_DESIGN_GEOMETRIC_PRESENTATION_REPRESENTATION('',(
    #5898),#5723);
#5898 = STYLED_ITEM('color',(#5899),#5573);
#5899 = PRESENTATION_STYLE_ASSIGNMENT((#5900,#5905));
#5900 = SURFACE_STYLE_USAGE(.BOTH.,#5901);
#5901 = SURFACE_SIDE_STYLE('',(#5902));
#5902 = SURFACE_STYLE_FILL_AREA(#5903);
#5903 = FILL_AREA_STYLE('',(#5904));
#5904 = FILL_AREA_STYLE_COLOUR('',#5756);
#5905 = CURVE_STYLE('',#5906,POSITIVE_LENGTH_MEASURE(0.1),#5747);
#5906 = DRAUGHTING_PRE_DEFINED_CURVE_FONT('continuous');
#5907 = MECHANICAL_DESIGN_GEOMETRIC_PRESENTATION_REPRESENTATION('',(
    #5908),#3893);
#5908 = STYLED_ITEM('color',(#5909),#3743);
#5909 = PRESENTATION_STYLE_ASSIGNMENT((#5910,#5917));
#5910 = SURFACE_STYLE_USAGE(.BOTH.,#5911);
#5911 = SURFACE_SIDE_STYLE('',(#5912,#5915));
#5912 = SURFACE_STYLE_FILL_AREA(#5913);
#5913 = FILL_AREA_STYLE('',(#5914));
#5914 = FILL_AREA_STYLE_COLOUR('',#5756);
#5915 = SURFACE_STYLE_RENDERING_WITH_PROPERTIES(.NORMAL_SHADING.,#5756,(
    #5916));
#5916 = SURFACE_STYLE_TRANSPARENT(0.800000011921);
#5917 = CURVE_STYLE('',#5918,POSITIVE_LENGTH_MEASURE(0.1),#5747);
#5918 = DRAUGHTING_PRE_DEFINED_CURVE_FONT('continuous');
ENDSEC;
END-ISO-10303-21;
