# Det2
#x y z Px Py Pz t PDGid EventID TrackID ParentID Weight Edep VisibleEdep Ntracks
-259.291 -1769.99 -50 -0.0471346 -0.19165 1.57993 51.4027 22 69882 1001 1 1 0 0 1 
197.995 -816.101 -50 0.0233168 -0.0760962 1.07363 52.0785 22 145883 1001 1 1 0 0 1 
-374.383 -81.8125 -50 -0.0178829 0.0143715 1.31837 51.5442 22 150076 1001 1 1 0 0 1 
1473.32 -1433.24 -50 0.0689886 -0.0829122 0.808179 51.4436 22 154762 1001 1 1 0.0171394 0.0171394 2 
-1660.71 -367.068 -50 -0.0971677 -0.0434727 0.717712 51.4793 22 195691 1001 1 1 0.0435233 0.0435233 2 
-1062.69 507.293 -50 0.00871076 0.110191 1.46829 51.7371 22 304523 1001 1 1 0.400872 0.400872 2 
1128.48 1534.64 -50 0.133795 0.182866 1.79887 51.3767 22 328025 1001 1 1 1.58138 1.58138 3 
-13.808 1394.26 -50 -0.00228767 0.0371132 0.761193 51.2876 22 401254 1001 1 1 0 0 1 
203.191 -940.602 -50 0.0140774 -0.0647751 0.84331 51.3267 22 438760 1001 1 1 0 0 1 
-1870.24 -116.218 -50 -0.0916817 -0.00753643 0.760152 51.2602 22 533123 1001 1 1 0 0 1 
-335.079 -765.928 -50 -0.0235062 -0.0518708 0.915863 50.9799 22 578287 1012 1 1 0.0439527 0.0439527 2 
-379.255 1940.29 -50 -0.0216494 0.182274 1.2862 51.5539 22 624242 1001 1 1 0.58835 0.58835 3 
1938.14 -1524.9 -50 0.111921 -0.0940566 0.953398 51.8348 22 680982 1001 1 1 0.45124 0.45124 3 
1401.27 1276.44 -50 0.0206953 -0.0115145 0.591036 52.5337 22 690333 1001 1 1 0 0 1 
-1546.05 -1170.88 -50 -0.0594876 -0.0515445 0.584215 51.6879 22 801263 1001 1 1 0 0 1 
-35.2259 1403.67 -50 -0.0201053 0.0961583 1.06276 51.5788 22 873453 1001 1 1 0.925301 0.925301 4 
-1703.54 -7.4511 -50 -0.05604 0.00544961 0.544201 51.4732 22 883146 1001 1 1 0.0151875 0.0151875 2 
1282.27 1438.37 -50 0.144848 0.13602 1.48494 51.4876 22 919594 1001 1 1 0 0 1 
1648.83 1119.14 -50 0.17597 0.207458 1.22307 52.0562 22 940864 1001 1 1 0 0 1 
984.18 464.217 -50 0.0239899 0.0893406 0.488262 52.2141 22 964036 1010 1 1 0.287322 0.287322 3 
-1002.33 655.953 -50 -0.0409627 0.0379448 0.882391 51.4548 22 995806 1001 1 1 0.408454 0.408454 2 
-1838.47 1909.84 -50 -0.0875057 0.103957 0.721178 52.181 22 1035903 1001 1 1 0 0 1 
574.437 -831.12 -50 0.0622033 -0.0747035 1.12176 51.5358 22 1071274 1001 1 1 0 0 1 
-831.359 -1307.73 -50 -0.0829268 -0.0775827 1.13475 51.926 22 1100147 1001 1 1 1.07156 1.07156 9 
-1190.87 710.032 -50 0.00499074 0.0487051 1.00253 51.3573 22 1274337 1011 1 1 0 0 1 
1494.61 -1904.34 -50 0.137886 -0.168896 1.23682 51.8234 22 1429453 1001 1 1 0 0 1 
464.821 269.764 -50 0.0364675 0.00192473 0.842067 51.6936 22 1530352 1001 1 1 0 0 1 
-1087.52 -462.809 -50 -0.0373731 -0.0187153 0.495416 51.3314 22 1550135 1001 1 1 0.436583 0.436583 8 
985.808 484.196 -50 0.0534106 0.0234468 0.827897 51.0225 22 1559342 1001 1 1 0.635027 0.635027 3 
1846.94 710.76 -50 0.0788215 0.0291037 0.640056 51.2872 22 1635537 1020 1 1 0.445822 0.445822 2 
1971.89 -1670.67 -50 0.103633 -0.00158218 0.641587 52.3426 22 1720589 1001 1 1 0.333297 0.333297 2 
653.654 -342.037 -50 0.0367631 -0.0238131 0.933327 50.9298 22 1729467 1001 1 1 0 0 1 
-1560.22 -439.91 -50 -0.082534 -0.0192561 0.876079 51.2262 22 1732090 1001 1 1 0.262746 0.262746 2 
-757.959 -1275.83 -50 -0.0904129 -0.132696 1.32327 53.218 22 1777599 1001 1 1 0 0 1 
852.284 -1608.66 -50 0.0415089 -0.088437 0.928317 51.83 22 1980515 1032 1 1 0.666536 0.666536 3 
-434.561 -1744.13 -50 -0.0118132 -0.090438 0.785893 51.3594 22 1983384 1001 1 1 0 0 1 
583.035 -167.579 -50 0.110949 -0.165954 0.890711 52.7913 22 2114825 1001 1 1 0.322689 0.322689 2 
-1823.41 1731.32 -50 -0.0946923 0.0958494 0.810524 53.2746 22 2139434 1001 1 1 0.581154 0.581154 2 
547.95 -523.279 -50 0.00323708 -0.00722296 0.0667603 52.5582 22 2339040 1009 1 1 0.0129453 0.0129453 2 
1762.72 -795.39 -50 0.132599 -0.0714821 1.04497 51.5308 22 2578749 1001 1 1 0 0 1 
873.434 -1638.3 -50 0.122919 -0.19245 1.62472 51.7894 22 2603739 1001 1 1 0 0 1 
-578.627 231.878 -50 -0.029726 0.0191095 0.594604 51.7669 22 2604317 1001 1 1 0 0 1 
-1188.01 -809.386 -50 -0.0422468 -0.0359075 0.666834 51.5289 22 2628064 1008 1 1 0 0 1 
-1757.6 -128.907 -50 -0.105022 -0.00827278 0.979791 51.239 22 2633107 1001 1 1 0 0 1 
1723.42 -385.467 -50 0.164461 -0.039491 1.42727 51.2159 22 2655928 1001 1 1 0.749213 0.749213 2 
1212.92 -928.101 -50 0.0434898 -0.0431744 0.582076 51.7585 22 2677857 1001 1 1 0.0951127 0.0951127 2 
508.255 -241.908 -50 0.0208615 -0.0280394 0.857215 51.4331 22 2706669 1001 1 1 0.657531 0.657531 4 
-594.403 -1694.58 -50 -0.0321696 -0.102222 0.960934 51.5233 22 2957621 1030 1 1 0.699195 0.699195 2 
-23.2275 -898.697 -50 -0.00542175 -0.0629429 0.896839 51.0961 22 3192201 1001 1 1 0.550379 0.550379 3 
-1093.74 -1300.51 -50 -0.0800704 -0.104302 1.12452 51.3354 22 3281870 1001 1 1 0.839073 0.839073 2 
-1014.88 -1478.26 -50 -0.0409119 -0.0559086 0.565768 51.1585 22 3282466 1012 1 1 0 0 1 
-1949.89 -179.582 -50 -0.079243 -0.0178514 0.640187 51.5116 22 3483480 1001 1 1 0 0 1 
-1336.7 1377.45 -50 -0.0819748 0.116331 0.425766 53.6128 22 3527913 1001 1 1 0.400008 0.400008 14 
-482.05 501.189 -50 -0.0252796 0.0308456 0.613146 51.5016 22 3543250 1001 1 1 0.271418 0.271418 3 
-552.695 -1166.52 -50 -0.0625876 -0.0915017 1.16626 51.6042 22 3774160 1001 1 1 0.721824 0.721824 3 
-1504.05 58.6057 -50 -0.131418 0.00265024 1.28961 51.1289 22 3887610 1001 1 1 0.191491 0.191491 2 
861.321 -1627.72 -50 0.0510507 -0.111615 1.21777 53.7358 22 3902117 1001 1 1 1.14412 1.14412 11 
1740.33 1712.58 -50 0.113481 0.0983185 0.960842 51.7179 22 3950252 1001 1 1 0 0 1 
1034.83 -1482.7 -50 0.0841071 -0.0851369 1.12071 52.1801 22 4018690 1001 1 1 0.439667 0.439667 3 
1816.23 1449.23 -50 0.0748337 0.280534 1.07033 53.1003 22 4047252 1001 1 1 0.760662 0.760662 3 
-1312.22 31.2216 -50 -0.0925993 -0.00807559 0.911421 51.4276 22 4083845 1001 1 1 0 0 1 
-1163.27 1269.64 -50 -0.0422506 0.0395223 0.542564 51.464 22 4174711 1001 1 1 0.436539 0.436539 4 
-1945.18 1713.55 -50 -0.0619465 0.0517135 0.470723 51.533 22 4244761 1013 1 1 0.222789 0.222789 3 
162.875 948.298 -50 0.116098 0.219224 0.980031 53.7576 22 4298203 1001 1 1 0 0 1 
-812.104 -492.784 -50 -0.0467738 -0.0240364 0.823268 52.6793 22 4326381 1001 1 1 0.616126 0.616126 3 
968.128 1598.95 -50 0.00340958 0.0138804 0.0733491 51.7545 22 4381025 1032 1017 1 0.0118909 0.0118909 2 
-1093.34 1209.63 -50 -0.0358483 0.0124006 0.12856 55.214 22 4382463 1001 1 1 0.0226469 0.0226469 3 
-1877.76 1244.88 -50 -0.18698 0.102983 1.41173 51.774 22 4396298 1001 1 1 0 0 1 
-1097.58 -61.0131 -50 -0.0598437 -4.09469e-05 0.671054 51.4448 22 4481527 1001 1 1 0 0 1 
-681.8 942.696 -50 -0.0691219 0.0842376 1.09976 51.8029 22 4531416 1001 1 1 0 0 1 
-793.209 -405.916 -50 -0.0922094 -0.0563978 2.09528 51.0743 22 4545267 1001 1 1 0 0 1 
-585.42 1998.58 -50 -0.0158858 0.0537414 0.390739 51.5121 22 4574646 1001 1 1 0 0 1 
-35.0177 -612.671 -50 -0.00672638 -0.0214614 0.702489 50.9341 22 4668959 1001 1 1 0.576087 0.576087 8 
1693.41 -318.093 -50 0.0742868 -0.00696861 0.594948 51.4418 22 4785605 1001 1 1 0.338467 0.338467 4 
-1706.08 -1830.4 -50 -0.07791 -0.0884637 0.754423 52.059 22 4860384 1001 1 1 0 0 1 
1628.24 -960.237 -50 0.0771394 -0.0474793 0.618901 52.7975 22 4976215 1001 1 1 0.377112 0.377112 4 
1878.97 -16.1467 -50 0.0747917 0.00218578 0.661742 51.4966 22 5050107 1001 1 1 0.605028 0.605028 8 
1802.72 1145.94 -50 0.100586 0.0577478 0.732905 51.9405 22 5108800 1001 1 1 0.536159 0.536159 8 
218.637 725.506 -50 0.013102 0.0466503 1.037 53.0057 22 5117208 1001 1 1 0 0 1 
-567.171 806.124 -50 -0.0595367 0.0631311 1.08955 51.9193 22 5160333 1001 1 1 0 0 1 
1973.07 -1275.99 -50 0.0490607 -0.0236789 0.328852 51.8629 22 5407359 1001 1 1 0.184965 0.184965 2 
-327.531 -748.253 -50 -0.0393641 -0.047989 1.05786 51.5339 22 5592186 1001 1 1 0.815275 0.815275 2 
-289.151 -717.137 -50 -0.00738484 -0.0344089 0.566842 51.2085 22 5660773 1001 1 1 0 0 1 
-1172.33 251.02 -50 -0.0669643 0.0306392 0.921236 51.5557 22 5673830 1001 1 1 0.355417 0.355417 3 
-1305.62 1287.35 -50 -0.0431048 0.0436709 0.439377 51.8821 22 5696369 1001 1 1 0.383509 0.383509 8 
170.989 1917.52 -50 0.00430249 0.134489 1.02341 51.6082 22 5764661 1001 1 1 0.295299 0.295299 3 
-1215.19 -1221.88 -50 -0.0267685 -0.0125211 0.135721 52.1355 22 5771777 1001 1 1 0.0893526 0.0893526 8 
-207.075 -1308.25 -50 -0.0141965 -0.0424185 0.481575 52.835 22 5852592 1001 1 1 0 0 1 
1614.01 -1348.83 -50 0.104742 -0.0793678 0.976349 51.7073 22 5886299 1001 1 1 0 0 1 
-580.568 -1568.58 -50 -0.026273 -0.108839 0.977283 51.4903 22 5917545 1001 1 1 0.00150883 0.00150883 2 
1456.99 -1297.48 -50 0.0707413 -0.085022 0.832767 52.9593 22 6003630 1001 1 1 0.0526872 0.0526872 2 
-413.839 -1262.75 -50 0.0488232 -0.162763 0.832286 52.6754 22 6202488 1001 1 1 0 0 1 
1474.69 -1123.95 -50 0.130775 -0.114255 1.25826 52.7624 22 6240010 1001 1 1 0 0 1 
1420.12 -1211.85 -50 0.0823585 -0.0741353 0.860629 51.4855 22 6252245 1001 1 1 0.867675 0.867675 10 
1216.88 78.7294 -50 0.0830875 0.000526185 0.954859 51.2582 22 6278980 1001 1 1 0.156088 0.156088 2 
486.414 924.293 -50 0.0133669 0.164811 1.06701 52.4985 22 6362031 1001 1 1 0 0 1 
1017.85 -1969.45 -50 0.000722992 -0.0430772 0.170154 52.7283 22 6363261 1001 1 1 0.0883014 0.0883014 3 
1133.03 73.159 -50 0.0475493 -0.00394673 0.508767 51.3731 22 6396976 1003 1002 1 0.350646 0.350646 3 
13.7486 -20.9896 -50 0.0129635 0.013269 0.0696409 54.6751 22 6453737 1022 1001 1 0.000591684 0.000591684 2 
-1600.81 -56.3639 -50 -0.122238 0.00689399 1.19895 51.394 22 6599333 1001 1 1 1.09978 1.09978 5 
-447.589 -685.328 -50 0.0035595 -0.125772 0.732456 51.8568 22 6677278 1001 1 1 0 0 1 
-836.626 -1134.65 -50 -0.0862252 -0.123698 1.621 51.0504 22 6740432 1001 1 1 0 0 1 
578.548 -1790.93 -50 0.0276369 -0.0601575 0.606343 51.6925 22 6749454 1001 1 1 0.255834 0.255834 2 
966.791 706.507 -50 0.0665354 0.0521528 1.10374 51.0835 22 6762642 1001 1 1 1.0116 1.0116 7 
1734.69 -945.701 -50 0.141553 -0.0592628 1.07987 51.8369 22 6855648 1001 1 1 0.878223 0.878223 4 
1147.87 463.025 -50 0.0914881 0.0229297 1.00081 52.0038 22 6867396 1001 1 1 0 0 1 
1589.05 -0.91433 -50 0.153143 0.00401755 1.2377 51.6661 22 6885507 1001 1 1 1.12344 1.12344 4 
-1998.45 -589.599 -50 -0.203735 -0.0436161 1.47981 51.46 22 6910015 1001 1 1 0 0 1 
296.22 -682.034 -50 0.0196739 -0.0256099 0.781534 51.0869 22 6916053 1001 1 1 0.658954 0.658954 5 
-777.537 1930.78 -50 -0.0671874 0.194682 1.50697 51.457 22 7130159 1001 1 1 1.06664 1.06664 3 
-960.463 264.714 -50 -0.046394 0.0207556 0.890336 51.4189 22 7136710 1001 1 1 0 0 1 
768.402 1399.8 -50 0.099405 0.158334 1.8309 51.2035 22 7142505 1001 1 1 0 0 1 
1240.95 1667.14 -50 0.102746 0.133217 1.15824 51.3778 22 7211288 1001 1 1 0.556824 0.556824 4 
508.771 796.92 -50 0.0477346 0.0637956 1.12659 51.1436 22 7408933 1001 1 1 0 0 1 
426.749 -1618.68 -50 0.0134731 -0.0696923 0.661646 51.3637 22 7426448 1001 1 1 0 0 1 
-1367.55 291.646 -50 -0.240671 0.0277008 1.51581 51.1285 22 7453422 1001 1 1 0 0 1 
4.81037 1610.62 -50 -0.00118027 0.104054 0.953001 51.0143 22 7480412 1001 1 1 0 0 1 
1340.06 -227.566 -50 0.17599 -0.0224902 1.84262 51.0285 22 7487590 1001 1 1 0.848678 0.848678 2 
-62.7187 1374.21 -50 -0.00564151 0.135546 1.76422 51.2993 22 7595943 1001 1 1 0.869397 0.869397 2 
-871.399 547.009 -50 -0.0571691 0.0223487 0.756318 51.5044 22 7634391 1001 1 1 0.243728 0.243728 2 
752.269 -912.206 -50 0.0276854 -0.019418 0.229153 52.0384 22 7751055 1001 1 1 0.0277638 0.0277638 2 
-195.984 -1568.35 -50 -0.0168507 -0.1882 1.6473 51.3927 22 7772421 1001 1 1 0 0 1 
-375.493 -1325.25 -50 -0.0234879 -0.0825403 0.953319 51.2417 22 7808092 1001 1 1 0 0 1 
1334.89 -1122.8 -50 0.0593491 -0.0471987 0.64881 51.351 22 7813652 1001 1 1 0.653168 0.653168 10 
-1632.02 -1366.62 -50 -0.0685587 -0.0609095 0.648387 53.1489 22 7834471 1001 1 1 0.654782 0.654782 14 
-431.623 1784.8 -50 -0.0239478 0.0923074 0.789057 51.3322 22 7852874 1013 1 1 0 0 1 
-1122.09 -1385.82 -50 0.00475509 -0.00317614 0.564597 52.3867 22 7864181 1001 1 1 0.360248 0.360248 4 
-1254.4 1531.4 -50 -0.129334 0.131501 1.36057 51.4813 22 7899233 1001 1 1 0 0 1 
-1636.76 -765.954 -50 -0.0887587 -0.0252438 0.363253 52.401 22 7939436 1001 1 1 0 0 1 
-1691.43 -247.193 -50 0.00590083 -0.0214493 0.282742 52.4228 22 7962170 1009 1 1 0.222912 0.222912 9 
1903.69 -707.492 -50 0.115903 -0.0441373 0.817321 51.7447 22 7967699 1001 1 1 0.515673 0.515673 4 
-446.973 1064.1 -50 -0.021864 0.0459334 0.677551 51.0646 22 8050311 1001 1 1 0.625974 0.625974 9 
1462.92 -1954.73 -50 0.139982 -0.0857675 0.409069 54.8978 22 8161881 1001 1 1 0.0548084 0.0548084 2 
731.02 1882.14 -50 0.0516793 0.099109 0.783859 51.8984 22 8206065 1001 1 1 0 0 1 
1631.1 -125.061 -50 0.098707 0.00239379 1.00559 51.5649 22 8223659 1001 1 1 0 0 1 
-436.031 -1810.61 -50 -0.0337091 -0.123439 1.07921 51.3559 22 8230928 1001 1 1 0.994896 0.994896 8 
-21.9383 -1025.56 -50 -0.00996731 -0.044965 0.834962 51.2913 22 8354247 1007 1 1 0 0 1 
-675.359 355.445 -50 -0.0483355 0.0373333 0.986926 51.303 22 8401448 1001 1 1 0 0 1 
460.233 1817 -50 0.0811304 0.18261 0.672044 52.8567 22 8834891 1001 1 1 0 0 1 
-569.627 1602.01 -50 -0.031167 0.0563986 0.56979 51.9892 22 9296314 1001 1 1 0.0679861 0.0679861 2 
733.951 -57.1518 -50 0.0341009 -0.00666315 0.614558 51.0242 22 9328884 1001 1 1 0.0217362 0.0217362 2 
-715.698 -1790.86 -50 -0.0493935 -0.135982 1.09231 51.3187 22 9407285 1001 1 1 0.6779 0.6779 5 
-597.844 -1679.42 -50 -0.0470331 -0.10001 0.974839 51.4831 22 9453502 1001 1 1 0.380808 0.380808 2 
-1618.67 1520.97 -50 -0.138947 0.10148 1.11289 52.3802 22 9512818 1012 1 1 0 0 1 
-509.928 363.779 -50 -0.0165494 0.00247185 0.620398 51.4211 22 9563424 1001 1 1 0.620596 0.620596 10 
-1579.75 -1206.06 -50 -0.0946539 -0.0738992 0.896588 51.384 22 9588390 1001 1 1 0 0 1 
-1562.75 -1056.66 -50 -0.0161214 0.029176 0.416122 52.9755 22 9595532 1001 1 1 0.0460182 0.0460182 2 
-244.161 -1197.69 -50 -0.0230847 -0.0769182 0.861688 51.4311 22 9611896 1001 1 1 0.578964 0.578964 2 
-1558.65 -967.317 -50 -0.0917999 -0.0500533 0.797266 51.4702 22 9711487 1001 1 1 0.121201 0.121201 2 
239.033 -1606.29 -50 0.0130936 -0.0696682 0.665636 51.3197 22 9737232 1001 1 1 0 0 1 
-1601 1661.89 -50 -0.0536396 0.0488227 0.480082 51.6801 22 9756258 1001 1 1 0.172557 0.172557 3 
-607.666 1278.63 -50 -0.0415511 0.0743185 0.769347 52.0324 22 9833677 1001 1 1 0.154338 0.154338 2 
1539.6 -963.496 -50 0.140358 -0.0278139 0.785837 51.6749 22 9980511 1013 1 1 0 0 1 
-1729.01 -971.477 -50 -0.168972 -0.105997 1.48092 51.5568 22 9981966 1001 1 1 0 0 1 
1303.91 583.731 -50 0.210516 -0.0141155 1.16016 52.04 22 10072447 1001 1 1 0.341557 0.341557 3 
-61.3006 1043.38 -50 -0.010196 0.0484687 0.512221 52.0316 22 10118965 1001 1 1 0.2268 0.2268 2 
-1125.9 1663.75 -50 -0.0514507 0.086426 0.699384 51.4999 22 10166406 1001 1 1 0 0 1 
1791.64 -1825.71 -50 0.111474 -0.0910384 0.776633 52.1854 22 10360260 1001 1 1 0.727072 0.727072 13 
1470.11 685.031 -50 0.127723 0.0574258 1.14808 53.0949 22 10370878 1001 1 1 0 0 1 
864.807 734.939 -50 0.0373223 0.0307719 0.612266 51.3046 22 10464492 1001 1 1 0.517804 0.517804 7 
1907.25 138.214 -50 0.0851096 0.00449837 0.714042 51.4665 22 10570814 1001 1 1 0.158969 0.158969 2 
780.103 -1778.12 -50 0.0692275 -0.162433 1.34252 51.245 22 10606118 1001 1 1 1.17362 1.17362 4 
269.762 913.59 -50 0.0277433 0.0597788 1.14525 51.1342 22 10668757 1001 1 1 1.015 1.015 7 
-1613.27 -1934.16 -50 -0.00627521 -0.0448742 0.418078 55.8775 22 10674836 1001 1 1 0.252901 0.252901 2 
-313.585 945.032 -50 -0.0579641 0.0414261 0.91391 51.0681 22 10744162 1001 1 1 0.359743 0.359743 4 
-576.069 -72.9486 -50 -0.0317236 -0.00144555 0.587807 51.2363 22 10802658 1001 1 1 0 0 1 
-1904.43 1568.89 -50 -0.133911 0.125142 1.00976 52.1468 22 10947244 1001 1 1 0 0 1 
-1491.37 1196.16 -50 -0.00574579 0.00826509 0.0370664 53.813 22 10948533 1001 1 1 0.0383806 0.0383806 5 
-1104.01 1743.95 -50 -0.0274681 0.0470555 0.471344 51.5908 22 11149310 1001 1 1 0 0 1 
-650.518 -381.702 -50 -0.0168125 -0.0103437 0.440194 51.1078 22 11269978 1006 1 1 0 0 1 
-824.903 1472.06 -50 -0.113163 0.15292 1.63795 51.5046 22 11349336 1001 1 1 1.37587 1.37587 4 
-1542.45 -619.315 -50 -0.0114067 0.00192569 0.327279 52.1408 22 11451098 1001 1 1 0.226855 0.226855 4 
-902.606 -93.6839 -50 -0.0383651 7.67429e-05 0.856492 51.1991 22 11494208 1001 1 1 0 0 1 
311.15 1698.96 -50 0.0208757 0.0826145 0.739271 51.3304 22 11505596 1001 1 1 0 0 1 
880.097 -1794.61 -50 0.0178491 -0.105704 0.37764 54.4925 22 11519626 1001 1 1 0.0425338 0.0425338 2 
1435.12 -1407.95 -50 0.164143 0.00800821 0.665925 53.6657 22 11568275 1001 1 1 0.427347 0.427347 2 
-511.017 40.8632 -50 -0.0253791 -0.0126411 1.06962 51.5339 22 11585324 1001 1 1 0.878228 0.878228 3 
-476.81 165.271 -50 -0.0185992 0.0211975 0.894901 51.5992 22 11762373 1001 1 1 0 0 1 
1560.59 -1728.74 -50 0.0408408 -0.0540949 0.440087 51.784 22 11845620 1001 1 1 0.324767 0.324767 5 
-1259.71 145.311 -50 -0.114924 0.00795122 1.31866 51.2214 22 11874988 1001 1 1 1.28082 1.28082 14 
1511.34 1053.1 -50 0.0796788 0.0426414 0.766134 51.5371 22 11919103 1001 1 1 0.136615 0.136615 2 
-1422.92 480.736 -50 -0.0529391 0.0288279 0.502681 51.9163 22 11948985 1001 1 1 0.312751 0.312751 2 
-1592.2 -1373.59 -50 -0.0939482 -0.0888269 0.909552 51.4353 22 12118042 1001 1 1 0 0 1 
412.997 1061.34 -50 0.0300119 0.0522043 0.720422 51.6213 22 12171401 1001 1 1 0 0 1 
-1255.96 -1664.5 -50 -0.0714765 -0.114379 1.07449 51.9066 22 12185300 1001 1 1 0 0 1 
-50.5477 1674.18 -50 0.000359295 0.104929 1.01268 51.6524 22 12279006 1001 1 1 0.761658 0.761658 3 
-43.6284 48.7175 -50 0.0543155 0.0426547 0.402643 52.8826 22 12304565 1001 1 1 0.280752 0.280752 4 
1680.22 -491.761 -50 0.0574926 -0.0182641 0.507426 51.6284 22 12385598 1003 1002 1 0.0385415 0.0385415 2 
1386.61 -1501.26 -50 0.124874 -0.137242 1.33841 51.3263 22 12413879 1001 1 1 0.149979 0.149979 2 
-1563.73 160.767 -50 -0.0838247 -0.00473229 0.855762 53.1318 22 12500721 1006 1 1 0.726852 0.726852 7 
952.657 1488.76 -50 0.0357198 0.0523551 0.555258 51.3815 22 12807762 1001 1 1 0.205201 0.205201 2 
-867.089 1676.76 -50 -0.0582739 0.103382 0.783537 52.1722 22 12898993 1001 1 1 0.351428 0.351428 3 
95.5622 -1140.3 -50 0.0184869 -0.0441021 0.705894 51.424 22 12900494 1001 1 1 0 0 1 
1542.55 -374.448 -50 0.0906235 -0.0243486 0.80048 51.3062 22 12928636 1019 1 1 0 0 1 
-704.26 -1098.62 -50 -0.110995 -0.0471917 0.43486 54.1492 22 13087726 1001 1 1 0 0 1 
-624.711 1523.51 -50 -0.0251304 0.0540769 0.545801 51.0641 22 13167083 1001 1 1 0.127794 0.127794 2 
432.933 -1045.62 -50 0.0443805 -0.0905403 1.53181 51.2087 22 13534811 1001 1 1 1.33366 1.33366 5 
1809.48 626.619 -50 0.150551 0.0488327 1.24571 51.4357 22 13623787 1001 1 1 0 0 1 
887.261 263.961 -50 0.0763513 0.0141414 0.996827 51.5072 22 13645615 1001 1 1 0.621683 0.621683 4 
-346.694 1601.28 -50 -0.018063 0.169146 1.3571 51.9343 22 13678506 1001 1 1 0 0 1 
593.908 1133.95 -50 0.0277151 0.0530444 0.608424 51.4397 22 13690977 1001 1 1 0 0 1 
1059 -390.846 -50 0.0590065 -0.014648 0.809105 51.2532 22 13724322 1001 1 1 0.191886 0.191886 2 
-32.1482 395.748 -50 -0.00317074 0.0194267 0.644847 51.0816 22 13728674 1001 1 1 0 0 1 
-5.40074 1375.64 -50 0.000849303 0.0945403 0.983938 51.0056 22 13736770 1001 1 1 0.748524 0.748524 2 
769.754 218.981 -50 -0.000617455 -0.00237127 0.0750154 52.0628 22 13800368 1001 1 1 0.0162718 0.0162718 3 
-52.8136 -1507.47 -50 0.00266394 -0.0401975 0.276592 51.9734 22 13903746 1001 1 1 0.0547007 0.0547007 3 
-678.981 219.956 -50 -0.0362992 0.0126889 0.696631 51.1402 22 13940875 1001 1 1 0.562626 0.562626 5 
1390.16 1332.98 -50 0.125951 0.119412 1.36798 51.2904 22 14030030 1001 1 1 0 0 1 
1786.69 -1390.22 -50 0.0598113 -0.0427921 0.482815 51.5386 22 14042790 1010 1 1 0 0 1 
-1529.73 1357.62 -50 -0.112163 0.12674 1.18266 52.259 22 14055568 1001 1 1 1.14436 1.14436 13 
-909.595 -759.038 -50 -0.106596 -0.0692222 1.5887 51.0333 22 14142591 1001 1 1 0 0 1 
-714.245 1950.9 -50 -0.0600476 0.144834 1.21903 51.5392 22 14170556 1001 1 1 0 0 1 
697.628 865.432 -50 0.0346745 0.0409912 0.70718 51.0107 22 14241380 1001 1 1 0 0 1 
1640.25 1066.69 -50 0.0330238 0.0617196 0.284274 54.6775 22 14440946 1001 1 1 0 0 1 
-1027.11 1150.76 -50 -0.0622287 0.0748576 1.06584 51.5061 22 14537484 1001 1 1 0.536682 0.536682 3 
990.923 -1087.09 -50 0.0505469 -0.0729747 0.995758 51.3695 22 14543694 1001 1 1 0 0 1 
-1071.41 -518.298 -50 -0.0820626 -0.0395864 1.46765 51.5374 22 14587513 1001 1 1 0.604683 0.604683 2 
-320.978 1005.85 -50 -0.0272672 0.12574 1.48789 51.5429 22 14590824 1001 1 1 1.37876 1.37876 7 
932.496 1418.85 -50 0.0918497 0.113677 1.33574 53.0227 22 14734202 1001 1 1 0.0106781 0.0106781 2 
543.375 1133.55 -50 0.016253 -0.00356965 0.0846083 56.1457 22 14784572 1001 1 1 0.0128195 0.0128195 2 
1232.77 -77.038 -50 0.0419938 0.00113224 0.557189 51.5083 22 14814382 1001 1 1 0 0 1 
1988.27 900.679 -50 0.229801 0.0901792 1.56095 51.7599 22 14855674 1001 1 1 0 0 1 
-1161.7 -1012.12 -50 -0.0399478 0.027817 0.341428 53.2721 22 14871410 1001 1 1 0 0 1 
0.0682899 -384.405 -50 0.00215376 -0.0186188 0.598301 51.0352 22 14904974 1001 1 1 0 0 1 
1738.33 -917.555 -50 0.112033 -0.0609298 0.988373 51.267 22 15076160 1034 1 1 0 0 1 
210.589 1779.5 -50 0.0152327 0.133477 1.23919 51.4632 22 15093318 1001 1 1 0 0 1 
1772.1 -993.696 -50 0.0670347 -0.0457229 0.636094 51.6879 22 15121717 1001 1 1 0 0 1 
-1774.89 -305.71 -50 -0.0896522 -0.017354 0.66267 51.5571 22 15290467 1001 1 1 0 0 1 
-1650.66 -746.581 -50 -0.172324 0.040574 0.985845 52.0065 22 15343001 1001 1 1 0 0 1 
784.23 1610.09 -50 0.0523412 0.0759697 0.792021 51.8811 22 15417833 1001 1 1 0 0 1 
-394.39 1780.37 -50 -0.00289861 0.103245 0.81086 53.1924 22 15421868 1001 1 1 0.475207 0.475207 3 
1594.93 -776.619 -50 0.0220117 -0.12802 0.698351 52.421 22 15801823 1001 1 1 0 0 1 
-411.219 -1819.71 -50 -0.0227227 -0.0739369 0.61052 51.4103 22 15862956 1001 1 1 0.418209 0.418209 3 
1651.89 -920.342 -50 0.0815249 -0.0541173 0.744228 51.3992 22 15964761 1001 1 1 0 0 1 
-608.242 -339.055 -50 -0.0194473 -0.0199673 0.680862 51.5655 22 15986633 1001 1 1 0.055038 0.055038 2 
-1144.24 1264.16 -50 -0.0815089 0.0707206 0.870435 51.8514 22 15987936 1001 1 1 0.756506 0.756506 5 
-200.759 704.893 -50 0.0121424 0.115675 0.464421 53.0345 22 16082165 1001 1 1 0 0 1 
298.123 -1155.91 -50 0.0150478 -0.0639595 0.759104 51.0744 22 16128833 1001 1 1 0.652534 0.652534 9 
-572.425 1466.72 -50 -0.00394424 0.035536 0.824654 51.7819 22 16156801 1001 1 1 0.531231 0.531231 5 
-423.425 1938.35 -50 -0.0153717 0.0969308 0.669797 52.8672 22 16178187 1001 1 1 0 0 1 
262.694 1751.05 -50 0.0114293 0.0653392 0.574224 51.2233 22 16198789 1001 1 1 0.205937 0.205937 4 
-1372.68 -253.381 -50 -0.139931 -0.0131742 1.27821 51.7201 22 16265769 1001 1 1 0.168566 0.168566 2 
-1895.61 174.515 -50 -0.146699 0.0222998 1.13728 51.5545 22 16324564 1001 1 1 1.02946 1.02946 5 
-741.72 -223.841 -50 -0.079896 -0.00325439 1.6191 51.2766 22 16342314 1001 1 1 0 0 1 
541.161 1311.24 -50 0.049655 0.134519 1.36189 51.2785 22 16467461 1001 1 1 0 0 1 
1850.92 -1763.76 -50 0.114822 -0.0593924 0.571318 51.9743 22 16637363 1001 1 1 0.45817 0.45817 5 
-546.15 -576.351 -50 -0.0831023 -0.0407135 1.5055 51.4173 22 16736980 1001 1 1 0.524343 0.524343 2 
1317.51 776.211 -50 0.0628074 0.0447704 0.816717 51.2661 22 16782438 1001 1 1 0.351599 0.351599 2 
-1260.16 -1893.27 -50 -0.0817013 -0.128081 0.637025 51.988 22 16798171 1001 1 1 0 0 1 
1543.2 -1658.47 -50 0.0779693 -0.0831436 0.744682 51.4587 22 16912143 1001 1 1 0.054826 0.054826 2 
547.135 -68.333 -50 0.0552929 -0.011393 1.59447 50.8651 22 16929858 1001 1 1 0 0 1 
-664.23 1382.75 -50 -0.102146 0.0936566 0.64024 52.0771 22 16932357 1001 1 1 0.58894 0.58894 8 
-1216.66 421.284 -50 -0.0893884 0.0487933 1.0985 51.8842 22 17048615 1001 1 1 0.806411 0.806411 2 
-1068.27 -814.009 -50 -0.0535923 -0.0413278 0.876147 51.3377 22 17085763 1001 1 1 0 0 1 
-530.277 -1304.82 -50 -0.0666894 -0.106875 1.33907 51.4939 22 17240171 1001 1 1 0.791095 0.791095 2 
-1542.85 -576.792 -50 -0.0911987 -0.0398958 0.873073 51.3644 22 17259099 1001 1 1 0.195712 0.195712 2 
-1051.62 280.898 -50 -0.0634977 0.00375945 0.970788 51.2055 22 17316725 1001 1 1 0 0 1 
1357.71 498.65 -50 0.0128131 0.0301132 0.122114 53.461 22 17468768 1003 1002 1 0.00605193 0.00605193 2 
768.395 -535.958 -50 0.0460469 -0.0427869 0.920557 50.9291 22 17475825 1001 1 1 0 0 1 
1291.18 -1166.76 -50 0.15224 -0.0698111 0.789288 52.1146 22 17502337 1001 1 1 0.691101 0.691101 5 
-1017.45 -1671.8 -50 -0.0972342 -0.144619 1.35459 51.3976 22 17672103 1001 1 1 0 0 1 
1714.94 509.89 -50 0.239562 0.025745 0.803524 52.9556 22 17688138 1001 1 1 0 0 1 
-1904.37 1809.56 -50 -0.122267 0.0903376 0.737569 51.9963 22 17799323 1001 1 1 0 0 1 
-759.47 452.691 -50 -0.0545065 0.0549134 1.4399 51.3677 22 17890851 1001 1 1 1.44192 1.44192 9 
-155.063 -1853.28 -50 -0.00881877 -0.141507 1.23055 51.3445 22 17897130 1001 1 1 0.992174 0.992174 2 
19.7927 625.646 -50 -0.0127578 0.0458919 1.44532 51.336 22 18080194 1001 1 1 0 0 1 
102.001 -984.137 -50 -0.00514365 -0.0541225 0.703406 51.2248 22 18095313 1001 1 1 0 0 1 
126.81 -280.432 -50 -0.000509934 -0.00619012 0.463798 51.143 22 18116789 1001 1 1 0 0 1 
-1482.49 -1446.92 -50 -0.210049 -0.168761 0.648924 55.3475 22 18162659 1001 1 1 0 0 1 
-1103.6 -1130.69 -50 -0.036637 -0.0283486 0.400635 51.4142 22 18174546 1001 1 1 0.317987 0.317987 8 
-468.541 -568.572 -50 -0.0229706 -0.0338811 0.8061 51.0394 22 18402949 1001 1 1 0 0 1 
1855.73 1751.25 -50 0.116978 0.11412 0.936503 51.5744 22 18461619 1006 1 1 0.107726 0.107726 2 
360.684 1737.23 -50 0.00374423 0.0332078 0.355833 52.2699 22 18496590 1008 1 1 0 0 1 
-1407.28 501.317 -50 -0.160772 0.053743 1.54459 51.287 22 18542684 1001 1 1 0.873439 0.873439 2 
1141.12 -1951.85 -50 0.0118446 -0.0160691 0.103466 52.5784 22 18591550 1001 1 1 0 0 1 
320.037 443.383 -50 0.0242836 0.026857 0.949554 50.9335 22 18627897 1001 1 1 0 0 1 
-676.74 -1030.61 -50 -0.0592164 -0.0686363 1.10987 50.8562 22 18780909 1001 1 1 0 0 1 
-1339.16 -629.269 -50 -0.0497192 -0.0377322 0.576502 52.0331 22 18956586 1001 1 1 0.368537 0.368537 4 
770.787 891.248 -50 0.0400622 0.0460402 0.795421 51.0789 22 18966171 1001 1 1 0 0 1 
-1959.08 1798.43 -50 -0.126851 0.108679 0.859172 52.2647 22 19142057 1001 1 1 0.534095 0.534095 2 
-1539.04 -0.715543 -50 -0.0856577 0.0106666 0.79222 51.5866 22 19159066 1001 1 1 0 0 1 
1854.78 -38.0966 -50 0.15448 -0.00359156 1.20759 51.399 22 19478782 1001 1 1 0 0 1 
-1619.78 -1838.51 -50 -0.0876916 -0.0993188 0.783771 51.6033 22 19496981 1001 1 1 0.606553 0.606553 3 
-1664.06 -496.803 -50 -0.052269 -0.0117213 0.438122 52.0384 22 19508363 1001 1 1 0 0 1 
1370.19 -858.453 -50 0.169206 -0.112772 1.82491 51.1807 22 19673747 1001 1 1 1.58279 1.58279 3 
942.3 -824.536 -50 0.0727159 -0.0656063 1.17223 51.07 22 19675954 1001 1 1 1.0515 1.0515 4 
48.3359 231.683 -50 0.0043299 0.011412 0.985533 50.95 22 19687065 1001 1 1 0.68311 0.68311 3 
1273.92 87.6344 -50 0.0853167 0.0105558 0.849639 51.4012 22 19789364 1001 1 1 0 0 1 
1484.37 -1800.76 -50 0.0666073 -0.101064 0.749011 53.5047 22 20075806 1001 1 1 0.270713 0.270713 2 
-984.134 1784.93 -50 -0.122345 0.225025 1.66835 51.6485 22 20109528 1001 1 1 0 0 1 
396.971 -931.356 -50 0.0264577 -0.0485705 0.556349 51.9466 22 20131801 1001 1 1 0 0 1 
372.446 -897.116 -50 0.0174346 -0.0222754 0.58502 51.5926 22 20184625 1011 1 1 0.329471 0.329471 3 
646.247 -443.524 -50 0.0613409 -0.071908 1.56616 51.8933 22 20218934 1001 1 1 1.17454 1.17454 3 
1217.54 1388.94 -50 0.0636852 0.0633311 0.212962 55.6453 22 20286114 1001 1 1 0.152779 0.152779 8 
1431.69 1985.64 -50 0.227637 0.344436 2.5084 51.774 22 20313016 1001 1 1 0 0 1 
343.281 -398.506 -50 0.012743 -0.0392381 1.47427 51.5457 22 20434792 1001 1 1 1.39441 1.39441 7 
1541.77 -1172.24 -50 0.103503 -0.082927 1.11737 51.662 22 20446867 1001 1 1 0 0 1 
1568.13 -1021.92 -50 -0.00658207 0.0155099 0.193883 53.5025 22 20464390 1001 1 1 0.00849988 0.00849988 2 
-399.131 -1242.04 -50 -0.000646855 -0.0476959 0.165881 53.4968 22 20520338 1001 1 1 0 0 1 
307.985 1999.16 -50 0.0170707 0.0679439 0.578285 52.1377 22 20725098 1001 1 1 0 0 1 
-1985.06 497.92 -50 -0.141051 0.033481 1.04683 51.3397 22 20811337 1001 1 1 0 0 1 
1119.61 -526.689 -50 0.102341 -0.0487723 1.29053 51.1145 22 20957678 1001 1 1 0 0 1 
-1283.01 1481.33 -50 -0.037613 0.0535418 0.43077 51.8255 22 21064932 1008 1 1 0.239922 0.239922 3 
682.244 -701.769 -50 0.0593289 -0.0250773 0.85103 51.799 22 21211203 1001 1 1 0.671296 0.671296 5 
387.682 -1131.44 -50 0.0267124 -0.0813259 1.10981 51.1425 22 21447008 1001 1 1 0 0 1 
1329.63 1228.84 -50 0.0602849 0.0676814 0.687704 51.4114 22 21465009 1001 1 1 0 0 1 
-671.863 -1235.49 -50 -0.0533049 -0.100271 1.23936 51.1104 22 21501671 1001 1 1 0.65571 0.65571 2 
198.65 285.85 -50 0.0151041 0.0363466 1.96406 51.0622 22 21510005 1001 1 1 0.938236 0.938236 3 
-1923.62 -1124.27 -50 -0.0878655 0.0374594 0.664475 53.134 22 21752235 1001 1 1 0.464881 0.464881 3 
418.354 1076.47 -50 -0.0163335 0.0384902 0.21434 52.9751 22 21777420 1001 1 1 0.0521189 0.0521189 4 
1839.84 -845.771 -50 0.163896 -0.0653177 1.19028 51.8275 22 22137332 1001 1 1 0 0 1 
939.125 -1016.91 -50 0.0830816 -0.0707257 1.07383 52.3155 22 22296007 1001 1 1 0.901049 0.901049 3 
-884.836 598.791 -50 -0.0527297 0.0325945 0.805442 50.9012 22 22319876 1001 1 1 0 0 1 
-404.544 1602.85 -50 -0.0790642 0.00692129 0.491204 54.0321 22 22453181 1001 1 1 0.0955162 0.0955162 2 
1427.25 -208.009 -50 0.0316962 0.00247575 1.07828 51.9389 22 22565280 1001 1 1 0.8252 0.8252 3 
-327.421 381.943 -50 -0.101967 0.076951 1.03758 51.8181 22 22715962 1001 1 1 0.952942 0.952942 7 
-1649.67 -72.8559 -50 -0.109965 -0.00879139 1.11591 51.5036 22 22722325 1001 1 1 0 0 1 
1442.27 -3.56009 -50 0.168524 -0.0380011 0.526518 54.4963 22 22805674 1001 1 1 0.404462 0.404462 3 
781.856 199.098 -50 0.0765511 0.0383967 1.29151 51.7346 22 22868983 1001 1 1 0 0 1 
1449.05 358.835 -50 0.113077 0.0467582 1.15278 51.6381 22 23019615 1001 1 1 1.07823 1.07823 8 
1804.45 -1630.89 -50 0.113304 -0.0931246 0.823344 51.927 22 23062921 1012 1 1 0.276849 0.276849 2 
1857.64 1045.01 -50 0.174562 0.124624 0.569064 54.0632 22 23096108 1001 1 1 0.427416 0.427416 4 
-340.11 569.502 -50 -0.00844974 0.0281462 0.598971 51.1784 22 23105639 1001 1 1 0.378194 0.378194 6 
-1543.62 -116.033 -50 -0.0938974 0.00686479 0.901086 51.4447 22 23256242 1001 1 1 0 0 1 
814.556 1635.52 -50 0.0522574 0.0933018 0.957066 51.4178 22 23473548 1001 1 1 0.666853 0.666853 3 
-1367.53 1987.53 -50 -0.125812 0.217145 1.43566 51.8646 22 23531278 1001 1 1 0.292089 0.292089 2 
1617.26 48.4439 -50 0.0767721 0.00861559 0.796418 51.5409 22 23535140 1001 1 1 0.577579 0.577579 2 
-372.727 -259.035 -50 -0.0435835 -0.0338238 1.06321 52.2625 22 23800169 1001 1 1 0.324372 0.324372 2 
-286.74 -1856.08 -50 -0.00443752 -0.152616 1.14257 51.7141 22 24025027 1001 1 1 0 0 1 
-1024.48 1660.77 -50 -0.0623496 0.0950264 0.791862 51.6786 22 24088465 1001 1 1 0.697903 0.697903 5 
559.025 -884.97 -50 0.0413339 -0.102958 1.49361 51.1795 22 24192768 1001 1 1 0 0 1 
-297.016 1398.03 -50 -0.0123347 0.0543401 0.506151 52.1305 22 24229012 1011 1 1 0 0 1 
706.166 874.079 -50 0.0792166 0.085845 1.2462 52.1638 22 24302990 1001 1 1 0 0 1 
-1030.62 -1872.91 -50 -0.0381021 -0.0782719 0.653604 53.4712 22 24324762 1001 1 1 0 0 1 
-10.9334 -763.716 -50 -0.00535843 -0.0260246 0.469188 51.3608 22 24341745 1001 1 1 0 0 1 
133.837 -1523.3 -50 0.0126099 -0.129408 1.27515 51.1154 22 24466499 1001 1 1 0.951972 0.951972 2 
1493.16 -1202.74 -50 0.105003 0.0142325 0.427124 53.8159 22 24468466 1001 1 1 0 0 1 
-1851.87 1798.55 -50 -0.199237 0.181893 1.66885 51.8655 22 24562524 1001 1 1 1.49707 1.49707 5 
336.66 -794.909 -50 0.0123729 -0.0392409 0.740017 51.1541 22 24655459 1001 1 1 0 0 1 
-621.751 1561.79 -50 -0.0292958 0.0535797 0.576393 52.7076 22 24805617 1001 1 1 0 0 1 
1046.66 1746.33 -50 0.0548263 0.0236458 0.281892 52.5205 22 24810613 1001 1 1 0 0 1 
-1737.07 -779.239 -50 -0.0874094 -0.0479036 0.7892 51.2782 22 24820888 1007 1 1 0 0 1 
1215.11 -1389.06 -50 0.128257 -0.00792472 0.610593 52.9927 22 24871684 1001 1 1 0 0 1 
1546.22 -708.256 -50 0.122599 -0.0774997 1.20538 51.6043 22 24875881 1001 1 1 0 0 1 
-656.749 928.892 -50 -0.0300782 0.0515203 0.716879 51.2687 22 25000586 1001 1 1 0.540748 0.540748 4 
-581.2 1826.33 -50 -0.109266 0.161367 1.43277 51.2362 22 25005439 1001 1 1 1.2845 1.2845 5 
-1719.59 825.142 -50 -0.128347 0.0756279 1.05605 52.0818 22 25037520 1001 1 1 0.92507 0.92507 3 
1121.18 -1504.97 -50 0.0645774 -0.0795338 0.835959 51.346 22 25095145 1001 1 1 0.208941 0.208941 2 
-1240.11 -1340.95 -50 -0.109888 -0.182846 0.876519 52.3552 22 25205229 1001 1 1 0.248074 0.248074 2 
-1750.24 -1557.03 -50 -0.086103 -0.0867194 0.741863 51.4349 22 25410075 1001 1 1 0 0 1 
1850.89 -452.882 -50 0.116574 -0.0225824 0.909688 51.441 22 25449813 1001 1 1 0 0 1 
-884.244 1205.45 -50 -0.0516976 0.0696783 0.799307 51.2052 22 25650189 1001 1 1 0.370151 0.370151 2 
-493.065 -562.935 -50 -0.120721 -0.067197 0.584009 53.5427 22 25663234 1001 1 1 0 0 1 
-185.895 1269.49 -50 -0.0302819 0.094504 1.04549 51.7028 22 25667396 1001 1 1 0 0 1 
1721.65 1324.88 -50 0.127467 0.103313 1.15649 51.5163 22 25749487 1001 1 1 0 0 1 
-41.0153 1415.05 -50 -0.00833722 0.0746651 0.673705 53.0952 22 25804411 1001 1 1 0.440295 0.440295 2 
9.30636 645.667 -50 0.0248951 0.0176072 0.968822 51.1223 22 25814110 1001 1 1 0 0 1 
-9.89672 -243.45 -50 0.0090516 -0.00600806 0.944376 51.0689 22 25833293 1007 1 1 0.861381 0.861381 6 
1043.14 -1241.01 -50 0.0359392 -0.0435647 0.531284 51.0927 22 25884033 1001 1 1 0.475847 0.475847 7 
1192.78 1470.32 -50 0.0856995 0.102573 1.1578 51.4688 22 25886167 1001 1 1 0 0 1 
1441.69 1024.99 -50 0.189975 0.123843 1.8815 51.382 22 25973039 1001 1 1 1.61024 1.61024 7 
205.35 -676.532 -50 0.047446 -0.117948 1.40499 51.3566 22 26002476 1001 1 1 0 0 1 
1296.75 -205.867 -50 0.0305158 0.0368334 0.867224 57.4023 11 26058508 1002 1001 1 0.496714 0.496714 1 
715.169 153.076 -50 0.0943384 -0.00361223 1.91258 51.0948 22 26196156 1001 1 1 0 0 1 
-934.373 1839.86 -50 -0.0324429 0.0638917 0.542879 51.3047 22 26343829 1001 1 1 0.361202 0.361202 4 
-6.96097 -1672.47 -50 0.00423056 -0.0939698 0.886171 51.3912 22 26621713 1008 1 1 0 0 1 
700.074 -1138.62 -50 -0.00972983 -0.0161662 0.135805 51.9504 22 26642358 1007 1006 1 0.0457358 0.0457358 2 
1876.64 -1665.6 -50 0.10522 -0.115213 0.912366 53.8921 22 26646834 1001 1 1 0 0 1 
-663.311 421.549 -50 0.105862 0.0682203 0.984004 52.1872 22 26679737 1001 1 1 0.759839 0.759839 4 
707.571 -1659.93 -50 0.119007 -0.100563 1.54017 52.1037 22 26750566 1001 1 1 1.22258 1.22258 2 
-827.352 -891.228 -50 -0.173693 -0.144533 0.642848 58.3773 22 26796826 1001 1 1 0.591486 0.591486 8 
-1585.96 1606.22 -50 -0.0510725 0.0522931 0.521408 51.5316 22 26836133 1009 1 1 0.100933 0.100933 2 
-1037.58 1246.4 -50 -0.0703476 0.0826969 0.977469 51.1478 22 26843449 1001 1 1 0 0 1 
-477.729 -1698.13 -50 -0.0268366 -0.0766822 0.68136 51.2884 22 26955425 1001 1 1 0.00765824 0.00765824 2 
164.404 1346 -50 0.00901312 0.0641352 0.664655 51.1849 22 26960543 1001 1 1 0 0 1 
1359.4 1499.1 -50 0.0805723 0.0923962 0.857109 53.5127 22 27097469 1001 1 1 0.224341 0.224341 2 
-665.318 549.207 -50 0.01035 -0.0408009 0.283359 55.5879 22 27146263 1001 1 1 0.0021509 0.0021509 2 
488.819 -1127.77 -50 0.0465795 -0.128011 1.71002 51.1186 22 27179235 1001 1 1 0 0 1 
-815.596 -796.782 -50 -0.0373747 -0.0335671 0.645526 51.0137 22 27191043 1001 1 1 0 0 1 
-1821.81 -1717.18 -50 -0.110757 -0.0905154 0.853725 51.7234 22 27194180 1001 1 1 0 0 1 
1451.57 65.4143 -50 0.0886203 0.00690995 0.898452 51.2533 22 27203586 1001 1 1 0 0 1 
-1786.91 1464.54 -50 -0.0670347 0.0454297 0.517564 51.592 22 27261189 1001 1 1 0.102294 0.102294 2 
-1017.99 -788.812 -50 0.0526223 -0.0351154 1.06423 52.1169 22 27318886 1001 1 1 0 0 1 
1551.74 -722.254 -50 0.0394479 -0.0159785 0.46145 51.772 22 27373639 1001 1 1 0 0 1 
-854.49 -353.637 -50 -0.0865627 -0.0319037 1.45303 50.9603 22 27396257 1001 1 1 0 0 1 
-937.962 1115.46 -50 -0.0676698 0.0655236 0.866327 52.9403 22 27432740 1001 1 1 0 0 1 
336.448 -756.343 -50 0.0102562 -0.0370196 0.674336 51.243 22 27462919 1001 1 1 0 0 1 
601.207 -1396.58 -50 0.0412134 -0.069875 0.729905 51.9997 22 27534461 1001 1 1 0.734371 0.734371 20 
1862.49 1758.51 -50 0.0831764 0.0864446 0.718364 51.743 22 27556962 1001 1 1 0.211731 0.211731 2 
-544.076 -945.158 -50 -0.0238049 -0.0514084 0.540078 51.3037 22 27598868 1001 1 1 0.0260318 0.0260318 3 
136.712 48.5287 -50 0.0147239 0.0173512 0.876525 51.39 22 27612397 1001 1 1 0.0769182 0.0769182 2 
-1463.91 619.832 -50 -0.0839807 0.0322339 1.014 51.4607 22 27677292 1001 1 1 0 0 1 
28.8086 -1061.88 -50 0.00662262 -0.0549056 0.847538 51.2458 22 27809450 1001 1 1 0 0 1 
694.21 -1644.99 -50 0.0151939 -0.0394819 0.336733 51.3688 22 27855856 1001 1 1 0.169953 0.169953 2 
-1947.81 565.8 -50 -0.179199 0.0518984 1.25018 51.4788 22 27856568 1001 1 1 0 0 1 
1922.48 -1587.2 -50 0.209742 -0.184833 1.73249 51.6065 22 27921393 1001 1 1 0 0 1 
1068.51 -977.543 -50 0.044751 -0.0425114 0.714942 51.2084 22 28026693 1001 1 1 0 0 1 
1718.05 -1746.46 -50 0.0679797 -0.0653791 0.621434 52.3618 22 28042583 1001 1 1 0.360895 0.360895 2 
-1492.07 -1134.7 -50 -0.105275 -0.0890387 1.10248 51.3008 22 28072315 1001 1 1 0 0 1 
893.517 301.336 -50 0.0819269 0.0256805 1.46284 50.8532 22 28423550 1001 1 1 0.230212 0.230212 3 
-284.647 753.915 -50 -0.0175063 0.0454741 0.860478 50.9542 22 28437810 1001 1 1 0.782181 0.782181 18 
1559.36 -739.855 -50 0.0708898 -0.0406208 0.593862 52.1528 22 28761833 1001 1 1 0.514425 0.514425 8 
671.302 -942.227 -50 0.0785793 -0.0684668 1.26479 51.4244 22 29120506 1001 1 1 0.292651 0.292651 3 
848.104 -1783.73 -50 0.0742988 -0.12877 1.117 51.4074 22 29162089 1001 1 1 0.298541 0.298541 2 
-340.713 -1347.71 -50 0.00728515 -0.149446 0.618134 52.9205 22 29275693 1001 1 1 0.418661 0.418661 3 
-1351.93 -25.7285 -50 -0.0628605 0.00339165 0.592744 51.5351 22 29320097 1001 1 1 0.24777 0.24777 3 
-1835.63 1446.32 -50 -0.123938 0.106128 0.977375 51.7189 22 29327333 1001 1 1 0.806678 0.806678 3 
-382.383 1086.84 -50 -0.0201351 0.096671 1.18308 51.2431 22 29411331 1001 1 1 0 0 1 
396.902 264.098 -50 0.154189 0.0287593 0.744192 53.0682 22 29615090 1001 1 1 0.639661 0.639661 6 
-1242.67 -1391.77 -50 -0.0427556 -0.0348268 0.402903 51.8026 22 29897823 1001 1 1 0.087943 0.087943 2 
1181.97 -1391.09 -50 -0.0975312 -0.0766905 1.31405 52.7222 22 29910362 1001 1 1 0 0 1 
-1681.33 -353.988 -50 -0.186416 -0.0323829 1.71003 51.3924 22 29912846 1001 1 1 1.64629 1.64629 10 
-1951.81 -437.698 -50 -0.11305 -0.0114182 0.930007 51.8276 22 30200341 1001 1 1 0.721718 0.721718 2 
-1219.69 -256.483 -50 -0.1115 -0.0175436 1.37534 51.0668 22 30311361 1001 1 1 0.125561 0.125561 2 
567.649 1629.15 -50 0.0312487 0.0904656 0.901214 51.2981 22 30319642 1001 1 1 0.712871 0.712871 3 
-670.439 -183.294 -50 -0.016193 0.000629066 0.359591 51.3909 22 30333083 1001 1 1 0.137863 0.137863 2 
974.384 326.576 -50 0.0452601 0.00762288 0.729444 51.1979 22 30386424 1001 1 1 0.52651 0.52651 3 
-1811.11 -505.743 -50 -0.0542001 -0.014071 0.438136 51.436 22 30517663 1001 1 1 0.107193 0.107193 2 
1744.19 -1103.95 -50 0.155811 -0.026309 0.835787 52.76 22 30546976 1001 1 1 0.649466 0.649466 4 
1504.31 471.947 -50 0.102905 0.0255467 0.873836 51.7657 22 30584027 1001 1 1 0 0 1 
-1545.31 1131.41 -50 -0.0997647 0.0921356 1.12805 51.7412 22 30762292 1001 1 1 0.561505 0.561505 2 
1475.7 603.55 -50 0.020153 0.0266419 0.238415 51.2923 22 30869674 1001 1 1 0 0 1 
-1868.03 1411.05 -50 -0.185747 0.136345 1.48731 51.5919 22 30955476 1001 1 1 0 0 1 
-1363.61 607.117 -50 -0.120314 0.0621725 1.26509 51.4239 22 31095507 1001 1 1 0 0 1 
1770.66 1629.56 -50 0.0389492 0.0296272 0.286706 52.0492 22 31115663 1001 1 1 0 0 1 
1735.37 789.247 -50 0.000116234 0.00404774 0.0434528 53.1602 22 31140061 1001 1 1 0.0436127 0.0436127 3 
724.485 684.209 -50 0.0390048 0.0590742 1.21896 51.2826 22 31222057 1001 1 1 0 0 1 
572.631 -1445.57 -50 0.0235443 -0.0385228 0.426046 51.7661 22 31228557 1001 1 1 0 0 1 
174.244 1854.86 -50 0.0122285 0.230059 1.96014 51.322 22 31448982 1001 1 1 0 0 1 
1591.15 -1553.82 -50 0.123684 -0.116888 1.19099 53.0143 22 31597112 1001 1 1 0.432332 0.432332 2 
-255.141 -1875.36 -50 -0.0371095 -0.130661 1.1022 51.8577 22 31719407 1001 1 1 0.91194 0.91194 6 
414.809 -1263.11 -50 0.0141055 -0.0539129 0.661434 51.2826 22 31997462 1001 1 1 0 0 1 
-1921.29 22.4948 -50 -0.0217815 0.102474 0.63165 52.9725 22 32014462 1001 1 1 0.130276 0.130276 2 
1282.7 639.239 -50 0.157466 0.076722 1.8731 51.1272 22 32113746 1001 1 1 0 0 1 
1632.02 1299.12 -50 0.0505189 0.0190256 0.44673 51.6954 22 32158888 1001 1 1 0 0 1 
1610.95 -938.878 -50 0.12848 -0.0777164 1.33985 51.5113 22 32167046 1001 1 1 0 0 1 
727.278 -603.08 -50 0.0297268 -0.0424643 0.664305 52.9352 22 32276823 1001 1 1 0.506197 0.506197 3 
-1553.5 1005.05 -50 -0.00558868 0.094725 0.352508 53.8427 22 32360130 1001 1 1 0.13764 0.13764 4 
23.6637 256.451 -50 0.00643829 0.018267 1.00624 50.8385 22 32428339 1001 1 1 0.411484 0.411484 2 
-790.853 1869.53 -50 -0.0361159 0.128258 0.918442 53.378 22 32518578 1010 1 1 0 0 1 
518.474 -787.553 -50 0.0105396 -0.0246647 0.559806 51.2973 22 32573843 1001 1 1 0 0 1 
827.606 1881.27 -50 0.0379539 0.0840576 0.66473 51.4486 22 32576026 1001 1 1 0 0 1 
-347.85 798.807 -50 -0.0301525 0.0348384 0.770623 52.9032 22 32634331 1001 1 1 0 0 1 
855.35 -1273.18 -50 0.00192091 0.000279655 0.182082 52.8182 22 32695547 1001 1 1 0.110269 0.110269 5 
1166.8 -68.2003 -50 0.0531744 -0.0113867 0.783282 51.3221 22 32935538 1001 1 1 0.530728 0.530728 2 
59.5231 -441.806 -50 -0.1046 0.0352907 0.886683 52.0387 22 33305463 1001 1 1 0 0 1 
1979.11 1733.1 -50 0.153172 0.102714 0.470835 54.0429 22 33325821 1007 1 1 0 0 1 
1774.4 -693.401 -50 0.10511 -0.0440023 0.9528 51.3198 22 33337631 1011 1 1 0.439455 0.439455 3 
-1209.11 -1877.78 -50 -0.0520363 -0.0786894 0.56006 52.1689 22 33518451 1001 1 1 0.150105 0.150105 2 
563.902 26.1647 -50 0.000800107 0.0223596 0.154542 52.2472 22 33573480 1001 1 1 0.156094 0.156094 9 
1424.05 -1785.88 -50 0.138642 -0.175373 1.40282 51.4935 22 33926077 1001 1 1 0 0 1 
185.912 -356.125 -50 0.00745403 -0.0140503 0.701398 50.8904 22 34116457 1001 1 1 0.0600282 0.0600282 2 
-1229.25 867.682 -50 -0.0560216 0.041663 0.766927 52.9185 22 34140319 1001 1 1 0.770042 0.770042 21 
-1419.29 -1922.52 -50 -0.0483832 -0.080728 0.57235 51.8121 22 34231286 1001 1 1 0.223945 0.223945 3 
-1695.69 442.013 -50 -0.170416 0.0442885 1.44148 51.1471 22 34318036 1001 1 1 0 0 1 
534.622 -1589.1 -50 0.0417679 -0.0925221 0.563228 52.3859 22 34346249 1001 1 1 0.0358148 0.0358148 2 
1740.73 569.422 -50 0.039381 0.00652745 0.40084 53.3166 22 34421607 1001 1 1 0.402794 0.402794 8 
-1644.04 -1719.66 -50 -0.0722852 -0.0168005 0.2349 53.5072 22 34526861 1001 1 1 0 0 1 
1468.81 -997.945 -50 0.104717 -0.054954 0.932278 53.4067 22 34535129 1001 1 1 0 0 1 
-276.561 -1094.7 -50 -0.0355165 -0.061827 1.01769 51.8831 22 34567792 1001 1 1 0.834048 0.834048 5 
1073.26 1270.56 -50 0.0771511 -0.00574175 0.681623 52.3606 22 34624978 1001 1 1 0.450804 0.450804 6 
634.074 200.892 -50 0.0564823 0.0334297 1.10984 51.52 22 34631445 1001 1 1 0 0 1 
1065.9 679.605 -50 0.0628618 0.0375608 0.888833 51.3521 22 34703945 1001 1 1 0 0 1 
-1713.73 1045.1 -50 -0.0769783 0.0476333 0.670684 51.4877 22 34762744 1001 1 1 0.524787 0.524787 4 
-627.502 1785.44 -50 -0.0256218 0.0951116 0.725241 51.4595 22 34817006 1001 1 1 0.592609 0.592609 6 
-1262.06 1325.21 -50 -0.259583 0.00389393 1.01901 53.9219 22 34858247 1001 1 1 0.790329 0.790329 2 
-1033.48 -418.687 -50 -0.0402833 -0.0177204 0.641225 50.9266 22 34879989 1001 1 1 0.487689 0.487689 3 
1522.67 1617.92 -50 0.0692817 0.069838 0.672125 51.351 22 35002439 1001 1 1 0 0 1 
-482.982 107.764 -50 -0.0233408 0.0128758 0.815862 51.5935 22 35055303 1001 1 1 0.81627 0.81627 8 
1287.94 1540.17 -50 0.0689623 0.076221 0.754052 51.4077 22 35123147 1001 1 1 0.243791 0.243791 2 
88.4765 1729.89 -50 0.0081645 0.0731438 0.685537 53.4668 22 35164047 1001 1 1 0 0 1 
-1260.59 -1823.74 -50 -0.0793887 -0.107727 0.917253 51.3775 22 35208360 1001 1 1 0.84555 0.84555 6 
256.172 -1114.47 -50 0.0142378 -0.0436277 0.642613 52.8007 22 35212446 1001 1 1 0 0 1 
-1708.45 -466.212 -50 -0.0958703 0.0331531 0.96416 51.3847 22 35259930 1001 1 1 0 0 1 
1010.98 1483.9 -50 0.140269 0.180548 0.709977 53.2502 22 35337543 1001 1 1 0 0 1 
808.183 -139.274 -50 0.0827734 -0.0231609 1.3435 51.0762 22 35359666 1001 1 1 1.17026 1.17026 4 
882.002 -44.5692 -50 0.0415217 -0.00395634 0.547338 51.7195 22 35403626 1001 1 1 0.102377 0.102377 2 
1064.74 579.229 -50 0.0763753 0.0374404 1.02021 51.2452 22 35410485 1001 1 1 0 0 1 
-1546.35 -1460.45 -50 -0.0706182 -0.0702123 0.609641 52.0139 22 35433495 1001 1 1 0.234165 0.234165 3 
-1228.05 257.971 -50 -0.0664332 0.0185027 0.663611 52.4529 22 35438428 1018 1 1 0 0 1 
1530.99 -77.8827 -50 0.100228 -0.01395 0.958369 51.2434 22 35447315 1001 1 1 0.856986 0.856986 4 
1667.6 -608.931 -50 0.0196908 0.00714599 0.0921104 53.727 22 35447488 1001 1 1 0.0143058 0.0143058 2 
-196.665 1348.16 -50 -0.0276818 0.144607 1.56051 51.0451 22 35558566 1001 1 1 0 0 1 
1433.57 -1277.17 -50 0.220875 -0.163679 0.853803 53.2569 22 35865063 1001 1 1 0 0 1 
-914.586 151.64 -50 -0.0349716 -0.0371471 0.51728 51.3607 22 35920143 1023 1 1 0.146669 0.146669 2 
-549.683 1828.64 -50 -0.0502203 0.151654 1.21597 51.2111 22 36030710 1029 1 1 1.1624 1.1624 13 
864.915 -1343.3 -50 0.0478406 -0.0718407 0.713756 51.429 22 36033402 1001 1 1 0 0 1 
278.66 483.246 -50 0.00610581 0.0227803 0.513913 50.9437 22 36282287 1001 1 1 0 0 1 
-477.101 -1095.49 -50 -0.021242 -0.054033 0.833998 53.0627 22 36357611 1001 1 1 0.800141 0.800141 13 
547.976 -630.489 -50 0.050115 -0.0776706 1.32122 51.8696 22 36465541 1001 1 1 0 0 1 
-518.757 1068.22 -50 -0.0464575 0.0936061 1.21486 51.0317 22 36662117 1001 1 1 0 0 1 
-1214.63 1203.92 -50 -0.0434541 0.0349394 0.517266 51.3675 22 36790965 1001 1 1 0 0 1 
1799.29 -1819.48 -50 0.0714697 -0.0122066 0.492373 52.2271 22 36833822 1001 1 1 0.0527426 0.0527426 2 
527.694 -1584.64 -50 0.011219 -0.0337146 0.411615 51.9992 22 36983500 1001 1 1 0.342551 0.342551 9 
1561.69 -1203.73 -50 0.163456 -0.132782 1.55076 51.469 22 37047551 1001 1 1 0.775333 0.775333 2 
954.891 799.228 -50 0.0540522 0.0381961 0.679393 52.441 22 37108623 1001 1 1 0 0 1 
-160.704 -1271.12 -50 -0.0279951 -0.0977845 1.02788 51.7746 22 37145428 1001 1 1 0.376427 0.376427 3 
1822.25 297.694 -50 0.207956 0.0461435 1.58489 51.4914 22 37287290 1001 1 1 0 0 1 
229.331 -1800.5 -50 0.0206349 -0.0817779 0.642722 51.6327 22 37331881 1001 1 1 0.0991871 0.0991871 2 
-664.093 53.9302 -50 -0.0639679 -0.0391054 0.965598 51.5919 22 37598936 1001 1 1 0.132672 0.132672 2 
-1030.16 1613.32 -50 -0.0636246 0.0910511 0.913573 51.5764 22 37602045 1001 1 1 0 0 1 
-1058.15 -797.38 -50 -0.0330754 -0.0307909 0.501234 52.092 22 37801828 1001 1 1 0 0 1 
-894.06 1819.93 -50 -0.0491938 0.128954 0.929894 52.0443 22 38013841 1001 1 1 0.425599 0.425599 3 
-574.326 -1452.17 -50 -0.0566935 -0.13903 1.35737 51.3132 22 38078998 1001 1 1 0 0 1 
142.353 173.53 -50 0.0463293 0.097757 0.465093 54.4153 22 38087841 1010 1 1 0 0 1 
933.779 1693.96 -50 0.0922743 0.18821 1.53953 51.2676 22 38164032 1001 1 1 1.46278 1.46278 5 
1770.02 1021.04 -50 0.118867 0.070163 1.00165 51.3241 22 38169022 1001 1 1 0 0 1 
-431.336 1816.88 -50 -0.0194248 0.131725 1.03297 53.1712 22 38194095 1001 1 1 0.298022 0.298022 2 
-1432.05 -360.679 -50 -0.180532 -0.0239269 1.73031 51.352 22 38196345 1005 1 1 0 0 1 
-591.86 -1862.22 -50 -0.0120629 -0.0051467 0.0624212 52.6848 22 38258058 1003 1002 1 0.016814 0.016814 3 
1177.95 -638.659 -50 0.053924 -0.0312595 0.730786 51.106 22 38282831 1001 1 1 0.243391 0.243391 2 
-880.819 -1449.6 -50 -0.0480415 -0.0813913 0.919534 51.2456 22 38553574 1001 1 1 0.818071 0.818071 6 
-684.911 -1554.35 -50 -0.0320627 -0.0813332 0.765642 51.3706 22 38648792 1001 1 1 0.699793 0.699793 7 
1923.29 -459.532 -50 0.111615 -0.0316038 0.817129 51.6465 22 38793773 1042 1 1 0 0 1 
-1116.6 -689.207 -50 -0.199784 -0.0034489 1.08933 51.8515 22 38831534 1001 1 1 0 0 1 
-636.876 -1942.5 -50 -0.112564 -0.140348 0.597617 53.8269 22 38833903 1001 1 1 0 0 1 
1307.65 335.023 -50 0.0981631 0.0194222 1.07268 51.1295 22 38875126 1001 1 1 0.412596 0.412596 2 
-1930.33 -1961.78 -50 -0.139461 -0.144054 1.01569 51.8771 22 39031133 1001 1 1 0.257613 0.257613 3 
1556.06 272.278 -50 0.062311 0.0093379 0.508439 52.1628 22 39082921 1001 1 1 0.119372 0.119372 2 
-573.564 633.069 -50 -0.0278906 0.0329277 0.782434 50.8093 22 39244412 1001 1 1 0.354244 0.354244 2 
87.8106 -1634.74 -50 -0.0429932 -0.117514 0.596052 52.0015 22 39271792 1001 1 1 0.373529 0.373529 2 
191.843 1232.14 -50 0.0311563 0.129432 1.59205 51.1924 22 39404556 1001 1 1 0 0 1 
14.4965 1013.78 -50 0.0166033 0.0447394 1.1636 52.3709 22 39575347 1001 1 1 1.09135 1.09135 8 
1938.79 867.088 -50 0.0832174 0.0443088 0.672947 51.5661 22 39593057 1001 1 1 0 0 1 
-497.624 -445.566 -50 -0.0255708 -0.0149399 0.515819 51.9528 22 39800500 1014 1 1 0 0 1 
1529.3 -730.253 -50 0.0591831 -0.0307729 0.651143 51.3378 22 39862541 1001 1 1 0 0 1 
-1413.47 1530.83 -50 -0.0921104 0.10231 1.00348 51.2895 22 39874138 1001 1 1 0.867674 0.867674 5 
1424.89 -1020.07 -50 0.0693301 -0.03939 0.782503 51.4665 22 39879817 1001 1 1 0 0 1 
-23.9664 1456.36 -50 -0.187739 0.0543812 1.14349 52.5481 22 39993588 1001 1 1 0 0 1 
1764.88 611.933 -50 0.10041 -0.0559294 0.828719 52.2006 22 40003716 1001 1 1 0 0 1 
816.107 -177.081 -50 0.0420943 -0.0168629 0.930479 51.0696 22 40041957 1001 1 1 0.766673 0.766673 5 
-1419.46 -1544.04 -50 -0.0865244 -0.0891257 0.930296 51.4135 22 40055927 1001 1 1 0 0 1 
855.233 205.116 -50 0.0346709 0.013872 0.690231 51.5751 22 40192569 1001 1 1 0 0 1 
183.703 -1800.85 -50 0.0184927 -0.142137 1.16269 51.3233 22 40315836 1001 1 1 0 0 1 
1696.04 96.0493 -50 0.0263699 0.0793648 0.42255 53.1043 22 40743874 1001 1 1 0 0 1 
1106.48 1212.34 -50 0.108499 0.0614798 0.427859 52.8883 22 40972672 1001 1 1 0.254482 0.254482 3 
1740.56 1158.1 -50 0.0700417 0.0562017 0.564145 52.0439 22 41183000 1001 1 1 0 0 1 
-1150.67 -1256.19 -50 -0.105131 -0.0774853 1.12837 52.536 22 41325100 1001 1 1 0 0 1 
977.695 1599.32 -50 0.09078 0.0732668 0.481456 52.2259 22 41396115 1001 1 1 0.0163088 0.0163088 2 
-1107.25 1909.25 -50 -0.0634424 0.121542 0.917303 51.6506 22 41622132 1001 1 1 0 0 1 
-704.109 -310.661 -50 0.0870853 -0.103202 1.32714 51.7627 22 41734698 1001 1 1 0 0 1 
887.231 -832.393 -50 0.091435 -0.086027 1.19865 51.8701 22 42294005 1001 1 1 0.644644 0.644644 2 
638.94 861.714 -50 0.0333297 0.0344091 0.641757 50.8822 22 42340505 1001 1 1 0.502061 0.502061 5 
-1243.97 1062.4 -50 -0.0682231 0.0633767 0.740086 51.7191 22 42432788 1001 1 1 0 0 1 
-107.549 -548.898 -50 -4.68566e-05 -0.0303494 0.815047 50.7997 22 42468784 1001 1 1 0.708632 0.708632 5 
642.604 1141.4 -50 0.136941 0.0800061 0.81596 51.7793 22 42484735 1001 1 1 0.159234 0.159234 2 
-994.855 -1883.7 -50 -0.0336883 -0.0684421 0.532076 51.4953 22 42529717 1001 1 1 0 0 1 
-761.373 -109.881 -50 -0.0110415 0.0618735 0.718572 53.217 22 42544203 1001 1 1 0.45183 0.45183 3 
873.505 -1333.01 -50 0.0564737 -0.0933174 1.07851 51.287 22 42833436 1001 1 1 0 0 1 
-5.33314 1622.08 -50 0.00663514 0.06451 0.54933 51.3355 22 42974037 1001 1 1 0.0596249 0.0596249 2 
569.252 -550.601 -50 0.0320454 -0.03581 0.913521 52.6499 22 43016680 1001 1 1 0 0 1 
1450.78 -1295.43 -50 0.0956319 -0.0801172 0.832906 51.935 22 43103508 1001 1 1 0.60987 0.60987 2 
-673.886 1381.73 -50 -0.0446033 0.0824198 1.04981 51.3815 22 43211816 1011 1 1 0.384386 0.384386 3 
797.722 -701.44 -50 0.0933111 -0.0587606 1.57934 51.1005 22 43301606 1001 1 1 0 0 1 
-150.259 -604.353 -50 -0.0339997 -0.0391833 0.995606 52.3091 22 43375712 1001 1 1 0 0 1 
-638.117 -1219.89 -50 -0.0262203 -0.0479335 0.646668 51.05 22 43391686 1001 1 1 0 0 1 
-1366.06 1169.34 -50 -0.0203666 0.147677 0.541079 53.7212 22 43594647 1001 1 1 0.457932 0.457932 5 
-1270.03 -596.573 -50 -0.0741647 -0.0204757 0.809904 52.9577 22 43632258 1001 1 1 0.454439 0.454439 3 
562.017 1716.12 -50 0.0266811 0.0810282 0.751684 51.5198 22 43651827 1001 1 1 0 0 1 
635.246 -139.773 -50 0.0338112 -0.0153614 0.601775 52.3972 22 43787891 1001 1 1 0 0 1 
1650.19 869.702 -50 0.0940488 0.0555892 0.743284 52.3896 22 43812524 1001 1 1 0 0 1 
1189.86 -639.356 -50 0.131676 -0.0578054 1.6323 51.2657 22 43817469 1001 1 1 0 0 1 
-1878.83 1694.23 -50 -0.0188664 -0.00395679 0.910869 53.4881 22 43827233 1001 1 1 0.0237149 0.0237149 2 
1593.7 1091.51 -50 -0.00407325 0.0232771 0.160368 53.6849 22 43944523 1009 1 1 0.0851873 0.0851873 7 
-507.075 1992.64 -50 -0.0286256 0.0700995 0.576407 51.6752 22 43977655 1001 1 1 0 0 1 
-358.634 -1570.42 -50 -0.00875324 -0.0485082 0.569663 51.5939 22 44005470 1001 1 1 0 0 1 
-1075.89 1171.82 -50 0.0424081 0.0201261 0.970373 52.2117 22 44094884 1001 1 1 0 0 1 
-412.978 -391.193 -50 -0.0215577 -0.0605023 1.47414 51.4336 22 44114846 1001 1 1 1.24595 1.24595 3 
-435.01 282.054 -50 -0.0217675 0.00424627 0.618577 51.1515 22 44203657 1001 1 1 0 0 1 
1616.26 -407.096 -50 0.0786149 -0.0341195 0.688273 51.6018 22 44210129 1001 1 1 0 0 1 
-1487.7 -851.96 -50 -0.069221 -0.0357012 0.815268 51.924 22 44484096 1001 1 1 0 0 1 
-612.229 255.562 -50 -0.0431816 0.0328224 0.971901 51.3591 22 44520983 1001 1 1 0.032046 0.032046 2 
322.851 -1803.1 -50 0.0017079 -0.00905535 0.08717 51.5031 22 44633155 1008 1001 1 0.0410929 0.0410929 7 
-634.471 53.7196 -50 -0.0697229 0.0371844 1.8723 51.7923 22 44769017 1001 1 1 0 0 1 
1092.04 -395.594 -50 -0.0028744 -0.00296848 0.0473526 53.2452 22 44885655 1001 1 1 0.0475042 0.0475042 6 
793.429 684.056 -50 0.0366557 0.0403037 0.739353 51.0189 22 44933307 1007 1 1 0 0 1 
-243.85 1052.07 -50 0.0975505 0.0833006 0.569078 52.9572 22 44977784 1001 1 1 0 0 1 
690.523 -1090.57 -50 0.105996 0.0198724 1.06896 51.5773 22 45159598 1001 1 1 0 0 1 
-1461.6 -245.517 -50 -0.0171682 0.0268937 0.200352 53.0243 22 45170414 1001 1 1 0 0 1 
-1192.9 -245.305 -50 -0.0915811 -0.000106496 1.02307 51.4226 22 45264686 1001 1 1 0.0944244 0.0944244 2 
168.923 269.296 -50 -0.073786 -0.0821288 0.909236 51.9035 22 45350747 1001 1 1 0 0 1 
-285.699 693.998 -50 -0.0172015 0.0349694 0.585602 51.5102 22 45386087 1001 1 1 0.425768 0.425768 4 
-285.641 1996.59 -50 0.0228973 0.176996 0.578302 53.4532 22 45434790 1001 1 1 0 0 1 
1665.52 375.567 -50 0.139107 0.0310356 1.19118 51.1853 22 45500254 1001 1 1 0 0 1 
-842.501 -75.3283 -50 -0.0415643 0.0064868 0.874865 51.2629 22 45501053 1001 1 1 0.615197 0.615197 2 
669.015 -612.905 -50 0.0481769 -0.0296017 1.01503 51.1634 22 45823148 1001 1 1 0.60173 0.60173 2 
-1941.88 -48.6312 -50 -0.0916791 -0.000296307 0.618282 51.8891 22 46124343 1017 1 1 0 0 1 
-1346.78 -1940.91 -50 -0.0676935 -0.104708 0.818789 53.1798 22 46168697 1001 1 1 0 0 1 
26.789 382.186 -50 0.00958564 0.0473253 1.10976 51.3216 22 46194100 1001 1 1 0 0 1 
1131.44 -1147.13 -50 0.0844257 -0.119029 1.35521 52.1037 22 46214984 1001 1 1 0.971438 0.971438 2 
-364.643 1056.54 -50 -0.024895 0.0598076 0.887357 51.2411 22 46261169 1001 1 1 0 0 1 
-1062.14 -707.272 -50 0.0549897 0.0765705 0.687934 53.9897 22 46331614 1001 1 1 0.552354 0.552354 4 
894.203 1792.72 -50 0.0289248 0.0567716 0.470471 51.0733 22 46440477 1001 1 1 0 0 1 
-1697.68 -587.788 -50 -0.163287 -0.0472102 1.24896 51.901 22 46475043 1011 1 1 0.997288 0.997288 3 
-602.063 1058.68 -50 -0.0489002 0.116399 1.45182 51.2901 22 46815829 1001 1 1 0 0 1 
-852.584 1771.04 -50 -0.0595965 0.139876 1.12655 51.4594 22 46892171 1030 1 1 0.0286028 0.0286028 2 
602.846 84.4149 -50 0.0471477 0.0176587 1.19943 51.0323 22 46960576 1001 1 1 0.81846 0.81846 3 
-73.1405 -1996.1 -50 -0.00820448 -0.130239 0.887253 51.621 22 46993140 1001 1 1 0 0 1 
-72.7524 -1989.82 -50 -0.01056 -0.0673775 0.533421 51.7086 22 47043152 1001 1 1 0.106549 0.106549 2 
-1923.1 -504.55 -50 -0.147273 -0.0290269 1.13033 51.4998 22 47140219 1001 1 1 0.998454 0.998454 6 
93.9841 -833.226 -50 0.0105029 -0.0411595 0.754798 50.9708 22 47232650 1001 1 1 0 0 1 
-1621.6 1885.34 -50 -0.200422 0.210028 1.63107 51.9207 22 47326907 1001 1 1 0 0 1 
-1062.23 1149.03 -50 -0.0508626 0.0462247 0.760492 51.5362 22 47432889 1001 1 1 0.286269 0.286269 3 
-89.1844 -1720.19 -50 0.0010606 -0.134911 0.958424 52.4244 22 47450321 1001 1 1 0 0 1 
-1127.45 -189.777 -50 -0.02976 0.000246524 0.40722 51.1735 22 47768102 1001 1 1 0 0 1 
-1205.77 772.908 -50 -0.0552893 0.0358684 0.600709 51.3453 22 47962225 1007 1 1 0 0 1 
-497.23 1401.18 -50 -0.0259583 0.0713608 0.673113 51.5565 22 48027234 1001 1 1 0.544628 0.544628 6 
-715.359 1369.42 -50 -0.0444208 0.0748554 0.855339 51.1384 22 48128194 1001 1 1 0.320574 0.320574 2 
-1563.92 661.641 -50 -0.131222 0.0542054 0.740358 51.4151 22 48155081 1001 1 1 0.211446 0.211446 2 
-91.8991 -1668.05 -50 0.00534737 -0.0602301 0.525215 51.9874 22 48213381 1001 1 1 0.390564 0.390564 4 
456.801 517.978 -50 0.040343 0.0285383 0.612358 51.6227 22 48227622 1001 1 1 0.0036496 0.0036496 2 
-114.973 -32.6312 -50 -0.0262778 -0.0218267 0.181557 52.8543 22 48256848 1001 1 1 0.0487096 0.0487096 3 
-180.668 313.405 -50 -0.00850584 0.0112914 0.614787 50.9251 22 48436575 1001 1 1 0.425364 0.425364 2 
-172.739 1003.76 -50 -0.01143 0.0701731 1.0823 50.9893 22 48462696 1001 1 1 0.0916453 0.0916453 2 
1907.06 1386.75 -50 0.0313637 0.0216374 0.111872 53.8901 22 48464747 1001 1 1 0.118155 0.118155 3 
-1933.31 -362.661 -50 -0.101595 -0.0223848 0.787851 52.5322 22 48597556 1001 1 1 0 0 1 
26.7951 -453.858 -50 0.00405916 -0.0383946 1.28614 50.9045 22 48612855 1001 1 1 0.968798 0.968798 3 
551.293 -296.743 -50 0.0570869 -0.0252614 1.14869 51.2167 22 48622950 1001 1 1 0.838726 0.838726 4 
-39.186 -838.447 -50 -0.0169451 -0.0425095 0.942909 51.8885 22 48638475 1001 1 1 0 0 1 
1582 11.9851 -50 0.0668613 0.00181961 0.595677 51.1745 22 48750619 1001 1 1 0 0 1 
1019.31 1516.46 -50 0.0520149 0.100856 0.855299 51.7662 22 49133684 1001 1 1 0.308523 0.308523 3 
507.776 -852.897 -50 0.0552605 -0.0843911 1.54161 51.1209 22 49146632 1001 1 1 1.19931 1.19931 3 
561.673 -1054.27 -50 0.0251209 -0.0368469 0.669105 51.2239 22 49185881 1001 1 1 0 0 1 
809.235 -619.644 -50 0.0729633 -0.227406 1.25538 52.1898 22 49279014 1001 1 1 0.91286 0.91286 4 
-1483.92 271.662 -50 -0.0963124 0.024646 0.877723 51.4003 22 49279594 1001 1 1 0.204612 0.204612 2 
46.3739 1268.83 -50 -0.00538309 0.0448412 0.636046 51.472 22 49296529 1001 1 1 0.29831 0.29831 2 
1648.28 392.215 -50 0.0244073 0.0289017 0.125116 53.6685 22 49340448 1001 1 1 0.0966572 0.0966572 15 
1495.89 1528.43 -50 0.149723 0.129904 1.44223 51.5252 22 49419757 1001 1 1 0 0 1 
-907.043 -1801.4 -50 0.0655508 -0.0177607 0.746671 52.9181 22 49424530 1001 1 1 0 0 1 
326.298 -330.18 -50 0.0272422 -0.0250754 1.05256 51.0038 22 49443461 1001 1 1 0 0 1 
-1105.37 1095.58 -50 -0.0399703 0.0321859 0.451515 53.2652 22 49445426 1001 1 1 0 0 1 
269.712 -222.762 -50 -0.0625054 0.0220498 0.493853 52.2053 22 49479208 1040 1 1 0.0927303 0.0927303 2 
1687.63 1355.12 -50 0.165891 0.127119 1.39006 51.7069 22 49525771 1001 1 1 0.890535 0.890535 2 
-1951.83 1206.65 -50 -0.151833 0.0858478 1.02649 52.0389 22 49679085 1001 1 1 0 0 1 
-292.351 -34.5907 -50 -0.0054902 -0.0101363 1.18943 51.7344 22 49781758 1001 1 1 0.969183 0.969183 2 
-361.037 -1957.02 -50 -0.0059 -0.0776013 0.600559 51.7599 22 49830835 1001 1 1 0.000450081 0.000450081 2 
-684.977 325.226 -50 -0.0584856 0.0464811 1.3908 51.1031 22 49845212 1001 1 1 0 0 1 
-147.288 1990.8 -50 -0.0037745 0.0978237 0.715925 51.6034 22 49867842 1001 1 1 0 0 1 
-1488.97 152.688 -50 -0.113951 7.36495e-05 1.19272 51.2623 22 49889435 1001 1 1 0.175864 0.175864 2 
-1081.21 903.349 -50 -0.0866419 0.0735377 1.06304 51.3432 22 49958384 1001 1 1 1.06906 1.06906 15 
569.453 -360.776 -50 0.0323935 -0.0521224 1.27359 51.6667 22 49990085 1001 1 1 1.12852 1.12852 4 
-1017.03 -1505.62 -50 -0.0826903 -0.0921801 0.969082 51.5055 22 50155926 1001 1 1 0.774412 0.774412 3 
1833.75 -1001.21 -50 0.0477885 -0.122296 0.838203 52.2909 22 50242280 1001 1 1 0 0 1 
871.943 -456.883 -50 0.0761716 -0.0448659 1.23382 50.9048 22 50365481 1001 1 1 0 0 1 
1037.3 615.29 -50 0.0421076 0.0324579 0.747487 52.8915 22 50433733 1001 1 1 0 0 1 
1776.05 -237.083 -50 0.127682 -0.0102611 1.04621 51.4679 22 50501365 1001 1 1 0.351618 0.351618 2 
-1794.59 1624.84 -50 -0.0512026 0.0647449 0.50373 52.441 22 50609654 1001 1 1 0.383743 0.383743 4 
1953.65 -87.7455 -50 0.207194 -0.00349611 1.55396 51.2508 22 50694335 1001 1 1 0 0 1 
622.535 833.553 -50 0.0423703 0.0537727 0.981794 50.9911 22 50761460 1001 1 1 0 0 1 
1092.01 851.497 -50 0.0542071 0.0336969 0.750446 51.177 22 50769065 1001 1 1 0.217447 0.217447 2 
-1410.88 56.8883 -50 0.0530617 0.0523124 1.44613 52.7006 22 50944353 1001 1 1 0.687163 0.687163 3 
139.757 1509.21 -50 -0.00674938 0.111081 0.961519 51.9567 22 50972098 1001 1 1 0.0617836 0.0617836 2 
777.81 -1896.58 -50 0.00886245 -0.107686 0.629248 52.057 22 50985301 1001 1 1 0 0 1 
-711.307 -1172 -50 -0.0383348 -0.0592726 0.712041 51.236 22 51008326 1001 1 1 0 0 1 
-516.861 1729.28 -50 0.0595247 0.111738 1.0474 51.7303 22 51113475 1001 1 1 0 0 1 
1114.8 -1956.11 -50 0.0548837 -0.0934871 0.736848 51.6277 22 51201252 1001 1 1 0.565183 0.565183 4 
100.054 -61.3234 -50 0.0173806 -0.0105297 0.755668 51.9257 22 51774387 1001 1 1 0.755912 0.755912 5 
-950.645 -1592.75 -50 -0.0794074 -0.138909 1.3043 51.2664 22 51801486 1001 1 1 1.02975 1.02975 2 
163.02 -1427.15 -50 0.00794294 -0.0324299 0.372497 52.2796 22 51865603 1001 1 1 0 0 1 
216.19 1063.8 -50 0.170592 0.144942 0.797626 53.557 22 51902217 1001 1 1 0 0 1 
-1074.24 1520.34 -50 -0.131167 0.094777 0.52355 53.2787 22 51934150 1001 1 1 0.0571259 0.0571259 2 
-496.274 1699.68 -50 -0.0538035 0.136544 1.16777 53.1978 22 52196201 1001 1 1 0 0 1 
-1384.68 291.225 -50 -0.00230253 0.0575253 0.267768 53.587 22 52269554 1020 1 1 0.0237356 0.0237356 2 
766.573 1609.78 -50 0.0540321 0.102112 1.01249 51.2821 22 52381410 1001 1 1 0 0 1 
-1414.56 1736.01 -50 -0.00203306 -0.000443799 0.126229 52.8562 22 52402382 1001 1 1 0.126218 0.126218 17 
-534.82 193.281 -50 -0.0301349 0.0099686 0.677075 51.0106 22 52558799 1001 1 1 0 0 1 
-806.611 1745.88 -50 -0.0314095 0.0999406 0.861019 51.6537 22 52585947 1001 1 1 0.323904 0.323904 2 
1110.59 1150.82 -50 0.0823558 0.0874873 1.15942 51.0696 22 52597271 1001 1 1 0 0 1 
-72.9766 -1102.29 -50 0.00731047 -0.0533538 0.790973 51.5509 22 52745658 1001 1 1 0.584933 0.584933 2 
-384.144 -1740.11 -50 -0.041687 -0.172857 1.52731 51.2739 22 52913557 1001 1 1 1.27264 1.27264 2 
1515.3 1774 -50 0.0777265 0.128178 0.988305 52.087 22 52956004 1001 1 1 0 0 1 
-565.07 1160.03 -50 -0.0226492 0.0237758 0.430591 51.6626 22 53003987 1008 1 1 0.236342 0.236342 3 
-726.216 -166.606 -50 -0.119313 -0.06423 0.698412 52.7937 22 53054003 1001 1 1 0 0 1 
946.531 1200.49 -50 0.0566287 0.0725042 0.861378 51.1254 22 53078001 1001 1 1 0 0 1 
-1192.86 587.094 -50 -0.0447342 0.0251927 0.502042 52.0198 22 53185177 1014 1 1 0 0 1 
393.093 -1535.62 -50 0.0167181 -0.09053 0.884272 52.8073 22 53196235 1042 1 1 0.635982 0.635982 3 
1592.82 110.162 -50 0.152336 -0.00694946 1.53955 51.3972 22 53221835 1001 1 1 0 0 1 
-1244.31 1524.27 -50 -0.139781 0.0816035 1.85811 51.8418 22 53292627 1001 1 1 0 0 1 
-831.628 1283.7 -50 -0.0353541 0.0459552 0.501936 53.2391 22 53318177 1001 1 1 0 0 1 
363.094 838.761 -50 0.0141697 0.061454 0.947928 51.2147 22 53487505 1001 1 1 0 0 1 
451.438 1329.2 -50 0.0153245 0.0662732 0.711009 51.2529 22 53521008 1001 1 1 0 0 1 
-1277.94 -587.793 -50 -0.102581 -0.0398683 1.14113 51.0873 22 53547262 1001 1 1 0 0 1 
-1427.41 1284.27 -50 -0.0541475 0.0354179 0.503667 51.639 22 53615064 1001 1 1 0.331964 0.331964 4 
-335.94 -1831.12 -50 0.0595812 -0.00343657 0.665579 53.3427 22 53716193 1001 1 1 0.183853 0.183853 2 
491.568 -1867.21 -50 0.0423057 -0.181473 1.38221 51.3096 22 53740372 1001 1 1 0.0107765 0.0107765 2 
1769.84 -688.051 -50 0.175383 -0.0519973 1.28193 51.8694 22 53844311 1001 1 1 0.618346 0.618346 2 
-947.391 -1452.86 -50 -0.00844669 -0.00689819 0.117612 52.3826 22 53920437 1035 1034 1 0.0370444 0.0370444 3 
-148.444 1229.01 -50 -0.00913091 0.0418712 0.582689 52.3032 22 53955036 1001 1 1 0 0 1 
-1783.93 1795.47 -50 -0.157037 0.159235 1.24598 51.675 22 54028728 1001 1 1 0 0 1 
319.275 -1523.56 -50 0.0122115 -0.0446479 0.522537 51.6661 22 54030922 1001 1 1 0.269406 0.269406 3 
160.677 -998.596 -50 0.016123 -0.0460507 0.806766 51.3325 22 54032795 1001 1 1 0 0 1 
1120.31 1425.16 -50 0.0319179 0.0487063 0.441349 54.7938 22 54719844 1001 1 1 0.37275 0.37275 7 
1534.05 361.632 -50 0.0394624 0.0159249 0.479912 53.208 22 54856760 1001 1 1 0.299274 0.299274 4 
177.419 -1027.67 -50 -0.0584469 -0.125815 0.431757 54.4299 22 54980373 1001 1 1 0.395672 0.395672 8 
-899.589 1226.5 -50 -0.051794 0.07056 0.884149 51.2234 22 55002816 1001 1 1 0 0 1 
-688.329 963.46 -50 -0.0317194 0.0574121 0.887365 51.0509 22 55031567 1001 1 1 0.129145 0.129145 2 
1059.26 1979.07 -50 0.120258 0.184505 1.60367 52.9509 22 55031937 1001 1 1 0.864805 0.864805 3 
-526.954 -847.826 -50 -0.0626735 -0.0909126 1.59569 50.8388 22 55136482 1001 1 1 0 0 1 
476.366 1144.78 -50 0.121313 -0.0756731 1.02412 52.9398 22 55161126 1001 1 1 0 0 1 
761.215 -1526.54 -50 0.0491955 -0.121796 1.02051 51.537 22 55225332 1001 1 1 0 0 1 
-487.147 1614.22 -50 -0.0252618 0.0875692 0.721921 51.4102 22 55249893 1001 1 1 0.152547 0.152547 2 
288.776 1553.76 -50 0.00619443 0.0214204 0.110781 52.1594 22 55314224 1001 1 1 0.0567523 0.0567523 5 
542.899 1461.6 -50 0.0748432 0.158563 1.3996 52.0024 22 55318758 1001 1 1 0 0 1 
727.855 -520.805 -50 0.0827056 -0.0961344 1.85587 51.4403 22 55330873 1001 1 1 0 0 1 
-25.3501 -348.561 -50 -0.0254719 0.00336108 0.344843 51.612 22 55337794 1011 1 1 0.0624909 0.0624909 2 
738.047 -180.217 -50 0.100021 0.140947 1.21294 51.8064 22 55352073 1001 1 1 0 0 1 
1874.52 -1760.48 -50 0.0719294 -0.066466 0.50609 53.1763 22 55353245 1001 1 1 0.163161 0.163161 3 
58.0006 -1860.64 -50 -0.00290182 -0.0850437 0.624738 52.6518 22 55397980 1001 1 1 0 0 1 
-31.1235 581.94 -50 0.0028636 0.0586635 1.3656 52.763 22 55526311 1001 1 1 0 0 1 
1349.05 -1558.12 -50 0.0761779 -0.0822601 0.78777 51.4904 22 55609126 1017 1 1 0.357996 0.357996 3 
-156.64 1742.28 -50 -0.00999938 0.0949837 0.736925 51.5628 22 55623534 1001 1 1 0 0 1 
-546.719 1949.69 -50 -0.0133075 0.0705148 0.458094 51.9316 22 55626412 1001 1 1 0 0 1 
1563.16 -615.222 -50 0.0403749 -0.0137766 0.473357 51.7462 22 55903075 1001 1 1 0.408538 0.408538 6 
-400.865 -48.1677 -50 -0.00800987 -0.00122566 0.525864 52.8339 22 55925800 1001 1 1 0.164581 0.164581 2 
-799.329 -333.256 -50 -0.0215388 -0.0100017 0.589367 51.4206 22 55941912 1001 1 1 0.505371 0.505371 7 
-756.407 1563.72 -50 -0.0715882 0.105354 1.03144 51.5309 22 55941928 1001 1 1 0.459138 0.459138 4 
671.667 -771.33 -50 0.0716392 -0.0791476 1.7891 50.8989 22 55952791 1001 1 1 1.70634 1.70634 7 
928.847 -212.166 -50 -0.0012173 0.0687798 0.577511 52.8302 22 55990119 1001 1 1 0.466156 0.466156 5 
687.751 783.327 -50 0.0268166 0.0571739 0.815862 51.7399 22 55994261 1001 1 1 0.605094 0.605094 3 
-887.113 652.317 -50 -0.049337 0.0301506 0.726074 51.3786 22 56020894 1001 1 1 0 0 1 
153.14 1536.59 -50 0.00302554 0.0665672 0.571187 52.2728 22 56220968 1001 1 1 0 0 1 
-804.297 80.0854 -50 -0.0796726 0.0105735 1.2787 51.1725 22 56227125 1008 1 1 0 0 1 
1081.37 1718.69 -50 -0.0249198 0.037853 0.640917 51.9317 22 56327223 1001 1 1 0.226198 0.226198 2 
-760.806 211.811 -50 -0.0569253 0.0366461 1.20367 51.5194 22 56358775 1001 1 1 0 0 1 
-799.057 1931.41 -50 -0.028575 0.066807 0.514526 51.5884 22 56449893 1001 1 1 0.38806 0.38806 4 
1549.73 1468.76 -50 0.110627 0.112457 1.18554 51.49 22 56466168 1001 1 1 0 0 1 
-533.305 1462.94 -50 -0.0650742 0.181815 1.81685 51.0483 22 56501040 1001 1 1 0 0 1 
682.766 659.876 -50 -0.0168418 0.096891 0.521774 52.5202 22 56569670 1001 1 1 0 0 1 
-1948.98 -377.786 -50 -0.201573 0.0307837 0.746589 52.8749 22 56598433 1001 1 1 0 0 1 
1568 345.002 -50 0.048877 0.013393 0.392629 51.5501 22 56649402 1001 1 1 0 0 1 
-259.349 1354.92 -50 0.074914 0.134094 0.497765 55.1124 22 56662647 1001 1 1 0.0470933 0.0470933 2 
-665.974 1729.2 -50 -0.0201885 0.0689121 0.5951 51.354 22 56680827 1001 1 1 0 0 1 
-1926.25 1911.55 -50 -0.216984 0.20527 1.4858 51.9842 22 56689202 1001 1 1 0.591081 0.591081 3 
-1397.96 -879.591 -50 -0.090472 -0.0632265 0.896979 51.4417 22 56734476 1001 1 1 0.860542 0.860542 12 
1360.45 -1242.15 -50 0.0884951 -0.0773576 1.07792 52.8092 22 56828376 1001 1 1 0.831858 0.831858 2 
-1980.43 1188.65 -50 -0.0831614 0.0527268 0.313735 53.999 22 56915835 1001 1 1 0.328781 0.328781 9 
-1674.12 -1809.86 -50 -0.0503638 -0.0591118 0.462932 51.7594 22 56947823 1001 1 1 0 0 1 
-641.017 1183.98 -50 -0.0776951 0.127296 1.75255 51.0498 22 56966532 1001 1 1 0 0 1 
465.126 1491.65 -50 0.00962742 0.0401081 0.384486 51.4743 22 56993504 1001 1 1 0 0 1 
1060.17 722.166 -50 0.0594518 0.0514578 0.975776 51.1168 22 57061855 1001 1 1 0 0 1 
-575.268 199.302 -50 -0.0451477 0.00536133 1.5049 52.613 22 57259345 1001 1 1 1.32043 1.32043 4 
-1057.46 1638.25 -50 -0.0605104 0.137653 1.08696 51.9949 22 57399317 1001 1 1 0 0 1 
1070.65 1113.47 -50 0.067252 0.0552589 0.754081 51.7448 22 57524823 1001 1 1 0.583275 0.583275 3 
-465.374 1092.83 -50 -0.0552608 0.0986104 1.14916 51.7769 22 57748028 1001 1 1 1.15464 1.15464 9 
1944.97 -929.921 -50 0.171892 0.0210916 0.782389 52.2261 22 57757346 1001 1 1 0 0 1 
1193.93 1611.93 -50 0.0926931 0.114223 1.01879 51.6914 22 58351175 1001 1 1 0 0 1 
-924.998 -1994.15 -50 -0.0322489 -0.101015 0.701133 51.9232 22 58371669 1001 1 1 0.238152 0.238152 2 
-1763.45 18.4159 -50 -0.0941233 -0.122307 0.709873 52.978 22 58400141 1006 1 1 0.422133 0.422133 2 
-1011.98 -1357.11 -50 -0.143328 -0.187268 2.01477 51.2644 22 58400705 1001 1 1 0 0 1 
-1100.15 -433.634 -50 -0.102685 -0.0463684 1.19128 51.4186 22 58567764 1001 1 1 0 0 1 
-1176.84 -1352.46 -50 -0.0812213 -0.0878088 1.08036 51.3628 22 58582696 1001 1 1 0.906479 0.906479 3 
1782.4 958.799 -50 0.0926925 0.0591651 0.848339 53.2159 22 58700700 1001 1 1 0 0 1 
-928.459 414.663 -50 -0.0341996 0.00576514 0.499441 51.4365 22 58820468 1001 1 1 0.377282 0.377282 4 
-1036.14 -1280.56 -50 -0.0388655 -0.0434603 0.66793 51.6384 22 58840636 1001 1 1 0.238922 0.238922 2 
-664.968 -1720.11 -50 0.00336226 -0.0124122 0.0731419 54.8087 22 58885169 1001 1 1 0.0742354 0.0742354 7 
1747.7 1253.95 -50 0.0261861 0.0164707 0.166959 51.7403 22 58912554 1001 1 1 0.100727 0.100727 8 
1262.94 955.9 -50 0.100326 0.0848578 1.18115 51.2299 22 59036392 1001 1 1 0.328742 0.328742 2 
-1285.31 -1478.09 -50 -0.0790512 -0.185939 0.864925 52.1692 22 59375175 1001 1 1 0 0 1 
-1976.44 134.522 -50 -0.19822 0.0169375 1.61116 51.4708 22 59447792 1001 1 1 1.39003 1.39003 3 
1577.22 1806.84 -50 0.0284124 0.034768 0.350693 52.8938 22 59526920 1001 1 1 0.241008 0.241008 3 
-454.927 -1125.5 -50 -0.0208212 -0.063561 0.705907 51.2888 22 59547034 1001 1 1 0 0 1 
-1834.34 -1858.24 -50 -0.173927 -0.0643945 0.56686 53.8234 22 59661538 1001 1 1 0 0 1 
1228.74 -826.741 -50 0.0581722 -0.0400528 0.842061 52.034 22 59670145 1001 1 1 0.0350289 0.0350289 2 
781.464 1832.21 -50 0.0320938 0.106078 0.8664 51.6253 22 59692304 1001 1 1 0.0244765 0.0244765 2 
-768.951 549.153 -50 0.0511117 0.326362 1.54385 54.7245 11 59788701 1002 1001 1 1.14844 1.14844 1 
-1199.68 711.565 -50 -0.0894347 0.0116119 0.588861 51.85 22 59810051 1001 1 1 0.522391 0.522391 9 
-750.411 -1051.85 -50 -0.0479736 -0.0701981 0.819659 53.097 22 59871990 1001 1 1 0 0 1 
1470.41 1587.61 -50 0.292416 0.295645 1.9278 51.8602 22 60005093 1001 1 1 0 0 1 
1873.8 -488.783 -50 0.0771147 -0.0229013 0.60403 51.2683 22 60040959 1018 1 1 0 0 1 
327.483 -158.695 -50 0.021022 -0.0185717 0.961249 50.98 22 60044394 1001 1 1 0 0 1 
-647.442 894.752 -50 0.0869444 0.058078 0.795135 52.5356 22 60072597 1001 1 1 0 0 1 
613.972 754.44 -50 0.0135271 0.0240009 0.485484 51.0782 22 60161975 1001 1 1 0.348655 0.348655 8 
-237.428 1376.73 -50 -0.00177018 0.0805875 0.888123 51.4141 22 60167350 1001 1 1 0 0 1 
918.107 -862.492 -50 0.0480636 -0.0424992 0.805848 51.1069 22 60248281 1001 1 1 0.410139 0.410139 5 
-1060.51 -848.738 -50 0.00920807 -0.0102967 0.09798 54.1129 22 60264494 1001 1 1 0 0 1 
497.862 -1875.35 -50 0.0170326 -0.0676697 0.560596 51.2736 22 60315420 1001 1 1 0.51285 0.51285 11 
1088.89 -737.2 -50 0.0546576 -0.0378987 0.766114 51.0067 22 60341181 1001 1 1 0 0 1 
-268.1 383.68 -50 -0.01494 0.0113518 0.477236 51.104 22 60371506 1001 1 1 0.156119 0.156119 2 
70.2302 -869.114 -50 -0.0174038 -0.0414449 0.895505 51.5613 22 60404864 1001 1 1 0.793299 0.793299 4 
616.272 -866.981 -50 -0.0063606 -0.0289227 0.259301 52.7602 22 60468590 1001 1 1 0.119269 0.119269 2 
-146.226 -173.181 -50 -0.00495489 -0.0234532 0.838672 53.5985 22 60470168 1001 1 1 0 0 1 
-930.631 -1761.85 -50 -0.0537239 -0.0931768 0.704466 51.6461 22 60524663 1001 1 1 0 0 1 
-1153.46 -1437.85 -50 -0.132334 -0.137714 1.40609 51.6152 22 60527898 1001 1 1 0 0 1 
663.33 -1601.82 -50 0.108163 -0.188248 1.76681 51.7924 22 60558469 1001 1 1 0 0 1 
1594.22 -441.52 -50 0.160894 -0.0341979 1.36457 51.4637 22 60571521 1001 1 1 1.37442 1.37442 15 
-523.169 1081.14 -50 -0.0255898 0.0805741 0.925244 51.3955 22 60686223 1007 1 1 0.636354 0.636354 2 
-854.789 814.113 -50 -0.19803 0.133068 0.900073 52.9818 22 60750314 1001 1 1 0.848038 0.848038 7 
-1112.86 -1214.18 -50 -0.0485678 -0.042437 0.590345 52.451 22 60982197 1001 1 1 0.298938 0.298938 3 
-1699.94 -1783.48 -50 -0.00197041 -0.135041 0.573182 52.9933 22 61223396 1001 1 1 0.0186122 0.0186122 2 
-1918.83 1351.51 -50 -0.0860225 0.0612676 0.406446 52.0912 22 61248283 1001 1 1 0 0 1 
903.577 -1143.15 -50 0.0296289 -0.0417336 0.595155 51.4356 22 61289734 1001 1 1 0.36332 0.36332 2 
-887.725 1247.18 -50 -0.0603971 0.0709494 0.861489 51.1682 22 61309981 1013 1 1 0.580872 0.580872 3 
162.533 797.862 -50 0.015758 0.0975751 0.773735 51.2662 22 61350527 1001 1 1 0 0 1 
-302.334 -373.209 -50 -0.0139169 -0.0210457 0.790664 50.9025 22 61480236 1001 1 1 0 0 1 
1697.04 212.476 -50 0.122039 0.0106513 1.10954 51.1367 22 61563480 1014 1 1 0.137633 0.137633 2 
-801.87 -1614.99 -50 -0.0895842 -0.176729 1.41115 51.9789 22 61831190 1001 1 1 0 0 1 
-217.228 -603.143 -50 -0.0408796 -0.0630033 1.32447 51.7474 22 61842074 1001 1 1 0.626988 0.626988 2 
548.18 1352.14 -50 -0.0268821 -0.0567597 0.931169 52.8777 22 61926621 1001 1 1 0.189657 0.189657 2 
1275.23 -326.527 -50 0.0892284 -0.0145253 1.11408 51.1874 22 62003385 1011 1 1 1.0425 1.0425 9 
-1683.25 91.6929 -50 -0.0537919 -0.0119876 0.333483 52.3545 22 62099389 1001 1 1 0.0500994 0.0500994 2 
-1101.93 -1114.36 -50 -0.0724373 -0.0695079 0.989112 51.1847 22 62267855 1001 1 1 0 0 1 
-1870.99 -105.092 -50 -0.194216 -0.0131214 1.45045 51.2896 22 62351026 1001 1 1 1.25217 1.25217 4 
1507.77 -1214.7 -50 0.0572152 -0.0537666 0.634147 53.1111 22 62505121 1001 1 1 0.0465433 0.0465433 2 
-5.19015 1213.05 -50 -0.00772979 0.0652144 0.861384 51.1859 22 62610592 1001 1 1 0.344242 0.344242 2 
-1416.84 865.868 -50 -0.117595 0.0631199 1.24504 51.4317 22 62623012 1001 1 1 0 0 1 
728.983 -396.063 -50 -0.0370128 -0.0526523 0.345599 53.7682 22 62624976 1001 1 1 0.072939 0.072939 2 
599.819 -1995.4 -50 0.0285217 -0.103511 0.757337 51.9017 22 62866893 1001 1 1 0 0 1 
859.967 -331.446 -50 0.077521 -0.0195805 1.05225 51.1939 22 62919495 1001 1 1 0.958435 0.958435 7 
-686.402 759.285 -50 -0.0715289 0.0626729 1.44826 51.1963 22 63049072 1001 1 1 0 0 1 
-1476.61 -1938 -50 -0.0619403 -0.0878525 0.5983 52.042 22 63087459 1001 1 1 0.19216 0.19216 3 
161.22 -1654.41 -50 -0.00252998 -0.112089 1.1041 51.6151 22 63091992 1001 1 1 0 0 1 
944.089 -401.708 -50 0.0755951 -0.0593778 1.3552 51.4425 22 63301813 1001 1 1 0.0147164 0.0147164 2 
-1310.09 1680.04 -50 -0.0780538 0.138822 1.06641 51.882 22 63338776 1001 1 1 0.341299 0.341299 3 
86.2349 -411.47 -50 -0.00611618 -0.00320237 0.875299 51.4409 22 63522940 1001 1 1 0 0 1 
1587.32 1976.71 -50 0.134558 0.155106 1.09516 52.566 22 63553804 1001 1 1 0.952019 0.952019 5 
850.257 1374.45 -50 0.0620011 0.109101 1.12896 51.1524 22 63570576 1001 1 1 0.577366 0.577366 4 
190.885 1957.07 -50 0.0136734 0.108462 0.849316 51.4812 22 63602195 1001 1 1 0 0 1 
92.6915 -47.0422 -50 0.00410407 0.0090045 0.68103 52.9996 22 63654582 1001 1 1 0.013817 0.013817 2 
-1022.84 1198.3 -50 0.0557541 -0.0253384 0.626476 53.094 22 63670950 1001 1 1 0.469043 0.469043 4 
-188.179 -1467.49 -50 -0.0104641 -0.0953861 0.966241 50.9974 22 63777002 1001 1 1 0 0 1 
1250.51 -397.366 -50 0.154628 -0.0610904 1.52766 51.8337 22 63820245 1001 1 1 0.120827 0.120827 2 
1059.19 -1246.97 -50 0.0531852 -0.0506435 0.611323 52.3553 22 63843954 1001 1 1 0 0 1 
1130.94 864.562 -50 0.0835778 0.0625966 1.15348 51.2136 22 63858849 1011 1 1 0.122435 0.122435 2 
-787.056 -1294.06 -50 -0.0358865 -0.0599529 0.695532 51.2283 22 63979440 1001 1 1 0 0 1 
-218.414 -1840.77 -50 -0.023339 -0.173298 1.23436 53.2817 22 64246011 1001 1 1 0 0 1 
300.842 -130.641 -50 0.0109313 -0.0138764 0.550363 51.3616 22 64314715 1001 1 1 0.461939 0.461939 9 
-1473.04 -1452.17 -50 -0.0551464 -0.0519971 0.582047 51.5766 22 64474851 1001 1 1 0.336691 0.336691 3 
1320.67 684.673 -50 0.102577 0.0545956 1.3639 51.3904 22 64576849 1001 1 1 0.433033 0.433033 2 
-446.276 -1918.4 -50 -0.0388658 -0.105142 0.913209 51.6679 22 64697390 1001 1 1 0.774949 0.774949 7 
-254.084 -1368.09 -50 -0.0291185 -0.0862897 0.981956 51.2688 22 64716286 1001 1 1 0 0 1 
448.075 -233.707 -50 0.023664 -0.0151194 0.806909 50.9062 22 64796854 1007 1 1 0.569462 0.569462 3 
-1529.33 245.898 -50 -0.0654322 0.0151318 0.580245 51.4079 22 65048389 1001 1 1 0 0 1 
-1852.15 -1081 -50 -0.173291 -0.109887 1.22124 52.1715 22 65319192 1001 1 1 1.2383 1.2383 11 
-877.371 -1172.65 -50 -0.0586182 -0.0817849 0.974852 51.2306 22 65360877 1001 1 1 0.14866 0.14866 2 
483.756 970.08 -50 0.0235119 0.0549116 1.02419 52.8042 22 65368153 1001 1 1 0.908126 0.908126 3 
-1407.74 626.345 -50 -0.100759 0.0593153 1.19132 51.2663 22 65491088 1001 1 1 0 0 1 
865.456 293.202 -50 0.0244738 -0.017136 0.278469 52.9512 22 65503718 1001 1 1 0 0 1 
-1081.23 -1106.76 -50 -0.0601213 -0.0549095 0.797511 52.3138 22 65656831 1001 1 1 0 0 1 
1671.41 -1698.98 -50 0.0657493 -0.0700521 0.603234 51.9053 22 65679715 1001 1 1 0.0175825 0.0175825 2 
-1333.4 -681.428 -50 -0.0488176 -0.092509 1.09653 54.8724 11 65729167 1002 1001 1 0.703266 0.703266 1 
-1747.25 -229.329 -50 -0.0718695 -0.0142046 0.528392 51.5263 22 65925126 1001 1 1 0 0 1 
1960.59 230.838 -50 0.15657 0.0275922 1.22137 51.4802 22 65942122 1001 1 1 1.14727 1.14727 6 
-325.909 -1989.9 -50 0.0115899 -0.0225227 0.0949908 54.1494 22 65943264 1001 1 1 0 0 1 
405.199 -1428.57 -50 0.0146513 -0.0926627 0.956819 52.7811 22 65951593 1001 1 1 0 0 1 
684.125 427.522 -50 0.106517 -0.0800069 1.46803 51.3128 22 65974355 1001 1 1 0 0 1 
-1404 227.711 -50 -0.0544396 0.00877485 0.608275 51.1296 22 66133859 1001 1 1 0 0 1 
713.3 -665.034 -50 0.04424 -0.0955423 0.737271 51.3656 22 66153523 1001 1 1 0.435536 0.435536 2 
-597.837 1313.65 -50 -0.0115294 0.0432939 0.451365 51.681 22 66247746 1001 1 1 0.098131 0.098131 2 
-934.858 1815.62 -50 -0.0466107 0.0604329 0.532116 53.3375 22 66279247 1001 1 1 0.371227 0.371227 3 
-1182.07 1440.68 -50 -0.132533 0.139914 1.42815 51.5527 22 66414030 1001 1 1 0.867788 0.867788 2 
315.643 -396.297 -50 -0.00651077 -0.0020114 0.0426763 53.9841 22 66449715 1013 1 1 0.0431886 0.0431886 4 
194.41 -1783.25 -50 -0.00482158 -0.0317881 0.591036 51.8832 22 66476251 1001 1 1 0 0 1 
-834.793 1880.89 -50 -0.0305778 0.0457383 0.380776 53.3685 22 66501924 1001 1 1 0.036214 0.036214 2 
-1474.61 815.896 -50 -0.022904 0.0332551 0.128196 54.2859 22 66537101 1001 1 1 0 0 1 
-34.7965 -695.545 -50 -0.00550954 -0.0851173 1.77881 51.104 22 66698106 1001 1 1 0 0 1 
1518.45 -1355.02 -50 0.142389 -0.13467 1.42552 51.2145 22 66793245 1001 1 1 0.712015 0.712015 3 
-1980.87 821.896 -50 -0.103663 0.0439531 0.820962 51.4441 22 66838965 1001 1 1 0.325179 0.325179 3 
1188.69 1263.99 -50 0.17599 0.175488 1.83876 51.7568 22 66856341 1001 1 1 0 0 1 
1348.44 -1078.39 -50 0.115745 -0.10274 1.33101 51.2912 22 66864208 1001 1 1 0 0 1 
-1406.57 1768.97 -50 -0.060903 0.0621953 0.550719 51.7935 22 66954414 1001 1 1 0.0520307 0.0520307 2 
598.172 1660.58 -50 0.054042 0.167698 1.5569 51.4789 22 67079355 1001 1 1 0 0 1 
1184.31 1988.02 -50 0.0990864 0.184458 1.34959 51.4484 22 67127503 1001 1 1 0 0 1 
-284.531 -91.5811 -50 -0.0256753 -0.0131716 0.733262 52.5873 22 67143552 1001 1 1 0 0 1 
-1730.69 -650.862 -50 -0.0740523 -0.0351217 0.61914 51.493 22 67226831 1001 1 1 0.481999 0.481999 5 
1489.16 1644.27 -50 0.083604 0.0894468 0.848807 51.5068 22 67231879 1001 1 1 0.130395 0.130395 2 
1783.29 1266.2 -50 0.110725 0.0740517 0.961551 53.1442 22 67405234 1001 1 1 0.707213 0.707213 3 
970.103 1975.64 -50 0.0807235 0.137814 0.985671 51.9711 22 67459322 1001 1 1 0 0 1 
-661.497 -1398.61 -50 -0.0513635 -0.0832405 0.923843 51.4312 22 67562198 1001 1 1 0.321744 0.321744 2 
1264.39 1886.32 -50 0.104715 0.157986 1.21842 51.4173 22 67575777 1001 1 1 1.13548 1.13548 6 
-716.005 -1529.15 -50 -0.0388191 -0.0717873 0.702283 51.2672 22 67591816 1001 1 1 0.39902 0.39902 3 
174.932 1507.33 -50 0.00195561 0.0527414 0.53636 51.2078 22 67611925 1001 1 1 0.297021 0.297021 3 
-377.866 1414.85 -50 -0.0227428 0.066874 0.633214 51.3402 22 67632596 1001 1 1 0 0 1 
1329.94 -174.164 -50 0.105138 -0.033138 1.25813 51.4086 22 67794414 1001 1 1 0 0 1 
-236.936 650.897 -50 -0.0937839 -0.000948409 0.427796 53.5359 22 67850732 1001 1 1 0.26406 0.26406 3 
1124.64 -1805.85 -50 0.0456655 -0.10846 0.463568 52.5106 22 67986880 1022 1 1 0 0 1 
-660.218 -1441.87 -50 0.0485682 -0.0482816 0.645673 53.9489 22 68011435 1001 1 1 0 0 1 
-483.742 1751.61 -50 -0.0333033 0.0878571 0.785862 51.3294 22 68074993 1001 1 1 0.280112 0.280112 2 
1036.21 1688.51 -50 0.0917039 0.152578 1.18608 52.6529 22 68120568 1001 1 1 1.12076 1.12076 8 
-653.582 -1023.82 -50 -0.0184979 -0.0626277 0.793671 51.4516 22 68152270 1033 1 1 0 0 1 
298.102 875.007 -50 0.0247936 0.0741058 1.2398 50.9579 22 68189344 1001 1 1 0 0 1 
1831.44 132.585 -50 0.147716 0.00988334 1.04792 51.761 22 68278744 1001 1 1 0.708167 0.708167 3 
1890.42 -549.398 -50 0.144526 -0.0462067 1.14373 51.132 22 68396776 1001 1 1 0 0 1 
950.295 -579.092 -50 0.19474 0.0544231 0.838588 52.9623 22 68407720 1001 1 1 0 0 1 
-664.448 -1540.03 -50 -0.052221 -0.106635 0.90889 51.7497 22 68414674 1001 1 1 0.830169 0.830169 7 
1884.95 595.501 -50 0.243912 -0.00823806 0.911945 52.4193 22 68466500 1018 1 1 0 0 1 
-1897.49 -1667.85 -50 -0.216751 -0.281223 1.1334 52.8332 22 68468885 1001 1 1 0 0 1 
-1555.55 1005.43 -50 -0.126912 -0.0649854 1.06034 52.1724 22 68472046 1001 1 1 0 0 1 
-1756.65 696.005 -50 -0.194909 0.0759348 1.70514 51.2739 22 68650626 1001 1 1 0 0 1 
-678.102 121.996 -50 -0.0342168 0.0148394 0.876051 51.1705 22 68667372 1001 1 1 0 0 1 
-1058.02 -1878.95 -50 -0.0144669 -0.0410137 0.108114 56.0787 22 68696126 1001 1 1 0.0293062 0.0293062 4 
-875.525 -1978.4 -50 -0.112052 -0.257951 1.94102 51.2429 22 68771088 1001 1 1 0 0 1 
1485.36 -1965.83 -50 0.00527763 -0.0361498 0.17043 54.2671 22 68780683 1001 1 1 0.103056 0.103056 4 
339.002 671.245 -50 0.000948645 0.000356553 0.0493031 52.0275 22 68847648 1017 1001 1 0.0492702 0.0492702 6 
-998.506 63.4248 -50 -0.0235922 0.00283454 0.40501 51.0239 22 68866884 1010 1 1 0 0 1 
1356.98 -325.906 -50 0.212492 -0.027016 1.41722 52.1734 22 69000395 1001 1 1 0.491609 0.491609 2 
-1392.01 606.637 -50 -0.0673974 0.0296317 0.717523 51.1449 22 69146925 1001 1 1 0.0693104 0.0693104 2 
1437.94 -976.237 -50 0.0456619 -0.0394733 0.515307 51.4972 22 69208378 1001 1 1 0.090166 0.090166 2 
183.705 -156.065 -50 -0.00432044 -0.0106345 1.33451 51.4095 22 69316197 1001 1 1 0.324811 0.324811 2 
1529 1027.08 -50 0.0690133 0.0419328 0.631947 51.5172 22 69354474 1001 1 1 0.637042 0.637042 10 
-806.93 1154.32 -50 -0.00774833 -0.00155306 0.0723217 52.896 22 69403497 1001 1 1 0.0231605 0.0231605 4 
-17.7359 -1815.42 -50 -0.00847302 -0.167613 1.2409 51.572 22 69446996 1001 1 1 0 0 1 
-117.505 -1259.63 -50 0.004886 -0.0615508 0.634237 51.4558 22 69469874 1001 1 1 0 0 1 
-1425.98 367.049 -50 -0.136109 -0.0551453 0.467958 54.1074 22 69480509 1001 1 1 0.281313 0.281313 2 
-903.683 -636.632 -50 -0.0380084 -0.0309675 0.733572 51.3148 22 69481810 1001 1 1 0 0 1 
-1004.95 -872.592 -50 -0.0648345 -0.0530022 0.730254 51.7891 22 69542335 1008 1 1 0.528558 0.528558 5 
1151.91 -1951.43 -50 0.0168054 -0.0318984 0.320312 51.5536 22 69563571 1001 1 1 0 0 1 
344.343 1307.68 -50 0.0508836 -0.00746192 0.569033 53.2924 22 69669993 1001 1 1 0.376742 0.376742 2 
475.431 -1098.98 -50 0.0165273 -0.0275862 0.469881 51.4135 22 69817938 1001 1 1 0.369847 0.369847 5 
-167.331 -1753.89 -50 -0.0147908 -0.102538 0.902219 51.2786 22 69821125 1001 1 1 0 0 1 
-49.9407 626.032 -50 0.000421092 0.0200145 0.49816 50.8742 22 69942964 1001 1 1 0 0 1 
-266.219 209.579 -50 -0.0544717 0.00795877 1.58669 51.558 22 70184744 1001 1 1 0 0 1 
1710.01 1392.34 -50 0.117074 0.0849878 1.03684 51.6599 22 70197052 1001 1 1 0.225514 0.225514 2 
-400.675 -1121.15 -50 -0.019138 -0.0311341 0.458249 51.3977 22 70237897 1001 1 1 0 0 1 
-1520.7 82.9589 -50 -0.141069 0.00981908 1.38201 51.1805 22 70276231 1001 1 1 1.16409 1.16409 3 
1331.58 33.8537 -50 0.1805 0.00759667 1.89268 51.119 22 70298586 1001 1 1 0.411785 0.411785 2 
-8.02326 247.806 -50 -0.0139507 0.0126708 1.43824 51.1865 22 70323816 1001 1 1 0 0 1 
-801.446 -1600.96 -50 0.0620921 -0.0289717 0.640742 52.5233 22 70372931 1001 1 1 0.400024 0.400024 3 
-501.942 615.652 -50 -0.0479652 -0.00439661 0.975044 51.3552 22 70512858 1018 1 1 0.298777 0.298777 2 
-1370.09 -1042.42 -50 -0.108443 -0.0815948 1.28838 51.5081 22 70530137 1001 1 1 0 0 1 
754.184 1769.89 -50 0.0633449 0.123117 0.962098 53.4243 22 70546041 1001 1 1 0.748335 0.748335 3 
-480.042 -71.433 -50 -0.0236095 -0.00301442 0.814935 51.0001 22 70572289 1001 1 1 0 0 1 
1112.4 -997.453 -50 0.0627176 -0.0224901 0.202206 54.2052 22 70639677 1001 1 1 0 0 1 
-393.463 863.872 -50 -0.0104631 0.0407626 0.183293 53.0709 22 70700614 1001 1 1 0.0775311 0.0775311 2 
1643.32 -920.588 -50 0.0875911 -0.0408733 0.688985 51.8523 22 70714488 1001 1 1 0 0 1 
-574.412 -1273.5 -50 -0.0497974 -0.0850839 0.906021 51.4136 22 70869993 1001 1 1 0.71052 0.71052 3 
-1241.62 -1638.1 -50 -0.0544021 -0.0546565 0.576367 51.5556 22 70895630 1001 1 1 0 0 1 
383.389 1801.44 -50 0.0082365 0.0806164 0.629641 51.6006 22 70950789 1001 1 1 0.530069 0.530069 8 
-1430.67 1950.35 -50 -0.0817054 0.0982809 0.739198 51.8503 22 71089730 1001 1 1 0 0 1 
1239.45 1340.31 -50 0.149085 0.142345 1.757 51.4091 22 71120272 1001 1 1 0.713138 0.713138 2 
-422.626 66.4099 -50 -0.0426086 -0.0154183 1.28819 51.2065 22 71248414 1001 1 1 0 0 1 
752.901 -140.328 -50 0.0420182 -0.00656012 0.729258 51.3885 22 71253518 1001 1 1 0 0 1 
-1927.85 395.142 -50 -0.0890912 0.0167861 0.667279 51.5277 22 71300971 1001 1 1 0 0 1 
1189.64 -314.519 -50 0.0696629 -0.0472198 1.07349 52.1138 22 71315481 1026 1 1 0.207999 0.207999 2 
-751.221 447.548 -50 -0.0521595 0.0250902 0.721361 53.1278 22 71573347 1001 1 1 0.537158 0.537158 5 
-273.871 805.618 -50 -0.0213058 0.0291078 0.679322 52.418 22 71644207 1001 1 1 0 0 1 
-505.423 -1645.27 -50 -0.0536081 -0.172076 1.52954 51.1945 22 71980097 1001 1 1 0 0 1 
-1711.22 1948.5 -50 -0.127062 0.158019 1.08549 51.9215 22 72072547 1001 1 1 0.785866 0.785866 2 
1446.36 1384.19 -50 0.102268 0.0886572 0.904202 51.7449 22 72109937 1001 1 1 0.758982 0.758982 7 
-591.449 -1034.33 -50 -0.0795698 -0.118249 1.56792 51.3653 22 72167371 1001 1 1 0 0 1 
1497.71 165.77 -50 0.00962956 -0.00467941 0.418028 53.2574 22 72206165 1001 1 1 0 0 1 
1614.25 1339.99 -50 0.0922973 0.0890492 0.866614 51.697 22 72231519 1001 1 1 0 0 1 
-99.5093 -32.2081 -50 -0.00248002 0.00979205 0.0686033 52.4831 22 72295204 1009 1008 1 0.0693146 0.0693146 3 
201.833 -1679.77 -50 0.0294576 -0.188076 1.4854 53.5499 22 72382342 1001 1 1 1.42226 1.42226 6 
1885.34 -1346.85 -50 0.143273 -0.104271 1.1248 51.6127 22 72407084 1001 1 1 1.02732 1.02732 6 
-1874.24 1940.73 -50 -0.0384467 0.0848602 0.265047 53.4515 22 72598963 1001 1 1 0.073156 0.073156 4 
-1488.93 -537.694 -50 -0.0760665 -0.0141085 0.692607 51.5914 22 72628939 1001 1 1 0 0 1 
-338.116 378.559 -50 0.00979157 0.215862 1.20763 52.2343 22 72857470 1001 1 1 1.10536 1.10536 6 
-1608.65 1869.17 -50 -0.105307 0.116636 0.99574 51.718 22 72885568 1001 1 1 0 0 1 
1349.97 361.881 -50 -0.000540192 0.00427731 0.0492116 53.2094 22 72965827 1001 1 1 0 0 1 
-1373.13 -7.76613 -50 -0.163625 0.00107839 1.69465 51.1538 22 72976108 1001 1 1 0 0 1 
660.89 819.778 -50 0.124112 -0.00995038 0.488182 53.6513 22 73006274 1001 1 1 0 0 1 
-1925.82 -196.189 -50 -0.0833567 6.59562e-05 0.568346 52.0785 22 73013251 1001 1 1 0.574368 0.574368 11 
-631.044 1576.85 -50 -0.0474261 0.105817 0.934579 51.4671 22 73066724 1001 1 1 0 0 1 
412.708 -173.544 -50 0.0178643 -0.0546785 0.293913 53.393 22 73140867 1001 1 1 0.238491 0.238491 7 
-991.5 -580.928 -50 -0.0153198 -0.0195847 0.105025 53.0793 22 73180445 1001 1 1 2.96635e-05 2.96635e-05 1 
840.187 917.502 -50 0.0261453 0.0221801 0.484379 51.5199 22 73190481 1001 1 1 0.354588 0.354588 9 
1977.14 1673.93 -50 0.15044 0.137348 1.15111 51.7235 22 73237078 1001 1 1 0 0 1 
592.599 200.909 -50 0.0395537 0.00228112 0.969062 51.0766 22 73261951 1001 1 1 0.851267 0.851267 6 
-1277.41 -1191.99 -50 -0.125431 -0.089988 1.2804 51.5278 22 73390888 1001 1 1 1.12924 1.12924 3 
304.678 10.5272 -50 0.00567551 -0.000579541 0.480741 50.8377 22 73406519 1001 1 1 0 0 1 
1449.24 1887.99 -50 -0.00728208 0.120464 0.958594 52.4531 22 73452205 1001 1 1 0 0 1 
-22.7815 1025.45 -50 0.00984854 0.0763399 1.08912 51.2128 22 73542049 1001 1 1 0 0 1 
-897.462 -224.042 -50 -0.0707766 -0.00607726 0.938697 52.8845 22 73710299 1001 1 1 0 0 1 
441.256 1878.03 -50 -0.0303416 0.0384687 0.918451 52.3305 22 73714181 1001 1 1 0.633474 0.633474 3 
602.258 785.633 -50 0.0472768 0.0659965 1.25833 51.0127 22 73932285 1001 1 1 0.992898 0.992898 4 
-1311.98 -1052.34 -50 -0.121562 -0.0954447 1.43599 51.2547 22 73948280 1001 1 1 0 0 1 
-1926.31 1065.05 -50 -0.0834229 0.0539502 0.666091 51.6794 22 73989263 1001 1 1 0.587672 0.587672 7 
1535.54 1247.86 -50 0.0574962 0.0523061 0.59053 51.3017 22 74073134 1001 1 1 0.0496104 0.0496104 2 
-815.737 -718.729 -50 -0.227538 -0.111948 1.43902 51.5848 22 74097138 1001 1 1 0 0 1 
723.486 641.638 -50 0.0493282 0.0486446 0.826647 51.6427 22 74190396 1001 1 1 0 0 1 
33.6702 -46.1107 -50 0.0144969 -0.0140538 0.775722 51.6441 22 74252552 1001 1 1 0.487282 0.487282 3 
-52.0907 851.833 -50 -0.0412609 0.211625 0.93041 52.6256 22 74307124 1001 1 1 0.787549 0.787549 6 
-886.136 -1554.1 -50 -0.0343999 -0.0577161 0.563602 51.4361 22 74307916 1002 1 1 0 0 1 
-838.285 -842.689 -50 -0.0154208 -0.0235313 1.25164 51.1604 22 74332290 1001 1 1 0.8483 0.8483 2 
-1703.85 -828.757 -50 -0.119398 -0.0748131 1.03059 51.5953 22 74339980 1001 1 1 0.364742 0.364742 2 
-520.049 855.957 -50 -0.0287092 0.0474349 0.863718 51.1397 22 74360067 1001 1 1 0.648993 0.648993 2 
-1072 -1044.84 -50 -0.0648365 -0.0984215 1.14218 52.1973 22 74504261 1001 1 1 0 0 1 
387.974 721.433 -50 0.0130882 0.00203346 0.25595 51.7295 22 74591103 1001 1 1 0 0 1 
-919.051 -1657.1 -50 -0.0958526 -0.171937 1.38719 51.4964 22 74620996 1001 1 1 1.32172 1.32172 6 
1678.22 1770.31 -50 0.0530122 0.0621586 0.459722 52.0317 22 74621763 1001 1 1 0 0 1 
-22.1541 478.466 -50 -0.00234118 0.0266127 0.732195 51.0263 22 74622659 1001 1 1 0.550845 0.550845 5 
-1380.01 989.028 -50 -0.107647 0.0808247 0.995286 51.769 22 74720142 1001 1 1 0.931148 0.931148 6 
1316.93 1430.78 -50 0.0448489 0.0571503 0.548497 51.4509 22 74742651 1001 1 1 0 0 1 
245.368 -1911.81 -50 0.0351761 -0.227168 1.66318 51.4309 22 74761302 1001 1 1 0 0 1 
-423.605 -1933.73 -50 -0.0186709 -0.0763012 0.602236 51.253 22 74810062 1001 1 1 0 0 1 
602.877 -1608.11 -50 -0.00355059 -0.000732887 0.0596173 55.2641 22 74978821 1001 1 1 0 0 1 
-1336.16 -521.281 -50 -0.0983619 -0.0509635 1.13791 51.3198 22 75107514 1001 1 1 1.05395 1.05395 5 
-1849.65 1185.17 -50 -0.105992 0.0476006 0.744914 52.0175 22 75178908 1001 1 1 0 0 1 
-1500.62 540.389 -50 -0.0522831 0.0161794 0.442444 51.8774 22 75210066 1001 1 1 0.276606 0.276606 2 
-850.1 1389.3 -50 -0.0305183 0.05166 0.549345 51.3166 22 75298740 1008 1 1 0.472176 0.472176 6 
-206.055 1859.83 -50 -0.0945212 0.0416808 0.9836 51.9167 22 75378871 1001 1 1 0 0 1 
1598.06 889.19 -50 0.0894806 0.0368338 0.745723 51.5422 22 75384275 1001 1 1 0.0519976 0.0519976 2 
746.472 605.357 -50 0.0246546 0.0195856 0.42993 51.1785 22 75558023 1001 1 1 0.381072 0.381072 10 
-746.166 -222.333 -50 -0.0515994 -0.052895 0.342124 52.7007 22 75852650 1001 1 1 0 0 1 
-54.8263 -68.1394 -50 -0.0635371 -0.0201912 0.698893 51.4457 22 75867555 1001 1 1 0 0 1 
-359.473 -763.162 -50 -0.0422244 -0.0954026 1.24725 51.6165 22 75906216 1001 1 1 0.216115 0.216115 2 
438.589 439.406 -50 -0.00623396 0.0111839 0.486537 52.7403 22 75977154 1001 1 1 0.0541006 0.0541006 2 
1910.78 -1901.19 -50 0.195615 -0.203648 1.44518 51.8892 22 75985319 1001 1 1 0 0 1 
-1330.23 -1883.5 -50 -0.10756 -0.151856 1.18246 51.4199 22 76168546 1001 1 1 0.937684 0.937684 4 
685.62 1349.64 -50 -0.0163137 0.00601135 0.620749 51.7452 22 76265095 1001 1 1 0 0 1 
-1212.33 -410.016 -50 -0.0997658 -0.025742 1.2316 51.0359 22 76306183 1001 1 1 0.80892 0.80892 2 
926.557 -1261.54 -50 0.0431375 -0.0616364 0.79184 52.0318 22 76329946 1001 1 1 0.721516 0.721516 7 
329.539 -1913.28 -50 0.0194773 -0.0718352 0.533881 51.5947 22 76382696 1001 1 1 0.362011 0.362011 3 
439.987 706.754 -50 0.0430627 0.0726785 1.05577 53.3109 22 76446498 1001 1 1 0 0 1 
1547.34 -432.443 -50 0.0479748 -0.00963897 0.456274 51.2408 22 76580225 1017 1 1 0.292496 0.292496 2 
1152.18 859.22 -50 0.0235937 0.00432506 0.764384 52.1782 22 76752228 1001 1 1 0.52543 0.52543 2 
1788.35 1285.62 -50 0.054933 0.0411365 0.523267 51.536 22 76762917 1001 1 1 0 0 1 
-1062.95 -1748.27 -50 -0.047347 -0.0725378 0.546614 52.2824 22 76794482 1001 1 1 0 0 1 
-1929.39 1726.26 -50 -0.0403385 0.116649 0.546042 53.401 22 76838212 1001 1 1 0 0 1 
-162.001 731.763 -50 -0.00674582 0.0508488 0.960554 50.9039 22 76850754 1001 1 1 0.801335 0.801335 5 
-314.064 -1587.13 -50 -0.0208144 -0.0997455 0.979684 51.0725 22 76891475 1001 1 1 0.254731 0.254731 2 
1460.23 77.5367 -50 0.0818642 -0.00945628 0.840123 51.6499 22 76934371 1001 1 1 0.00166703 0.00166703 2 
688.278 327.111 -50 0.0544188 0.0154607 1.11291 50.9189 22 76990271 1001 1 1 0.954839 0.954839 4 
541.641 -1673.91 -50 0.0312983 -0.0940394 0.754189 51.284 22 77092531 1001 1 1 0.196622 0.196622 2 
542.825 1245.09 -50 0.0676051 0.0542273 0.725774 51.8557 22 77195857 1001 1 1 0 0 1 
-1124.05 -1699.11 -50 -0.0463952 -0.0698751 0.568866 52.8845 22 77266886 1001 1 1 0 0 1 
-1458.79 -1340.79 -50 -0.0443923 -0.0474081 0.508217 51.5944 22 77343057 1001 1 1 0.0196622 0.0196622 2 
1759.12 -1929.33 -50 0.0300083 -0.165769 0.47593 54.4718 22 77370131 1014 1 1 0.14687 0.14687 4 
1850.64 372.204 -50 0.0718683 0.0163877 0.605039 51.2993 22 77373007 1001 1 1 0.0905293 0.0905293 2 
205.216 333.86 -50 0.0156528 0.0193717 0.927315 50.9615 22 77556506 1001 1 1 0.927591 0.927591 13 
1787.66 284.613 -50 0.118044 0.05258 0.93844 51.5614 22 77700514 1001 1 1 0 0 1 
-1468.07 -971.306 -50 -0.0769548 -0.0391054 0.687526 52.6647 22 77740517 1001 1 1 0 0 1 
-727.962 1654.03 -50 -0.0479961 0.0777817 0.74907 51.7984 22 77829831 1001 1 1 0 0 1 
-1201.99 131.945 -50 -0.0616934 0.0204651 0.923831 51.6941 22 77929288 1001 1 1 0.794043 0.794043 5 
-451.121 1878.08 -50 -0.00932704 0.0625118 0.447416 53.531 22 77936853 1001 1 1 0.451815 0.451815 11 
772.166 -258.654 -50 0.0211601 -0.00499618 0.405399 51.0068 22 77937586 1028 1 1 0.245718 0.245718 2 
-1612.31 638.608 -50 -0.131989 0.0542946 1.27502 51.3669 22 77985710 1001 1 1 1.00725 1.00725 2 
-975.139 -917.127 -50 -0.0581544 -0.0756359 0.96315 51.5813 22 78091359 1006 1 1 0.967836 0.967836 8 
-1562.62 1784.35 -50 -0.127719 0.16754 1.22615 51.806 22 78119571 1001 1 1 0 0 1 
-672.6 -1375.88 -50 -0.0349536 -0.050171 0.576019 52.6392 22 78151651 1001 1 1 0 0 1 
-1569.66 -215.533 -50 -0.0552887 -0.00093293 0.493459 51.3416 22 78310573 1010 1 1 0 0 1 
-1512.33 469.949 -50 -0.040492 0.0319518 0.824614 51.3995 22 78401241 1001 1 1 0.265918 0.265918 2 
-257.276 1498.69 -50 -0.0130928 0.0869652 0.829125 51.3805 22 78401553 1001 1 1 0.764953 0.764953 10 
1297.96 977.087 -50 0.0338132 0.0279327 0.420352 52.667 22 78440730 1001 1 1 0.28255 0.28255 5 
1418.55 917.54 -50 0.0810785 0.101388 0.520391 52.6359 22 78485784 1001 1 1 0 0 1 
1868.68 -701.874 -50 0.173504 -0.0767441 1.50599 51.5457 22 78590685 1001 1 1 0 0 1 
-1004.74 -93.1128 -50 -0.0485061 -0.00379959 0.766135 50.9675 22 78719304 1001 1 1 0.512967 0.512967 4 
-1531.55 613.801 -50 -0.0942483 0.0330879 0.995914 51.3263 22 78736246 1010 1 1 0 0 1 
-21.3771 33.973 -50 -0.00800021 -0.003851 1.01192 50.8873 22 78774426 1001 1 1 0 0 1 
-51.8438 317.294 -50 -0.0011777 0.0310613 1.28242 51.0002 22 78873283 1001 1 1 0 0 1 
-182.612 -1908.7 -50 -0.06257 -0.179634 0.607358 52.9181 22 79126230 1001 1 1 0.349708 0.349708 2 
-1500.25 -332.861 -50 -0.0854148 -0.00884798 0.987033 51.5612 22 79186237 1001 1 1 0.412202 0.412202 2 
1042.4 -254.124 -50 0.0485315 -0.0131323 0.55131 51.5163 22 79196809 1001 1 1 0 0 1 
974.118 -1110.24 -50 0.114005 -0.123188 1.65849 51.2224 22 79245389 1001 1 1 1.61589 1.61589 11 
1980.59 416.305 -50 0.127845 0.0392095 0.906381 51.7473 22 79364321 1009 1 1 0.3307 0.3307 2 
951.394 -1919.47 -50 0.082075 -0.10402 0.52103 52.5721 22 79436703 1001 1 1 0.331988 0.331988 6 
-1164.98 -1784.54 -50 -0.09782 -0.0772464 0.419486 53.6365 22 79501599 1001 1 1 0 0 1 
581.191 570.478 -50 0.0301749 0.0260237 1.15269 51.2606 22 79562000 1001 1 1 0 0 1 
-1209.9 -820.669 -50 -0.0521656 -0.0347894 0.619536 51.0996 22 79673863 1001 1 1 0.227347 0.227347 2 
-1253.64 183.436 -50 -0.0946903 -0.00211438 0.454592 52.8259 22 79752756 1001 1 1 0 0 1 
1257.46 -1021.68 -50 0.169469 -0.145717 1.71805 52.1328 22 80137730 1001 1 1 1.54495 1.54495 6 
530.882 -558.995 -50 0.0205572 -0.0269616 0.50796 51.9372 22 80198316 1001 1 1 0.303633 0.303633 2 
407.784 -1859.4 -50 0.10973 -0.0308158 0.549546 55.2124 22 80332353 1001 1 1 0.0328181 0.0328181 2 
-778.124 1776.71 -50 -0.0149629 0.131569 0.434682 52.9705 22 80376124 1001 1 1 0 0 1 
1648.68 1766.32 -50 0.0703733 0.0835809 0.652267 51.776 22 80461509 1001 1 1 0.0316543 0.0316543 2 
-389.93 1284.35 -50 -0.0857232 0.0975409 1.30543 53.6891 11 80733568 1006 1001 1 0.896881 0.896881 1 
700.137 -307.66 -50 0.019837 -0.0208279 0.116529 53.43 22 80784587 1001 1 1 0.0232673 0.0232673 5 
183.132 -630.173 -50 0.0144634 -0.0532094 0.962024 51.1647 22 80822365 1001 1 1 0 0 1 
1629.31 -736.184 -50 0.0999846 -0.0310642 0.814082 51.6784 22 80838774 1001 1 1 0.151596 0.151596 3 
1143.91 -104.324 -50 0.0495006 -0.0139772 0.689571 51.1471 22 80844410 1001 1 1 0 0 1 
-251.825 1690.39 -50 -0.00187956 0.151962 1.18514 52.8856 22 80866403 1001 1 1 0.978439 0.978439 2 
975.865 -887.286 -50 0.0637097 -0.0248199 0.474176 51.5907 22 80904870 1001 1 1 0.270728 0.270728 3 
-112.594 -724.032 -50 -0.0101718 -0.0512122 1.46969 51.2502 22 80973752 1001 1 1 0 0 1 
-1375.72 1269.33 -50 -0.130284 0.092455 0.635108 52.7436 22 81019531 1001 1 1 0.292118 0.292118 2 
364.408 890.656 -50 -0.00861088 0.0755153 0.315761 52.9191 22 81182565 1001 1 1 0.172279 0.172279 5 
-1331.85 -1425.05 -50 -0.0300925 -0.0247276 0.208426 52.0764 22 81205842 1012 1 1 0 0 1 
660.546 836.606 -50 0.0999837 0.114556 1.75638 51.3065 22 81220783 1001 1 1 0 0 1 
-1152.39 548.673 -50 -0.0704096 0.0339783 1.05826 51.3025 22 81343606 1001 1 1 0.836205 0.836205 9 
-944.11 806.357 -50 -0.0383875 0.0660556 0.581326 51.5463 22 81387326 1001 1 1 0.0587163 0.0587163 2 
1694.37 841.845 -50 0.11565 0.0709732 1.02806 51.5287 22 81399531 1001 1 1 0 0 1 
-1477.86 258.854 -50 -0.0544505 0.0129363 0.477772 52.8381 22 81528524 1001 1 1 0.371245 0.371245 5 
-1867.05 393.142 -50 -0.10382 0.0342349 0.800994 52.1946 22 81559563 1001 1 1 0.514613 0.514613 8 
-747.781 308.248 -50 -0.07449 0.0208403 1.26575 51.141 22 81600038 1001 1 1 0 0 1 
-1737.51 -665.418 -50 -0.098398 -0.0476964 0.918573 51.4025 22 81659950 1001 1 1 0.704181 0.704181 3 
-769.433 1957.7 -50 -0.0717984 0.21047 1.73692 51.6865 22 81751342 1001 1 1 1.48031 1.48031 2 
535.947 -1631.14 -50 0.02612 -0.0780311 0.708396 51.213 22 81898335 1001 1 1 0 0 1 
1326.48 -302.96 -50 0.0576111 -0.02239 0.628539 52.9503 22 82054935 1001 1 1 0.516224 0.516224 7 
1123.83 1779 -50 0.0916744 0.144963 1.16423 51.7023 22 82131440 1001 1 1 0 0 1 
276.002 1712 -50 0.00214557 0.255191 1.08121 52.1974 22 82158339 1001 1 1 0 0 1 
406.653 -1078.73 -50 0.0208371 -0.0360913 0.584997 51.7381 22 82184896 1001 1 1 0.00456127 0.00456127 2 
1294.66 -109.861 -50 0.0733962 -0.017863 0.751858 51.9949 22 82198617 1001 1 1 0 0 1 
-1971.64 1491.95 -50 -0.0771044 -0.0167506 0.506189 53.4839 22 82221549 1001 1 1 0.110898 0.110898 2 
-1253.03 70.2444 -50 -0.067299 0.00299958 0.871372 51.1347 22 82329052 1001 1 1 0 0 1 
-1419.86 1831.51 -50 -0.0877521 0.0945333 0.772287 51.8908 22 82521038 1001 1 1 0 0 1 
-500.221 -1399.35 -50 0.00805257 -0.076059 0.626025 53.2322 22 82670420 1001 1 1 0.517496 0.517496 5 
752.524 -107.122 -50 0.0472166 -0.00225512 0.996998 51.1216 22 82718270 1001 1 1 0 0 1 
557.596 330.411 -50 0.0428567 0.0100455 0.76516 51.3924 22 82742657 1001 1 1 0.0681495 0.0681495 2 
601.154 -1344.11 -50 0.103499 -0.0679424 0.679927 53.2634 22 82856013 1001 1 1 0.462031 0.462031 2 
-1810.31 130.897 -50 -0.0870906 0.0018404 0.778465 51.4557 22 82971114 1001 1 1 0.0944737 0.0944737 2 
434.448 -453.674 -50 0.010314 -0.00401987 0.558953 52.1147 22 83029738 1001 1 1 0 0 1 
-1582.03 1348.28 -50 -0.0859914 0.074908 0.782882 51.3388 22 83206331 1001 1 1 0.57077 0.57077 3 
-375.748 -687.585 -50 -0.0252541 -0.0683059 1.53943 51.2215 22 83434577 1001 1 1 0 0 1 
-1996.95 1677.47 -50 -0.132967 0.101805 1.04557 52.0469 22 83493457 1001 1 1 0 0 1 
-1866.57 1537.77 -50 -0.0719192 0.0566088 0.595282 53.1771 22 83634404 1001 1 1 0 0 1 
52.7621 -63.1167 -50 0.0774641 -0.00918109 0.507426 52.7235 22 83642016 1001 1 1 0.16224 0.16224 2 
-1278.13 -1687.49 -50 -0.0229366 -0.0626764 0.431632 51.7791 22 83769846 1001 1 1 0.325714 0.325714 4 
-1997.59 1207.38 -50 -0.14706 0.129357 1.42002 52.0255 22 83770026 1001 1 1 0 0 1 
26.3085 -1481.78 -50 -0.0105785 -0.078097 0.716668 51.6745 22 83838783 1001 1 1 0 0 1 
1680.33 504.512 -50 0.0987708 0.0267675 0.827149 51.5444 22 83851778 1001 1 1 0 0 1 
-1563.7 815.777 -50 -0.0961436 0.0513438 0.98527 51.0682 22 84006634 1001 1 1 0 0 1 
1528.96 -565.644 -50 0.122241 -0.0463635 1.12915 51.3136 22 84214764 1001 1 1 0 0 1 
451.982 -1959.49 -50 0.0203035 -0.0833477 0.632551 51.3309 22 84226768 1001 1 1 0 0 1 
826.171 -1668.18 -50 0.0713098 -0.119987 1.3373 51.7971 22 84262449 1001 1 1 0 0 1 
-469.261 1945.95 -50 -0.0261492 0.143414 1.0736 51.4364 22 84355720 1001 1 1 0.953731 0.953731 7 
-1713.58 -772.498 -50 -0.0978732 -0.0455185 0.812629 51.4671 22 84405286 1001 1 1 0.746154 0.746154 8 
223.072 -575.143 -50 0.035437 -0.0421241 1.8706 51.3222 22 84416878 1001 1 1 0 0 1 
-280.565 1038.35 -50 -0.00158763 0.000456456 0.0300864 51.8153 22 84460273 1003 1002 1 0.0026933 0.0026933 3 
1761.14 -1045.24 -50 0.0766129 -0.0625229 0.682733 51.8377 22 84471320 1001 1 1 0.0620623 0.0620623 3 
-566.681 908.211 -50 -0.0398117 0.0669534 1.26015 51.2943 22 84632028 1001 1 1 0 0 1 
-157.196 281.886 -50 0.0709774 -0.100637 0.929326 52.0728 22 84646612 1001 1 1 0 0 1 
1146.51 -1615.68 -50 0.0498263 -0.0511473 0.538227 52.622 22 84903184 1001 1 1 0 0 1 
-1486.59 1827.67 -50 -0.122046 0.132378 1.2294 51.5855 22 84927968 1001 1 1 0 0 1 
-984.302 1373.99 -50 -0.0834253 0.112196 1.23169 51.0837 22 84936430 1001 1 1 1.01373 1.01373 3 
1439.86 21.9482 -50 0.153113 -0.00354032 1.40142 51.4336 22 85004467 1001 1 1 0.819152 0.819152 2 
-985.094 -1718.05 -50 -0.0367758 -0.0534988 0.446699 52.376 22 85087106 1001 1 1 0.274956 0.274956 3 
-141.559 439.666 -50 -0.00790095 0.0398142 1.40566 50.923 22 85127978 1001 1 1 1.14576 1.14576 5 
94.9632 1581.95 -50 0.00225915 0.0840583 0.848721 51.21 22 85152388 1001 1 1 0.636808 0.636808 2 
539.659 -671.024 -50 0.0367334 -0.0439471 0.948177 51.278 22 85226789 1001 1 1 0 0 1 
-492.057 -473.813 -50 -0.0462496 -0.0350511 1.19655 51.1166 22 85289566 1007 1 1 0.307347 0.307347 2 
1841.88 -1220.56 -50 0.283847 -0.18958 2.15975 51.5189 22 85355188 1001 1 1 2.18653 2.18653 18 
-1429.13 -391.841 -50 -0.0293255 -0.00692612 0.386061 51.4687 22 85643537 1001 1 1 0.296918 0.296918 8 
-224.811 -36.3272 -50 -0.0391372 0.00871649 1.37444 51.1177 22 85837787 1001 1 1 0 0 1 
629.83 1732.65 -50 0.0305455 0.0839247 0.70108 51.373 22 85890720 1001 1 1 0 0 1 
1741.6 1048.46 -50 0.0548706 0.0385806 0.53576 53.1156 22 85922052 1001 1 1 0.0990023 0.0990023 2 
21.8657 -1243.24 -50 -0.0205928 -0.0809025 1.13465 51.7518 22 85946730 1001 1 1 0 0 1 
-1948.86 766.003 -50 -0.159704 0.050284 1.0815 51.9967 22 85993978 1001 1 1 0 0 1 
1379.21 -659.407 -50 0.101183 -0.0299173 0.929794 52.1142 22 86017230 1013 1 1 0 0 1 
507.97 1869.43 -50 0.0380386 0.0860111 0.747076 51.8513 22 86247352 1001 1 1 0.512424 0.512424 3 
410.456 1852.95 -50 0.0506918 0.138441 1.1525 51.9949 22 86322342 1001 1 1 0 0 1 
-1986.72 289.238 -50 -0.254268 0.0628872 2.1742 51.8382 22 86359366 1001 1 1 0 0 1 
-1369 120.132 -50 -0.0934125 -0.00784328 0.942803 51.7219 22 86519521 1001 1 1 0.238577 0.238577 2 
1325.53 441.332 -50 0.103483 0.0392055 1.1826 51.122 22 86578804 1001 1 1 0.0206203 0.0206203 2 
1706.99 -76.8202 -50 0.0306614 0.00274718 0.0858446 55.5973 22 86612971 1001 1 1 0.0399891 0.0399891 5 
882.249 184.257 -50 0.0807757 0.0240644 1.25376 51.1025 22 86768835 1001 1 1 0 0 1 
-550.909 -1111.86 -50 -0.0357082 -0.0763667 0.842514 51.9609 22 86814701 1001 1 1 0.389082 0.389082 2 
677.921 -1720.16 -50 0.0457956 -0.0954268 0.918206 53.2265 22 86863181 1001 1 1 0 0 1 
-289.811 -3.5515 -50 -0.00425408 -0.00377571 0.677504 51.0304 22 86869154 1009 1 1 0.453129 0.453129 2 
-835.747 -741.456 -50 -0.0412942 -0.0405147 0.806501 51.1581 22 86958621 1001 1 1 0.627595 0.627595 4 
1418.21 1142.62 -50 0.0864736 0.0562674 0.778274 52.1853 22 87003670 1001 1 1 0 0 1 
-1593.46 -949.823 -50 -0.0957668 -0.113029 0.912605 52.0509 22 87129769 1007 1 1 0.811246 0.811246 4 
-200.167 -199.452 -50 -0.00250279 -0.016437 1.37921 51.1096 22 87131465 1001 1 1 0.101964 0.101964 2 
250.314 1477.43 -50 0.0369676 0.0466395 0.182021 54.1289 22 87179757 1001 1 1 0 0 1 
-742.999 139.318 -50 -0.035525 0.0169169 0.663642 52.1851 22 87288727 1001 1 1 0 0 1 
-742.082 -220.511 -50 -0.000357799 0.013778 0.0898535 53.5159 22 87298171 1001 1 1 0.0371974 0.0371974 6 
155.669 -824.034 -50 -0.00969132 -0.0757822 0.959952 52.4674 22 87325780 1001 1 1 0 0 1 
-1528.57 -282.874 -50 -0.068469 -0.0246033 0.662985 51.4795 22 87327482 1001 1 1 0.329784 0.329784 3 
1506.61 301.035 -50 0.089972 0.00602043 0.844388 52.1738 22 87465344 1001 1 1 0 0 1 
728.749 -863.195 -50 0.18997 0.00104893 0.781806 52.9981 22 87686056 1001 1 1 0 0 1 
-879.75 805.448 -50 -0.0266622 0.0621853 0.436109 51.7725 22 87764479 1001 1 1 0.191586 0.191586 4 
43.5973 -266.359 -50 0.0102095 -0.00363257 0.525111 51.5455 22 87835940 1001 1 1 0.206379 0.206379 3 
-91.4452 -639.905 -50 -0.00455248 -0.0324392 0.689286 52.8841 22 87912491 1001 1 1 0.0592853 0.0592853 3 
-1838.62 -274.988 -50 -0.140086 -0.0174131 0.998052 51.799 22 87945504 1001 1 1 0.362004 0.362004 2 
254.068 -1248.52 -50 0.0323796 -0.0763248 1.10001 51.7172 22 88090856 1001 1 1 0.872052 0.872052 3 
523.512 -660.275 -50 0.0371396 -0.0578105 1.16545 51.0121 22 88124630 1001 1 1 0 0 1 
928.083 -699.922 -50 0.051056 -0.0600221 0.943668 51.4611 22 88187183 1001 1 1 0.166682 0.166682 2 
-1663.41 -1138.93 -50 -0.222644 -0.147497 2.05384 51.4568 22 88279631 1001 1 1 0 0 1 
-973.651 1055.63 -50 -0.041895 0.0334454 0.621577 52.1696 22 88322511 1001 1 1 0 0 1 
1989.32 -1082.78 -50 0.121647 -0.0479656 0.806566 52.1755 22 88415195 1001 1 1 0 0 1 
1007.7 -3.08457 -50 0.104475 0.0070077 1.45713 50.8861 22 88510056 1001 1 1 0 0 1 
-1463.91 571.378 -50 -0.0997087 0.0218656 0.868387 52.1757 22 88537954 1011 1 1 0.411392 0.411392 2 
813.213 -1528.55 -50 -0.00975304 -0.0400995 0.147542 54.5974 22 88571478 1001 1 1 0.0131494 0.0131494 3 
511.669 696.481 -50 0.0309721 0.0189063 0.830833 51.5441 22 88601764 1001 1 1 0 0 1 
1100.12 -282.839 -50 0.0891543 -0.0418154 1.17687 51.8729 22 88791701 1001 1 1 0.987398 0.987398 6 
358.772 -1683.75 -50 0.0254521 -0.103302 0.97634 51.3464 22 88989091 1001 1 1 0 0 1 
1102.55 804.747 -50 0.142778 0.151665 1.54807 51.5475 22 89038349 1001 1 1 0 0 1 
675.656 -1608.13 -50 0.049671 -0.121455 1.02993 51.0328 22 89404877 1001 1 1 0.832239 0.832239 3 
1891.47 -1868.17 -50 0.143888 -0.156074 1.10906 51.8449 22 89414711 1001 1 1 0.583728 0.583728 3 
1924.21 1192.84 -50 0.212867 0.115813 1.6059 51.6908 22 89653639 1008 1 1 0 0 1 
1624.59 -665.758 -50 0.0225167 0.0125111 0.177101 52.7452 22 89668959 1001 1 1 0.0686112 0.0686112 2 
-482.574 128.975 -50 -0.0989418 -0.00614026 1.15735 51.6127 22 89802780 1008 1 1 0.92444 0.92444 4 
1678.93 -216.239 -50 0.0752555 -0.0237775 0.635118 51.341 22 89818465 1001 1 1 0.331649 0.331649 4 
1924.03 629.437 -50 0.0649379 0.0131046 0.479654 53.355 22 89863879 1001 1 1 0.30588 0.30588 2 
680.943 1299.54 -50 0.0187167 0.0338549 0.421735 51.2717 22 89963964 1001 1 1 0.0832879 0.0832879 2 
-187.163 -407.899 -50 0.00179332 -0.0290835 0.675814 51.2853 22 90058725 1001 1 1 0.3476 0.3476 3 
-298.312 -387.923 -50 -0.0235766 -0.0147641 0.816379 50.8776 22 90095724 1001 1 1 0 0 1 
-1682.43 -403.172 -50 -0.0339968 -0.0244948 0.242622 51.509 22 90134563 1001 1 1 0 0 1 
-747.428 1949.27 -50 -0.0478502 0.14489 1.10785 51.5464 22 90160441 1010 1 1 0.115655 0.115655 2 
1055.51 984.072 -50 0.026042 0.0281452 0.383771 52.9379 22 90163719 1001 1 1 0.0269185 0.0269185 2 
-783.546 -371.101 -50 -0.0654772 -0.0104204 1.06758 51.4933 22 90164707 1001 1 1 0.780192 0.780192 2 
-270.764 -592.074 -50 -0.221195 -0.102773 1.21559 52.2946 22 90186101 1001 1 1 0 0 1 
-421.163 631.179 -50 -0.0141988 0.0248343 0.662186 50.9657 22 90220935 1001 1 1 0.301938 0.301938 3 
1497.57 -1650.49 -50 0.184935 -0.231554 2.07202 51.7707 22 90243053 1001 1 1 0 0 1 
1906.4 1467.34 -50 0.138549 0.106188 1.08538 51.4233 22 90254552 1001 1 1 0.259234 0.259234 2 
-314.339 -1452.68 -50 -0.0141228 -0.078478 0.758953 51.4075 22 90277461 1001 1 1 0 0 1 
-1120.95 1898.55 -50 -0.0263029 0.0331195 0.298484 51.8837 22 90285838 1003 1002 1 0.21748 0.21748 6 
-977.667 -573.153 -50 -0.0143754 -0.0360679 0.436166 52.0999 22 90349383 1001 1 1 0.366267 0.366267 5 
-1269.56 1260.18 -50 -0.0793053 0.103679 0.940189 51.8511 22 90390414 1001 1 1 0.161674 0.161674 2 
-495.604 -800.64 -50 0.100253 0.0886554 0.78531 53.8277 22 90518740 1009 1 1 0 0 1 
838.194 -1741.94 -50 0.0729536 -0.111735 0.993798 51.808 22 90530656 1008 1 1 0.340367 0.340367 3 
1714.04 -443.753 -50 0.1144 -0.00565832 0.919967 52.1215 22 90571682 1001 1 1 0.774406 0.774406 4 
-22.5768 -244.321 -50 -0.0175323 -0.0130583 0.988322 51.8947 22 90740478 1008 1 1 0.771315 0.771315 3 
195.072 -811.097 -50 0.0154244 -0.0458092 0.732621 52.8393 22 90812543 1001 1 1 0.290584 0.290584 3 
-1868.64 -624.68 -50 -0.134503 -0.0402078 1.06034 51.4123 22 90900116 1010 1 1 0.967715 0.967715 8 
-1424.59 -359.63 -50 -0.0586005 -0.0197113 0.586745 52.5658 22 91023109 1001 1 1 0.438637 0.438637 6 
-1985.19 -931.946 -50 -0.113356 -0.0381392 0.922489 51.936 22 91124280 1001 1 1 0 0 1 
880.882 -199.69 -50 0.071985 0.0188322 0.45317 51.7174 22 91389189 1001 1 1 0 0 1 
-252.75 -1847.19 -50 -0.0113532 -0.0611516 0.525252 54.0618 22 91418671 1001 1 1 0.0422852 0.0422852 2 
125.856 -1033.99 -50 0.00783175 -0.0455287 0.612376 50.9047 22 91552311 1012 1 1 0 0 1 
1977.7 -1702.43 -50 0.116399 -0.0774572 0.743909 52.1735 22 91558859 1001 1 1 0 0 1 
-77.8179 208.442 -50 0.00809488 -0.00397332 1.66439 51.4632 22 91662496 1001 1 1 1.02248 1.02248 3 
206.242 -1297.12 -50 0.0025438 -0.0380379 0.450604 51.3049 22 91701018 1001 1 1 0 0 1 
309.907 1542.42 -50 0.0287646 0.0970932 0.909017 51.5253 22 91922416 1001 1 1 0 0 1 
-1877.45 356.249 -50 -0.246971 0.0489871 1.99615 51.3082 22 92011939 1001 1 1 0 0 1 
1659.25 -848.217 -50 0.0720888 -0.0508148 0.753559 52.0565 22 92121559 1001 1 1 0 0 1 
-1336.84 -819.072 -50 -0.0428279 -0.0201843 0.401087 51.7075 22 92252020 1001 1 1 0.344938 0.344938 11 
1146.39 80.6496 -50 0.0688387 -0.01409 0.81291 51.7213 22 92347312 1001 1 1 0.634293 0.634293 6 
-405.919 -1677.44 -50 -0.02981 -0.113701 0.961292 51.4045 22 92349191 1001 1 1 0 0 1 
-287.102 1024.9 -50 -0.114123 0.0106475 0.555208 52.8696 22 92360254 1001 1 1 0.496847 0.496847 10 
684.825 -1318.74 -50 0.0746935 -0.167235 1.75535 51.2491 22 92706654 1001 1 1 0 0 1 
-395.888 1259.74 -50 -0.0373458 0.0681755 0.867898 52.8369 22 93031746 1001 1 1 0.789282 0.789282 9 
1928.34 -477.276 -50 0.085102 -0.0158125 0.552149 51.9658 22 93129052 1001 1 1 0.21875 0.21875 2 
-1463.87 -1043.04 -50 -0.0172015 -0.0632324 0.267624 53.9345 22 93142382 1001 1 1 0.219982 0.219982 7 
-1270.9 -1484.05 -50 -0.141388 -0.161923 1.57268 51.3255 22 93178802 1001 1 1 0 0 1 
-955.607 413.299 -50 -0.116428 0.0572668 1.43819 51.8898 22 93208957 1001 1 1 0 0 1 
-1021.32 1560.28 -50 -0.0447777 0.0494197 0.517529 51.9885 22 93211021 1001 1 1 0 0 1 
-1523.65 -744.791 -50 -0.153351 -0.075754 1.4675 51.299 22 93278531 1001 1 1 1.13416 1.13416 3 
1502.38 93.7851 -50 0.0837527 -0.00343159 0.719607 52.3459 22 93449282 1001 1 1 0 0 1 
683.346 1516.56 -50 0.0318308 0.0687469 0.630545 51.3087 22 93921614 1001 1 1 0.374507 0.374507 2 
553.914 -993.948 -50 0.047543 -0.0769655 1.17877 50.9625 22 93973589 1001 1 1 0 0 1 
478.232 34.0602 -50 0.0405747 -0.0148944 1.1485 51.2458 22 94114605 1001 1 1 0.909988 0.909988 4 
1339.3 -946.455 -50 0.0252806 -0.00203336 0.0766032 54.892 22 94209032 1001 1 1 0.033435 0.033435 7 
-182.05 1091.45 -50 -0.00205299 0.0533041 0.898498 51.6948 22 94270181 1001 1 1 0.71222 0.71222 4 
640.111 -1118.5 -50 0.0274221 -0.0473096 0.634118 50.9688 22 94428498 1001 1 1 0 0 1 
1228.84 863.684 -50 0.091197 0.0589682 0.99141 51.409 22 94506583 1001 1 1 0 0 1 
1243.12 109.532 -50 0.0628956 0.000318297 0.718054 52.4658 22 94577610 1001 1 1 0 0 1 
1538.45 -1242.73 -50 0.0672817 -0.0399945 0.585994 52.1187 22 94585836 1001 1 1 0 0 1 
-583.949 -963.65 -50 -0.0529175 -0.0837416 1.23103 51.1455 22 94620991 1001 1 1 0 0 1 
1544.9 -654.697 -50 0.0425944 -0.0138354 0.351001 51.6498 22 94645098 1001 1 1 0.0246243 0.0246243 2 
169.154 1543.94 -50 0.00235185 0.0787629 0.911046 51.8506 22 94651501 1001 1 1 0 0 1 
-1936.02 -824.058 -50 -0.105723 -0.0243074 0.74183 52.0317 22 94686577 1001 1 1 0 0 1 
1400.19 -825.785 -50 0.17091 0.0199055 1.29998 52.1196 22 94726776 1001 1 1 0 0 1 
-1630.35 -714.651 -50 -0.168697 -0.0752535 1.44247 51.3442 22 94754795 1001 1 1 1.20168 1.20168 3 
1367.76 741.459 -50 0.148686 0.0717454 1.3063 51.8719 22 94843782 1001 1 1 0.874349 0.874349 3 
1040.28 1090.63 -50 0.201144 0.163116 0.681306 54.9917 22 94898650 1001 1 1 0.500067 0.500067 2 
1984.47 1429.21 -50 0.0361406 -0.0197916 0.466445 52.9227 22 94901093 1003 1002 1 0 0 1 
-294.555 -493.232 -50 -0.17409 -0.0316585 0.919525 53.5823 22 94927151 1001 1 1 0.650583 0.650583 3 
-666.592 375.36 -50 -0.0446597 0.0505804 1.05178 51.3523 22 94963073 1001 1 1 0.836946 0.836946 3 
-954.352 -129.5 -50 -0.112831 0.00293046 1.47247 51.4481 22 95030613 1001 1 1 0.321292 0.321292 3 
-1408.6 1277.63 -50 -0.066098 0.070113 0.693669 52.5717 22 95041356 1001 1 1 0 0 1 
-113.127 -942.944 -50 -0.0150954 -0.0510322 0.6111 51.7102 22 95162451 1001 1 1 0 0 1 
-241.389 -68.2559 -50 -0.0326011 0.0101258 0.83209 52.177 22 95225195 1001 1 1 0 0 1 
1212.73 -930.965 -50 0.159952 -0.14323 2.11979 51.2984 22 95234165 1001 1 1 1.98037 1.98037 5 
692.469 1917.08 -50 0.0383128 0.0801813 0.602286 51.7052 22 95244395 1009 1 1 0 0 1 
25.1808 903.336 -50 0.0100444 0.035011 0.457145 51.6194 22 95595622 1001 1 1 0.180793 0.180793 2 
-389.395 -124.996 -50 -0.00871868 0.00236113 0.456089 51.0163 22 95615892 1001 1 1 0.108327 0.108327 2 
876.463 258.943 -50 0.0817475 0.0539207 1.58061 51.4129 22 95782810 1011 1 1 0 0 1 
1333.93 1835.83 -50 0.0419667 0.262504 0.759614 54.1215 22 95794210 1001 1 1 0 0 1 
1880.78 -772.072 -50 0.128193 -0.0545462 1.01838 52.9593 22 95918559 1001 1 1 0 0 1 
-1590 663.618 -50 -0.113176 0.0455226 1.09122 51.5447 22 95955297 1001 1 1 0 0 1 
294.091 -867.458 -50 0.0145482 -0.046789 0.664173 51.3147 22 95999230 1001 1 1 0.513339 0.513339 5 
-63.7581 1708.86 -50 -0.00854505 0.118681 0.906341 52.8806 22 96017902 1001 1 1 0.796417 0.796417 5 
1216.04 504.931 -50 0.0995488 0.0442045 1.19896 50.908 22 96022741 1001 1 1 0 0 1 
-1206.38 1767.54 -50 -0.0346432 0.057747 0.475575 51.8516 22 96148050 1001 1 1 0 0 1 
1538.77 -1460.62 -50 0.113063 -0.161705 1.08979 51.3456 22 96183953 1001 1 1 0 0 1 
-1944.16 -1350.88 -50 -0.0469835 -0.0542903 0.26074 92.1615 11 96355454 1003 1001 1 0.0671534 0.0671534 1 
910.535 -871.103 -50 0.1055 -0.105883 1.52066 51.2882 22 96391434 1001 1 1 0 0 1 
238.088 -1059.33 -50 0.014921 -0.0607053 0.691567 51.6523 22 96487399 1001 1 1 0 0 1 
1686.05 999.085 -50 0.0394175 0.0200972 0.330487 51.3852 22 96604557 1037 1036 1 0.28423 0.28423 10 
1226.86 -1723.7 -50 0.101402 -0.102666 1.01561 51.9508 22 96623667 1001 1 1 0 0 1 
-862.529 439.764 -50 -0.0575866 0.0435584 0.948976 51.2694 22 96780267 1001 1 1 0.1491 0.1491 2 
-1464.07 -1384.16 -50 -0.114661 -0.157299 1.40632 51.2739 22 96997734 1001 1 1 1.12265 1.12265 3 
688.088 1294.21 -50 0.0382247 0.0945055 1.04014 51.2644 22 97119911 1001 1 1 0 0 1 
800.945 524.86 -50 0.0481764 0.0230871 0.999472 51.1127 22 97183706 1001 1 1 0.789614 0.789614 2 
-827.559 -767.023 -50 -0.0213996 -0.0105894 0.0999996 53.2781 22 97408344 1001 1 1 0 0 1 
-1022.71 -1175.77 -50 0.0121328 -0.0683165 0.565109 51.917 22 97475246 1001 1 1 0 0 1 
1255.45 369.875 -50 0.0468469 0.0184647 0.524591 53.1488 22 97527246 1001 1 1 0 0 1 
-1175.22 534.367 -50 -0.0351274 0.0119187 0.440657 51.2047 22 97684834 1001 1 1 0 0 1 
547.871 1864.98 -50 0.0240279 0.0812181 0.656421 51.3354 22 97796114 1001 1 1 0 0 1 
1182.47 1439.88 -50 0.0648084 0.0693523 0.772885 51.4493 22 97858275 1001 1 1 0 0 1 
-278.197 1585.61 -50 -0.00973788 0.0235336 0.0793004 54.3222 22 97925867 1001 1 1 0.00377947 0.00377947 2 
832.415 212.233 -50 0.0798295 0.0108566 1.10742 51.7493 22 97970893 1010 1 1 0.970609 0.970609 4 
1341.26 -1336.06 -50 0.0918196 -0.112957 1.0805 51.6598 22 98037642 1001 1 1 0 0 1 
-850.231 764.747 -50 -0.187879 0.0124742 1.1066 51.6102 22 98238839 1001 1 1 1.12245 1.12245 11 
1971.79 -592.746 -50 0.106304 -0.0180294 0.760501 51.9916 22 98438215 1001 1 1 0 0 1 
879.746 -1573.55 -50 0.0556961 -0.153188 1.45476 51.7204 22 98478029 1001 1 1 0 0 1 
-164.609 -619.255 -50 0.0383675 0.0507861 0.551991 53.11 22 98537572 1001 1 1 0.0525198 0.0525198 2 
-1152.51 -741.77 -50 -0.0600178 -0.0402174 0.829428 51.2587 22 98551529 1001 1 1 0.040341 0.040341 2 
1160.6 260.531 -50 0.0747405 0.011279 0.80676 51.3278 22 98653109 1001 1 1 0.77075 0.77075 14 
-1758.86 -1255.47 -50 -0.0951583 -0.0841424 0.916202 51.7209 22 98716101 1001 1 1 0.00107754 0.00107754 2 
1120.5 -1912.76 -50 0.128905 -0.184869 1.38956 51.8379 22 98769659 1001 1 1 0.205416 0.205416 2 
638.445 -1512.59 -50 0.0104435 -0.00396526 0.05857 53.5647 22 98842378 1001 1 1 0.0595975 0.0595975 8 
-157.424 -349.2 -50 -0.0110274 -0.0456169 1.56361 51.005 22 98846536 1001 1 1 1.34445 1.34445 4 
1634.39 -1122.32 -50 0.1374 -0.100072 1.45927 52.4884 22 98918291 1001 1 1 0 0 1 
-446.798 -1110.36 -50 -0.0346122 -0.0887687 1.09035 50.9601 22 98958502 1001 1 1 0 0 1 
-204.932 -140.482 -50 -0.00520353 -0.00197454 0.0629474 52.1579 22 99098897 1001 1 1 0.0140863 0.0140863 4 
-300.206 272.867 -50 -0.0369088 0.0284045 1.088 52.9953 22 99184345 1001 1 1 0.988528 0.988528 6 
66.4327 958.452 -50 0.0282717 0.12847 1.86842 51.111 22 99232771 1001 1 1 0.285216 0.285216 2 
-194.639 570.592 -50 -0.00317037 0.0242472 0.754207 51.0357 22 99234454 1001 1 1 0 0 1 
918.933 -664.655 -50 0.0893299 -0.104035 1.94661 51.408 22 99248220 1001 1 1 0 0 1 
-468.325 -387.421 -50 -0.0201567 -0.0147915 0.606512 50.9591 22 99309517 1001 1 1 0 0 1 
802.393 773.67 -50 0.0669919 0.0708449 1.42675 51.0365 22 99318631 1001 1 1 1.37587 1.37587 12 
-1855.47 343.356 -50 -0.11991 0.0316907 0.938901 51.8184 22 99342693 1001 1 1 0 0 1 
-1573.13 86.0851 -50 -0.0967617 0.0849602 0.88417 51.7506 22 99401728 1001 1 1 0 0 1 
-1043.55 1948.86 -50 -0.0325789 0.0710874 0.630736 51.8848 22 99455774 1001 1 1 0 0 1 
-168.054 1985.35 -50 0.00306282 0.0920797 0.644798 52.0434 22 99459941 1001 1 1 0 0 1 
-1714.01 -349.778 -50 -0.0736882 0.115792 1.59217 51.8438 22 99692104 1001 1 1 0.669254 0.669254 3 
254.408 -463.936 -50 0.106062 0.0659843 1.05764 51.7178 22 99696603 1001 1 1 0 0 1 
-1879.4 956.282 -50 -0.101605 0.0636645 0.790159 52.1366 22 99763535 1001 1 1 0 0 1 
49.3805 445.543 -50 0.0157011 0.047273 1.4528 51.232 22 99890174 1001 1 1 0 0 1 
-1366.67 1807.25 -50 -0.0572151 0.0813106 0.587545 52.2431 22 100196666 1001 1 1 0.361889 0.361889 3 
-776.498 790.058 -50 -0.0654751 0.043255 1.12016 51.2417 22 100221571 1001 1 1 0.70118 0.70118 3 
-1881.23 1872.28 -50 -0.117039 0.138842 1.00274 51.7971 22 100222817 1001 1 1 0 0 1 
-328.885 993.768 -50 -0.0291912 0.095607 1.14795 51.951 22 100242802 1001 1 1 0 0 1 
-1567.13 -1632.89 -50 -0.0751326 -0.0924536 0.755147 51.6739 22 100273525 1001 1 1 0.0632857 0.0632857 2 
-912.416 -1176.11 -50 -0.0540607 -0.0754717 0.789444 53.2283 22 100320866 1001 1 1 0 0 1 
-1247.04 106.468 -50 -0.0381502 0.0112945 0.482152 52.0166 22 100331759 1001 1 1 0.348801 0.348801 3 
-819.997 -1599.33 -50 -0.024643 -0.0763867 0.713061 51.6837 22 100337218 1001 1 1 0 0 1 
614.944 917.191 -50 0.0392036 0.0775687 1.06791 51.1134 22 100364228 1001 1 1 0 0 1 
-870.266 1631.04 -50 -0.0368981 0.0738292 0.57109 51.7355 22 100386903 1001 1 1 0.0565776 0.0565776 2 
-314.532 -857.006 -50 -0.0352161 -0.0614916 1.02087 50.975 22 100394437 1001 1 1 0 0 1 
-1213.63 221.666 -50 -0.0473372 0.102414 0.631887 52.909 22 100400379 1001 1 1 0.284328 0.284328 4 
206.675 -1921.27 -50 0.015705 -0.119091 0.814722 51.8632 22 100430033 1001 1 1 0 0 1 
1566.51 1914.69 -50 0.0470823 0.0656643 0.479927 51.7384 22 100487181 1001 1 1 0.323454 0.323454 4 
34.2882 -1164.6 -50 -5.95814e-05 -0.110434 1.59343 51.2094 22 100667039 1001 1 1 0 0 1 
-1661.99 1328.28 -50 -0.0786167 0.0607368 0.772316 51.4879 22 100686948 1001 1 1 0 0 1 
-1267.07 1023.37 -50 -0.11292 0.0925768 1.31833 51.2399 22 100842417 1001 1 1 0 0 1 
1376.39 1237.98 -50 0.00872819 0.00676909 0.0563498 52.6445 22 100984210 1011 1001 1 0.0573637 0.0573637 5 
647.128 -148.239 -50 0.0712002 -0.00405634 0.45018 51.7059 22 100990418 1001 1 1 0.188776 0.188776 3 
-1941.61 -1688.5 -50 -0.0682743 -0.057595 0.531705 51.5627 22 101091189 1033 1 1 0.344464 0.344464 2 
-1283.61 189.379 -50 -0.108119 0.0347133 1.36772 51.3073 22 101097347 1001 1 1 0 0 1 
-165.492 -1967.12 -50 -0.00794852 -0.14154 0.943746 51.6219 22 101100596 1001 1 1 0 0 1 
-1005.65 1941.66 -50 -0.0424939 0.0687152 0.568912 52.9322 22 101104132 1001 1 1 0.417477 0.417477 3 
401.631 -975.206 -50 0.0197145 -0.0498856 0.863439 51.1039 22 101157457 1001 1 1 0.0208606 0.0208606 2 
-1323.56 -1147.14 -50 -0.0853564 -0.0695458 0.961971 51.1934 22 101215170 1001 1 1 0 0 1 
-815.689 939.426 -50 -0.046195 0.0689408 0.86206 51.6539 22 101259714 1001 1 1 0 0 1 
-1081.75 -207.64 -50 0.024946 0.0188424 0.305139 53.5804 22 101346938 1001 1 1 0.155437 0.155437 4 
-1491.28 207.966 -50 -0.19107 0.0261292 1.87917 51.2214 22 101352474 1001 1 1 0 0 1 
835.447 -1848.78 -50 -0.00790124 -0.0112465 0.614461 52.6957 22 101379851 1001 1 1 0.443612 0.443612 4 
-309.724 1816.55 -50 -0.0317836 0.12455 0.935153 51.7762 22 101594360 1001 1 1 0 0 1 
-811.679 -1248.4 -50 -0.071971 -0.106275 1.25383 51.1979 22 101634608 1001 1 1 0.333073 0.333073 2 
-64.8219 -1185.15 -50 0.0907347 -0.134856 0.682417 53.4279 22 101677028 1001 1 1 0 0 1 
1108.37 1012.63 -50 0.101136 0.0949156 1.49949 51.3292 22 101766000 1001 1 1 0.300842 0.300842 2 
1003.7 -358.939 -50 0.0412755 -0.00934942 0.624583 50.968 22 101797034 1010 1 1 0 0 1 
327.795 -1514.59 -50 0.0265868 -0.122545 1.26719 51.2934 22 102140087 1001 1 1 0 0 1 
1800.46 1354.03 -50 0.209758 0.178204 1.68513 51.7059 22 102245551 1001 1 1 0 0 1 
-1820.27 -1581.47 -50 -0.133795 -0.128475 1.06253 51.821 22 102305898 1001 1 1 0.762786 0.762786 2 
-984.811 1533.7 -50 -0.0400017 0.0572474 0.571171 51.3033 22 102355970 1001 1 1 0.203988 0.203988 6 
-1665.11 -1002.77 -50 -0.0378842 -0.0209179 0.159159 53.6112 22 102441761 1001 1 1 0.0610248 0.0610248 2 
967.359 -1938.12 -50 0.108884 -0.219412 1.63161 51.529 22 102519192 1001 1 1 0 0 1 
1117.39 452.806 -50 0.0859158 0.0535154 1.07823 51.5594 22 102597625 1001 1 1 0 0 1 
-1197.21 1637.26 -50 -0.103195 0.148514 1.2376 51.6539 22 102658171 1001 1 1 0 0 1 
-599.98 -1800.63 -50 -0.03392 -0.0680569 0.578173 51.8251 22 102667077 1001 1 1 0.0135557 0.0135557 2 
-797.973 1439.78 -50 -0.0367879 0.0737974 0.607642 51.8135 22 102823925 1001 1 1 0.217661 0.217661 3 
1331.55 -1961.93 -50 0.202845 -0.280081 2.17797 51.3761 22 102938156 1001 1 1 1.1011 1.1011 2 
1935.93 -1273.28 -50 0.0427889 -0.182289 0.852982 53.1411 22 103071955 1001 1 1 0.839418 0.839418 12 
-1110.26 -921.128 -50 -0.0898435 -0.0737057 1.10618 51.201 22 103308425 1001 1 1 0 0 1 
-89.6603 -374.297 -50 -0.0119996 -0.0247736 1.13726 50.9171 22 103326035 1001 1 1 0.986692 0.986692 6 
-96.7361 -816.952 -50 -0.0167637 -0.0581361 0.878572 51.3834 22 103346630 1001 1 1 0 0 1 
1889.55 1148.13 -50 0.0519378 0.0385138 0.410996 53.749 22 103463786 1001 1 1 0.416022 0.416022 12 
-1305.08 1407.11 -50 -0.0963105 0.121444 1.0856 51.7581 22 103528509 1001 1 1 0 0 1 
-1194.69 487.031 -50 -0.0700821 0.0186165 0.836192 51.0243 22 103536209 1013 1 1 0.597024 0.597024 4 
965.518 986.081 -50 0.0462667 0.0492474 0.749625 51.0533 22 103565561 1008 1 1 0 0 1 
-1439.77 -1150.17 -50 -0.0988567 -0.0599393 0.926858 51.9455 22 103591923 1001 1 1 0.739256 0.739256 3 
-1379.02 1084.2 -50 -0.0674965 0.0554465 0.623932 52.5628 22 103659158 1001 1 1 0.389568 0.389568 2 
361.696 -73.8552 -50 0.020998 0.00752244 0.547783 51.9373 22 103764214 1001 1 1 0.34295 0.34295 4 
-167.595 -1440.99 -50 0.000139732 -0.00725365 0.0726778 51.252 22 104045898 1018 1001 1 0.0332007 0.0332007 6 
199.102 -1074.51 -50 0.203867 -0.1645 0.964193 54.4072 22 104118804 1001 1 1 0.905972 0.905972 6 
-543.739 1417.19 -50 -0.037853 0.0926501 0.935363 51.2363 22 104175870 1001 1 1 0 0 1 
120.719 -150.088 -50 0.00600512 -0.00296559 0.334016 51.0524 22 104214524 1001 1 1 0 0 1 
525.168 -286.321 -50 0.0418398 -0.0281898 0.924452 51.3357 22 104239877 1001 1 1 0 0 1 
-580.28 1413.02 -50 -0.0224035 0.068613 0.65264 51.5813 22 104310761 1001 1 1 0 0 1 
545.898 1154.96 -50 0.0274601 0.0725886 0.800864 51.2773 22 104528846 1010 1 1 0.738219 0.738219 13 
180.889 1417.73 -50 0.0106809 0.0893521 0.93789 50.8573 22 104569309 1001 1 1 0.606411 0.606411 2 
-1857.92 -947.245 -50 -0.129752 -0.0642861 0.923315 53.6805 22 104575208 1001 1 1 0.747135 0.747135 5 
761.366 -1953.39 -50 0.0817647 -0.181438 1.48343 51.6669 22 104730815 1001 1 1 0.000405783 0.000405783 2 
217.1 -1342.07 -50 0.0118185 -0.0709566 0.659113 51.6279 22 104747065 1001 1 1 0.491159 0.491159 4 
-1341.8 -1687.47 -50 -0.0640697 -0.106101 0.860661 51.6637 22 104926314 1001 1 1 0 0 1 
1097.71 1767.59 -50 0.0118232 0.00475426 0.108628 52.5942 22 105133713 1001 1 1 0.050678 0.050678 7 
1896.13 -836.204 -50 0.174897 -0.0861881 1.38516 51.3333 22 105186734 1001 1 1 0.917886 0.917886 2 
-1123.82 301.516 -50 -0.138038 0.0699179 1.89806 51.6185 22 105190394 1001 1 1 0 0 1 
-48.8989 -703.025 -50 0.0176139 0.0018822 0.099533 54.79 22 105199859 1001 1 1 0 0 1 
725.779 -643.757 -50 0.0439053 -0.0453629 0.979962 51.2825 22 105246027 1001 1 1 0 0 1 
-860.483 -851.668 -50 -0.0633072 -0.0345054 0.840449 51.8709 22 105307291 1001 1 1 0 0 1 
-601.464 -1054.31 -50 0.0305803 0.0326274 0.572292 52.2508 22 105362582 1001 1 1 0.432472 0.432472 5 
-939.221 -485.423 -50 -0.0192358 -0.0281119 0.306901 51.4601 22 105372714 1028 1 1 0.0179429 0.0179429 2 
-870.003 893.512 -50 -0.0285256 0.0373585 0.594991 51.2455 22 105414636 1001 1 1 0 0 1 
1580.61 -586.179 -50 0.182458 -0.0765726 1.90822 51.3266 22 105441282 1001 1 1 0 0 1 
1387.5 1570.02 -50 0.0366061 0.050492 0.487682 51.3952 22 105488153 1001 1 1 0.065052 0.065052 2 
-1716.36 1454.03 -50 -0.0654406 0.0825979 0.375565 53.8955 22 105505494 1001 1 1 0.218002 0.218002 2 
1667.85 1670.76 -50 0.0728853 0.064422 0.598515 51.832 22 105523949 1001 1 1 0 0 1 
-297.259 1044.3 -50 -0.0292855 0.15993 0.565739 53.567 22 105525682 1001 1 1 0.437811 0.437811 4 
1294.81 172.178 -50 0.0563255 0.0124875 0.757238 51.3237 22 105553985 1001 1 1 0.695923 0.695923 9 
1568.59 54.7311 -50 0.0902891 0.000968257 0.844797 50.986 22 105559086 1001 1 1 0.350735 0.350735 3 
-495.717 -855.661 -50 -0.0301631 -0.0553196 1.25329 51.2303 22 105568686 1014 1 1 1.03229 1.03229 2 
-1928.3 121.95 -50 -0.0969735 0.0156328 0.694355 51.529 22 105610763 1001 1 1 0.501985 0.501985 2 
378.382 -674.451 -50 0.0292595 -0.0404233 0.809479 51.1518 22 105660788 1001 1 1 0.690214 0.690214 4 
523.253 1978.32 -50 0.0615741 0.161968 1.19813 52.0117 22 105672313 1001 1 1 0 0 1 
400.859 -819.903 -50 0.0233153 -0.0486116 0.953449 51.9736 22 105883682 1001 1 1 0.779275 0.779275 4 
1127.59 415.93 -50 0.0886127 0.0516026 1.29873 51.4838 22 105899720 1001 1 1 0 0 1 
-1386.91 135.18 -50 -0.0602097 0.00810474 0.547491 51.5727 22 105936934 1001 1 1 0.0748517 0.0748517 2 
-1316.95 -993.616 -50 -0.0782265 -0.0562896 0.80558 51.376 22 106139707 1001 1 1 0.269129 0.269129 2 
713.325 1811.18 -50 0.0441447 0.110409 0.989661 51.4367 22 106191785 1001 1 1 0.864792 0.864792 4 
1568.38 1484.98 -50 0.0029753 0.0164471 0.053024 56.1084 22 106223681 1001 1 1 0.0555525 0.0555525 4 
-1330.58 1310.97 -50 -0.0298818 0.0840338 0.374274 53.1518 22 106246855 1001 1 1 0.0261456 0.0261456 2 
-1645.2 1958.71 -50 -0.165801 0.204412 1.61938 51.7316 22 106300597 1001 1 1 0.460693 0.460693 2 
-89.859 -1856.44 -50 -0.031879 -0.0397734 0.360585 52.7323 22 106315538 1001 1 1 0 0 1 
-214.48 451.137 -50 -0.0314081 0.0423364 1.14253 51.1766 22 106391100 1001 1 1 0 0 1 
723.15 -1513.33 -50 0.047517 -0.0866138 0.886069 51.1253 22 106425326 1001 1 1 0.688593 0.688593 2 
732.98 1659.61 -50 0.16762 0.17144 0.638091 54.9698 22 106654114 1001 1 1 0 0 1 
518.153 1573.58 -50 0.0166474 0.0308868 0.100761 54.1894 22 106726964 1001 1 1 0.0174323 0.0174323 3 
-538.263 1843.58 -50 -0.0112419 0.0433503 0.352571 51.3278 22 106739296 1001 1 1 0 0 1 
-1016.56 -155.843 -50 -0.0666729 0.00499174 0.845275 51.8488 22 106952223 1001 1 1 0.275789 0.275789 2 
279.813 1233.4 -50 0.0209156 0.0717726 0.913291 51.1882 22 106972080 1005 1 1 0.79744 0.79744 5 
553.031 1140.03 -50 -0.0187735 0.0389695 0.501272 51.467 22 106985934 1001 1 1 0.0430019 0.0430019 2 
374.558 -597.272 -50 0.111991 -0.0258461 0.87032 51.6847 22 107019285 1001 1 1 0.705738 0.705738 3 
-1266.28 -591.265 -50 -0.0498993 -0.0161369 0.588599 51.8148 22 107030076 1001 1 1 0 0 1 
1905.59 588.993 -50 0.0781676 0.0238073 0.63228 51.4328 22 107152612 1001 1 1 0 0 1 
-986.08 -563.291 -50 -0.0624762 -0.0364928 0.9931 51.1063 22 107183356 1001 1 1 0.651953 0.651953 7 
986.708 1997.2 -50 0.0862194 0.234002 1.71149 51.8119 22 107200579 1001 1 1 0 0 1 
163.544 115.6 -50 0.00787405 0.0134909 0.844887 52.164 22 107440014 1001 1 1 0.265202 0.265202 2 
-998.105 1744.92 -50 0.108301 0.0558888 1.08067 52.8519 22 107461867 1001 1 1 0.87322 0.87322 2 
-1175.88 157.172 -50 -0.0617679 0.0135806 0.740428 51.1759 22 107491836 1001 1 1 0.336809 0.336809 2 
-1592 859.635 -50 -0.0562516 0.158394 0.560094 53.9861 22 107526214 1001 1 1 0 0 1 
-279.055 -1495.6 -50 -0.0116418 -0.0348851 0.420414 51.8648 22 107567357 1001 1 1 0.153026 0.153026 3 
-1139.31 -1378.1 -50 -0.0953205 -0.117103 1.10457 53.3016 22 107622330 1001 1 1 0 0 1 
1416.55 245.922 -50 0.0775117 0.0090961 0.643294 53.0884 22 107693707 1001 1 1 0.535331 0.535331 5 
402.085 798.265 -50 0.0311584 0.0377175 0.92863 51.2213 22 107710672 1001 1 1 0 0 1 
2.43555 1563.28 -50 -0.0111821 0.0979197 0.84959 51.4155 22 107727640 1001 1 1 0 0 1 
1446.55 317.41 -50 0.104216 0.0169737 0.918391 51.5962 22 107731744 1001 1 1 0.70309 0.70309 2 
1480.76 710.932 -50 0.082566 0.0591617 0.935191 52.8684 22 107750346 1001 1 1 0.500605 0.500605 3 
-1067.55 -1111.03 -50 -0.118143 -0.14338 1.55685 51.6331 22 107763597 1001 1 1 0 0 1 
1746.29 1484.6 -50 0.120657 0.084847 0.965261 51.5515 22 107765834 1001 1 1 0.726027 0.726027 2 
1615.16 1967.34 -50 0.145716 0.180206 1.2872 51.7327 22 107885465 1001 1 1 0.0376511 0.0376511 2 
-697.375 1823.69 -50 -0.053882 0.12619 1.10705 51.2487 22 107926470 1001 1 1 0 0 1 
1260.61 837.843 -50 -0.038363 -0.0265013 0.766971 52.9206 22 107934233 1001 1 1 0.144634 0.144634 2 
-292.149 55.3177 -50 -0.0233206 -0.000488202 0.759581 52.6058 22 107960022 1001 1 1 0 0 1 
-544.097 -1829.58 -50 0.108565 -0.129765 0.784438 52.9464 22 108037092 1001 1 1 0.473426 0.473426 7 
1532.53 362.405 -50 0.0334429 0.0193855 0.136157 53.162 22 108061992 1001 1 1 0.0445181 0.0445181 2 
1831.36 1424.94 -50 0.301677 0.088356 1.08617 52.5535 22 108114932 1001 1 1 0.0764665 0.0764665 2 
473.232 -399.722 -50 0.0355987 -0.0305807 0.96121 51.1947 22 108183398 1001 1 1 0.832463 0.832463 4 
120.922 -237.718 -50 0.0147081 -0.0154964 1.13673 51.0466 22 108207429 1001 1 1 0.773385 0.773385 4 
-1322.47 1766.55 -50 -0.0508599 0.0897922 0.699331 51.6973 22 108489504 1001 1 1 0.522733 0.522733 3 
-1191.78 -865.635 -50 -0.0436437 -0.0283163 0.481355 51.2202 22 108497332 1001 1 1 0.270708 0.270708 2 
778.538 521.089 -50 0.0285857 0.0315082 0.607445 51.5958 22 108524824 1001 1 1 0.507993 0.507993 7 
128.942 603.676 -50 0.0557509 0.0875642 0.985761 51.5134 22 108540746 1001 1 1 0.682168 0.682168 3 
-245.642 -1079.69 -50 0.0341407 -0.109504 0.754495 51.4979 22 108668626 1008 1 1 0.763121 0.763121 6 
744.339 1619.5 -50 0.0298958 0.0711862 0.678012 51.305 22 108773878 1001 1 1 0 0 1 
-749.173 -988.035 -50 -0.0342433 -0.097937 0.399464 52.6961 22 108868562 1001 1 1 0.412691 0.412691 12 
-1072.91 -339.298 -50 -0.0827407 -0.0336911 1.14721 51.2372 22 108903991 1001 1 1 0.985571 0.985571 3 
-1095.63 1029.5 -50 -0.111266 0.110455 1.51583 51.2496 22 109168568 1001 1 1 0.320076 0.320076 2 
-1937.62 -1849.22 -50 -0.0567696 -0.158122 0.633782 52.7488 22 109220781 1001 1 1 0 0 1 
-1302.46 774.225 -50 -0.0642673 0.0436786 0.764208 51.158 22 109249494 1001 1 1 0 0 1 
1805.45 -1685.96 -50 0.172519 -0.161087 1.39911 51.5565 22 109367789 1001 1 1 1.41885 1.41885 14 
627.227 -1112.7 -50 0.0403034 -0.0785096 0.943381 51.1825 22 109425425 1001 1 1 0.0558977 0.0558977 2 
-213.009 -817.185 -50 -0.017011 -0.0685761 1.07285 51.1765 22 109505129 1001 1 1 0.885404 0.885404 5 
1538.85 1561.91 -50 0.127885 0.106631 1.06226 51.9798 22 109589243 1001 1 1 0.419738 0.419738 2 
1462.31 1413.88 -50 -0.0431531 0.140463 0.806004 52.7772 22 109776273 1001 1 1 0 0 1 
956.098 -822.306 -50 0.0616984 -0.0538026 1.00837 50.954 22 109873896 1001 1 1 0 0 1 
-1329.63 -979.164 -50 -0.0859707 -0.23418 0.794928 53.7501 22 110066588 1001 1 1 0.276413 0.276413 2 
-793.746 -1333.78 -50 -0.0211514 -0.0416456 0.407348 51.8386 22 110102386 1001 1 1 0 0 1 
-317.96 564.168 -50 0.0265143 -0.00701858 0.289739 52.0199 22 110114000 1001 1 1 0.11816 0.11816 4 
-1956.56 80.5412 -50 -0.110041 0.00862825 0.828519 51.2365 22 110182547 1001 1 1 0.442956 0.442956 3 
-562.516 205.717 -50 0.0904903 0.115551 0.634974 53.8937 22 110255132 1001 1 1 0 0 1 
-1415.08 879.562 -50 -0.0110289 0.00731808 0.353413 52.4409 22 110257804 1001 1 1 0 0 1 
-892.557 559.401 -50 -0.0570699 0.0540628 1.10878 51.6346 22 110275126 1001 1 1 0 0 1 
722.791 -1847.05 -50 0.0291584 -0.0830431 0.595325 52.2846 22 110284135 1001 1 1 0 0 1 
1092.67 -12.9725 -50 0.0995995 -0.0130728 1.35148 51.0563 22 110355513 1001 1 1 0.973649 0.973649 3 
618.957 1041.82 -50 0.0884488 0.110082 1.52112 51.4838 22 110395400 1001 1 1 0 0 1 
833.047 -560.77 -50 0.0302695 -0.0205557 0.535341 51.0869 22 110469868 1001 1 1 0.210151 0.210151 2 
235.534 -1026.47 -50 0.0222131 -0.117398 1.73247 51.0894 22 110476484 1001 1 1 0 0 1 
746.071 -664.67 -50 0.0308115 0.0103419 0.15354 53.1911 22 110772524 1001 1 1 0.10328 0.10328 9 
596.394 980.184 -50 0.0786056 0.0577233 0.554415 51.9473 22 110799082 1010 1 1 0 0 1 
869.283 1746.97 -50 0.0352556 0.0645944 0.511663 51.3578 22 110872459 1001 1 1 0 0 1 
128.773 -1033.81 -50 0.00972637 -0.0560432 0.833683 51.0883 22 110911726 1001 1 1 0 0 1 
-1776.65 -864.412 -50 -0.0692513 -0.0294982 0.571834 51.3395 22 110963475 1001 1 1 0.258234 0.258234 4 
-664.336 -1243.03 -50 -0.0837143 -0.160463 1.32584 51.2349 22 110987414 1010 1 1 0 0 1 
1735.01 341.202 -50 0.130423 0.0230875 1.08269 51.4712 22 111000491 1001 1 1 0 0 1 
383.665 1912.61 -50 0.0142342 0.0624526 0.459377 53.2314 22 111019500 1009 1 1 0 0 1 
-486.425 -1424.67 -50 0.00389917 -0.0149545 0.086553 53.3382 22 111094734 1001 1 1 0.0260927 0.0260927 4 
838.075 1615.83 -50 0.00645307 0.0222737 0.0641438 55.5278 22 111095253 1001 1 1 0 0 1 
-1910.91 814.494 -50 -0.177507 0.0507245 1.25189 51.8441 22 111281440 1001 1 1 0.424743 0.424743 3 
-250.489 242.519 -50 -0.0169809 0.021303 0.534962 51.7113 22 111288762 1001 1 1 0.393362 0.393362 4 
-618.009 34.4476 -50 -0.0262726 -0.00308482 0.689621 50.9852 22 111383892 1001 1 1 0.186331 0.186331 2 
1583.49 -663.856 -50 0.0483335 0.0445919 0.462357 52.3531 22 111691088 1001 1 1 0.108813 0.108813 2 
-1869.12 -296.282 -50 -0.085739 -0.0253099 0.696897 52.0339 22 111728263 1013 1 1 0.108945 0.108945 2 
1538.41 -479.545 -50 0.127859 -0.0274042 1.09195 51.5765 22 111781733 1001 1 1 0 0 1 
-1849.53 -1786.08 -50 -0.105863 -0.0952981 0.789295 51.7389 22 111789776 1001 1 1 0 0 1 
451.762 292.529 -50 0.031402 0.031875 0.946288 51.1466 22 112062710 1001 1 1 0.836954 0.836954 9 
1958.84 -23.2705 -50 0.017448 0.0158203 0.51713 51.8439 22 112073918 1001 1 1 0 0 1 
-116.938 -1832.54 -50 -0.00603687 -0.0514255 0.384063 51.4704 22 112122495 1001 1 1 0.212746 0.212746 2 
-153.769 -1740.34 -50 0.00305016 -0.0912951 0.667677 51.8221 22 112122737 1001 1 1 0.434218 0.434218 3 
116.158 -1909.64 -50 0.00138715 -0.0901934 0.593077 52.6974 22 112142576 1001 1 1 0 0 1 
-294.507 431.433 -50 -0.00632291 0.0114126 0.496621 52.7155 22 112278296 1001 1 1 0.364476 0.364476 3 
-554.671 -159.008 -50 -0.0155237 -0.000737763 0.689371 51.1857 22 112286474 1001 1 1 0 0 1 
-1318.27 1571.49 -50 -0.019927 0.00528977 0.0920688 53.7921 22 112307737 1001 1 1 0.0225576 0.0225576 2 
-1480.93 1567.28 -50 -0.0731133 0.085439 0.731827 51.5827 22 112347750 1001 1 1 0 0 1 
1117.69 502.663 -50 0.0416837 0.0316498 0.633001 52.093 22 112498339 1001 1 1 0.151621 0.151621 2 
125.67 -1755.17 -50 0.0266569 -0.113983 1.07815 52.2161 22 112675039 1001 1 1 0 0 1 
859.349 915.692 -50 0.0677897 0.053745 0.916877 51.7892 22 112688041 1001 1 1 0.411427 0.411427 3 
-1615.4 81.9573 -50 -0.105476 0.00983483 0.905927 51.4063 22 112754404 1001 1 1 0 0 1 
1037.92 -1796.95 -50 0.087771 -0.154875 1.21278 51.4376 22 112761403 1001 1 1 0 0 1 
14.408 1323.34 -50 -0.00844115 0.054912 0.668392 51.5471 22 112833375 1011 1 1 0.05636 0.05636 2 
-1115.19 -27.8289 -50 -0.161989 -0.119921 0.689234 55.1872 22 112862065 1001 1 1 0 0 1 
270.505 -1918.53 -50 -0.0799044 -0.0401541 0.624656 53.0872 22 112929929 1020 1 1 0.392638 0.392638 4 
-1290.57 -39.6166 -50 -0.0824682 -0.00346503 0.963549 50.8597 22 113046339 1001 1 1 0.458918 0.458918 3 
-801.249 1791.46 -50 -0.0234411 0.0828486 0.603201 51.9111 22 113048498 1001 1 1 0.558473 0.558473 10 
-1627.24 293.217 -50 -0.0924257 0.01873 0.729789 51.8412 22 113131526 1001 1 1 0.200834 0.200834 2 
-1598.8 1103.21 -50 -0.0724596 0.0572845 0.671201 51.4678 22 113356747 1001 1 1 0 0 1 
-526.326 -126.636 -50 -0.0317198 -0.00286052 0.687279 54.5119 22 113611468 1001 1 1 0.541009 0.541009 4 
1903.47 396.623 -50 0.239327 0.0380028 1.78368 51.4632 22 113646501 1001 1 1 0 0 1 
978.289 -465.554 -50 0.150296 -0.0629904 1.98957 51.3301 22 113674762 1001 1 1 1.72605 1.72605 3 
1537.54 1539.6 -50 -0.0174577 0.137387 0.449485 54.5034 22 113857854 1001 1 1 0.470308 0.470308 7 
1614.85 -1870.84 -50 0.0494998 -0.0530748 0.40476 51.8915 22 113861859 1001 1 1 0.016331 0.016331 2 
-82.2119 845.307 -50 -0.00472956 0.066808 1.10329 50.9138 22 113864707 1001 1 1 0 0 1 
1686.08 591.87 -50 0.0874345 0.0344244 0.735858 51.4512 22 113929055 1001 1 1 0 0 1 
-919.961 -637.16 -50 -0.0320215 -0.0311074 0.527359 51.2641 22 113937468 1001 1 1 0 0 1 
13.3792 -1910.26 -50 0.00970153 -0.181933 1.37545 51.3271 22 114192580 1001 1 1 0.564036 0.564036 2 
1126.01 1428.2 -50 0.0265714 0.0133643 0.102736 53.565 22 114206729 1001 1 1 0.0435686 0.0435686 4 
-1896.89 209.854 -50 -0.153833 0.10706 0.830151 53.6508 22 114343682 1001 1 1 0 0 1 
-1969.04 -316.03 -50 -0.106563 -0.0208249 0.839811 51.7367 22 114410213 1001 1 1 0 0 1 
414.922 1305.88 -50 0.0112862 0.0140966 0.131244 51.9619 22 114579508 1001 1 1 0 0 1 
1398.89 1987.53 -50 0.0789732 0.121018 0.846288 51.7019 22 114926153 1006 1 1 0 0 1 
-927.638 -739.445 -50 -0.0552464 -0.00688846 0.524056 51.3941 22 115007912 1001 1 1 0.341183 0.341183 3 
-1600.64 -407.202 -50 -0.0916287 -0.0250279 0.854426 51.312 22 115010549 1001 1 1 0 0 1 
1459.48 1574.13 -50 0.106898 0.103922 1.16216 51.7247 22 115088470 1001 1 1 1.07476 1.07476 7 
406.111 960.101 -50 0.042152 0.123378 1.80406 50.9753 22 115103464 1001 1 1 1.02002 1.02002 4 
-1594.64 1111.4 -50 -0.0434222 0.0296208 0.392586 51.3588 22 115284006 1001 1 1 0 0 1 
-959.86 -1277.15 -50 -0.0082732 -0.0850927 0.477513 53.9733 22 115317196 1001 1 1 0 0 1 
-791.29 -959.722 -50 -0.199799 -0.118096 0.732002 54.812 22 115428992 1001 1 1 0 0 1 
-566.978 1000.74 -50 -0.0189115 0.066616 0.863267 51.3221 22 115458234 1001 1 1 0.28213 0.28213 2 
-1369.67 -267.631 -50 -0.12694 -0.029248 1.17333 52.0702 22 115537824 1001 1 1 0 0 1 
-1036.68 286.922 -50 -0.118974 0.0148704 1.60773 51.2372 22 115564042 1001 1 1 1.40934 1.40934 4 
-774.866 -188.249 -50 -0.0625633 -0.0183673 1.05107 51.1773 22 115596461 1001 1 1 0.244427 0.244427 2 
-20.9434 -424.786 -50 0.00518851 -0.0193188 0.784667 50.8755 22 115849757 1009 1 1 0 0 1 
-324.944 1300.9 -50 -0.0337253 0.165843 1.68107 51.3477 22 115874647 1001 1 1 0 0 1 
837.458 1729.52 -50 0.0486534 0.0941833 0.780023 51.4682 22 115880684 1001 1 1 0 0 1 
91.8306 -1103.73 -50 -0.00741739 -0.0343569 0.480846 51.876 22 116072176 1001 1 1 0.325604 0.325604 5 
1706.27 1625.4 -50 0.294375 0.117455 1.3087 52.0263 22 116313125 1001 1 1 0 0 1 
1116.22 -578.29 -50 0.0475482 -0.0269841 0.630285 52.8101 22 116335543 1001 1 1 0 0 1 
-1781.38 -205.892 -50 -0.0849366 -0.0555012 0.322971 53.699 22 116362324 1001 1 1 0 0 1 
322.335 714.635 -50 0.0165297 0.0628928 1.2522 51.0938 22 116400806 1001 1 1 0 0 1 
1484.84 -953.497 -50 0.117441 -0.0992829 1.27611 51.459 22 116446191 1001 1 1 0 0 1 
-326.009 522.308 -50 -0.0093907 0.0314898 0.724542 51.0509 22 116544925 1001 1 1 0 0 1 
-961.852 700.666 -50 -0.0671925 0.035498 0.84005 51.2912 22 116589279 1001 1 1 0.774575 0.774575 9 
-187.397 -1932.43 -50 -0.0306373 -0.241725 1.89934 51.3611 22 116677581 1001 1 1 0 0 1 
-881.179 290.027 -50 -0.0256453 0.0201585 0.110084 54.6406 22 116832888 1001 1 1 0.114787 0.114787 3 
-538.305 1128.8 -50 -0.0205806 0.0348477 0.518219 51.2475 22 116844359 1001 1 1 0.327981 0.327981 2 
-811.739 -1525.58 -50 -0.0472312 -0.0714424 0.821153 51.6564 22 116870579 1001 1 1 0 0 1 
574.051 59.4392 -50 0.00624185 0.00758948 0.373276 52.0146 22 116921325 1001 1 1 0 0 1 
305.006 1373.36 -50 0.0200658 0.0744595 0.822166 51.0291 22 116968096 1001 1 1 0.0214705 0.0214705 2 
364.4 -822.003 -50 0.0104533 -0.0245649 0.417103 50.9546 22 116998788 1001 1 1 0.258977 0.258977 4 
1948.44 -1019.79 -50 0.0981519 -0.0477198 0.743416 51.6415 22 117000544 1013 1 1 0 0 1 
1965.29 -785.353 -50 0.109238 -0.0589015 0.847403 52.0774 22 117041713 1001 1 1 0 0 1 
1487.72 -1644.47 -50 0.130582 -0.12244 1.12538 51.8068 22 117195462 1010 1 1 0 0 1 
-296.064 -268.444 -50 -0.00432998 -0.00357817 0.80224 51.4044 22 117381641 1001 1 1 0 0 1 
170.653 1868.01 -50 -0.00256166 0.0979287 0.700857 52.2103 22 117427499 1001 1 1 0 0 1 
959.012 900.792 -50 0.0633338 0.0675951 0.912175 51.3555 22 117459604 1001 1 1 0 0 1 
1630.93 707.012 -50 0.0961034 0.0473796 0.900411 51.4207 22 117462094 1001 1 1 0.0878379 0.0878379 2 
-588.75 -474.8 -50 -0.0166411 -0.0286452 0.659472 51.3108 22 117527957 1001 1 1 0.54976 0.54976 4 
-1414.94 1708.97 -50 -0.0711125 0.0958213 0.712463 52.0768 22 117548376 1001 1 1 0.610311 0.610311 6 
862.664 -724.322 -50 0.0514395 -0.0327934 1.00389 51.4876 22 117615990 1001 1 1 0 0 1 
1390.89 -1220.25 -50 0.0753404 -0.0641411 0.843219 51.3807 22 117645963 1001 1 1 0 0 1 
1286.81 1211.46 -50 0.137097 0.238766 0.911999 53.7356 22 117660788 1001 1 1 0.0964286 0.0964286 2 
246.325 1158.36 -50 0.0315143 0.0992651 1.42661 51.3726 22 117783510 1001 1 1 0.854817 0.854817 3 
-595.25 -192.428 -50 -0.0307775 -0.080736 0.72217 52.8672 22 117784372 1001 1 1 0 0 1 
-1186.37 -1369.64 -50 -0.0413423 -0.0360727 0.473803 51.6375 22 117794115 1001 1 1 0 0 1 
-368.222 881.841 -50 -0.0143356 0.0635532 0.967727 51.2835 22 117808980 1001 1 1 0.396013 0.396013 3 
-557.076 -298.592 -50 -0.0258655 -0.0036294 0.475408 51.5477 22 117999009 1001 1 1 0 0 1 
843.635 -1413.51 -50 0.00313147 -0.00722686 0.0726131 51.5615 22 118070131 1034 1010 1 0.0730098 0.0730098 6 
137.177 1948.61 -50 0.032175 0.185569 1.47805 51.5544 22 118136751 1001 1 1 0 0 1 
-1738.15 -612.497 -50 -0.045718 -0.0303083 0.50476 51.3518 22 118375805 1001 1 1 0 0 1 
-298.34 903.805 -50 -0.0259523 0.0869853 1.52127 51.1899 22 118603136 1001 1 1 0 0 1 
-1661.92 48.8086 -50 -0.0285602 -0.0342574 0.601519 51.6376 22 118677716 1001 1 1 0 0 1 
-421.424 -1985.54 -50 -0.0569864 -0.237486 1.75747 51.3944 22 118798847 1001 1 1 0.591681 0.591681 2 
-1133.47 1940.69 -50 -0.0562643 0.101561 0.727442 52.4349 22 118859632 1001 1 1 0 0 1 
-1687.97 918.338 -50 -0.122328 0.0567309 1.02307 51.2057 22 118958045 1001 1 1 0 0 1 
1065.69 168.279 -50 0.111872 0.0043728 1.25774 53.1855 22 119049253 1001 1 1 0.572509 0.572509 2 
-629.017 -1799.53 -50 -0.158082 -0.0357884 0.824575 54.2694 22 119091650 1001 1 1 0 0 1 
-709.196 -1773.31 -50 -0.0241023 -0.0581201 0.55428 51.6286 22 119269539 1001 1 1 0 0 1 
391.54 44.5549 -50 0.0282258 -0.00181546 0.896535 50.7925 22 119278091 1001 1 1 0 0 1 
306.239 618.66 -50 0.0318687 0.0408139 0.852225 51.2605 22 119283254 1001 1 1 0 0 1 
-682.004 -1750.2 -50 -0.0350473 -0.0781038 0.63282 51.517 22 119398734 1001 1 1 0 0 1 
-1028.3 1403.42 -50 -0.0433517 0.0706855 0.63983 52.1659 22 119429406 1001 1 1 0 0 1 
1757.85 -1539.03 -50 0.000271955 -0.0160492 0.0739803 53.7948 22 119443679 1046 1 1 0.0756432 0.0756432 5 
1478.97 -537.284 -50 0.06866 -0.0311022 0.618718 51.5159 22 119640117 1001 1 1 0 0 1 
-1477.33 1401.66 -50 -0.0710155 0.0536598 0.615809 52.2183 22 119766719 1001 1 1 0 0 1 
1598.06 -303.562 -50 0.11067 -0.0162482 0.927208 51.3482 22 119811048 1001 1 1 0 0 1 
955.936 -1738.89 -50 0.0445015 -0.0863718 0.769476 51.3143 22 119889665 1001 1 1 0 0 1 
1614.31 -145.06 -50 0.168874 0.144515 0.998406 52.4275 22 119927582 1001 1 1 0 0 1 
1169.63 1540.59 -50 0.0202578 -0.00201556 0.0995871 53.2323 22 120152993 1001 1 1 0.0351861 0.0351861 3 
-1500.22 -313.972 -50 -0.219176 -0.165654 0.944093 53.0719 22 120219517 1001 1 1 0.089166 0.089166 2 
-172.691 880.73 -50 -0.0665739 0.126621 0.709026 52.7074 22 120244646 1001 1 1 0 0 1 
-397.548 -867.287 -50 -0.0276845 -0.0767921 1.31193 51.0693 22 120313408 1001 1 1 0.111932 0.111932 2 
162.111 -1017.21 -50 0.00768512 -0.0245132 0.425763 51.1761 22 120342215 1001 1 1 0 0 1 
650.139 265.575 -50 0.0331087 0.00859728 0.725003 51.0709 22 120396524 1001 1 1 0.379783 0.379783 4 
1057.31 -325.614 -50 0.0779611 -0.016043 0.886213 51.7286 22 120506841 1001 1 1 0.488881 0.488881 3 
-1487.01 839.967 -50 -0.0939646 0.0564795 0.889032 51.4076 22 120576267 1001 1 1 0 0 1 
-1101.19 -1829.56 -50 -0.0554815 -0.0749684 0.616685 52.3029 22 120581886 1001 1 1 0.144657 0.144657 2 
364.942 -1844.72 -50 0.0147263 -0.135982 1.18434 53.1885 22 120724203 1001 1 1 0 0 1 
1072.14 -1942.34 -50 0.0271437 -0.0591025 0.518455 52.1199 22 120730354 1001 1 1 0.370292 0.370292 3 
-580.698 1758.77 -50 -0.0353106 0.197969 1.4789 52.0385 22 120800347 1001 1 1 1.14644 1.14644 4 
1148.94 288.604 -50 0.11828 -0.0699474 0.936655 51.7067 22 120829549 1001 1 1 0 0 1 
-475.965 1650.09 -50 -0.0155693 0.0965088 0.861921 51.4971 22 121116555 1001 1 1 0 0 1 
1483.58 90.9811 -50 0.0800302 0.0186069 0.826268 51.759 22 121249597 1001 1 1 0 0 1 
-172.521 1891.17 -50 -0.0156201 0.16347 1.35415 51.2665 22 121264362 1001 1 1 0 0 1 
-1728.8 -1462.48 -50 -0.0666644 -0.0584083 0.568681 51.4538 22 121367759 1001 1 1 0.0330125 0.0330125 2 
-663.588 -163.241 -50 -0.0577373 -0.0115806 1.49782 51.1034 22 121409482 1001 1 1 0 0 1 
354.321 -1894.96 -50 0.0413497 -0.133307 1.06987 51.541 22 121651055 1001 1 1 0 0 1 
-1259.67 1488.31 -50 -0.0926009 0.0988389 0.970999 52.1873 22 121820535 1001 1 1 0 0 1 
585.283 -464.554 -50 0.0831922 -0.0236868 1.47915 51.7043 22 121825881 1001 1 1 0.115925 0.115925 2 
1280.57 -110.427 -50 0.250479 -0.0683969 0.784376 53.9998 22 121855805 1001 1 1 0.00819332 0.00819332 2 
-1936.19 1155.42 -50 -0.12926 0.0669519 0.992575 51.6083 22 121919818 1001 1 1 0.655222 0.655222 2 
932.663 1817.63 -50 0.0319416 0.0674498 0.569271 51.51 22 121922397 1001 1 1 0.0626285 0.0626285 2 
1612.02 1126.05 -50 0.120158 0.090651 1.0585 51.4967 22 121933195 1001 1 1 1.02344 1.02344 11 
-390.056 -405.662 -50 -0.0706969 -0.00594718 1.19277 50.97 22 121964112 1008 1 1 0 0 1 
-732.581 -1231.33 -50 -0.0459388 -0.0796036 0.855264 51.3608 22 122168133 1001 1 1 0 0 1 
-611.441 1816.72 -50 -0.0404706 0.103441 0.861574 51.305 22 122225705 1021 1 1 0.189261 0.189261 2 
1931.43 -1770.87 -50 0.126527 -0.143578 0.599196 52.7288 22 122240879 1001 1 1 0.438776 0.438776 2 
1337.34 1158.48 -50 0.0624404 0.0671138 0.730952 51.721 22 122303248 1001 1 1 0 0 1 
1467.59 764.949 -50 0.219465 0.110691 2.08035 51.108 22 122321389 1001 1 1 0 0 1 
1488.47 -1781.04 -50 0.0515258 -0.0560289 0.567301 52.0414 22 122465821 1001 1 1 0 0 1 
1442.84 -1676.95 -50 -0.0229377 -0.125954 0.497996 53.7063 22 122500457 1001 1 1 0.436534 0.436534 6 
-261.676 1484.08 -50 -0.0280484 0.0810272 0.922348 51.541 22 122746616 1001 1 1 0 0 1 
-1481.54 -1094.11 -50 -0.101277 -0.0629003 1.05287 51.7238 22 122771074 1001 1 1 0 0 1 
505.215 40.1519 -50 0.0513888 0.00185188 1.04874 51.2804 22 122915710 1001 1 1 0.872167 0.872167 6 
855.684 -153.78 -50 0.0782647 -0.0167295 1.35533 50.9976 22 122937852 1001 1 1 0 0 1 
-1307.91 -1803.37 -50 -0.0553085 -0.0875749 0.771199 51.8639 22 123144900 1001 1 1 0.599637 0.599637 4 
-28.6823 945.618 -50 -0.0643345 -0.0291146 0.575361 52.3068 22 123358477 1001 1 1 0.202241 0.202241 3 
-87.2432 594.005 -50 -0.0115904 0.0493561 1.01953 51.0728 22 123623775 1001 1 1 0 0 1 
-958.197 916.645 -50 -0.125621 -0.0023553 0.511561 53.006 22 123644655 1001 1 1 0 0 1 
-1699.54 -424.493 -50 -0.141392 -0.0301842 1.07313 51.5711 22 123667083 1001 1 1 0.0225067 0.0225067 2 
-127.542 990.774 -50 -0.035623 0.246281 1.21548 52.0517 22 123704384 1001 1 1 0.384709 0.384709 2 
1604.89 715.555 -50 0.0474035 0.0203847 0.401945 52.825 22 124058407 1001 1 1 0.122429 0.122429 3 
-450.649 690.015 -50 0.00041105 0.0804015 0.310727 53.646 22 124233750 1001 1 1 0.163588 0.163588 2 
-586.625 -975.846 -50 -0.0779864 0.00622464 1.21285 52.3885 22 124243672 1001 1 1 1.0851 1.0851 7 
917.45 40.6833 -50 0.12366 0.0116675 1.61941 51.5359 22 124352859 1001 1 1 1.38426 1.38426 2 
1583.33 773.896 -50 0.0514558 0.0327551 0.590335 51.6412 22 124566948 1001 1 1 0.054083 0.054083 2 
-452.487 -373.961 -50 -0.0553437 -0.0451457 1.57523 50.9809 22 124615015 1001 1 1 0 0 1 
-1234.97 -1611.01 -50 -0.104913 -0.132601 1.26792 51.1401 22 124695155 1001 1 1 0 0 1 
1670.48 -450.838 -50 0.113069 -0.0576197 1.26061 52.1244 22 124708917 1001 1 1 0.701538 0.701538 2 
136.634 -788.829 -50 0.00864178 -0.0263726 0.424352 51.3209 22 124745701 1001 1 1 0 0 1 
-1497.47 -1042.61 -50 -0.12756 -0.080493 1.16911 51.3407 22 124831644 1001 1 1 0 0 1 
-304.56 -932.392 -50 -0.013077 -0.0320082 0.663433 52.2808 22 124961024 1001 1 1 0.551467 0.551467 4 
1026.3 -488.363 -50 0.129444 -0.0524676 0.905293 51.5889 22 125025217 1034 1 1 0 0 1 
1872.69 672.029 -50 0.123888 0.0632509 1.02717 52.0735 22 125135820 1001 1 1 0.421538 0.421538 2 
724.859 -1646.41 -50 0.0439662 -0.0907051 0.852318 51.248 22 125149522 1001 1 1 0.647701 0.647701 4 
663.773 1723.97 -50 0.075744 0.196536 1.47277 52.0127 22 125252947 1001 1 1 1.17472 1.17472 4 
1899.7 312.699 -50 0.15622 0.0312889 1.19266 51.3108 22 125258507 1001 1 1 0 0 1 
-611.769 1507.81 -50 -0.0595465 0.145567 0.67758 51.8507 22 125516723 1005 1 1 0 0 1 
-950.233 -637.14 -50 -0.0544644 -0.029437 0.728574 51.1632 22 125625109 1001 1 1 0.689624 0.689624 13 
-1327.97 1707.86 -50 -0.0704775 0.0888946 0.791613 51.3857 22 125674832 1001 1 1 0 0 1 
621.991 1674.38 -50 0.0564736 0.165761 1.35529 51.5102 22 125758192 1001 1 1 0 0 1 
723.013 -537.271 -50 0.0353714 -0.0235677 0.69874 51.3877 22 125857979 1001 1 1 0.628895 0.628895 8 
1033.85 376.768 -50 0.0625924 0.0288571 0.763567 51.5345 22 125938042 1001 1 1 0 0 1 
1290.33 -557.62 -50 0.073184 -0.0382417 0.907798 51.1225 22 125968161 1001 1 1 0 0 1 
187.831 -136.726 -50 -0.0021427 -0.000485565 0.56376 51.1786 22 126362258 1001 1 1 0.0270973 0.0270973 2 
-852.415 -1200.14 -50 -0.0797809 -0.133203 0.430211 54.5931 22 126410708 1001 1 1 0.160652 0.160652 3 
1736.29 684.063 -50 0.117524 0.0428215 1.11494 51.5401 22 126433461 1001 1 1 0.967665 0.967665 5 
253.733 -137.806 -50 0.0275644 0.00693851 0.964097 51.1865 22 126486441 1001 1 1 0 0 1 
265.516 -1828.7 -50 0.0222836 -0.0900885 0.612692 52.2063 22 126539982 1034 1 1 0.369982 0.369982 3 
1339.46 -522.558 -50 0.138655 -0.0605794 0.533812 52.8392 22 126619604 1001 1 1 0.124965 0.124965 2 
1714.68 -1551.72 -50 0.112121 -0.0964365 1.05804 51.681 22 126657158 1001 1 1 0 0 1 
-1976.42 751.352 -50 -0.0470528 0.0222477 0.435924 53.6545 22 126705995 1001 1 1 0 0 1 
-254.248 1619.42 -50 0.0227664 0.158138 0.464197 56.3766 22 126892726 1001 1 1 0.31482 0.31482 2 
-73.5185 -1804.94 -50 0.0077652 -0.205339 1.49055 51.7723 22 127012789 1001 1 1 0.71659 0.71659 3 
619.295 -515.709 -50 0.0400383 -0.0324052 1.02269 51.0041 22 127020878 1001 1 1 0 0 1 
1372.38 -1638.61 -50 0.0595576 -0.0567913 0.543565 51.7966 22 127114616 1001 1 1 0 0 1 
772.122 1049.96 -50 0.0320287 0.0560246 0.78791 51.0654 22 127230039 1001 1 1 0.0479707 0.0479707 2 
718.599 1766.32 -50 0.0342813 0.110094 1.00804 52.4851 22 127323763 1010 1 1 0.800205 0.800205 2 
-152.396 -685 -50 -0.0226007 -0.0338203 0.839526 51.3767 22 127490970 1026 1 1 0.639257 0.639257 2 
-1570.74 -1192.89 -50 -0.0871786 -0.0663791 0.769794 51.5706 22 127627643 1001 1 1 0 0 1 
133.317 1688.72 -50 -0.0942627 0.0686026 0.629326 52.6261 22 127630464 1001 1 1 0.377124 0.377124 2 
851.612 1094.34 -50 0.0483564 0.020401 0.299855 83.763 11 127702875 1002 1001 1 0.0838016 0.0838016 1 
-527.828 -16.9762 -50 0.0162723 -0.00213117 0.550288 51.5177 22 127744785 1001 1 1 0.293676 0.293676 3 
1646.15 1214.72 -50 0.0855151 0.0521578 0.834873 52.0435 22 127832249 1001 1 1 0.748525 0.748525 8 
1857.51 160.063 -50 0.116403 0.0441896 0.625763 51.6959 22 127832339 1006 1 1 0 0 1 
-394.818 -288.338 -50 -0.0197669 -0.00716702 0.592511 51.0674 22 127855027 1010 1 1 0.525143 0.525143 10 
-586.013 1686.65 -50 -0.0195146 0.0737661 0.676465 51.536 22 127902981 1001 1 1 0.127388 0.127388 3 
88.2556 838.134 -50 -0.0114395 0.0446693 0.623062 51.7276 22 127993452 1001 1 1 0.062285 0.062285 2 
-1475.03 1695.93 -50 -0.116883 0.159213 1.31036 51.6706 22 128019173 1001 1 1 0.970054 0.970054 4 
-225.669 -891.696 -50 -0.00296395 0.0510351 0.85307 51.8555 22 128123733 1001 1 1 0.13294 0.13294 2 
1003.02 -405.013 -50 0.082999 -0.0401718 1.10146 51.3185 22 128147550 1027 1 1 0.934222 0.934222 5 
1645.06 1301.03 -50 0.112019 0.096768 1.07766 51.5177 22 128170742 1001 1 1 0 0 1 
-1319.14 -1374.3 -50 -0.125081 -0.127168 1.3125 51.5175 22 128203590 1001 1 1 0.174195 0.174195 2 
-635.185 561.662 -50 -0.0191766 0.0234056 0.549443 51.0325 22 128583041 1001 1 1 0.0283736 0.0283736 2 
658.365 1164.39 -50 0.028451 0.0601735 0.963277 51.6928 22 128598603 1001 1 1 0 0 1 
-622.867 1170.65 -50 0.00339537 0.0185457 0.0925603 53.9023 22 128756824 1001 1 1 0.01228 0.01228 3 
-293.51 -760.121 -50 -0.0211903 -0.0781702 1.40696 50.8987 22 128928087 1016 1 1 1.15959 1.15959 2 
209.116 -138.317 -50 -0.00315643 -0.001927 1.19779 51.3726 22 129001363 1001 1 1 0.395361 0.395361 2 
-710.485 320.689 -50 0.0294855 0.0277997 0.325999 52.4347 22 129262866 1037 1036 1 0 0 1 
-1237.24 983.096 -50 -0.0510641 0.05552 1.17487 51.2283 22 129305604 1001 1 1 0 0 1 
-817.592 382.797 -50 -0.07207 0.0318296 1.19291 51.0181 22 129326076 1001 1 1 0.916145 0.916145 3 
1742.58 -1263.55 -50 0.0437813 -0.0358144 0.414717 51.6105 22 129328947 1001 1 1 0 0 1 
1997.09 -969.94 -50 0.0784897 -0.0319604 0.644155 52.061 22 129428162 1001 1 1 0 0 1 
891.572 -797.215 -50 0.0329154 -0.0326165 0.43078 51.817 22 129463558 1001 1 1 0 0 1 
-569.48 -402.814 -50 -0.0326787 -0.0259151 0.762413 50.8111 22 129577180 1013 1 1 0.570539 0.570539 2 
-481.402 -473 -50 -0.0261005 -0.0268076 0.789159 51.2394 22 129614460 1001 1 1 0 0 1 
403.211 -8.97986 -50 0.0295285 -0.00140119 0.82874 51.0097 22 129635024 1001 1 1 0.0545009 0.0545009 2 
192.839 -1082.14 -50 0.0392958 -0.102124 1.41935 51.3124 22 129802901 1001 1 1 1.11933 1.11933 2 
271.808 1873.95 -50 -0.0102627 0.0304367 0.0813063 56.0747 22 129804624 1001 1 1 0.0209217 0.0209217 2 
1031.33 -1793.47 -50 0.00114066 -0.0374229 0.501679 52.3721 22 129809580 1001 1 1 0.34525 0.34525 3 
1647.83 190.627 -50 0.0990719 0.0296679 1.03407 53.4057 22 130002397 1001 1 1 0 0 1 
1200.71 1345.34 -50 0.104284 0.0815077 1.07514 52.3456 22 130046716 1001 1 1 0 0 1 
-1388.5 1789.75 -50 -0.0598737 0.0121301 0.949183 52.1246 22 130114714 1001 1 1 0 0 1 
1286.29 200.329 -50 0.0468608 0.0043276 0.549632 51.2665 22 130150344 1012 1 1 0.13416 0.13416 2 
-1699.14 1615.21 -50 -0.125336 0.11574 1.09715 51.415 22 130168457 1001 1 1 0 0 1 
586.861 359.936 -50 0.0237126 0.0129671 0.150882 52.1998 22 130276248 1001 1 1 0.045115 0.045115 2 
1351.85 789.251 -50 0.085219 0.049348 0.907337 51.0817 22 130547093 1001 1 1 0.0111296 0.0111296 2 
-1643.04 -944.143 -50 -0.139111 -0.0780171 1.16531 51.3873 22 130599067 1001 1 1 0.921648 0.921648 3 
538.563 -848.165 -50 0.0576444 -0.0648472 1.08982 51.4289 22 130730195 1001 1 1 0 0 1 
-350.843 -1188.33 -50 -0.0137678 -0.090702 0.937858 51.5906 22 130738732 1001 1 1 0 0 1 
1267.42 -1495.99 -50 0.154114 -0.195008 1.716 51.4896 22 130741579 1001 1 1 1.64035 1.64035 7 
-515.235 -356.94 -50 -0.0380392 -0.0274278 0.953973 50.9132 22 130762468 1001 1 1 0.423381 0.423381 3 
-143.646 -173.5 -50 -0.075447 -0.0590958 0.465197 54.9259 22 130819975 1001 1 1 0.355454 0.355454 4 
1208.56 866.692 -50 0.109345 0.0667776 1.12409 51.753 22 131017279 1001 1 1 1.0127 1.0127 6 
1653.54 1915.38 -50 0.0971357 0.0937865 0.720357 52.192 22 131100079 1001 1 1 0.0216423 0.0216423 2 
1812.62 -1851.03 -50 0.0846264 -0.100224 0.712876 52.2611 22 131254604 1001 1 1 0 0 1 
740.093 318.728 -50 0.0302627 0.015135 0.730217 51.391 22 131255739 1001 1 1 0 0 1 
927.372 1525.17 -50 0.032475 0.0462627 0.422814 52.3446 22 131260830 1001 1 1 0 0 1 
1489.7 -1822.44 -50 0.171117 -0.225125 1.76957 51.519 22 131274975 1001 1 1 0.0183713 0.0183713 2 
1049.13 365.13 -50 0.0965199 0.0298931 1.35711 51.0196 22 131352853 1001 1 1 0 0 1 
22.5376 -640.5 -50 0.0184865 -0.051952 1.06274 51.3866 22 131381074 1001 1 1 0.274374 0.274374 2 
-440.38 1535.52 -50 -0.0410648 0.114489 0.95591 52.0724 22 131435854 1001 1 1 0.0381356 0.0381356 2 
-1723.06 109.205 -50 -0.0468109 0.000113236 0.405416 51.6599 22 131520131 1001 1 1 0.236248 0.236248 3 
18.9569 -222.368 -50 0.0741804 0.126448 0.763607 53.2681 22 131617810 1001 1 1 0 0 1 
828.853 1877.54 -50 0.0459443 0.107922 0.790598 51.442 22 131819202 1001 1 1 0.0639623 0.0639623 4 
-227.28 -485.949 -50 -0.060006 0.04958 1.59403 51.3031 22 132022441 1001 1 1 0 0 1 
-19.2198 1515.96 -50 0.00822503 0.113986 0.967406 52.294 22 132059053 1001 1 1 0.733791 0.733791 3 
-1676.89 1286.4 -50 -0.125912 0.0899572 0.990349 53.101 22 132098799 1001 1 1 0 0 1 
23.7913 911.79 -50 -0.0727165 0.211501 1.50875 51.4977 22 132216381 1001 1 1 0 0 1 
546.231 1366.61 -50 0.0472168 0.129183 1.38179 51.1815 22 132241587 1001 1 1 1.31563 1.31563 6 
-1521.82 1133.47 -50 -0.0505108 0.0298125 0.444139 51.6527 22 132276422 1001 1 1 0 0 1 
-782.4 -275.133 -50 -0.0284851 -0.0129249 0.490814 51.1466 22 132421393 1001 1 1 0.106685 0.106685 2 
-1043.85 1534.12 -50 -0.215166 0.040411 0.716996 54.1437 22 132497322 1001 1 1 0 0 1 
-258.381 276.813 -50 -0.0112175 0.0205325 0.646342 51.2252 22 132578827 1001 1 1 0 0 1 
19.0736 -835.825 -50 0.00849563 -0.0467535 0.655481 53.1012 22 132692495 1001 1 1 0.320873 0.320873 2 
853.819 1968.52 -50 0.0615909 0.118949 0.977846 51.6182 22 132708140 1001 1 1 0.406737 0.406737 2 
-358.059 1503.9 -50 -0.0157238 0.0692748 0.750278 51.0521 22 132741229 1001 1 1 0.501182 0.501182 3 
-1167.54 -1365.44 -50 -0.0993094 -0.0853084 1.18644 51.6378 22 132749739 1001 1 1 0 0 1 
-1326 1429.57 -50 -0.0668245 0.0852729 0.878296 51.9354 22 132762022 1001 1 1 0.356509 0.356509 2 
506.202 205.606 -50 0.0157056 0.0180646 0.613975 51.362 22 132904705 1007 1 1 0 0 1 
-1908.82 1388.4 -50 -0.128025 0.10396 0.993255 53.4502 22 132948453 1001 1 1 0.141464 0.141464 2 
4.97452 1407.09 -50 -0.0284591 0.0165339 0.704397 52.1403 22 133104024 1001 1 1 0.584318 0.584318 5 
-1877.11 1339.32 -50 -0.123842 0.0763987 0.842509 52.2675 22 133130468 1001 1 1 0 0 1 
-1480.6 -1217.19 -50 -0.060634 -0.0482905 0.555122 51.6015 22 133130512 1001 1 1 0.205566 0.205566 3 
1194.25 -1887.37 -50 0.109797 -0.172751 1.26062 51.5723 22 133158890 1001 1 1 0.040614 0.040614 2 
1752.45 -763.305 -50 0.0822739 -0.0346338 0.692527 51.2738 22 133220690 1001 1 1 0.178536 0.178536 2 
-366.864 -73.1657 -50 -0.00680877 0.000578063 0.649475 51.2385 22 133229217 1010 1 1 0 0 1 
534.002 -971.811 -50 0.0440976 -0.0577971 0.989404 51.2325 22 133239873 1001 1 1 0.0650301 0.0650301 2 
668.477 1788.95 -50 0.039554 0.0827166 0.704332 51.4267 22 133270309 1001 1 1 0.0947901 0.0947901 2 
1670.93 1445.97 -50 0.0227246 0.0314069 0.773943 51.8519 22 133401441 1001 1 1 0 0 1 
-1629.41 -1354.08 -50 -0.0989699 -0.0766373 1.01464 53.2482 22 133522809 1001 1 1 0 0 1 
1559.43 -1158.15 -50 0.0978003 -0.0646886 0.874638 51.3551 22 133597599 1001 1 1 0.344506 0.344506 2 
289.983 -1525.54 -50 0.0322429 -0.101415 1.10139 51.2364 22 133791558 1001 1 1 0.766784 0.766784 6 
-1477.31 -833.467 -50 -0.083883 -0.0451158 0.874403 51.3741 22 134127269 1001 1 1 0 0 1 
-1276.12 1199.57 -50 -0.0378772 0.0446514 0.54906 51.7984 22 134252559 1001 1 1 0.371698 0.371698 2 
-439.631 650.955 -50 -0.0343562 0.0574276 1.20842 50.9636 22 134366640 1001 1 1 0.983232 0.983232 4 
-1118.82 789.956 -50 -0.0393687 0.0291611 0.551544 51.0398 22 134544860 1001 1 1 0 0 1 
1327.21 271.978 -50 0.0684332 0.00571717 0.796104 51.3259 22 134575788 1008 1 1 0 0 1 
-1934.12 1828.15 -50 -0.177352 0.151544 1.22147 52.7808 22 134598820 1001 1 1 0 0 1 
-412.197 1091.83 -50 0.00802977 0.021795 0.717776 51.0162 22 134639854 1001 1 1 0 0 1 
-1679.1 709.896 -50 -0.075577 0.033812 0.642336 51.5614 22 134650392 1001 1 1 0 0 1 
319.439 480.953 -50 0.0278965 0.0385294 1.02132 50.9745 22 134783571 1001 1 1 0.805263 0.805263 2 
-644.241 -1724.76 -50 -0.0601577 -0.149397 1.3176 51.105 22 134809372 1001 1 1 0.597018 0.597018 3 
-1354.39 -29.9312 -50 -0.0792104 0.0019256 0.849405 51.2048 22 134813632 1001 1 1 0.794238 0.794238 7 
-16.5467 1960.64 -50 -0.0145801 0.155978 1.06955 53.1049 22 134912338 1001 1 1 0.816518 0.816518 3 
-1634.08 -344.813 -50 -0.0788401 -0.015751 0.610737 51.6157 22 134978003 1001 1 1 0.406682 0.406682 3 
-1709.96 -1111.75 -50 -0.14539 -0.105247 1.45889 51.6046 22 134985903 1001 1 1 0.138682 0.138682 2 
860.897 482.109 -50 0.046794 0.0207149 0.63714 51.1624 22 135221517 1001 1 1 0.17719 0.17719 2 
-1752.71 792.446 -50 -0.0518341 0.0242535 0.392864 51.6897 22 135232815 1001 1 1 0.0126694 0.0126694 2 
-1002.61 1341.64 -50 -0.0806885 0.114835 1.32588 51.2951 22 135318702 1001 1 1 0 0 1 
-542.406 -115.908 -50 -0.0198058 -0.0203015 0.705446 51.3911 22 135434992 1001 1 1 0.536138 0.536138 6 
-665.782 1528.02 -50 -0.0482695 0.128123 1.10624 51.6843 22 135522747 1001 1 1 0 0 1 
1395.34 761.815 -50 0.111257 0.0549874 1.15153 51.2018 22 135606966 1001 1 1 0.91369 0.91369 2 
-216.777 1744.88 -50 -0.0164619 0.105524 0.895435 51.2488 22 135678074 1012 1 1 0 0 1 
-32.3739 -43.7567 -50 -0.00842985 -0.00366031 1.22686 51.0107 22 135709670 1001 1 1 0.857409 0.857409 3 
846.02 -1904.88 -50 0.0386032 -0.0852216 0.59355 52.479 22 135801263 1010 1 1 0.412057 0.412057 2 
349.408 1099.17 -50 0.00906692 0.0429029 0.637591 51.0415 22 135849017 1001 1 1 0.519222 0.519222 4 
-95.7259 101.037 -50 0.00216088 0.0154266 0.696209 53.2554 22 135970371 1001 1 1 0 0 1 
1004.24 241.408 -50 0.0543116 0.0188547 0.859752 51.1259 22 136065574 1001 1 1 0 0 1 
1232.02 -854.24 -50 0.0613037 -0.0362632 0.616739 51.8951 22 136173057 1009 1 1 0.439577 0.439577 3 
1874.72 -433.714 -50 0.0192771 -0.000769646 0.137348 52.0509 22 136267508 1038 1037 1 0.0469635 0.0469635 2 
-593.905 -162.727 -50 -0.0502398 -0.01338 1.13654 50.9137 22 136280248 1001 1 1 0.599464 0.599464 4 
1451.45 1269.41 -50 0.0957337 0.0830947 0.955896 51.398 22 136604420 1001 1 1 0.758406 0.758406 2 
85.0711 1176.09 -50 -0.0552121 3.01938e-05 0.590979 51.9506 22 136901951 1001 1 1 0.0185316 0.0185316 2 
1105.12 1020.04 -50 0.103574 0.090292 1.25683 51.2076 22 136906176 1001 1 1 0 0 1 
-786.825 -1543.73 -50 -0.0336478 -0.0763462 0.711655 51.2186 22 137108877 1001 1 1 0 0 1 
271.373 373.042 -50 -0.0659871 0.171082 0.846937 52.9871 22 137175435 1001 1 1 0 0 1 
-1539.52 -1518.4 -50 -0.173262 -0.155914 1.56994 51.3634 22 137304859 1001 1 1 0.407311 0.407311 2 
-1085.81 505.43 -50 -0.0650923 0.032343 1.02406 51.3934 22 137335380 1001 1 1 0 0 1 
-1016.03 -1783.31 -50 -0.0339507 -0.0711656 0.514259 51.7107 22 137390564 1001 1 1 0.107834 0.107834 2 
67.1265 -1421.98 -50 0.0135516 -0.0786153 0.857039 51.3384 22 137406743 1001 1 1 0.187999 0.187999 2 
1577.98 -1842.88 -50 0.0640297 -0.0991031 0.409924 53.0276 22 137412763 1001 1 1 0.041348 0.041348 2 
-177.709 350.833 -50 -0.0158235 0.0119834 0.495275 53.1332 22 137437333 1001 1 1 0 0 1 
-579.232 259.727 -50 -0.0279956 0.0104911 0.772718 51.04 22 137562553 1001 1 1 0.731697 0.731697 14 
1984.01 340.327 -50 0.203091 -0.0949369 0.630445 54.4997 22 137578295 1001 1 1 0 0 1 
-941.798 -112.844 -50 -0.023791 -0.000834982 0.482615 51.1538 22 137591599 1001 1 1 0.327763 0.327763 3 
1336.96 -1550.64 -50 0.0679504 -0.105835 0.809158 52.1407 22 137624428 1001 1 1 0.36304 0.36304 2 
1205.45 -1172.51 -50 0.0898354 -0.065114 0.97623 51.4846 22 137631008 1001 1 1 0.677211 0.677211 3 
1934.05 -140.581 -50 0.0800996 -0.0178385 0.55878 52.0131 22 137725311 1001 1 1 0.078607 0.078607 2 
353.675 841.411 -50 0.00912992 0.018802 0.3125 50.9411 22 137774676 1001 1 1 0 0 1 
1032.24 1679.05 -50 0.0956481 0.150756 1.17074 52.3531 22 137856158 1001 1 1 1.08285 1.08285 11 
665.627 -391.139 -50 0.0176286 0.0216663 0.590631 52.113 22 138091886 1001 1 1 0.181998 0.181998 2 
526.517 188.801 -50 0.0397886 0.00325472 0.77114 52.0052 22 138132688 1001 1 1 0 0 1 
-72.857 1029.55 -50 -0.0304148 0.152288 0.868545 51.9135 22 138170247 1001 1 1 0 0 1 
-934.523 -812.289 -50 -0.107278 -0.0747556 1.51887 51.2394 22 138268827 1001 1 1 0 0 1 
-522.408 -1233.26 -50 -0.0198363 -0.0544427 0.546102 51.6198 22 138461809 1001 1 1 0.549139 0.549139 13 
1891.93 1060.69 -50 0.0815837 0.0246241 1.03643 51.5045 22 138602854 1009 1 1 0.478246 0.478246 4 
-306.601 230.677 -50 -0.0294181 0.0299486 1.77336 50.9273 22 138678844 1001 1 1 0 0 1 
632.322 659.24 -50 0.0307203 0.0350239 0.762466 50.831 22 138728462 1001 1 1 0.554586 0.554586 2 
621.828 -350.982 -50 0.0423729 -0.0530509 0.843962 53.241 22 138751532 1001 1 1 0.519989 0.519989 3 
784.44 -981.132 -50 0.0368593 -0.0486952 0.661446 51.2249 22 138767775 1001 1 1 0 0 1 
713.229 74.8044 -50 0.05387 0.00497726 1.4708 51.1793 22 138815211 1001 1 1 0 0 1 
196.292 980.038 -50 0.0290188 0.14117 1.69677 51.4337 22 138838224 1001 1 1 0 0 1 
1074.22 101.942 -50 0.113121 0.0115715 1.51155 51.1332 22 138851492 1001 1 1 0 0 1 
546.758 1473.62 -50 0.0327776 0.111531 1.17816 51.1131 22 138867216 1001 1 1 0 0 1 
1014.26 -1309.26 -50 0.0349327 -0.0424669 0.538949 51.7015 22 138920056 1001 1 1 0 0 1 
815.856 -56.805 -50 0.0783977 -0.00902928 1.20226 51.2459 22 138922962 1001 1 1 1.00767 1.00767 3 
-33.7501 1759.31 -50 0.000626594 0.125752 1.11295 52.9317 22 139098028 1001 1 1 0 0 1 
1366.65 -486.789 -50 0.224541 -0.10585 2.63569 51.1945 22 139139927 1001 1 1 1.76713 1.76713 2 
-738.736 1498.3 -50 -0.0455792 0.0833732 0.724962 52.2046 22 139163597 1001 1 1 0.112833 0.112833 2 
1923.5 -291.042 -50 0.0959819 -0.00604187 0.782106 51.6342 22 139284266 1001 1 1 0.614887 0.614887 4 
-772.298 -1960.17 -50 -0.00325949 -0.0886854 0.580381 51.7405 22 139318220 1018 1 1 0.500719 0.500719 5 
-1184.89 -1133.49 -50 -0.111073 -0.101401 1.30281 51.3248 22 139405200 1001 1 1 1.07586 1.07586 2 
-783.101 1381.15 -50 -0.0536074 0.0738906 0.785854 51.4907 22 139529245 1001 1 1 0 0 1 
-1347.03 -187.936 -50 -0.150274 -0.010105 1.46346 51.3574 22 139640753 1001 1 1 0 0 1 
-1484.43 1677.66 -50 -0.124422 0.135028 1.26944 51.5584 22 139663046 1001 1 1 0.267498 0.267498 2 
-1373.12 1382.98 -50 -0.0707109 0.0187825 0.660929 52.1354 22 139808471 1001 1 1 0.498417 0.498417 3 
1562.19 216.523 -50 0.151083 0.00944819 1.42532 51.1262 22 139814555 1001 1 1 0 0 1 
-838.517 -307.307 -50 -0.0429598 -0.0389014 0.859224 52.1033 22 139895456 1001 1 1 0.0632801 0.0632801 2 
972.134 1407.85 -50 0.0875692 0.130828 1.53815 51.5148 22 140052134 1001 1 1 0 0 1 
761.045 462.197 -50 0.035826 0.0215783 0.857327 51.0626 22 140059782 1001 1 1 0.692794 0.692794 4 
212.638 -462.657 -50 -0.0050816 -0.0165247 0.987088 53.1115 22 140203590 1001 1 1 0 0 1 
326.399 499.909 -50 -0.107818 0.120702 0.699752 54.2013 22 140370078 1001 1 1 0 0 1 
-1001.15 1857.04 -50 -0.00740281 0.0388093 0.177548 52.3936 22 140418684 1001 1 1 0.068269 0.068269 4 
-1500.61 255.787 -50 -0.0600526 0.000684167 0.686231 51.5501 22 140441865 1001 1 1 0.421833 0.421833 2 
417.168 274.443 -50 0.0564152 0.0214159 1.70819 50.9078 22 140516673 1001 1 1 1.65717 1.65717 8 
533.964 -412.849 -50 0.0997105 -0.164852 0.714532 53.8548 22 140589131 1001 1 1 0.0929042 0.0929042 2 
-548.961 -1690.99 -50 -0.101839 -0.191377 0.918671 52.2281 22 140659351 1001 1 1 0 0 1 
-1053.39 -1332.31 -50 -0.0619107 -0.0554351 0.666049 53.5697 22 140709992 1001 1 1 0 0 1 
-2.49002 487.652 -50 0.0168612 -0.126335 0.983972 52.0706 22 140743986 1001 1 1 0 0 1 
1516.44 281.418 -50 0.187491 0.0229434 1.90194 51.1308 22 140795949 1008 1 1 1.53181 1.53181 8 
-613.824 1767.4 -50 -0.0426306 0.131693 1.09655 51.3614 22 140830094 1001 1 1 0 0 1 
-1130.9 -1736.62 -50 -0.0433732 -0.0597574 0.503274 51.542 22 140923587 1001 1 1 0.107913 0.107913 3 
870.328 515.94 -50 -0.00817116 0.0181826 0.687175 51.2057 22 141123504 1001 1 1 0 0 1 
212.168 -384.919 -50 -0.00523287 0.0125197 0.159992 52.879 22 141313271 1001 1 1 0 0 1 
-399.248 -1161.8 -50 -0.0308912 -0.0938324 1.17839 51.1314 22 141388055 1011 1 1 0.202632 0.202632 2 
713.911 1904.06 -50 0.0247661 0.0958254 0.676559 51.7612 22 141436952 1001 1 1 0 0 1 
1117.54 -1132.47 -50 0.0891171 -0.0704182 0.986085 52.5088 22 141454170 1001 1 1 0 0 1 
-822.792 1220.1 -50 -0.0920898 0.135838 1.51716 51.3392 22 141488824 1001 1 1 0 0 1 
-506.159 -603.319 -50 -0.0433021 -0.053438 1.29953 50.7621 22 141541212 1001 1 1 0 0 1 
-1433.42 1959.12 -50 -0.0530409 0.0747516 0.514486 53.6226 22 141625776 1001 1 1 0 0 1 
916.602 1556.89 -50 0.160856 0.140326 0.650342 53.5573 22 141807740 1001 1 1 0.548758 0.548758 5 
-1099.27 1126.77 -50 -0.0454891 0.0498779 0.706121 51.5505 22 141808288 1001 1 1 0.0431944 0.0431944 2 
-217.99 111.16 -50 -0.0185394 0.01711 1.40661 50.8346 22 141830339 1001 1 1 1.24281 1.24281 5 
1530.81 -1048.92 -50 0.139903 -0.129632 1.60906 51.713 22 142039832 1001 1 1 0 0 1 
-944.156 -805.966 -50 -0.0738968 -0.0560065 0.985416 51.3964 22 142102795 1001 1 1 0 0 1 
1417.35 -1810.74 -50 0.0630306 -0.0774763 0.570229 52.2291 22 142164294 1001 1 1 0.440479 0.440479 5 
627.077 1796.08 -50 0.048974 0.139415 1.02678 52.7716 22 142248805 1001 1 1 0.0134462 0.0134462 2 
-1969.83 -1993.77 -50 -0.0685598 -0.0682487 0.585636 52.105 22 142365605 1001 1 1 0 0 1 
-665.111 294.065 -50 -0.0267462 0.0135109 0.663911 50.9648 22 142493192 1001 1 1 0 0 1 
1884.46 487.882 -50 0.276061 -0.0582274 0.984124 52.7785 22 142505923 1001 1 1 0.0705833 0.0705833 2 
-1744.19 1606.52 -50 -0.11839 0.137355 1.10228 52.2399 22 142508039 1001 1 1 0.115144 0.115144 2 
-1813.56 -152.985 -50 -0.109718 -0.00749103 0.790402 51.6241 22 142526272 1001 1 1 0 0 1 
-843.398 1028.48 -50 -0.0885684 0.084418 1.32106 51.1886 22 142593020 1001 1 1 1.11527 1.11527 4 
-1598.69 585.363 -50 -0.0561378 0.0270252 0.537249 51.3903 22 142688727 1001 1 1 0.0409227 0.0409227 2 
-1346.81 -1853.02 -50 -0.0589618 -0.0859335 0.60108 52.0596 22 142755469 1001 1 1 0.0742558 0.0742558 2 
-869.299 1117.78 -50 -0.0354851 0.0343496 0.514453 51.4436 22 142835230 1001 1 1 0 0 1 
-291.223 -644.647 -50 -0.00436495 -0.018022 0.507421 51.1713 22 142882510 1001 1 1 0.433543 0.433543 8 
-1631.49 -1112.94 -50 -0.0522564 -0.0424605 0.515306 51.6442 22 142951837 1001 1 1 0.432757 0.432757 6 
-98.9123 -1667.61 -50 -0.00342515 -0.0535434 0.460769 51.4336 22 143068781 1001 1 1 0.0137257 0.0137257 2 
1967.85 685.651 -50 0.0794915 0.0219344 0.529509 51.9033 22 143075946 1001 1 1 0.382449 0.382449 5 
-1741.95 1727.25 -50 -0.169197 0.162281 1.39754 51.6599 22 143120484 1001 1 1 0 0 1 
-1071.94 -606.462 -50 -0.0764773 -0.0429436 1.18012 51.0933 22 143181207 1001 1 1 1.03314 1.03314 4 
-488.581 -174.509 -50 -0.0225681 -0.0168319 0.677201 50.8969 22 143247467 1001 1 1 0.142222 0.142222 2 
577.674 -157.961 -50 0.0372242 -0.0164801 1.21608 50.9335 22 143261862 1001 1 1 0 0 1 
1910.25 882.069 -50 0.10727 0.0538582 0.857923 51.348 22 143267502 1001 1 1 0 0 1 
1548.87 1376.93 -50 0.0544232 0.056129 0.56594 51.5513 22 143436017 1001 1 1 0 0 1 
592.703 -1163.24 -50 0.0522934 -0.0934487 1.4219 51.2499 22 143521530 1001 1 1 0 0 1 
1808.11 -1718.8 -50 0.196738 -0.191431 1.70799 51.6419 22 143711995 1001 1 1 1.40646 1.40646 2 
-1757.21 1650.35 -50 -0.0752545 0.0682678 0.648804 51.5421 22 143991227 1001 1 1 0.534232 0.534232 3 
-1482.38 1487.29 -50 -0.0911631 0.0949676 0.970904 51.5947 22 144229813 1001 1 1 0.166871 0.166871 2 
-996.416 -1881.64 -50 -0.0254309 -0.0656801 0.492542 51.6356 22 144231095 1001 1 1 0.414311 0.414311 7 
-748.282 1796.08 -50 -0.0548262 0.11563 1.04324 51.8197 22 144233845 1001 1 1 0.245548 0.245548 2 
-1867.24 -1570.44 -50 -0.184525 -0.148929 1.51331 51.4091 22 144247131 1001 1 1 0 0 1 
-356.426 647.839 -50 -0.0293398 0.056596 0.943629 51.7364 22 144253577 1001 1 1 0.39332 0.39332 2 
847.718 -78.2653 -50 0.0437868 0.00606327 1.08157 51.4704 22 144574538 1001 1 1 0.547304 0.547304 2 
1556.72 -1861.39 -50 0.117443 -0.0629475 0.689866 52.8156 22 144737226 1001 1 1 0.318592 0.318592 3 
-728.796 140.437 -50 -0.0326577 0.0124963 0.862543 51.6061 22 144850725 1001 1 1 0.070332 0.070332 2 
-1915.83 302.391 -50 -0.142188 0.0283046 1.09571 51.2231 22 144900009 1001 1 1 0.925574 0.925574 5 
-682.902 247.892 -50 -0.076182 0.0636881 0.442841 54.3651 22 145022575 1001 1 1 0 0 1 
-1813.47 -1730.21 -50 -0.00312891 -0.0171244 0.0654705 54.7446 22 145205470 1001 1 1 0.0677019 0.0677019 5 
747.766 1771.99 -50 0.0683521 0.119951 1.10858 51.9276 22 145211776 1001 1 1 0.807014 0.807014 4 
-1518.35 -654.272 -50 -0.0762223 -0.0315621 0.871795 51.7792 22 145276564 1001 1 1 0.727276 0.727276 5 
1296.73 -976.387 -50 0.0258565 -0.0299072 0.420624 53.1615 22 145315188 1001 1 1 0.422434 0.422434 10 
-865.716 -191.136 -50 -0.0409606 -0.00675373 0.679097 50.9706 22 145420991 1001 1 1 0.340623 0.340623 4 
1818.13 373.437 -50 0.18605 0.0401495 1.58542 51.4145 22 145436141 1001 1 1 0 0 1 
-1065.56 1683.04 -50 -0.00887318 0.11256 1.14445 51.5986 22 145603254 1001 1 1 0 0 1 
-1211.45 -406.938 -50 -0.134823 -0.0239297 1.50027 51.2575 22 145766191 1001 1 1 1.02243 1.02243 3 
-1204.69 -1261.94 -50 -0.0759735 -0.0611719 0.777135 51.8416 22 145784503 1001 1 1 0 0 1 
578.611 159.568 -50 0.02035 -0.000909339 0.669424 51.2089 22 145876184 1001 1 1 0.526992 0.526992 5 
-1708.31 -1166.55 -50 -0.0881205 -0.0158891 0.895319 52.264 22 146102391 1007 1 1 0 0 1 
-1104.73 1499.94 -50 -0.0575557 0.00856626 0.209599 53.9386 22 146154773 1001 1 1 0 0 1 
60.0293 -364.583 -50 0.0759938 -0.0723071 0.662757 53.6547 22 146236177 1001 1 1 0.473607 0.473607 2 
1325.31 -1122.86 -50 0.116913 -0.0873397 1.12733 51.736 22 146349095 1001 1 1 0 0 1 
1340.75 -733.833 -50 0.149043 -0.103263 1.66243 51.2532 22 146371015 1001 1 1 0 0 1 
1341.63 350.391 -50 0.0879475 0.0138269 0.826557 51.3687 22 146380010 1001 1 1 0.566153 0.566153 4 
973.985 -153.482 -50 0.0438274 -0.00576293 0.622849 51.3049 22 146471252 1001 1 1 0.502241 0.502241 5 
1719.55 -1542.14 -50 0.0987509 -0.093062 0.880565 51.6921 22 146483746 1001 1 1 0 0 1 
1957.65 -219.68 -50 0.0648782 -0.0117117 0.476354 51.3833 22 146514876 1001 1 1 0 0 1 
1237.4 -134.167 -50 0.0425752 -0.00607927 0.518943 51.0301 22 146563728 1001 1 1 0.404649 0.404649 3 
-494.286 1449.4 -50 -0.0391193 0.0684839 0.680153 51.8682 22 146585731 1001 1 1 0.684682 0.684682 13 
782.42 1229.53 -50 0.0632631 0.132881 1.33092 51.613 22 146703787 1001 1 1 0.770186 0.770186 4 
-1632.54 475.732 -50 -0.134555 0.0642578 1.21268 51.6347 22 146762922 1001 1 1 0.19718 0.19718 2 
713.687 1033.47 -50 0.0297937 0.00913428 0.478693 51.6229 22 146866013 1001 1 1 0 0 1 
-1682.05 -550.042 -50 -0.116714 -0.0369751 1.14903 51.465 22 146878446 1008 1 1 0.986713 0.986713 4 
-519.568 624.367 -50 -0.0305201 0.0332389 0.262843 53.783 22 146883310 1001 1 1 0 0 1 
-596.253 -1671.16 -50 -0.0207655 -0.0759872 0.595632 51.5121 22 146978459 1001 1 1 0.193253 0.193253 2 
-1114.28 -1662 -50 -0.0528917 -0.083608 0.827005 51.5878 22 147188119 1001 1 1 0.148124 0.148124 2 
-1015.21 -823.353 -50 -0.0366191 -0.0243014 0.615937 51.4572 22 147296822 1001 1 1 0.569679 0.569679 11 
-458.259 -1232.31 -50 -0.0259783 -0.0675005 0.751157 51.1976 22 147319284 1001 1 1 0.663054 0.663054 6 
-523.421 -1241.97 -50 -0.0271316 -0.0552537 0.572578 53.1959 22 147464545 1001 1 1 0.0686186 0.0686186 2 
1802.62 -1664.32 -50 0.109159 -0.0920899 0.947127 51.6188 22 147582107 1001 1 1 0.136571 0.136571 2 
465.377 273.266 -50 0.0537052 0.057875 1.65463 51.3642 22 147604648 1001 1 1 0.0149801 0.0149801 2 
-603.742 239.897 -50 -0.0174919 0.0755769 0.803558 51.5227 22 147663291 1035 1 1 0.00231186 0.00231186 2 
1888.29 -836.806 -50 0.0908895 -0.055479 0.503757 51.8669 22 147698547 1001 1 1 0.356676 0.356676 4 
775.758 -1183.44 -50 0.0861611 -0.101493 1.24491 51.4823 22 147818332 1001 1 1 0.98968 0.98968 2 
-169.508 1841.49 -50 -0.0137181 0.138169 1.18944 51.3982 22 147850451 1001 1 1 0 0 1 
1967.28 -289.12 -50 0.0688945 -0.0134993 0.541083 51.5212 22 147893006 1010 1 1 0.360608 0.360608 3 
-900.423 -1507 -50 -0.0506704 -0.111369 0.999274 51.3631 22 147915764 1001 1 1 0.0395632 0.0395632 2 
-1656.64 -371.538 -50 -0.0887931 -0.0302608 0.726549 51.7923 22 148053846 1001 1 1 0.62277 0.62277 6 
1218.42 1734.45 -50 0.0542305 0.0866104 0.77511 51.5214 22 148060781 1001 1 1 0.580805 0.580805 2 
1509.28 -1396.53 -50 0.0147077 -0.0167699 0.0603744 55.0136 22 148186117 1005 1004 1 0.064334 0.064334 5 
-468.163 936.375 -50 -0.0146132 0.0259454 0.477346 51.059 22 148540436 1017 1 1 0.136997 0.136997 3 
699.706 1292.86 -50 0.0266431 0.0713805 0.654988 51.3691 22 148572970 1001 1 1 0 0 1 
-439.452 1106.71 -50 -0.0291089 0.0406434 0.762212 52.921 22 148583295 1001 1 1 0.205043 0.205043 2 
-1649.67 -497.976 -50 -0.00859771 0.0150365 0.146568 52.4769 22 148712912 1006 1002 1 0.0813128 0.0813128 5 
460.171 1700.08 -50 0.0282761 0.191607 0.92432 52.4738 22 148838075 1001 1 1 0 0 1 
1264.84 1886.68 -50 0.169493 0.107473 0.548785 54.2689 22 148856603 1001 1 1 0.261712 0.261712 3 
1514.75 -1065.37 -50 0.0337532 -0.0251276 0.283608 52.0186 22 148892204 1001 1 1 0.0640285 0.0640285 2 
-274.586 -914.896 -50 -0.00331797 0.00207009 0.0397124 52.6945 22 148893354 1007 1 1 0.0398611 0.0398611 6 
-35.9029 -824.274 -50 -0.00261062 -0.0550783 0.764538 51.5381 22 149029733 1001 1 1 0.554165 0.554165 2 
849.631 -897.974 -50 0.0561399 -0.056748 1.17214 51.3485 22 149036609 1001 1 1 1.03116 1.03116 4 
1277.12 -1146.12 -50 0.0719473 -0.0612986 0.829264 51.1887 22 149037992 1001 1 1 0.72651 0.72651 10 
-1946.8 67.8026 -50 -0.151826 0.0108264 1.02526 51.626 22 149084836 1001 1 1 0 0 1 
-1743.94 -828.61 -50 -0.0733733 -0.0493915 0.681705 51.7821 22 149194665 1001 1 1 0.551053 0.551053 3 
300.805 -1784.97 -50 0.0132988 -0.078185 0.624508 51.4246 22 149535636 1001 1 1 0 0 1 
-1996.02 -449.872 -50 -0.139449 0.04154 0.50182 53.2728 22 149707895 1001 1 1 0.251819 0.251819 5 
-270.248 1641.23 -50 -0.032335 0.146546 1.30605 51.2834 22 149716416 1001 1 1 0.571676 0.571676 3 
-1146.21 -894.948 -50 -0.0547808 -0.0541117 0.698533 51.5855 22 149782472 1001 1 1 0 0 1 
-1449.28 -1111.83 -50 -0.110223 -0.0869234 1.0156 51.727 22 149829775 1001 1 1 0 0 1 
-1518.65 -645.355 -50 -0.0516155 -0.0196258 0.602873 51.7943 22 149837191 1001 1 1 0 0 1 
-147.538 29.4277 -50 -0.026211 0.00969659 0.986422 51.2287 22 149864654 1011 1 1 0.694408 0.694408 3 
-1148.25 -1059.17 -50 -0.108352 -0.100355 1.4112 51.1616 22 150089426 1001 1 1 1.1966 1.1966 4 
537.069 632.093 -50 0.106004 -0.000189881 0.971698 52.4165 22 150113132 1001 1 1 0 0 1 
591.472 -300.325 -50 0.00602677 -0.00203775 0.233455 51.0824 22 150120570 1064 1029 1 0.197979 0.197979 11 
1058.92 868.867 -50 0.154909 0.120255 1.88777 51.3587 22 150170728 1001 1 1 0 0 1 
478.174 1030.19 -50 0.0408103 0.116765 1.35168 51.4695 22 150391007 1001 1 1 0.953827 0.953827 5 
1017.7 -1441.12 -50 0.0426057 -0.049503 0.555279 51.5735 22 150483747 1001 1 1 0 0 1 
1349.02 1317.92 -50 0.0854305 0.0796543 0.925377 51.1406 22 150492415 1001 1 1 0 0 1 
-875.22 158.517 -50 -0.0431351 0.00660713 0.690595 51.0973 22 150846902 1001 1 1 0 0 1 
-520.896 -1024.14 -50 -0.0328223 -0.0734377 1.04075 50.979 22 150898687 1001 1 1 0.050524 0.050524 2 
-392.9 -1350.26 -50 -0.0101139 -0.0724605 0.849134 51.4492 22 150928952 1008 1 1 0.649617 0.649617 3 
-1519.32 -966.499 -50 -0.109023 -0.061465 0.957056 52.04 22 150957151 1001 1 1 0 0 1 
1507.97 1171.21 -50 0.0626446 0.0313467 0.539408 52.1248 22 151067651 1001 1 1 0.483852 0.483852 10 
-397.044 650.8 -50 -0.0219415 0.0339615 0.794822 51.0799 22 151199349 1039 1 1 0.55841 0.55841 2 
-799.042 1086.03 -50 -0.0911148 0.128664 1.74525 51.2228 22 151342985 1001 1 1 0 0 1 
105.026 1359.44 -50 0.00945654 0.123954 1.38244 51.307 22 151666465 1001 1 1 0.0166078 0.0166078 2 
-120.924 1043.94 -50 0.0542526 0.0203096 0.390897 53.5023 22 151753455 1001 1 1 0 0 1 
-825.392 -1960.2 -50 -0.0196896 -0.0383258 0.609423 52.1964 22 151808574 1001 1 1 0.260903 0.260903 2 
175.129 1520.04 -50 0.00426546 0.0935947 0.784284 51.7158 22 151893682 1001 1 1 0.662343 0.662343 6 
-78.3129 -1102.99 -50 -0.0140827 -0.0584165 0.87158 51.3118 22 152011731 1001 1 1 0.873606 0.873606 11 
1343.99 -159.188 -50 0.0348882 0.0384312 0.81591 52.2043 22 152084529 1012 1 1 0 0 1 
477.861 1920.85 -50 0.23421 0.258283 1.24782 52.6536 22 152177745 1001 1 1 0.833292 0.833292 2 
1634.62 -72.0337 -50 0.0471738 -0.0121632 0.170724 53.3085 22 152204038 1001 1 1 0 0 1 
-1805.24 -376.379 -50 -0.106427 -0.00751965 0.786118 51.7079 22 152235996 1001 1 1 0 0 1 
-1953.66 -1386.9 -50 -0.139434 -0.104436 1.04387 51.4674 22 152270488 1004 1 1 0 0 1 
-1767.73 1710.55 -50 -0.174403 0.0856799 0.480438 55.0794 22 152351786 1001 1 1 0 0 1 
-49.5063 478.211 -50 -0.00982148 0.0176875 0.492197 51.2542 22 152381032 1001 1 1 0.437617 0.437617 11 
-1104.93 1546.92 -50 -0.0806023 0.125451 1.07826 52.0817 22 152396901 1001 1 1 0 0 1 
-84.4909 -1533.79 -50 0.146046 -0.0822697 0.919187 52.4504 22 152625233 1001 1 1 0 0 1 
1179.34 1029.45 -50 -0.0111334 0.066218 0.70594 51.8229 22 152665681 1001 1 1 0.559572 0.559572 3 
-1098.93 -397.746 -50 -0.104171 -0.0433622 1.6778 51.1639 22 153015658 1001 1 1 0 0 1 
275.222 -1388.67 -50 0.011097 -0.0570502 0.594161 51.1538 22 153040394 1001 1 1 0 0 1 
-430.751 1912.68 -50 -0.0259819 0.0983273 0.781543 51.3545 22 153084833 1001 1 1 0.586415 0.586415 4 
-1858.58 1225.76 -50 -0.219878 0.205534 0.927328 53.1193 22 153116141 1001 1 1 0.274929 0.274929 2 
180.63 -1916 -50 0.0270216 -0.145744 1.24788 51.4918 22 153209076 1001 1 1 0 0 1 
-1619.7 203.377 -50 -0.194613 0.127192 0.82031 52.9484 22 153300931 1001 1 1 0 0 1 
771.2 -1299.07 -50 0.0584529 -0.106649 1.13173 51.0986 22 153343236 1001 1 1 0.861115 0.861115 3 
-659.499 1313.3 -50 -0.0229441 0.059955 0.637836 51.3431 22 153376635 1001 1 1 0 0 1 
-970.314 1139.75 -50 -0.0327121 0.0311378 0.468616 51.3484 22 153422669 1001 1 1 0.359881 0.359881 7 
-1033.9 27.1893 -50 -0.0707315 -0.00450611 0.973378 51.1494 22 153485661 1001 1 1 0.505026 0.505026 2 
1366.27 -728.68 -50 0.0618702 -0.0176153 0.201501 53.8998 22 153532004 1001 1 1 0 0 1 
851.837 -974.455 -50 0.0297369 -0.0343026 0.613766 53.3708 22 153645205 1001 1 1 0 0 1 
1912.03 -1870.03 -50 0.14977 -0.134327 1.02696 52.2985 22 153670997 1001 1 1 0.0766149 0.0766149 2 
-1092.15 -523.514 -50 0.0240462 -0.115445 0.635831 53.1886 22 153870167 1001 1 1 0 0 1 
342.126 -1053.64 -50 0.0382591 -0.123733 1.59351 50.9535 22 154263222 1001 1 1 1.1067 1.1067 4 
1658.68 385.486 -50 0.0709107 0.0133509 0.757697 51.936 22 154277543 1001 1 1 0 0 1 
1289.06 1637.97 -50 0.0509388 0.0685892 0.626671 51.4979 22 154697861 1001 1 1 0 0 1 
-380.665 707.682 -50 -0.0416705 -0.0583308 0.858176 52.425 22 154705530 1001 1 1 0.109042 0.109042 2 
-1507.63 -712.131 -50 -0.0562302 -0.0351484 0.541559 51.5346 22 154871186 1001 1 1 0 0 1 
176.135 16.4256 -50 0.0351861 0.018996 1.2423 51.6073 22 154930440 1001 1 1 1.16654 1.16654 7 
1709.27 1455.45 -50 0.208345 0.16067 1.7367 51.4758 22 154950599 1001 1 1 0 0 1 
-1280.04 1099.74 -50 -0.0953275 0.0887442 1.09733 51.3758 22 155091559 1001 1 1 0.427575 0.427575 19 
1063.32 1307.76 -50 0.0405269 0.0531866 0.520779 54.3901 22 155108713 1001 1 1 0.316698 0.316698 5 
216.83 -1689.26 -50 -0.00276558 -0.0864962 0.664824 51.834 22 155178470 1001 1 1 0 0 1 
1473.53 942.993 -50 0.00949991 0.0616123 0.28646 52.8727 22 155249254 1001 1 1 0 0 1 
-790.865 384.705 -50 -0.0325981 0.00761529 0.609005 51.2063 22 155279179 1001 1 1 0 0 1 
84.1367 1904.31 -50 -0.00339264 0.08452 0.65477 51.5648 22 155325234 1001 1 1 0.519012 0.519012 5 
-398.573 -163.423 -50 -0.0268765 -0.0124515 0.785831 50.8939 22 155497605 1013 1 1 0.597282 0.597282 5 
129.375 -457.281 -50 0.0058548 -0.0107469 0.581795 51.2448 22 155541465 1001 1 1 0.0771126 0.0771126 2 
-1211.67 -55.8261 -50 -0.043053 0.00254516 0.559526 52.5155 22 155545056 1001 1 1 0.350723 0.350723 2 
-574.798 -1149.52 -50 -0.0283231 -0.0354122 0.512541 51.4063 22 155777929 1007 1 1 0.132511 0.132511 2 
-897.128 515.699 -50 -0.0514637 0.0331003 0.998724 51.1757 22 155793343 1001 1 1 0.848899 0.848899 8 
-741.643 29.8364 -50 -0.0975878 -0.0174509 1.83836 51.0919 22 155919740 1001 1 1 1.35919 1.35919 4 
97.3399 -354.034 -50 0.0944588 0.109632 0.774699 53.3408 22 156090736 1001 1 1 0 0 1 
1345.58 205.94 -50 0.114757 0.0250048 1.41603 51.332 22 156174156 1001 1 1 0.202983 0.202983 2 
1341.11 1938.37 -50 0.126491 0.172652 1.36147 51.6337 22 156183619 1001 1 1 0.687062 0.687062 3 
-526.649 -818.379 -50 -0.0360999 -0.00836519 0.151457 54.6049 22 156234843 1001 1 1 0.0620995 0.0620995 3 
-551.783 12.6133 -50 -0.0783626 0.0264094 1.51662 51.5734 22 156619167 1001 1 1 0 0 1 
-509.082 1125.7 -50 -0.0391588 0.043279 0.77178 51.6041 22 156763567 1001 1 1 0.0674247 0.0674247 2 
774.896 1838.8 -50 0.0509971 0.106338 0.809002 51.572 22 156818865 1001 1 1 0.38436 0.38436 3 
805.922 -1362 -50 0.0437864 -0.0746286 0.799057 51.2457 22 156832487 1001 1 1 0 0 1 
886.072 -609.265 -50 0.0525813 -0.0515729 0.898978 51.8176 22 156909335 1001 1 1 0 0 1 
1275.78 1359.79 -50 0.116138 0.112255 1.17649 51.5953 22 157025169 1001 1 1 0.235959 0.235959 2 
-1220.9 -1628.85 -50 -0.0820286 -0.125516 1.14063 51.5482 22 157062883 1001 1 1 0.685547 0.685547 2 
-593.355 1332.69 -50 -0.0284987 0.048425 0.578217 51.3846 22 157090056 1001 1 1 0.392907 0.392907 2 
-1878.14 821.813 -50 -0.134411 0.0227947 0.427629 52.9567 22 157128735 1001 1 1 0.356009 0.356009 7 
1260.93 -1906.32 -50 0.105922 -0.153566 1.20193 51.3933 22 157212741 1001 1 1 0.58353 0.58353 2 
-352.633 -1779.16 -50 -0.0263484 -0.099984 0.830076 51.5036 22 157217913 1001 1 1 0.406584 0.406584 3 
-1926.96 496.536 -50 -0.100591 0.0274829 0.645545 52.344 22 157237049 1001 1 1 0.341328 0.341328 3 
1763.27 -1301.8 -50 0.113799 -0.0818131 0.959334 51.5 22 157321746 1001 1 1 0 0 1 
-30.6857 -348.551 -50 0.00528612 -0.013966 0.666364 51.0292 22 157340694 1001 1 1 0.362752 0.362752 3 
484.224 811.18 -50 0.0296146 0.0599514 1.05825 51.1392 22 157390309 1012 1 1 0 0 1 
1971.52 -741.894 -50 0.15454 -0.042888 0.422522 54.1687 22 157430267 1001 1 1 0 0 1 
-1206.63 530.58 -50 -0.0801342 0.0276611 0.93755 51.2008 22 157735016 1001 1 1 0 0 1 
791.763 -1919.46 -50 0.102964 -0.111405 0.650241 52.1182 22 157744964 1001 1 1 0 0 1 
-1281.17 818.561 -50 -0.172267 0.107315 2.01622 51.1465 22 157860631 1001 1 1 0.576501 0.576501 2 
-1776.54 1973.05 -50 -0.124879 0.118195 0.778023 51.6373 22 158067699 1001 1 1 0 0 1 
-1039.52 -678.525 -50 -0.0480283 -0.0490011 0.795977 52.1176 22 158158047 1001 1 1 0.620324 0.620324 3 
152.285 -1829.69 -50 -0.00598825 -0.0764593 0.662339 51.7083 22 158284996 1001 1 1 0.480191 0.480191 2 
-949.868 -1930.98 -50 -0.106275 -0.193529 1.31205 52.3817 22 158322741 1001 1 1 0 0 1 
-1984.69 -1690.2 -50 -0.193233 -0.148684 1.34398 51.8067 22 158423219 1001 1 1 0 0 1 
998.111 1970.94 -50 0.0843798 0.13308 1.06844 51.7783 22 158433197 1001 1 1 0 0 1 
-1665.88 -573.76 -50 -0.126504 -0.0484292 1.30891 51.4965 22 158610223 1001 1 1 1.02058 1.02058 3 
-64.6675 -830.202 -50 0.0136694 -0.0734512 1.12327 51.4596 22 158632152 1001 1 1 0 0 1 
1007.72 1735.53 -50 0.122465 0.159418 1.53453 51.6855 22 158645515 1001 1 1 1.19687 1.19687 4 
-1740.77 663.145 -50 -0.11401 0.05425 0.899565 52.6087 22 158664088 1001 1 1 0 0 1 
212.6 -283.295 -50 -0.0032608 -0.017901 0.53908 54.3038 22 158697622 1001 1 1 0 0 1 
-1310.43 -557.419 -50 0.0051914 -0.108 0.836413 52.8937 22 158704593 1001 1 1 0.246633 0.246633 2 
-477.695 -1371.78 -50 -0.0481547 -0.127848 1.28149 51.2202 22 158744490 1001 1 1 0 0 1 
1661.62 127.767 -50 0.0740901 0.0105953 0.57524 51.7813 22 158805438 1001 1 1 0.387211 0.387211 2 
687.388 -860.753 -50 0.036371 -0.0596399 0.800774 51.5988 22 158884979 1001 1 1 0.603095 0.603095 2 
1923.44 1442.9 -50 0.115561 0.0766585 0.792288 52.197 22 158915414 1012 1 1 0 0 1 
1411.64 -5.66909 -50 0.0986532 -0.00905051 0.838186 51.9214 22 159005782 1001 1 1 0.0151569 0.0151569 2 
-1462.26 -1410.63 -50 -0.023093 -0.0567491 0.414345 52.618 22 159113099 1001 1 1 0.0869978 0.0869978 3 
-338.896 853.271 -50 -0.0218151 0.061773 1.44364 51.3025 22 159414232 1001 1 1 1.3087 1.3087 4 
1552.19 -727.053 -50 0.0861228 -0.0395007 0.707597 53.5328 22 159425793 1001 1 1 0 0 1 
-79.0556 -1549.25 -50 0.00832014 -0.076794 0.749461 51.7626 22 159492884 1001 1 1 0 0 1 
1088.71 -616.352 -50 0.0833062 -0.0430452 0.372926 52.8484 22 159506123 1040 1 1 0.110653 0.110653 2 
1577.97 560.69 -50 0.132062 -0.000548378 0.823446 52.748 22 159516035 1001 1 1 0.747826 0.747826 8 
-1582.32 1752.31 -50 -0.136155 0.13069 1.10316 52.0194 22 159660532 1001 1 1 0.563858 0.563858 2 
794.561 487.291 -50 0.0214422 0.0120885 0.432942 50.8931 22 159721937 1009 1 1 0.120857 0.120857 2 
609.256 -748.397 -50 0.0431942 0.0157465 0.19173 54.4671 22 159777499 1017 1 1 0.0781891 0.0781891 2 
-1312.35 -1120.73 -50 -0.151632 -0.134052 1.56384 51.5011 22 159881766 1001 1 1 0.344194 0.344194 2 
264.975 1293.93 -50 0.0246493 0.0734274 0.846943 51.0937 22 159958638 1001 1 1 0.627569 0.627569 3 
-696.469 -1493.21 -50 -0.0361446 -0.0856346 0.826326 51.2565 22 159968013 1012 1 1 0.220172 0.220172 3 
-1690.5 -1892.57 -50 -0.149263 -0.125825 0.909735 51.8869 22 160068887 1001 1 1 0.0488181 0.0488181 2 
1640.47 -661.994 -50 0.0949899 -0.0393849 0.854393 51.3347 22 160092076 1026 1 1 0 0 1 
-602.561 1295.58 -50 0.0601123 -0.0360216 0.514358 53.4897 22 160141695 1001 1 1 0 0 1 
-1125.94 -811.075 -50 -0.11738 -0.0943656 1.50646 51.1665 22 160162587 1001 1 1 0 0 1 
-437.46 -330.291 -50 -0.0901128 -0.0438978 0.391967 53.923 22 160218798 1001 1 1 0.204256 0.204256 3 
1809.46 -1301.83 -50 0.137227 -0.110839 1.1712 51.5713 22 160277241 1001 1 1 0 0 1 
-278.759 -482.682 -50 -0.0135837 -0.020475 0.524904 50.786 22 160409488 1015 1 1 0 0 1 
-1652.53 1086.38 -50 -0.0939498 0.199459 0.694818 54.4887 22 160563415 1001 1 1 0 0 1 
543.579 1588.31 -50 0.0400571 0.0959024 0.809527 51.9832 22 160648006 1001 1 1 0 0 1 
1732.48 1673.85 -50 0.175618 0.17761 1.72167 51.9418 22 160667820 1001 1 1 1.43668 1.43668 3 
-444.931 -829.167 -50 -0.0156288 -0.0361509 0.622651 50.9276 22 160764495 1001 1 1 0.371629 0.371629 2 
-1243.07 -772.529 -50 -0.0647345 -0.0499271 0.803089 51.237 22 160899035 1001 1 1 0.589034 0.589034 3 
36.5948 1789.99 -50 -0.00865898 0.0634163 0.551151 51.6583 22 160919281 1001 1 1 0 0 1 
-15.9414 -1654.82 -50 -0.00417856 -0.104052 0.993228 51.3052 22 160957175 1001 1 1 0.214525 0.214525 2 
-1353.85 1598.05 -50 -0.0811373 0.0913705 0.872367 51.328 22 161000315 1001 1 1 0.366286 0.366286 3 
-1456.54 1516.11 -50 -0.134789 0.133817 1.38188 51.3416 22 161145629 1001 1 1 0.210165 0.210165 3 
1592.79 99.1328 -50 0.177442 0.0142406 1.73013 51.1782 22 161242474 1001 1 1 1.11647 1.11647 2 
-22.6941 789.523 -50 -0.0121544 0.103982 1.48946 51.3005 22 161277628 1001 1 1 0.0815491 0.0815491 2 
726.483 465.357 -50 0.047589 0.0261888 0.74885 51.376 22 161284071 1001 1 1 0 0 1 
603.941 -1827.57 -50 0.0211223 -0.0663545 0.566277 51.227 22 161346782 1001 1 1 0.20636 0.20636 2 
-299.857 -1471.05 -50 -0.0169903 -0.06284 0.593603 51.1916 22 161368234 1001 1 1 0 0 1 
-94.2925 -705.198 -50 -0.00139934 -0.0432828 0.802059 50.9868 22 161373572 1001 1 1 0.735224 0.735224 7 
-203.588 589.272 -50 -0.0222287 0.064193 1.46137 51.0551 22 161422064 1001 1 1 0.18634 0.18634 2 
-1673.21 1683.55 -50 -0.0226313 -0.0022849 0.116011 53.4708 22 161422896 1001 1 1 0 0 1 
-1130.75 -1439.02 -50 -0.0383633 -0.0399632 0.222673 52.1809 22 161526965 1001 1 1 0.229414 0.229414 11 
1479.6 467.476 -50 0.122301 0.0390632 1.24832 51.0758 22 161538297 1001 1 1 0 0 1 
-881.057 -1172.08 -50 -0.0255506 -0.0345492 0.602682 53.0881 22 161710387 1001 1 1 0.211055 0.211055 2 
-695.857 1128.68 -50 -0.0248161 0.0553411 0.738692 51.2153 22 161741771 1009 1 1 0 0 1 
-1098.69 -955.416 -50 -0.0279958 -0.0964431 0.449953 52.754 22 161750729 1001 1 1 0 0 1 
1187.33 -788.356 -50 0.126593 -0.089017 1.60961 51.1725 22 161905318 1001 1 1 1.39881 1.39881 4 
1796.6 1417.09 -50 0.208454 0.1551 1.85507 51.6625 22 161973689 1001 1 1 0 0 1 
-465.338 -1638.24 -50 -0.035285 -0.0888089 0.741274 53.2947 22 162044073 1001 1 1 0.457447 0.457447 3 
371.938 481.816 -50 0.014815 0.0175738 0.762769 50.9993 22 162086791 1001 1 1 0 0 1 
1525.13 1123.68 -50 0.0452547 0.0280101 0.432592 51.7129 22 162145370 1001 1 1 0.203699 0.203699 3 
1567.02 -1120.83 -50 0.0663904 -0.0533225 0.650609 53.1231 22 162196707 1037 1 1 0.527049 0.527049 5 
401.929 87.5641 -50 0.0075394 -0.00209859 0.47304 51.9596 22 162203760 1001 1 1 0 0 1 
-1568.74 -1462.58 -50 -0.127474 -0.112057 1.19057 51.3826 22 162274437 1001 1 1 0 0 1 
1242.53 1174.74 -50 0.0566945 0.0532555 0.693078 51.1734 22 162351721 1001 1 1 0.247364 0.247364 2 
-126.039 -63.2472 -50 0.000499826 0.0044435 0.417953 51.2801 22 162355538 1001 1 1 0.148683 0.148683 2 
-149.502 -55.2107 -50 -0.00566997 -0.0137248 0.847639 51.0888 22 162553067 1001 1 1 0.181468 0.181468 2 
286.126 1588.01 -50 0.0117595 0.0729918 0.67115 51.0661 22 162562140 1001 1 1 0 0 1 
-1770.53 1307.73 -50 -0.145965 0.107948 1.04719 52.0302 22 162639842 1001 1 1 0.866006 0.866006 3 
-880.759 -49.2757 -50 -0.0275864 0.00709598 0.563578 51.5691 22 162704871 1010 1 1 0 0 1 
-81.6302 1965.46 -50 -0.00199803 0.185091 1.58284 51.5007 22 162897714 1001 1 1 0 0 1 
1108.35 -1161.02 -50 0.0361107 -0.0437587 0.580939 51.4646 22 163016656 1032 1 1 0 0 1 
-658.838 -1835.68 -50 -0.056515 -0.145179 1.13844 51.5001 22 163122923 1001 1 1 0.904719 0.904719 3 
169.996 1689.5 -50 0.00406421 0.0495984 0.37611 51.7015 22 163214883 1001 1 1 0.300356 0.300356 8 
-241.157 -972.421 -50 -0.0153646 -0.0663754 1.10381 50.9794 22 163357856 1001 1 1 1.05377 1.05377 8 
176.958 365.339 -50 -0.00289457 0.0288955 0.716073 52.6544 22 163637680 1001 1 1 0.338 0.338 2 
-566.411 879.014 -50 -0.0561539 0.0815641 1.49862 51.095 22 163836822 1001 1 1 1.33914 1.33914 3 
1441.02 -1753.3 -50 0.0971068 -0.130886 1.10698 51.493 22 163840836 1001 1 1 0 0 1 
636.716 -807.227 -50 0.0104834 -0.0180399 0.0735893 54.5435 22 163871387 1003 1002 1 0 0 1 
280.785 1959.79 -50 0.0236701 0.141726 1.03399 51.477 22 164027459 1001 1 1 0 0 1 
-1912.05 1085.3 -50 -0.0896125 0.0564578 0.736853 51.5906 22 164121027 1001 1 1 0.54917 0.54917 2 
1403.04 -970.165 -50 0.0582089 -0.0442763 0.578507 51.3491 22 164272314 1001 1 1 0 0 1 
1116.27 -507.605 -50 0.0921041 -0.0375655 1.38993 51.0874 22 164467075 1001 1 1 0.342048 0.342048 2 
-633.548 -1013.66 -50 -0.0602273 -0.118532 1.56051 51.4237 22 164490565 1001 1 1 1.45545 1.45545 5 
-277.395 -518.486 -50 -0.0182678 -0.0607837 1.1759 51.3536 22 164550473 1001 1 1 0 0 1 
636.772 736.9 -50 0.0718515 0.0764449 1.15433 51.6606 22 164569552 1036 1 1 0 0 1 
678.962 -1860.77 -50 0.105039 -0.102645 0.829386 51.9906 22 164749635 1001 1 1 0 0 1 
-1409.14 1259.06 -50 -0.157242 0.152927 1.58223 51.5548 22 164807136 1001 1 1 0 0 1 
-804.319 -1195.63 -50 -0.0420297 -0.0191529 0.224181 52.6093 22 164823405 1001 1 1 0 0 1 
-1751.4 1791.54 -50 -0.111466 0.0982645 0.829478 52.3818 22 164913943 1001 1 1 0.617563 0.617563 3 
1716.76 920.26 -50 0.192332 0.0966906 1.64543 51.3326 22 164989456 1001 1 1 0 0 1 
-607.923 714.724 -50 -0.0239609 0.0256085 0.53881 51.0396 22 165013350 1001 1 1 0.539892 0.539892 13 
-270.711 1180.5 -50 0.130753 0.0555728 1.07073 51.9842 22 165022157 1001 1 1 0 0 1 
-1383.98 1297.26 -50 -0.128631 0.150908 1.53411 51.5285 22 165090017 1001 1 1 0.331095 0.331095 2 
1882.02 -870.124 -50 0.152704 -0.0672522 1.08268 51.6921 22 165122928 1001 1 1 0.916865 0.916865 3 
547.429 541.895 -50 0.054603 0.0633759 1.48945 50.9965 22 165126316 1001 1 1 0.975021 0.975021 3 
924.026 93.1866 -50 0.0930665 0.00720576 1.17614 51.2717 22 165227354 1001 1 1 0 0 1 
994.232 1544.93 -50 0.0441044 0.0684483 0.770207 52.9559 22 165241420 1001 1 1 0.299551 0.299551 2 
639.144 -301.045 -50 -0.0397871 0.00205582 0.790202 51.5917 22 165296608 1001 1 1 0.4093 0.4093 2 
-100.583 876.892 -50 -0.00727404 0.0331965 0.630468 51.0664 22 165333841 1001 1 1 0.556361 0.556361 7 
-279.527 1400.85 -50 -0.0152672 0.075642 0.802481 51.1923 22 165365615 1001 1 1 0 0 1 
-378.76 -1456.57 -50 -0.021163 -0.150124 1.31561 51.6633 22 165376645 1001 1 1 1.14892 1.14892 4 
-697.152 -1128.7 -50 -0.0621432 -0.115167 1.24131 51.6356 22 165512069 1001 1 1 0 0 1 
-478.766 -1644.42 -50 -0.0202918 -0.0972243 0.835073 51.8294 22 165571209 1001 1 1 0.55253 0.55253 5 
-925.151 -625.385 -50 -0.0282788 -0.0219353 0.696538 52.5139 22 165579166 1001 1 1 0.495742 0.495742 2 
589.555 -1697.9 -50 0.0728707 -0.226618 1.82614 51.4556 22 165579660 1001 1 1 1.71469 1.71469 5 
-984.973 -497.525 -50 -0.0353226 -0.0299066 0.602291 53.3961 22 165585919 1001 1 1 0 0 1 
1032.68 -172.541 -50 0.0554028 -0.0112033 0.870636 51.0475 22 165745426 1001 1 1 0.198304 0.198304 2 
-753.501 891.135 -50 -0.0511421 0.0709555 1.03719 51.186 22 165788353 1001 1 1 0 0 1 
-636.647 488.419 -50 -0.0317292 0.0196013 0.669015 51.0143 22 165790094 1001 1 1 0.597027 0.597027 6 
1334.86 -1982.12 -50 0.17346 -0.025392 1.09468 52.8473 22 165887403 1001 1 1 0 0 1 
1192.25 -1615.43 -50 0.10501 -0.11335 1.1963 51.6288 22 166054837 1001 1 1 0 0 1 
-1643.83 1005.43 -50 -0.152626 0.0855282 1.43483 51.4777 22 166156369 1001 1 1 0 0 1 
993.973 1669.59 -50 0.0707261 0.142176 0.695973 52.0596 22 166242856 1024 1 1 0 0 1 
-1639.88 -1975.7 -50 -0.0783361 -0.0764745 0.626443 53.1574 22 166290104 1001 1 1 0 0 1 
1093.52 98.1457 -50 0.0584436 -0.00202552 1.01159 53.2367 22 166324285 1001 1 1 0.902785 0.902785 5 
193.474 651.954 -50 0.0402725 0.0618551 1.35758 51.4143 22 166332065 1001 1 1 0 0 1 
1297.87 -152.997 -50 0.0793265 -0.0245902 0.938129 53.2447 22 166361635 1001 1 1 0 0 1 
1165.34 -1306.52 -50 0.0709889 -0.0707626 0.897591 51.1668 22 166458317 1001 1 1 0 0 1 
534.22 604.859 -50 0.0434754 0.117852 0.494372 53.1432 22 166825020 1001 1 1 0 0 1 
484.707 92.3164 -50 0.02088 -0.00203391 0.873861 51.0284 22 166917494 1008 1 1 0.328186 0.328186 3 
-1718.17 1640.12 -50 -0.263614 0.151212 1.36104 51.9012 22 166949055 1001 1 1 0 0 1 
-297.48 -743.779 -50 -0.0312379 -0.0473027 0.974752 51.1872 22 166949555 1001 1 1 0 0 1 
1278.81 1783.57 -50 0.0540584 0.0911778 0.704485 51.5974 22 167038929 1001 1 1 0 0 1 
1637.57 -264.659 -50 0.0737692 -0.00724323 0.59118 53.2302 22 167060177 1001 1 1 0 0 1 
1523.09 1791.48 -50 0.145751 0.18384 1.33188 52.0493 22 167408571 1001 1 1 1.08733 1.08733 3 
-1887.5 613.856 -50 -0.060132 0.0205701 0.414453 52.6705 22 167521860 1001 1 1 0.262112 0.262112 5 
-1086.95 -96.8923 -50 -0.040729 -0.106224 0.990816 51.4277 22 167523342 1001 1 1 0 0 1 
602.32 805.166 -50 0.0433324 0.0479286 0.882018 51.1012 22 167611062 1001 1 1 0 0 1 
-1686.88 -548.777 -50 -0.0639121 -0.0174779 0.509823 51.4129 22 167646482 1001 1 1 0 0 1 
-323.478 670.812 -50 -0.0137868 0.0199873 0.42969 51.1012 22 167679517 1001 1 1 0 0 1 
-382.275 617.375 -50 -0.064074 0.0604121 1.81829 51.062 22 167693217 1001 1 1 0 0 1 
346.605 1383.62 -50 -0.0298525 0.187626 0.72724 52.6536 22 167732323 1001 1 1 0.0635077 0.0635077 2 
-1578.69 1634.17 -50 -0.0771613 0.0901818 0.785065 51.587 22 167842680 1001 1 1 0.0280257 0.0280257 2 
1449.47 -1641.5 -50 0.0619606 -0.0640162 0.597656 51.4035 22 167853122 1010 1 1 0 0 1 
-1529.91 736.729 -50 -0.102127 0.039105 1.02945 51.776 22 167868640 1001 1 1 0 0 1 
-1138.4 1628.31 -50 -0.0668478 0.105719 0.94199 51.3377 22 167872583 1017 1 1 0.462343 0.462343 2 
-613.327 1867.88 -50 -0.0226073 0.0801582 0.619469 51.5131 22 167978123 1001 1 1 0.213499 0.213499 2 
1519.4 1245.92 -50 0.0777681 0.082248 0.891834 51.7229 22 167992396 1007 1 1 0.700394 0.700394 5 
-1568.8 -241.824 -50 -0.104678 -0.00143956 0.850388 51.8913 22 168020483 1001 1 1 0 0 1 
-338.531 994.087 -50 -0.0152322 0.046714 0.576557 51.6849 22 168182084 1001 1 1 0 0 1 
-914.392 -971.914 -50 -0.0604246 0.0124416 0.485944 53.8079 22 168241397 1001 1 1 0 0 1 
1151.02 1471.96 -50 0.0644576 0.071141 0.703797 51.44 22 168526883 1001 1 1 0.46486 0.46486 5 
1718.21 692.04 -50 0.117918 0.0522422 1.05885 51.3923 22 168572664 1001 1 1 0.833076 0.833076 2 
1747.41 -1328.59 -50 0.0286701 -0.0951671 0.759737 52.4788 22 168599266 1001 1 1 0.586374 0.586374 6 
-1652.28 -1515.38 -50 -0.168076 -0.14326 1.43533 51.5356 22 168608612 1001 1 1 1.28062 1.28062 3 
-146.371 199.475 -50 -0.00929948 0.0124882 1.30511 50.8878 22 168610899 1001 1 1 0 0 1 
-1338.61 1191.78 -50 -0.0690294 0.0687727 0.901217 52.3055 22 168616807 1001 1 1 0 0 1 
734.373 85.1622 -50 0.0727389 0.0071203 0.576977 51.2055 22 168761865 1001 1 1 0 0 1 
545.691 1665.46 -50 0.0593426 0.175798 1.371 52.1834 22 168809811 1001 1 1 1.22002 1.22002 5 
1858.9 557.976 -50 0.0840173 0.030742 0.753074 53.1714 22 168846854 1001 1 1 0.607326 0.607326 4 
-592.527 -1860.62 -50 -0.0118199 -0.0639478 0.440995 53.6952 22 168879517 1001 1 1 0.322639 0.322639 5 
100.572 954.047 -50 -0.00653829 0.0545498 0.735084 51.7187 22 168988454 1009 1 1 0.552671 0.552671 3 
-1905.91 1054.05 -50 -0.076985 0.0443189 0.635862 51.7226 22 169037243 1001 1 1 0.454548 0.454548 2 
926.347 980.426 -50 0.0295934 0.031056 0.480366 51.0741 22 169174956 1001 1 1 0.102957 0.102957 2 
-1495.14 1039.79 -50 0.00317636 0.0377881 0.132315 55.076 22 169280786 1001 1 1 0.137613 0.137613 4 
1069.7 1001 -50 -0.0156243 0.0514661 0.195701 54.7081 22 169288609 1001 1 1 0.0296252 0.0296252 3 
-1512.8 1469.66 -50 -0.0607802 0.0818376 0.698218 54.5131 22 169331757 1001 1 1 0.162978 0.162978 2 
512.98 -1144.92 -50 0.0368017 -0.0488523 0.753828 52.1596 22 169344754 1001 1 1 0.542018 0.542018 3 
-1498.81 -1423.98 -50 -0.0496377 -0.039929 0.424501 51.6026 22 169408441 1001 1 1 0.290365 0.290365 3 
-1747.86 -482.84 -50 -0.129208 -0.0337157 1.20886 51.6213 22 169431702 1001 1 1 1.02201 1.02201 4 
-1764.75 -1968.51 -50 -0.151445 -0.165377 1.27382 51.4502 22 169473853 1014 1 1 0 0 1 
-443.1 625.593 -50 -0.0266904 0.0369497 0.713665 51.1692 22 169511060 1001 1 1 0.348707 0.348707 2 
-763.283 145.076 -50 -0.0540496 0.00315957 0.768922 52.1392 22 169536756 1001 1 1 0 0 1 
-740.186 855.669 -50 0.00869434 0.0155748 0.0711177 56.8247 22 169562602 1019 1001 1 0.0732771 0.0732771 7 
1937.22 -1122.34 -50 0.0148283 0.00029468 0.357112 52.3972 22 169784460 1001 1 1 0.297924 0.297924 5 
-986.706 1745.67 -50 -0.045663 0.0994268 0.741184 51.8043 22 170058074 1001 1 1 0.0202251 0.0202251 2 
-93.9779 -1128.67 -50 -0.0035442 -0.053082 0.607493 51.0407 22 170115462 1001 1 1 0.421346 0.421346 2 
-1848.07 18.8472 -50 -0.0635097 0.00345442 0.564637 51.4953 22 170119064 1001 1 1 0.491991 0.491991 6 
885.809 -6.94471 -50 0.0295533 0.00323141 0.574297 53.1437 22 170139050 1001 1 1 0.218056 0.218056 2 
-1675.38 -1379.78 -50 -0.210719 -0.155234 1.92581 51.5072 22 170144610 1001 1 1 1.64775 1.64775 3 
1279.42 1573.3 -50 0.0686318 0.104068 0.933559 51.4559 22 170162134 1001 1 1 0.894065 0.894065 9 
-1371.48 141.171 -50 -0.0797597 0.0157088 0.882484 53.6183 22 170403599 1001 1 1 0 0 1 
667.869 -1653.99 -50 0.123081 0.0212985 0.749123 59.865 11 170415016 1002 1001 1 0.144028 0.144028 1 
1385.48 -944.85 -50 0.102198 -0.0619497 0.929024 51.9322 22 170587935 1001 1 1 0 0 1 
-54.3634 1757.15 -50 -0.0352915 0.199386 1.74791 51.4033 22 170606587 1001 1 1 0.404032 0.404032 2 
-1610.54 -1185.13 -50 -0.0293753 -0.00749485 0.0986107 54.7935 22 170711239 1001 1 1 0 0 1 
-90.7393 -663.437 -50 0.00382942 -0.0372128 0.727687 51.1331 22 170773657 1001 1 1 0 0 1 
-627.692 -1015.96 -50 -0.0120506 -0.0155833 0.135327 51.755 22 170883066 1001 1 1 0.102572 0.102572 10 
-1.06243 -901.999 -50 0.0163529 -0.0892467 1.15104 51.7135 22 170914675 1001 1 1 0 0 1 
1513.52 -1133.24 -50 0.0238659 -0.0391354 0.157837 53.4769 22 170933481 1001 1 1 0.115334 0.115334 9 
-1071.15 1848.2 -50 -0.0876742 0.163367 1.37208 51.366 22 171039197 1001 1 1 0.02614 0.02614 2 
-1810.02 -280.441 -50 -0.0718778 -0.0729592 0.403506 52.9347 22 171230921 1001 1 1 0 0 1 
-209.559 565.555 -50 -0.0155998 0.0258244 0.632441 51.0681 22 171241702 1001 1 1 0.175258 0.175258 4 
-1952.68 829.599 -50 -0.242819 0.0237501 0.651407 54.7222 22 171265787 1001 1 1 0.0546496 0.0546496 2 
1253.14 395.355 -50 0.0727995 0.0351407 0.851713 51.3318 22 171366775 1001 1 1 0 0 1 
-304.974 1182.16 -50 -0.00524879 0.107072 1.11506 51.9798 22 171432363 1001 1 1 0.75757 0.75757 5 
-489.377 613.417 -50 0.0189289 0.0374309 0.51625 51.2334 22 171532277 1001 1 1 0 0 1 
-1247.14 -222.053 -50 -0.121612 -0.0162545 1.36991 50.9192 22 171785176 1001 1 1 0 0 1 
1669.34 -1999.46 -50 0.163897 -0.205584 1.54591 51.5645 22 171932082 1001 1 1 0 0 1 
-1410.65 1632.19 -50 -0.0725261 0.0755836 0.780189 51.5743 22 172010419 1001 1 1 0.613306 0.613306 4 
-619.422 106.98 -50 -0.0165348 0.0794622 0.528463 52.0458 22 172070682 1009 1 1 0.352859 0.352859 3 
-1948.94 -1413.89 -50 -0.209895 -0.167808 1.58894 51.7199 22 172089009 1001 1 1 0 0 1 
-660.709 249.501 -50 -0.0292586 0.0148155 0.6916 52.7476 22 172323362 1001 1 1 0 0 1 
623.495 1503.94 -50 0.0277926 0.0650777 0.622313 51.065 22 172437374 1001 1 1 0.525646 0.525646 7 
-370.967 1554.47 -50 -0.0216682 0.0666671 0.616161 52.0807 22 172475895 1001 1 1 0.420929 0.420929 3 
-371.849 -907.415 -50 0.0768649 -0.118588 0.57428 53.1719 22 172496794 1008 1 1 0 0 1 
-809.792 -1367.67 -50 -0.0332951 -0.0645857 0.806853 51.9338 22 172555486 1001 1 1 0 0 1 
419.769 -619.848 -50 0.0305885 0.0601631 0.752936 52.3712 22 172597184 1001 1 1 0 0 1 
1262.31 85.1925 -50 0.0996311 0.00415132 1.18351 51.0252 22 172647882 1001 1 1 0.97356 0.97356 3 
1169.63 -692.954 -50 0.0529781 -0.0391447 0.724571 51.1574 22 172670049 1001 1 1 0.537138 0.537138 2 
1777.32 -1376.93 -50 0.161913 -0.19816 0.778535 53.202 22 172923427 1001 1 1 0.636636 0.636636 3 
-318.423 1396.27 -50 -0.0277611 0.126721 1.34585 50.8593 22 173172552 1001 1 1 1.16877 1.16877 3 
574.975 -1362.31 -50 0.0538039 -0.115873 1.2257 51.3063 22 173291727 1001 1 1 0 0 1 
-1909.64 1665.53 -50 -0.100295 0.0898767 0.736227 53.736 22 173351395 1001 1 1 0 0 1 
-9.95408 -47.0328 -50 -0.00331405 0.0119829 0.124022 52.4709 22 173366855 1001 1 1 0.0424804 0.0424804 3 
-710.882 669.592 -50 -0.0319535 0.0277032 0.672165 51.0521 22 173573369 1001 1 1 0.546831 0.546831 3 
1266 -512.23 -50 0.0486851 -0.023707 0.492358 51.6199 22 173656181 1001 1 1 0.112062 0.112062 2 
352.03 98.2431 -50 0.0615067 0.00873704 1.53533 51.4996 22 173682240 1039 1 1 0 0 1 
-1914.07 -390.197 -50 -0.0733393 -0.00842617 0.556293 51.3317 22 173879909 1001 1 1 0.458465 0.458465 5 
493.142 -875.181 -50 0.049887 -0.100272 1.59996 51.1036 22 173989183 1001 1 1 0 0 1 
380.99 915.266 -50 0.0256068 0.0577022 1.09015 51.1762 22 174007606 1001 1 1 0 0 1 
1394.79 103.477 -50 0.132828 0.0306764 1.45537 51.4303 22 174074129 1001 1 1 0 0 1 
-1649.86 -215.348 -50 -0.0867273 0.000144737 0.697192 51.9238 22 174110867 1001 1 1 0 0 1 
-1385.27 -1699.89 -50 -0.0682919 -0.0736118 0.627985 52.2486 22 174116742 1001 1 1 0 0 1 
-1234.15 -1961.78 -50 -0.0488182 -0.10184 0.688781 52.536 22 174153475 1001 1 1 0 0 1 
523.186 1212.9 -50 0.139272 0.0441549 0.738041 53.0831 22 174235027 1001 1 1 0 0 1 
1877.45 145.637 -50 0.109119 0.00261027 0.952816 53.0762 22 174322780 1001 1 1 0.687351 0.687351 5 
-69.5209 643.295 -50 0.00792883 0.0329814 0.678566 51.5696 22 174338596 1001 1 1 0.275268 0.275268 3 
1325.23 -1748.46 -50 0.0557818 -0.0926537 0.641187 52.1121 22 174482556 1001 1 1 0.137959 0.137959 3 
1123.98 -663.953 -50 0.0752278 -0.0456341 1.03212 51.1454 22 174534361 1001 1 1 0 0 1 
-959.724 835.446 -50 -0.0482306 0.0651105 0.863426 51.5535 22 174664040 1001 1 1 0 0 1 
363.16 269.978 -50 0.0196141 0.0211192 1.29561 50.901 22 174815540 1001 1 1 0.276359 0.276359 2 
-1421.05 1701.08 -50 -0.101095 0.0930553 0.539805 52.1371 22 174895133 1001 1 1 0.00317389 0.00317389 2 
752.719 344.538 -50 0.0386373 0.0223133 0.633062 51.3541 22 174933383 1001 1 1 0 0 1 
1859.32 1475.43 -50 0.0919071 0.0697083 0.679016 51.5018 22 174940234 1001 1 1 0 0 1 
1826.41 330.368 -50 0.223426 0.0833082 0.90015 53.3883 22 174970499 1001 1 1 0 0 1 
-562.508 -1195.26 -50 -0.0335237 0.00789529 0.316955 54.2138 22 175104636 1001 1 1 0.206001 0.206001 4 
1811.02 728.381 -50 0.0804853 0.0349418 0.673354 51.2673 22 175149009 1001 1 1 0.341606 0.341606 3 
-658.679 827.945 -50 -0.0300629 0.033748 0.851996 53.0385 22 175216880 1001 1 1 0.588992 0.588992 2 
532.49 -1040.8 -50 0.000940787 -0.00284693 0.0879428 51.7005 22 175304276 1001 1 1 0.0879505 0.0879505 9 
-1915.1 -1678.84 -50 -0.0813553 -0.0656816 0.559149 52.2719 22 175324802 1001 1 1 0.354659 0.354659 4 
-1559.36 437.763 -50 -0.0764826 0.0171158 0.688526 52.8783 22 175334770 1001 1 1 0 0 1 
474.673 51.2757 -50 0.0182742 0.00718017 0.783011 50.9523 22 175580821 1001 1 1 0 0 1 
435.046 1792.28 -50 0.0631981 0.0382648 0.742368 52.6038 22 175746954 1001 1 1 0 0 1 
-854.854 518.466 -50 -0.0889989 0.0582783 1.38166 51.1865 22 175777602 1001 1 1 0 0 1 
1273.84 1004.32 -50 0.124871 0.108048 1.57568 51.1293 22 175903003 1001 1 1 0.30117 0.30117 2 
-1309.92 -1468.93 -50 -0.0594762 -0.0864195 0.770622 51.6749 22 175925717 1001 1 1 0.680082 0.680082 6 
-1276.79 -1231.26 -50 -0.119487 -0.131711 1.55192 51.2491 22 175989097 1001 1 1 0 0 1 
488.319 -1684.39 -50 0.0261795 -0.102025 0.78994 51.7595 22 176185339 1001 1 1 0.640957 0.640957 5 
-224.385 976.532 -50 -0.00451506 0.0399265 0.682743 51.1885 22 176226784 1001 1 1 0.439691 0.439691 2 
-1641.65 614.566 -50 -0.0744284 0.0581896 1.59936 51.7849 22 176333865 1001 1 1 1.45709 1.45709 4 
-355.991 1429.48 -50 -0.0736633 0.031424 0.623447 51.8234 22 176441741 1001 1 1 0.437106 0.437106 2 
1621.38 909.239 -50 0.0915257 0.0477354 0.79585 51.328 22 176556499 1001 1 1 0.760852 0.760852 12 
1770.15 -1354.81 -50 0.114137 -0.11789 1.09505 52.119 22 176576454 1001 1 1 0 0 1 
1065.23 184.024 -50 0.053248 0.00196068 0.607916 52.119 22 176614731 1001 1 1 0.256531 0.256531 3 
1136.39 -1855.19 -50 0.0571869 -0.127849 0.960634 52.5042 22 176786170 1001 1 1 0.911228 0.911228 10 
-1543.28 -850.017 -50 -0.165192 -0.05834 1.37414 52.1078 22 176809416 1001 1 1 0 0 1 
-1806.48 1102.45 -50 -0.175824 0.102616 1.41324 51.4744 22 176947250 1001 1 1 0 0 1 
-1812.42 1982.66 -50 -0.0959708 0.108413 0.828007 53.2446 22 176996293 1001 1 1 0 0 1 
365.261 -879.108 -50 0.021349 -0.0468944 0.657526 51.1862 22 177084639 1001 1 1 0 0 1 
476.703 771.751 -50 0.0678901 0.130417 2.09444 51.0764 22 177089297 1001 1 1 0 0 1 
424.19 -61.0133 -50 0.0280132 -0.00949628 0.621516 51.5269 22 177099430 1001 1 1 0.439325 0.439325 2 
1773.96 -754.521 -50 0.11853 -0.0421118 1.01567 51.3838 22 177272722 1001 1 1 0 0 1 
877.485 533.475 -50 0.042989 0.0272684 1.03805 51.5936 22 177354613 1001 1 1 0.979785 0.979785 10 
-379.774 1115.66 -50 0.000964249 0.00852957 0.163574 51.4398 22 177355104 1001 1 1 0 0 1 
1340.04 -1.56646 -50 0.0519368 -0.169936 1.42214 51.8964 22 177464055 1001 1 1 0.533961 0.533961 4 
-942.897 -374.558 -50 -0.0508104 0.0021812 1.2539 51.4432 22 177539042 1001 1 1 0 0 1 
1058.71 88.8009 -50 0.0695261 0.0130596 1.15129 51.0926 22 177569563 1001 1 1 0 0 1 
-353.59 -763.806 -50 -0.118579 0.0499326 1.17989 51.9594 22 177574969 1001 1 1 0.898756 0.898756 2 
-345.681 315.459 -50 -0.0206886 0.0178332 0.116299 55.0341 22 177586193 1001 1 1 0.0622948 0.0622948 5 
-1647.33 -193.987 -50 -0.140472 -0.0175528 1.29891 51.2542 22 177833738 1001 1 1 0.951842 0.951842 4 
-468.39 1362.04 -50 -0.0147399 0.0729336 0.907945 51.6868 22 177849081 1001 1 1 0.86933 0.86933 12 
1957.98 696.87 -50 0.113064 0.0530482 0.922453 51.4006 22 177858267 1001 1 1 0 0 1 
-1340.44 1387.83 -50 -0.0835043 0.0763343 0.859569 51.4567 22 177872995 1001 1 1 0 0 1 
-1146.74 411.239 -50 -0.0828504 0.0167028 0.882654 51.7728 22 178028507 1001 1 1 0.685971 0.685971 3 
839.24 577.813 -50 0.0582249 0.0260873 0.843842 51.3757 22 178060354 1014 1 1 0 0 1 
-1725.22 289.926 -50 -0.11835 0.0151264 0.732159 51.6006 22 178217889 1001 1 1 0 0 1 
-498.52 213.858 -50 -0.0354311 0.0082572 1.1323 51.0101 22 178234380 1001 1 1 1.03911 1.03911 7 
-50.3684 1975.17 -50 0.0235828 0.237453 1.8002 51.7295 22 178254447 1001 1 1 0 0 1 
448.249 652.554 -50 -0.0328953 0.0897406 0.38805 53.5223 22 178381104 1001 1 1 0.281653 0.281653 5 
-350.598 -379.077 -50 -0.0173674 -0.0289574 0.943703 51.138 22 178476782 1001 1 1 0.346365 0.346365 2 
-1449.85 1279.87 -50 -0.117603 0.10587 1.1876 51.3477 22 178497703 1011 1 1 0 0 1 
-1853.32 -808.256 -50 -0.110572 -0.0420761 0.842521 53.273 22 178547211 1001 1 1 0 0 1 
986.67 -1458.51 -50 0.083588 -0.0973211 1.02159 51.4613 22 178604402 1001 1 1 0.815179 0.815179 3 
-1474.38 -713.31 -50 -0.0791686 -0.0361413 0.725815 51.4484 22 178609222 1001 1 1 0.254949 0.254949 2 
-1104.35 1595.1 -50 -0.0372464 0.0543484 0.575253 51.5757 22 178909087 1001 1 1 0 0 1 
817.924 499.026 -50 0.0304516 0.0199858 0.665762 51.0542 22 179112681 1001 1 1 0 0 1 
241.557 -1687.13 -50 0.0241766 -0.186172 1.59677 51.3134 22 179185565 1001 1 1 1.35735 1.35735 3 
1125.74 835.776 -50 0.0849978 0.0695917 0.958248 52.0649 22 179219622 1001 1 1 0 0 1 
-188.401 1043.6 -50 -0.0339297 0.0895781 1.17816 52.0862 22 179340203 1001 1 1 0 0 1 
122.447 1320.13 -50 0.0185077 -0.00950191 0.460423 51.8423 22 179347034 1001 1 1 0.304375 0.304375 3 
1426.11 683.499 -50 0.0649879 0.0277943 0.743954 53.1789 22 179357659 1001 1 1 0 0 1 
1711.85 -1920.77 -50 0.0972223 -0.0902224 0.740305 52.4387 22 179480208 1001 1 1 0 0 1 
-1196.67 1583.18 -50 -0.0607322 0.113295 0.913885 51.8862 22 179676971 1001 1 1 0.760863 0.760863 3 
-745.792 1990.48 -50 -0.0128805 0.0260249 0.192032 51.769 22 179732687 1029 1028 1 0.0245722 0.0245722 2 
1416.91 1172.32 -50 0.0412942 0.122625 0.788919 53.2626 22 179805449 1001 1 1 0 0 1 
912.476 -1568.04 -50 0.0491084 -0.102109 0.996899 53.1896 22 179805939 1001 1 1 0.884518 0.884518 5 
-653.603 1191.68 -50 -0.0636639 0.126872 1.47146 51.0794 22 179897280 1001 1 1 0.997859 0.997859 3 
-1862.16 -996.74 -50 -0.147807 -0.0660276 1.1285 51.734 22 179958533 1001 1 1 0.900588 0.900588 2 
862.766 1379.57 -50 0.0516856 0.0797561 0.958286 51.2815 22 180125255 1001 1 1 0 0 1 
1136.73 801.287 -50 0.0615899 0.0279273 0.70977 51.465 22 180128686 1001 1 1 0 0 1 
1455.43 1776.7 -50 0.0760133 0.103569 0.804244 51.5625 22 180156364 1001 1 1 0.613988 0.613988 3 
1832.15 -1495.9 -50 0.0837939 -0.0883207 0.760743 52.4203 22 180227333 1001 1 1 0 0 1 
1026.32 1351.43 -50 0.0982514 0.118952 1.28104 51.507 22 180259994 1001 1 1 0.518295 0.518295 2 
-220.454 492.779 -50 -0.0163151 0.0641482 1.28679 51.3084 22 180348522 1001 1 1 0 0 1 
-711.466 227.582 -50 -0.0296264 0.010393 0.606934 51.095 22 180516129 1001 1 1 0 0 1 
-1113.37 -1220.96 -50 -0.0487426 -0.052201 0.63097 54.6234 22 180536318 1001 1 1 0.261248 0.261248 2 
1735.68 1083.23 -50 0.135046 0.075283 1.00468 51.9643 22 180730892 1001 1 1 0 0 1 
-1697.83 -26.0482 -50 -0.152657 0.0183245 1.24254 51.7144 22 180803472 1001 1 1 0 0 1 
-803.953 -1813.74 -50 -0.203376 -0.129611 1.393 54.0218 11 180958303 1002 1001 1 0.992216 0.992216 3 
-576.171 -885.209 -50 -0.0115141 -0.0215071 0.457828 51.3875 22 181067465 1008 1 1 0.280126 0.280126 2 
-1741.05 0.378111 -50 -0.119625 -0.0179417 1.08528 51.8224 22 181286506 1001 1 1 0 0 1 
-1413.69 -532.689 -50 -0.247538 -0.0827707 2.60422 51.2322 22 181330899 1001 1 1 0 0 1 
-1389.98 1074.54 -50 -0.0526717 0.0360083 0.564056 51.3211 22 181357946 1001 1 1 0 0 1 
993.488 348.682 -50 0.0835584 0.0410296 1.13937 52.8276 22 181743269 1001 1 1 0 0 1 
-1761.66 1194.02 -50 -0.0751668 0.0423734 0.578652 52.2234 22 181791170 1001 1 1 0.474775 0.474775 6 
958.109 -1921.37 -50 0.0641769 -0.135354 0.950497 51.7175 22 181830120 1001 1 1 0 0 1 
-974.838 -1411.44 -50 -0.0447725 -0.0548937 0.614728 51.349 22 181898602 1001 1 1 0.200587 0.200587 2 
946.3 1021.16 -50 0.122754 -0.00623104 1.11387 51.5269 22 181903553 1001 1 1 0 0 1 
560.707 752.141 -50 0.0331057 0.0492987 0.922508 51.1308 22 182013408 1001 1 1 0 0 1 
-1170.09 1971.07 -50 -0.0958918 0.172697 1.28935 51.5913 22 182051375 1001 1 1 0 0 1 
1214.69 -1418.69 -50 0.101476 -0.111355 1.238 51.0863 22 182086509 1001 1 1 0 0 1 
849.375 1120.18 -50 0.0516908 -0.00991795 0.575656 51.927 22 182247698 1001 1 1 0 0 1 
454.368 -2.64505 -50 0.0355617 0.0044068 0.754828 51.5012 22 182281957 1001 1 1 0 0 1 
1137.16 -853.557 -50 0.05944 -0.0370452 0.633724 51.6124 22 182309370 1001 1 1 0.0927539 0.0927539 2 
1321.22 -793.986 -50 0.0454516 -0.0348584 0.455676 52.6356 22 182358006 1001 1 1 0 0 1 
906.721 103.239 -50 0.0330657 -0.00371279 0.647167 51.5245 22 182409412 1001 1 1 0.558465 0.558465 5 
1066.81 -35.7481 -50 0.0490269 0.00882743 0.733721 53.0383 22 182533056 1001 1 1 0.520228 0.520228 2 
-1575.89 777.333 -50 -0.09439 0.0343566 0.772 52.548 22 182583039 1001 1 1 0 0 1 
315.561 850.379 -50 0.0334517 0.0767844 1.10498 51.2124 22 182627152 1001 1 1 0.0719078 0.0719078 2 
362.219 671.04 -50 0.0162657 0.0371586 0.732501 50.9159 22 182655230 1032 1 1 0 0 1 
-489.882 330.619 -50 -0.00979223 0.0313051 0.702188 52.0894 22 182667479 1008 1 1 0.510613 0.510613 3 
846.744 438.323 -50 0.15892 0.0346526 1.09794 52.2647 22 182672921 1001 1 1 0.926276 0.926276 6 
1978.65 -1519.7 -50 0.161307 -0.0364976 0.707873 53.628 22 182879012 1001 1 1 0 0 1 
407.533 -1079.51 -50 0.0411323 -0.10594 1.38534 51.0802 22 182888589 1010 1 1 1.21 1.21 3 
680.055 -1948.22 -50 0.0743183 -0.171816 1.38442 51.429 22 182895684 1001 1 1 0.434482 0.434482 2 
1931.88 1923.03 -50 0.0732649 0.0512745 0.563311 51.7881 22 182900683 1001 1 1 0 0 1 
1210.54 878.473 -50 0.0975096 0.0778161 1.25905 51.1218 22 183087214 1001 1 1 0 0 1 
1916.61 -1722.76 -50 0.209924 -0.169987 1.60728 51.7269 22 183212618 1001 1 1 1.37084 1.37084 4 
-1225.32 314.018 -50 -0.121422 0.0393977 1.29613 51.228 22 183362077 1019 1 1 0.971835 0.971835 3 
-723.968 40.7699 -50 -0.0270818 0.0113908 0.499095 52.9263 22 183365254 1001 1 1 0 0 1 
1812.65 1477.38 -50 0.0499219 0.0214982 0.558186 51.9118 22 183549842 1001 1 1 0 0 1 
1223.07 1387.51 -50 0.0449932 0.0535563 0.567867 51.3234 22 183565344 1001 1 1 0.429139 0.429139 3 
-665.766 -802.877 -50 -0.0435463 -0.0442939 0.713505 51.7057 22 183672781 1001 1 1 0.0756072 0.0756072 2 
1825.65 297.422 -50 0.167279 0.0185109 1.31655 51.4548 22 183673729 1001 1 1 0.619368 0.619368 2 
864.242 -122.433 -50 0.0907183 -0.0261045 1.36858 51.1 22 183709301 1001 1 1 0 0 1 
-1041.45 1973.02 -50 -0.0829138 0.140764 1.145 51.519 22 183782364 1001 1 1 0.5766 0.5766 2 
603.85 1873.89 -50 0.0679271 0.202561 1.49215 51.4434 22 183839042 1001 1 1 0 0 1 
220.962 1209.21 -50 0.0558521 0.308102 1.36687 52.4131 22 183856364 1001 1 1 0.100357 0.100357 2 
-789.608 -556.041 -50 -0.0270022 -0.0122706 0.578747 51.2214 22 183927093 1001 1 1 0.0850754 0.0850754 3 
-91.9312 -1799.42 -50 -0.00778923 -0.128465 1.04987 51.2709 22 183947768 1001 1 1 0.908148 0.908148 5 
-1355.97 462.158 -50 -0.0464065 0.0111932 0.498898 51.1089 22 184020306 1001 1 1 0.0765495 0.0765495 3 
-1050.61 -1738.12 -50 -0.0546817 -0.090718 0.792825 51.391 22 184039287 1001 1 1 0.567024 0.567024 2 
-207.407 -809.798 -50 0.156961 -0.128 1.11513 52.3538 22 184073653 1001 1 1 0.983627 0.983627 5 
1854.51 -686.546 -50 0.101545 -0.0369574 0.784663 52.8647 22 184202854 1001 1 1 0.380159 0.380159 3 
-467.195 732.495 -50 -0.0519437 0.055487 1.1412 51.2392 22 184208792 1001 1 1 0 0 1 
414.578 1089.14 -50 0.0372927 0.0896218 0.994883 51.7638 22 184392484 1007 1 1 0 0 1 
1341.65 1072.9 -50 0.0944031 0.0855057 1.09873 51.526 22 184448598 1001 1 1 0.958318 0.958318 4 
-528.718 -911.335 -50 -0.0385658 0.000330776 0.779473 51.5793 22 184730153 1001 1 1 0.332412 0.332412 3 
-1382.24 1197.83 -50 -0.11228 0.0977208 1.26592 51.3768 22 184744716 1001 1 1 0.835996 0.835996 2 
-651.401 -1004.23 -50 -0.0418246 -0.0743121 0.894552 52.1903 22 184765500 1001 1 1 0 0 1 
-1457.02 -568.328 -50 -0.0482201 -0.0268549 0.51693 51.3866 22 184929287 1001 1 1 0 0 1 
-60.7935 -1072.5 -50 0.017092 -0.0562134 0.920887 51.7452 22 185059944 1001 1 1 0.673537 0.673537 2 
1537.22 981.451 -50 0.0426699 0.0187184 0.35624 52.0885 22 185210617 1010 1 1 0 0 1 
-1822.96 -1106.61 -50 -0.0555275 -0.0367337 0.446911 51.5198 22 185259514 1001 1 1 0.388881 0.388881 10 
-1912.37 -1545.92 -50 -0.0729519 -0.0573233 0.572704 52.0436 22 185282654 1001 1 1 0.194657 0.194657 3 
-1662.83 122.122 -50 -0.0782933 -0.00494991 0.63383 51.7657 22 185333524 1001 1 1 0.0447669 0.0447669 2 
-1430.87 -851.783 -50 -0.169612 -0.0983302 1.72085 51.2281 22 185379685 1001 1 1 0 0 1 
-1546.39 -730.999 -50 -0.191901 -0.135676 2.106 53.0185 22 185412358 1001 1 1 0 0 1 
216.32 -150.359 -50 0.0466882 -0.0100545 1.51184 51.8617 22 185428014 1001 1 1 0 0 1 
-445.768 990.269 -50 -0.0172052 0.048133 0.9005 51.2641 22 185584046 1001 1 1 0.661829 0.661829 2 
-1906.84 -1975.24 -50 -0.0903258 -0.0949655 0.618459 52.4325 22 185624921 1001 1 1 0.445999 0.445999 2 
-440.524 -1781.08 -50 -0.0218657 -0.10603 0.984767 51.6255 22 185708278 1001 1 1 0 0 1 
-1612.75 -468.376 -50 -0.027642 -0.00855575 0.258204 51.9467 22 185756165 1001 1 1 0 0 1 
-1457.79 284.997 -50 -0.0957817 0.011409 1.13472 51.3387 22 185765411 1001 1 1 0 0 1 
1578.8 1778.58 -50 0.0873194 0.0866804 0.712103 52.2903 22 185801433 1019 1 1 0.528361 0.528361 2 
-1221.8 -1483.89 -50 -0.129528 -0.193199 1.654 51.9132 22 185830538 1001 1 1 0.0919642 0.0919642 2 
-911.789 -991.11 -50 -0.0701513 -0.0965925 1.15109 51.4328 22 186020336 1001 1 1 0.535697 0.535697 2 
1156.03 -1572.6 -50 0.0890608 -0.117428 1.1547 51.354 22 186048236 1001 1 1 0 0 1 
1176.58 -1786.32 -50 0.131028 -0.205444 1.67546 51.3734 22 186101916 1001 1 1 0.794614 0.794614 2 
784.308 -810.049 -50 0.0345175 -0.0373637 0.771914 51.0372 22 186240541 1001 1 1 0.163999 0.163999 2 
-1790.45 1649.71 -50 -0.100944 0.126424 1.00608 52.1635 22 186308707 1001 1 1 0.945705 0.945705 7 
-1925.76 219.406 -50 -0.0632678 0.0114394 0.450208 53.2098 22 186348150 1031 1030 1 0 0 1 
-1598.04 1918.62 -50 -0.0885157 0.111178 0.851952 51.4715 22 186370636 1001 1 1 0.760211 0.760211 7 
-255.72 -631.084 -50 0.0350577 -0.0635617 0.245216 54.8372 22 186517598 1001 1 1 0.153478 0.153478 6 
70.4883 1344.18 -50 0.00486196 0.122013 1.41122 51.1247 22 186549270 1001 1 1 0 0 1 
196.897 1784.23 -50 0.0143556 0.0853659 0.730399 51.3433 22 186584876 1001 1 1 0 0 1 
1400.78 607.109 -50 0.0726749 0.00840909 0.241785 55.4143 22 186630879 1001 1 1 0 0 1 
-772.364 367.391 -50 -0.115996 0.0825766 0.742187 51.8997 22 186641432 1001 1 1 0.505497 0.505497 2 
-1497.39 207.016 -50 -0.133349 0.00462933 1.13652 53.0593 22 186710358 1001 1 1 0.12604 0.12604 2 
-347.478 436.56 -50 -0.0166548 0.0261004 1.85501 51.3495 22 186855956 1001 1 1 1.24836 1.24836 2 
-80.009 -1699.37 -50 0.0409909 -0.132108 0.42876 55.2467 22 186893709 1001 1 1 0 0 1 
-649.169 486.088 -50 -0.0502945 0.0348862 0.883652 51.3338 22 186991897 1001 1 1 0.579249 0.579249 4 
397.527 -967.786 -50 0.00675538 -0.0215534 0.307467 51.2956 22 187004105 1001 1 1 0.167084 0.167084 2 
1872.22 -1560.32 -50 0.0601424 -0.0507806 0.44408 52.0929 22 187114012 1001 1 1 0.350337 0.350337 8 
914.376 -1295.44 -50 0.0154033 0.00369152 0.222832 52.5864 22 187328943 1001 1 1 0 0 1 
897.779 -742.727 -50 0.0838995 -0.0829802 1.46216 51.0366 22 187386037 1001 1 1 0 0 1 
-1911.98 835.364 -50 -0.211484 -0.00398916 0.745012 53.3471 22 187436270 1001 1 1 0 0 1 
-208.407 1357.7 -50 -0.0196271 0.0461527 0.596181 51.514 22 187598494 1001 1 1 0.39676 0.39676 2 
-1661.95 -1700.76 -50 -0.135222 -0.128962 1.24163 51.6413 22 187617221 1001 1 1 1.17996 1.17996 8 
1706.22 -1435.18 -50 0.0545113 -0.11455 0.616198 52.4321 22 187618274 1001 1 1 0.513474 0.513474 4 
1532.02 -346.347 -50 0.154302 -0.0314146 1.51969 51.1662 22 187631719 1014 1 1 0 0 1 
-1919.22 -7.36427 -50 -0.0995007 0.00313707 0.680378 51.8482 22 187675909 1001 1 1 0.516431 0.516431 3 
1557.25 -420.889 -50 0.157116 -0.0268194 1.31131 51.4316 22 187747672 1001 1 1 1.21675 1.21675 9 
246.904 -1038.92 -50 0.00398314 -0.0553571 0.893944 51.4315 22 187754657 1014 1 1 0 0 1 
228.489 -1607.65 -50 0.009518 0.00245123 0.104499 52.9613 22 187779631 1001 1 1 0 0 1 
1877.76 -183.961 -50 0.0131971 -0.0296037 0.246924 52.373 22 187847811 1001 1 1 0.17508 0.17508 7 
-690.366 1031.17 -50 -0.0546975 0.0556953 0.867029 51.4356 22 187910927 1001 1 1 0 0 1 
-740.731 498.579 -50 -0.0371733 0.0211208 0.518136 52.1364 22 187975762 1001 1 1 0.409002 0.409002 4 
211.561 -1107.6 -50 0.0696645 0.0258922 0.735263 52.4426 22 188075807 1001 1 1 0.11088 0.11088 2 
-703.354 1406.03 -50 -0.144174 0.308817 1.23175 52.8349 22 188081926 1001 1 1 1.02546 1.02546 2 
-607.108 1031.94 -50 -0.0293016 0.0510507 0.746856 51.0955 22 188131429 1001 1 1 0 0 1 
-1670.54 100.545 -50 -0.0636481 -0.023961 0.566143 51.5183 22 188261246 1001 1 1 0 0 1 
1124.55 -111.79 -50 0.041733 0.00198475 0.498527 51.1389 22 188358117 1001 1 1 0 0 1 
-1696.64 1323.09 -50 -0.0856254 0.0703404 0.733251 51.328 22 188369644 1001 1 1 0.239187 0.239187 2 
-1020.5 1463.78 -50 -0.0693532 0.0960139 1.11742 51.5532 22 188446423 1001 1 1 0.858377 0.858377 2 
55.5532 48.2229 -50 0.00614699 -0.0243648 1.85221 51.5333 22 188463026 1001 1 1 0 0 1 
1320.15 1165.22 -50 0.137351 0.126223 0.433217 56.8545 22 188767309 1001 1 1 0.052281 0.052281 2 
101.273 1688.42 -50 -0.00622737 0.0719478 0.691413 51.6703 22 188965094 1001 1 1 0.0181868 0.0181868 2 
459.771 873.158 -50 0.0139807 0.037061 0.579984 51.1017 22 189004379 1001 1 1 0 0 1 
-646.177 674.872 -50 -0.0382613 0.0199563 0.642613 52.2252 22 189183000 1001 1 1 0 0 1 
1637.04 -1181.92 -50 0.136204 -0.0933909 1.07957 52.2104 22 189255595 1001 1 1 0 0 1 
-596.153 -1973.68 -50 -0.0404982 -0.137983 0.928811 52.2418 22 189288585 1001 1 1 0 0 1 
-313.21 -1119.29 -50 -0.0495054 -0.0953014 1.31966 51.6551 22 189554599 1001 1 1 0 0 1 
62.1592 298.492 -50 0.00776552 0.0306745 1.65722 50.9595 22 189751060 1001 1 1 1.62083 1.62083 16 
-352.261 1451.5 -50 -0.00958639 0.114862 0.532996 52.441 22 189817098 1001 1 1 0 0 1 
1753.12 41.4803 -50 0.209114 -0.00392424 1.74661 51.2752 22 189841906 1001 1 1 0 0 1 
1496.99 -452.866 -50 0.057044 -0.0295002 0.586083 51.2527 22 189897735 1001 1 1 0.10508 0.10508 2 
-1999.55 -730.344 -50 -0.159928 -0.0504647 1.2058 51.527 22 189982517 1001 1 1 0 0 1 
31.3225 -708.988 -50 0.00951043 -0.09789 1.54448 51.3454 22 190068081 1001 1 1 0 0 1 
489.144 -192.936 -50 0.0358349 -0.0297536 1.10018 51.1532 22 190086496 1001 1 1 0 0 1 
-388.804 -1222.25 -50 -0.0382066 -0.144665 1.92818 51.2857 22 190201363 1001 1 1 0 0 1 
-888.549 -1315.66 -50 -0.0382938 -0.0622769 0.836329 51.6903 22 190209523 1024 1 1 0.626478 0.626478 2 
-528.696 -500.349 -50 -0.0147938 -0.0359867 0.714368 52.6428 22 190210807 1001 1 1 0 0 1 
1561.31 -40.6628 -50 0.0893328 -0.0103065 0.811993 51.4048 22 190501524 1001 1 1 0 0 1 
-975.353 763.319 -50 0.0570921 0.0253954 0.848698 51.9014 22 190580532 1001 1 1 0.379272 0.379272 3 
-365.184 -132.221 -50 -0.0310092 -0.00578355 1.23761 52.4899 22 190640587 1007 1 1 0.57246 0.57246 2 
1890.29 129.484 -50 0.0703063 -0.0443154 0.364228 53.4297 22 190802717 1001 1 1 0.266167 0.266167 6 
1659.49 -64.2705 -50 0.092876 -0.00260286 0.823129 51.1384 22 190856721 1001 1 1 0.0710155 0.0710155 2 
-441.095 -1372.49 -50 -0.0291555 -0.0758227 1.01176 52.3117 22 190946613 1001 1 1 0 0 1 
-787.706 1882.24 -50 -0.0374321 0.0832037 0.661779 51.2233 22 190969377 1001 1 1 0 0 1 
799.909 451.737 -50 0.215253 0.164125 1.03042 52.9083 22 191013614 1001 1 1 0.766571 0.766571 2 
890.66 -567.155 -50 0.0538458 -0.0184066 0.815375 51.3716 22 191039807 1001 1 1 0.0967767 0.0967767 2 
-1020.85 1055.58 -50 -0.107184 0.103665 1.53205 50.9487 22 191076375 1001 1 1 0 0 1 
-1047.83 1815.66 -50 -0.0218749 0.045037 0.315405 51.9039 22 191101247 1001 1 1 0.229969 0.229969 8 
248.95 1436.94 -50 0.0105152 0.0897993 0.794502 51.4264 22 191133615 1001 1 1 0.708689 0.708689 7 
1274.5 -1980.85 -50 0.158003 -0.0359465 0.662944 53.1458 22 191195966 1001 1 1 0.0573348 0.0573348 2 
-981.883 160.373 -50 -0.0438726 0.00582123 0.707836 51.9846 22 191206856 1001 1 1 0.134085 0.134085 2 
-1400.88 1176.26 -50 -0.0628758 0.0731396 0.77343 51.7257 22 191338185 1001 1 1 0 0 1 
1660.8 -1188.14 -50 0.0460413 -0.0239068 0.164132 53.347 22 191385582 1001 1 1 0.0522766 0.0522766 3 
-1144.74 1642.6 -50 -0.0450533 0.0875857 0.735714 51.7935 22 191412834 1001 1 1 0 0 1 
-637.843 -124.781 -50 -0.063365 -0.0195625 1.53821 51.0426 22 191510693 1001 1 1 0 0 1 
51.3288 -67.0819 -50 0.0380125 0.0708633 0.963953 51.4068 22 191536149 1001 1 1 0.195845 0.195845 3 
-233.286 -1260.75 -50 -0.0679962 0.0201474 0.603648 52.1468 22 191572918 1001 1 1 0.507459 0.507459 5 
1508.25 1958.47 -50 0.131957 0.162609 1.21445 51.5784 22 191577082 1001 1 1 0 0 1 
-358.407 -496.04 -50 0.0103149 0.0220923 0.379456 51.5621 22 191662213 1001 1 1 0.0726249 0.0726249 2 
-1153.53 -1583.7 -50 -0.0467824 -0.0678516 0.639514 51.2499 22 191793570 1001 1 1 0 0 1 
-1275.85 1006.04 -50 -0.0700269 0.0462934 0.81649 51.2403 22 191966440 1001 1 1 0.716352 0.716352 8 
1809.33 1840.43 -50 0.07884 0.0788586 0.935222 53.3071 22 191971161 1001 1 1 0.734306 0.734306 2 
-1417.56 694.277 -50 -0.101888 0.12974 0.594677 52.9874 22 192036020 1001 1 1 0.61709 0.61709 8 
-83.5728 110.562 -50 0.000513856 -0.00491589 1.32891 50.9842 22 192123029 1001 1 1 0 0 1 
1945.25 1070.14 -50 0.135356 0.0614447 1.02555 51.5107 22 192150551 1001 1 1 0 0 1 
-1249.21 -1326.02 -50 -0.13637 -0.148146 1.66968 51.3672 22 192249997 1001 1 1 1.36643 1.36643 4 
-1143.4 -1482.06 -50 -0.0454306 -0.068879 0.639161 51.4579 22 192358285 1001 1 1 0 0 1 
-26.5546 561.327 -50 -0.0175381 0.0253546 0.962068 51.6512 22 192577070 1001 1 1 0.128656 0.128656 2 
665.112 -1742.28 -50 0.0182982 -0.0646718 0.57227 54.7026 22 192634105 1001 1 1 0 0 1 
-842.83 1269.14 -50 -0.0425341 0.0640158 0.779294 52.9294 22 192800070 1001 1 1 0.696257 0.696257 8 
-1411.46 440.06 -50 -0.0953754 0.0306346 0.936964 51.2172 22 192821817 1001 1 1 0 0 1 
523.58 -1535.49 -50 0.0324108 -0.0784832 0.8795 51.5901 22 192876621 1001 1 1 0.692684 0.692684 3 
1705.7 1507.82 -50 0.03159 0.0279694 0.264342 53.3302 22 192881830 1001 1 1 0 0 1 
-897.243 171.609 -50 -0.0590704 0.0133623 0.818982 51.1723 22 192952351 1001 1 1 0 0 1 
1551.87 -907.085 -50 0.0540384 -0.0416405 0.528745 51.6156 22 192973382 1001 1 1 0.0668413 0.0668413 3 
-1669.5 506.503 -50 -0.0844803 0.0248681 0.689132 51.5174 22 193017646 1011 1 1 0.694708 0.694708 14 
1807.15 1806.3 -50 0.160613 0.167808 1.36534 51.7269 22 193244664 1001 1 1 0 0 1 
-128.638 -1160.56 -50 -0.0256633 0.00557387 0.140753 53.5178 22 193267433 1001 1 1 0.0132678 0.0132678 2 
644.689 234.535 -50 0.0277577 0.0173615 0.536919 51.4468 22 193286779 1001 1 1 0.0876608 0.0876608 2 
1298.44 -120.74 -50 0.0470114 -0.0128739 0.650175 51.4058 22 193398523 1001 1 1 0.0274911 0.0274911 2 
-610.377 -1234.08 -50 -0.0328957 -0.0536891 0.772386 51.4191 22 193501254 1012 1 1 0.219125 0.219125 2 
-1681.21 -162.342 -50 -0.0477047 0.00184909 0.400149 51.5529 22 193607639 1001 1 1 0 0 1 
-856.848 1315.26 -50 -0.047641 0.0497789 0.644333 52.0758 22 193783325 1001 1 1 0.531125 0.531125 5 
-1763.2 1607.93 -50 -0.0673182 0.0555317 0.490623 53.4497 22 193786394 1001 1 1 0.342796 0.342796 3 
-234.634 1215.36 -50 -0.0315236 0.139861 1.64023 51.1262 22 193791033 1001 1 1 0 0 1 
-1464.84 -5.76931 -50 -0.112233 -0.00117664 0.966135 51.7177 22 193887198 1001 1 1 0.863879 0.863879 5 
1405.47 1348.23 -50 0.0901209 0.0928117 0.993131 51.5331 22 194046980 1001 1 1 0 0 1 
1999.68 913.758 -50 0.0365699 -0.0205949 0.361136 53.0005 22 194076951 1001 1 1 0 0 1 
1175.07 792.055 -50 0.0716721 0.0460776 0.910521 51.0511 22 194107008 1001 1 1 0.258837 0.258837 3 
-971.482 -1386.09 -50 -0.05498 -0.0712359 0.778741 51.2334 22 194214478 1001 1 1 0.644902 0.644902 5 
1172.22 427.974 -50 0.0368335 0.0190959 0.485737 51.3001 22 194235007 1001 1 1 0.322951 0.322951 3 
1211.83 155.424 -50 0.115586 0.0369885 1.38395 51.8459 22 194283781 1001 1 1 0 0 1 
-561.415 1899.56 -50 -0.0626844 0.184313 1.44369 51.4196 22 194299201 1001 1 1 0 0 1 
1258.9 175.31 -50 0.0909972 0.0097649 0.909357 51.397 22 194369311 1001 1 1 0 0 1 
-267.631 1856.27 -50 -0.0242228 0.123082 0.926571 51.3441 22 194407613 1001 1 1 0.637076 0.637076 4 
5.24213 -783.968 -50 -0.00637199 -0.0218623 0.38224 51.1211 22 194474573 1001 1 1 0.0312463 0.0312463 2 
-718.088 432.595 -50 -0.0308316 0.0290183 0.956251 51.2502 22 194563375 1001 1 1 0 0 1 
1782.02 1343.66 -50 0.0924122 0.0700515 0.731972 51.669 22 194572962 1001 1 1 0 0 1 
-949.721 1231.43 -50 -0.0430073 0.0426253 0.645778 51.0905 22 194602381 1010 1 1 0.538925 0.538925 6 
1005.68 -1984.1 -50 -0.0572793 -0.227009 0.777006 53.5817 22 194674322 1001 1 1 0.53428 0.53428 3 
1406.59 -289.551 -50 0.0514908 -0.00326106 0.5788 51.3993 22 194723870 1001 1 1 0.467162 0.467162 4 
333.284 575.031 -50 0.0116502 0.0276257 0.604296 51.1534 22 194738100 1001 1 1 0.19211 0.19211 2 
-1281.35 1589.27 -50 -0.0543522 0.0646062 0.628613 51.3964 22 194770073 1001 1 1 0 0 1 
309.984 1626.6 -50 -0.0136995 0.0348178 0.113821 55.2119 22 194994296 1001 1 1 0.0814307 0.0814307 7 
-1148.28 -823.516 -50 -0.0870001 -0.0781604 1.28365 51.2721 22 195104411 1001 1 1 0 0 1 
1457.85 -13.5081 -50 0.0391917 0.0136186 0.190784 52.7804 22 195119430 1001 1 1 0.00232685 0.00232685 2 
71.3008 -1072.62 -50 0.010869 -0.0974677 1.48849 51.0841 22 195187490 1001 1 1 0 0 1 
-836.487 -24.8318 -50 -0.0569805 -0.00028773 0.588797 51.2221 22 195231430 1016 1 1 0 0 1 
-1665.41 1122.02 -50 -0.123703 0.0698296 1.13564 51.6645 22 195285481 1001 1 1 0 0 1 
-1080.29 -515.833 -50 -0.044172 -0.023237 0.728754 51.3722 22 195322925 1009 1 1 0 0 1 
-1910.2 789.981 -50 -0.183949 0.068998 1.43383 51.3288 22 195345869 1013 1 1 0 0 1 
-1163.09 -442.249 -50 0.00892332 -0.03196 0.209277 52.6902 22 195439007 1001 1 1 0.0438259 0.0438259 2 
-898.207 -628.622 -50 -0.07299 -0.110892 0.491389 53.3928 22 195623403 1001 1 1 0 0 1 
-89.0113 -660.878 -50 -0.0120395 -0.0412104 1.17266 51.0017 22 195661778 1001 1 1 0.952568 0.952568 2 
-1887.95 1419.08 -50 -0.0173253 0.00825501 0.100955 53.1185 22 195733526 1001 1 1 0.045606 0.045606 4 
1843.58 -1363.42 -50 0.0605872 0.0166773 0.322624 53.9255 22 195866851 1001 1 1 0.205039 0.205039 5 
-1039.5 462.602 -50 -0.13526 0.0776632 1.63959 52.1831 22 195867423 1001 1 1 0 0 1 
-845.618 1944.94 -50 -0.110508 0.223362 1.70702 51.3901 22 195888640 1001 1 1 0 0 1 
-561.849 88.7821 -50 -0.0267707 0.0085685 0.475197 52.7199 22 195899350 1001 1 1 0.281753 0.281753 4 
-158.592 -1995.67 -50 -0.00738261 -0.0516428 0.372532 51.4689 22 195912211 1001 1 1 0 0 1 
1503.12 -1039.09 -50 0.0837841 -0.0636905 0.76903 51.4516 22 195965981 1001 1 1 0 0 1 
1262.59 1926 -50 0.0473048 0.07002 0.557068 51.6638 22 196184219 1026 1 1 0.215767 0.215767 3 
-78.2793 1045.02 -50 -0.0569442 0.0334594 0.445696 51.8401 22 196202421 1001 1 1 0 0 1 
1536.14 -303.75 -50 0.0711495 -0.00334602 0.709516 54.6957 22 196341327 1001 1 1 0.0970937 0.0970937 2 
1129.93 -324.5 -50 0.00580548 0.00386509 0.059354 52.4271 22 196358489 1001 1 1 0.059719 0.059719 4 
1809.29 -518.988 -50 0.163306 -0.00507686 1.11112 51.3419 22 196371111 1001 1 1 1.02377 1.02377 6 
-1774.74 -203.039 -50 -0.0684745 -0.00397006 0.56811 51.1152 22 196377258 1001 1 1 0.373601 0.373601 2 
345.141 -1190.09 -50 -0.0659444 -0.277819 1.58794 53.444 11 196529252 1003 1001 1 1.18136 1.18136 3 
-315.944 -114.331 -50 0.0856141 -0.00750606 0.763551 52.1324 22 196743346 1001 1 1 0.635943 0.635943 4 
1577.29 -38.009 -50 0.104688 0.111685 0.636881 53.1967 22 196763087 1001 1 1 0.509942 0.509942 3 
1238.13 -1608.54 -50 0.0202461 -0.0448311 0.335881 53.4882 22 196785438 1001 1 1 0.225142 0.225142 3 
1367.64 -560.735 -50 0.141351 -0.0872434 1.60254 51.4075 22 196820934 1001 1 1 0 0 1 
-1801.91 -603.253 -50 -0.168038 -0.0633574 1.45528 51.5265 22 196854072 1001 1 1 0 0 1 
-586.697 -868.619 -50 -0.0572177 -0.0702124 1.21127 51.1212 22 196985118 1001 1 1 0 0 1 
811.866 -254.151 -50 0.074787 -0.0185944 1.14418 51.1148 22 197030958 1001 1 1 0 0 1 
899.53 -1118.09 -50 0.0409438 -0.0523369 0.717381 51.1518 22 197040768 1001 1 1 0.01535 0.01535 2 
1520.27 1421.65 -50 0.0327898 0.0799016 0.415029 52.4385 22 197443085 1001 1 1 0.0393501 0.0393501 2 
137.845 339.844 -50 -0.00890548 0.167399 0.732127 53.7021 22 197475548 1001 1 1 0 0 1 
229.415 -1995.64 -50 0.00219822 -0.0812945 0.588955 51.7225 22 197493508 1001 1 1 0 0 1 
-671.974 -758.82 -50 -0.0484998 -0.0560059 0.841635 51.3468 22 197496947 1001 1 1 0.765761 0.765761 7 
-1024.01 -983.154 -50 -0.0703957 -0.0549616 1.07443 51.3228 22 197528799 1001 1 1 0.837729 0.837729 3 
786.213 1197.75 -50 0.0858207 0.116105 1.49735 51.3596 22 197619933 1001 1 1 0 0 1 
347.625 1111.37 -50 0.0197781 0.140543 1.53762 51.7704 22 197620535 1001 1 1 1.44592 1.44592 6 
1153.57 549.225 -50 0.15396 0.0420707 0.741731 51.9272 22 197664598 1001 1 1 0 0 1 
-1722.63 1671.4 -50 -0.058034 0.0541385 0.477148 51.701 22 197682130 1001 1 1 0 0 1 
1241.63 387.73 -50 0.133877 0.0448563 1.52558 51.0506 22 197695764 1001 1 1 1.38973 1.38973 7 
-22.7703 -559.572 -50 -0.0104271 -0.0156773 0.512328 51.322 22 197830266 1001 1 1 0.205428 0.205428 3 
1480.65 83.0167 -50 0.0994518 -0.0115052 1.05994 51.6208 22 197853288 1001 1 1 0 0 1 
733.614 499.298 -50 0.0374437 0.0483573 0.821365 53.2469 22 197969101 1001 1 1 0 0 1 
1243.63 1663.3 -50 0.0689603 0.0684653 0.698389 51.8977 22 197973950 1001 1 1 0 0 1 
-1737.49 -307.01 -50 -0.214721 -0.0400593 1.82183 51.1634 22 198078521 1001 1 1 0 0 1 
1295.79 -1679.06 -50 0.0318845 -0.0560935 0.747602 51.6093 22 198191979 1001 1 1 0 0 1 
-6.19799 -428.274 -50 0.0196431 -0.0331719 1.21713 51.3267 22 198272215 1001 1 1 0.565604 0.565604 3 
660.15 -271.546 -50 -0.00328111 -0.023594 0.114413 53.4894 22 198273235 1001 1 1 0.00145646 0.00145646 2 
831.882 1237.4 -50 0.0351215 0.0747345 0.770091 51.515 22 198444888 1001 1 1 0 0 1 
1796.5 -278.972 -50 0.173991 -0.0205072 1.30245 53.2512 22 198578916 1001 1 1 0 0 1 
-1845.88 -1594.34 -50 -0.0652808 -0.0621524 0.530305 51.7426 22 198750174 1001 1 1 0.406975 0.406975 5 
-31.7207 1621.63 -50 -0.0106941 0.0647585 0.571435 51.567 22 198752218 1001 1 1 0.357933 0.357933 2 
865.41 -854.289 -50 0.0885425 -0.0831555 1.18588 51.9718 22 198919981 1001 1 1 0 0 1 
-1185.57 625.653 -50 -0.0844066 0.0574299 0.982652 51.6433 22 198971421 1001 1 1 0 0 1 
-26.1089 1206.94 -50 -0.0206396 0.074392 1.12821 51.4734 22 198973129 1001 1 1 0.880074 0.880074 2 
675.02 1186.18 -50 0.00454676 0.0327758 0.80617 53.1101 22 199083866 1001 1 1 0.27815 0.27815 3 
-702.14 123.369 -50 -0.0394616 0.0158127 0.647848 51.6047 22 199128462 1001 1 1 0 0 1 
1294.04 753.982 -50 0.0682737 0.0338786 0.935385 52.4742 22 199138341 1001 1 1 0 0 1 
-1416.96 808.837 -50 -0.15305 0.0974953 1.69724 51.2717 22 199138581 1001 1 1 0 0 1 
-363.922 -1.8081 -50 -0.00273511 0.00268044 0.850946 51.5007 22 199167739 1001 1 1 0 0 1 
-429.657 -377.84 -50 -0.0265717 -0.0307721 0.734368 51.3425 22 199177135 1001 1 1 0.635483 0.635483 6 
-486.695 1444.45 -50 0.0976887 0.0191377 0.703608 53.0191 22 199326551 1001 1 1 0 0 1 
-1195.92 1335.75 -50 -0.0830831 0.0908718 1.00741 51.2246 22 199353474 1001 1 1 0.769352 0.769352 6 
-726.025 -1657.57 -50 -0.0533573 -0.154622 1.4299 51.4481 22 199418355 1001 1 1 1.17064 1.17064 2 
1316.04 727.316 -50 0.0687526 0.0464727 0.708169 52.1516 22 199441831 1001 1 1 0 0 1 
281.44 34.7526 -50 0.0028675 -0.0216492 0.113022 53.3825 22 199474943 1001 1 1 0 0 1 
-1714.58 981.571 -50 -0.136284 0.0876376 1.2442 51.3713 22 199623565 1001 1 1 0 0 1 
-753.155 -959.665 -50 -0.0248055 -0.0330351 0.528107 50.8965 22 199862570 1001 1 1 0.436529 0.436529 9 
1781.82 -1608.76 -50 0.196453 -0.148607 1.44353 52.2253 22 199972664 1001 1 1 1.36772 1.36772 5 
1419.25 -119.529 -50 0.043706 0.000492926 0.823009 52.2354 22 200048019 1001 1 1 0.738168 0.738168 5 
-1485.2 1429.4 -50 -0.123011 0.117652 0.489664 53.555 22 200123526 1001 1 1 0.439354 0.439354 6 
1009.39 -43.4853 -50 0.0529507 -0.0113891 0.934712 51.259 22 200299763 1001 1 1 0 0 1 
-153.458 -653.972 -50 -0.00623159 -0.0380962 0.634971 51.418 22 200444251 1001 1 1 0 0 1 
550.69 248.691 -50 0.0120394 0.0132943 0.413843 51.2932 22 200646764 1001 1 1 0 0 1 
734.063 -1960.06 -50 0.0402654 -0.0670899 0.595227 51.8982 22 200715358 1001 1 1 0 0 1 
1654.66 479.849 -50 0.0623801 0.0682502 0.737104 51.7734 22 200746692 1001 1 1 0.390929 0.390929 2 
1017.66 1502.41 -50 0.0536911 0.0936755 0.805434 51.8801 22 200921243 1001 1 1 0.0896618 0.0896618 2 
340.906 -891.738 -50 0.00394401 -0.0236028 0.498797 51.4246 22 201001746 1001 1 1 0.338717 0.338717 3 
-157.322 -1161.99 -50 0.024215 -0.0999273 0.382956 74.626 11 201257729 1003 1001 1 0.135799 0.135799 1 
-1637.96 -176.33 -50 -0.0121393 -0.00079859 0.089417 52.0478 22 201542175 1001 1 1 0.0205862 0.0205862 2 
1425.46 283.375 -50 0.121665 0.00592524 1.36176 51.2903 22 201548413 1001 1 1 1.13755 1.13755 3 
-505.934 539.093 -50 -0.029773 -0.0632874 0.579633 52.8506 22 201686517 1001 1 1 0.326198 0.326198 3 
1653.32 1898.01 -50 0.157089 0.157504 1.23174 52.304 22 201752613 1001 1 1 0.177004 0.177004 2 
-1298.06 643.152 -50 -0.0481116 0.0246943 0.575455 51.0659 22 201937858 1001 1 1 0 0 1 
900.957 -104.661 -50 0.0443302 -0.0202112 0.871833 52.1382 22 201946323 1001 1 1 0.805496 0.805496 8 
-1838.26 1221.67 -50 -0.0944226 0.0779124 0.79043 52.0345 22 202044019 1001 1 1 0 0 1 
301.335 -45.7959 -50 0.0145684 -0.00554504 0.658992 50.9486 22 202089952 1013 1 1 0 0 1 
793.256 977.077 -50 0.049188 0.0593774 0.920821 50.8793 22 202134059 1001 1 1 0.924017 0.924017 11 
-38.7198 1995.05 -50 0.00241191 0.152133 1.00582 51.8553 22 202223931 1001 1 1 0 0 1 
-369.082 -1291.14 -50 -0.0426152 -0.0899211 1.06175 51.4825 22 202284971 1001 1 1 0.827134 0.827134 3 
633.954 -1844.92 -50 0.0358977 -0.124586 0.905319 53.4311 22 202315774 1001 1 1 0.749639 0.749639 3 
1214.34 -932.884 -50 0.134062 -0.0897204 1.69354 51.317 22 202387711 1001 1 1 0 0 1 
-1402.08 427.358 -50 -0.0909551 -0.0494399 0.379677 53.5124 22 202392620 1001 1 1 0 0 1 
-243.796 -1509.33 -50 -0.00392373 -0.113707 1.16382 51.3266 22 202467723 1001 1 1 0 0 1 
-951.342 -83.1868 -50 -0.0753301 -0.0099572 1.34675 51.1499 22 202500962 1001 1 1 0 0 1 
-1151.07 -1088.53 -50 -0.117764 -0.106111 1.44208 51.0283 22 202546142 1010 1 1 0 0 1 
-11.5086 -536.086 -50 -0.00316337 -0.058621 1.72528 50.9504 22 202560253 1001 1 1 0 0 1 
67.5472 1240.62 -50 -0.0654312 0.0916908 0.492134 53.6637 22 202585090 1001 1 1 0.0400294 0.0400294 2 
1791.94 -218.149 -50 0.0824245 -0.0153708 0.697753 51.6275 22 202598286 1001 1 1 0 0 1 
-1345.77 868.72 -50 -0.0753558 0.0454312 0.763207 51.3214 22 202737058 1001 1 1 0.566283 0.566283 4 
978.31 -1380.63 -50 0.0560045 -0.0610243 0.678811 51.8241 22 202739585 1010 1 1 0 0 1 
-449.667 303.563 -50 -0.0573764 0.0237932 1.36258 52.6753 22 202827806 1001 1 1 0.059377 0.059377 2 
254.527 -1603.69 -50 -0.0878559 -0.16933 0.888194 52.3702 22 202907899 1001 1 1 0 0 1 
990.108 -1523.18 -50 0.0505456 -0.0807059 0.79069 51.2919 22 202954543 1001 1 1 0 0 1 
-1395.85 1652.53 -50 -0.0720682 0.103112 0.900741 51.4976 22 203049045 1001 1 1 0.131626 0.131626 2 
1108.96 1310.82 -50 0.0945646 0.10046 0.571549 53.6577 22 203183385 1001 1 1 0 0 1 
-1964.36 1522 -50 -0.0970404 0.0623415 0.641213 51.8388 22 203302036 1001 1 1 0.105047 0.105047 3 
37.3559 -1223.68 -50 -0.0114101 -0.0979017 1.04305 53.1029 22 203319385 1001 1 1 0.731005 0.731005 4 
1059.32 -338.707 -50 0.0804152 -0.0289274 0.985826 51.4816 22 203350122 1001 1 1 0 0 1 
-1061.7 -464.782 -50 -0.126337 -0.0321705 1.73155 51.1849 22 203409011 1001 1 1 0 0 1 
-1588.05 816.358 -50 -0.190328 0.133746 1.94983 51.4593 22 203491781 1047 1 1 0 0 1 
1263.32 -1226.4 -50 0.0524334 -0.125236 0.419519 53.6844 22 203506978 1010 1 1 0.440913 0.440913 13 
1345.04 -1215.85 -50 0.060315 -0.0587167 0.666999 51.4314 22 203516367 1001 1 1 0 0 1 
-554.943 216.513 -50 -0.0695281 0.0396947 1.30163 52.0478 22 203548499 1001 1 1 0.93742 0.93742 3 
1098.51 894.48 -50 0.0577229 0.0566573 0.772483 51.4099 22 203572012 1001 1 1 0.628571 0.628571 4 
-1530.86 134.701 -50 -0.0577895 0.00302466 0.620201 52.0876 22 203748307 1007 1 1 0 0 1 
-774.733 1650.77 -50 -0.0582736 0.151761 1.22374 51.3529 22 203986234 1001 1 1 0.945499 0.945499 6 
-354.902 -40.5145 -50 -0.0265398 -0.00135945 1.27022 51.0542 22 203987623 1001 1 1 0.57151 0.57151 3 
-1294.24 25.516 -50 -0.0381299 -0.00161228 0.402397 51.2012 22 203987712 1001 1 1 0.293822 0.293822 5 
1701.14 1497.91 -50 0.151421 0.116186 1.23545 51.5405 22 203998884 1001 1 1 0 0 1 
-575.792 -62.4986 -50 0.00959307 0.055315 0.666805 51.5075 22 204100780 1001 1 1 0.475956 0.475956 2 
-912.46 -40.533 -50 -0.06415 -0.00640102 1.08914 51.0956 22 204420437 1001 1 1 1.02647 1.02647 7 
346.656 -1735.19 -50 -0.000538803 -0.0814651 0.675608 51.8845 22 204479412 1001 1 1 0 0 1 
280.807 912.368 -50 0.0105836 0.0638986 1.08788 51.0635 22 204498713 1001 1 1 0.218515 0.218515 2 
1495.09 1232.15 -50 0.144808 0.125019 1.48055 51.1811 22 204584172 1001 1 1 1.24331 1.24331 3 
-183.858 311.833 -50 -0.0785761 -0.0789585 0.836964 52.5347 22 204769208 1013 1 1 0.610698 0.610698 2 
753.095 1883.76 -50 -0.017487 0.0149736 0.148757 54.6387 22 204872023 1001 1 1 0.150499 0.150499 8 
1938.71 1076.99 -50 0.15739 0.034952 0.552263 52.8982 22 204873588 1001 1 1 0 0 1 
-653.951 -517.243 -50 -0.0154056 0.00639073 0.224345 51.3003 22 204882175 1001 1 1 0.122172 0.122172 4 
38.8366 -643.664 -50 0.0163852 -0.0602551 1.2699 51.2679 22 204888999 1001 1 1 0 0 1 
-196.364 807.606 -50 0.00519195 0.0979365 1.61198 51.2778 22 204899569 1001 1 1 0 0 1 
-429.239 1991.3 -50 -0.0212544 0.0862815 0.654113 51.5102 22 204904803 1001 1 1 0 0 1 
-743.225 744.094 -50 -0.027044 0.0325463 0.585527 51.3619 22 204936827 1001 1 1 0.329833 0.329833 4 
-1397.89 660.168 -50 -0.00452107 0.0170818 0.803296 52.9262 22 205009796 1001 1 1 0.0679116 0.0679116 2 
1689.7 -773.764 -50 0.0678324 -0.022298 0.522335 52.0904 22 205063318 1001 1 1 0 0 1 
-717.393 -653.882 -50 0.00117561 0.0561856 0.927927 51.7337 22 205134546 1011 1 1 0 0 1 
1654.12 468.251 -50 0.0455498 0.0120665 0.440648 51.4 22 205151758 1001 1 1 0.308102 0.308102 4 
1696.62 1682.55 -50 0.107697 0.119028 0.907084 51.9486 22 205291957 1007 1 1 0 0 1 
-1286.71 525.296 -50 -0.144909 0.0627483 1.54576 51.3548 22 205462977 1001 1 1 0.139149 0.139149 2 
-386.329 1686.5 -50 -0.0556465 0.192701 1.60662 51.5151 22 205547059 1001 1 1 0 0 1 
-648.959 -359.106 -50 -0.0195586 -0.0738798 0.337784 52.9133 22 205557878 1008 1 1 0.0833139 0.0833139 3 
-1756.06 1011.62 -50 -0.185038 0.0991284 1.51914 51.3536 22 205780381 1001 1 1 0 0 1 
1337.7 698.322 -50 0.115146 0.0812147 1.38077 51.4242 22 205882082 1001 1 1 0.603256 0.603256 4 
1324.74 -415.21 -50 0.0556709 -0.0255127 0.570871 51.4307 22 206111566 1001 1 1 0.534365 0.534365 13 
-1515.76 262.457 -50 -0.0854591 0.0222712 0.962732 52.8843 22 206123280 1001 1 1 0 0 1 
491.866 1030.11 -50 0.0345921 0.0396673 0.697349 51.6818 22 206145868 1001 1 1 0 0 1 
766.859 1617.54 -50 0.181415 0.0643039 1.12335 52.0388 22 206299424 1001 1 1 0.203467 0.203467 2 
1929.02 1434.25 -50 0.148651 0.104146 1.01383 51.9489 22 206359125 1001 1 1 0 0 1 
-1487.05 935.046 -50 -0.124941 0.0867222 1.21802 51.4213 22 206492349 1001 1 1 1.13918 1.13918 8 
-971.153 -1362.99 -50 -0.0669722 -0.08893 0.966134 51.1595 22 206527594 1001 1 1 0 0 1 
1436.73 -1397.38 -50 0.17011 -0.168671 0.509567 56.836 22 206534418 1001 1 1 0 0 1 
-1168.2 -1450.24 -50 -0.0868015 -0.12732 1.10628 51.8188 22 206648240 1001 1 1 1.11693 1.11693 17 
907.883 -1865.17 -50 0.0911593 -0.152014 0.841276 53.7044 22 206660540 1001 1 1 0.684404 0.684404 4 
-641.243 1980.24 -50 -0.0967451 0.222734 0.742968 52.9865 22 206673978 1001 1 1 0 0 1 
-239.403 1467.88 -50 -0.00990467 0.0665536 0.676658 51.1225 22 206751315 1001 1 1 0.386261 0.386261 3 
1824.88 1169.11 -50 0.109596 0.0807591 0.940516 51.4875 22 206976036 1001 1 1 0 0 1 
-1996.81 -1124.2 -50 -0.141741 -0.0819978 1.09337 51.3901 22 207100793 1001 1 1 0 0 1 
910.448 1447.69 -50 0.0591007 0.0715834 0.774095 52.8955 22 207111159 1001 1 1 0.265428 0.265428 3 
-960.402 -443.883 -50 -0.103359 -0.0340084 1.33893 51.2243 22 207157878 1001 1 1 0 0 1 
383.638 1922.24 -50 0.0479269 0.193804 1.54277 51.5863 22 207197465 1001 1 1 0 0 1 
1781.27 -793.323 -50 0.165259 -0.104854 1.52003 52.4503 22 207260426 1001 1 1 0 0 1 
-142.909 -11.2545 -50 -0.00517973 -0.0157993 0.718822 51.8102 22 207348829 1001 1 1 0.0746395 0.0746395 2 
1165.4 -1295.12 -50 0.064908 -0.0478145 0.626136 51.883 22 207466370 1001 1 1 0 0 1 
-1427.91 -1146.92 -50 -0.0669688 -0.0694162 0.757404 52.2894 22 207595835 1001 1 1 0 0 1 
333.206 -676.782 -50 -0.000638358 -0.0200302 0.653162 51.8794 22 207738403 1008 1 1 0 0 1 
1710.49 1868.86 -50 0.0995651 0.112895 0.982 51.9745 22 207859275 1001 1 1 0 0 1 
-72.8071 401.359 -50 -0.046672 -0.0386178 0.564147 51.9122 22 207875077 1001 1 1 0 0 1 
455.867 -537.981 -50 0.0270951 -0.0401162 0.287297 52.4076 22 207875951 1001 1 1 0.1252 0.1252 4 
25.285 -1166.21 -50 0.00886169 -0.0721464 0.947738 51.0332 22 207897618 1001 1 1 0.391884 0.391884 3 
-1695.22 -225.433 -50 -0.204974 -0.0205491 1.76115 51.1142 22 208031756 1001 1 1 0.188974 0.188974 2 
-1784.3 1249.02 -50 -0.157914 0.110519 1.43866 52.849 22 208040626 1001 1 1 0 0 1 
1781.89 -1942.33 -50 0.102954 -0.112125 0.761364 52.0624 22 208050569 1001 1 1 0.154632 0.154632 2 
1486.67 392.672 -50 0.0513421 0.0202638 0.535804 51.3465 22 208080334 1001 1 1 0.290793 0.290793 2 
556.439 1346.75 -50 0.0377497 0.0907275 0.99504 51.2496 22 208095314 1001 1 1 0.25835 0.25835 2 
70.253 -453.47 -50 0.000144931 -0.00434568 0.510238 51.2463 22 208274141 1001 1 1 0.164422 0.164422 2 
-1330 1498.39 -50 -0.0821023 0.0881676 0.860578 51.5258 22 208289414 1001 1 1 0.196974 0.196974 2 
1287.39 -1471.78 -50 0.0976832 -0.0693327 0.577273 53.2699 22 208298997 1001 1 1 0.368517 0.368517 2 
1852.15 -660.897 -50 0.00578103 0.0380743 0.643247 54.0309 22 208307772 1001 1 1 0.328319 0.328319 3 
-522.82 -1587.03 -50 -0.0402888 -0.113034 0.923081 51.5912 22 208356994 1001 1 1 0.14417 0.14417 2 
437.624 -736.989 -50 0.0198779 -0.0389729 0.580081 51.3085 22 208385478 1001 1 1 0.517334 0.517334 10 
814.54 1107.88 -50 0.108356 0.0578632 0.612875 52.0655 22 208448538 1020 1 1 0 0 1 
681.043 -1679.74 -50 0.0294686 -0.0776848 0.721645 51.2889 22 208561198 1001 1 1 0.199792 0.199792 2 
1573.8 1393.38 -50 0.0577527 0.0651733 0.622678 51.6834 22 208695677 1001 1 1 0 0 1 
1129.31 -507.017 -50 0.0969313 -0.0523896 1.16948 51.2885 22 208773436 1001 1 1 0.691591 0.691591 2 
313.179 128.843 -50 0.0111036 0.00459148 0.498748 50.8958 22 208892081 1001 1 1 0.302944 0.302944 2 
268.933 -1310.72 -50 0.00380116 -0.0769517 0.73442 51.7994 22 208915394 1001 1 1 0.17723 0.17723 2 
361.608 1476.61 -50 0.073065 0.0189074 0.940584 52.1246 22 208944629 1001 1 1 0 0 1 
-666.698 -190.656 -50 -0.0138767 -0.0376783 0.468251 51.9523 22 209031528 1001 1 1 0 0 1 
58.4666 1946.13 -50 0.0742694 0.170152 0.818202 52.149 22 209064329 1001 1 1 0 0 1 
111.303 -503.956 -50 0.0108026 -0.0497368 1.07241 51.277 22 209180810 1001 1 1 0 0 1 
-1490.43 -824.574 -50 -0.178904 -0.0941522 0.517745 67.798 11 209279966 1011 1010 1 0.103195 0.103195 1 
-1785.42 -264.685 -50 -0.166044 -0.072648 0.599199 53.0857 22 209571011 1001 1 1 0 0 1 
1395.72 -621.281 -50 0.146435 -0.0674652 1.41632 51.4339 22 209578467 1001 1 1 0.00572601 0.00572601 2 
1029.03 -1530.48 -50 0.0747507 -0.103625 0.896342 52.1467 22 209589394 1001 1 1 0 0 1 
1658.69 -1465.65 -50 0.132433 -0.104181 1.26043 51.8126 22 209961093 1001 1 1 0 0 1 
366.551 382.782 -50 0.0161029 0.0351282 0.829636 51.2755 22 210004725 1001 1 1 0.390091 0.390091 3 
-424.883 -1981.13 -50 -0.0202453 -0.108548 0.870248 51.5777 22 210089114 1010 1 1 0.414271 0.414271 2 
23.8424 -559.623 -50 0.00377885 -0.045366 1.46554 51.0632 22 210105589 1001 1 1 0 0 1 
1896.51 1342.04 -50 0.152459 0.0965389 1.16915 51.5969 22 210192734 1001 1 1 1.05602 1.05602 5 
479.239 1659.38 -50 0.0632228 0.00649497 0.712235 51.8738 22 210222091 1036 1 1 0.554864 0.554864 4 
-1846.62 286.743 -50 -0.209827 0.0254859 1.6486 51.3745 22 210257986 1001 1 1 0 0 1 
-1739.66 -225.862 -50 -0.144286 -0.0206659 1.28923 51.3867 22 210345963 1001 1 1 0.902236 0.902236 4 
-569.892 220.838 -50 -0.00968606 -0.00272413 0.394388 51.6821 22 210468235 1010 1 1 0 0 1 
-594.922 -869.202 -50 -0.0400874 -0.0365619 0.709555 51.7384 22 210655025 1001 1 1 0 0 1 
-1406.42 -307.977 -50 -0.00746828 0.0190326 0.382228 51.7928 22 210668680 1001 1 1 0.293385 0.293385 8 
-1210.36 841.97 -50 -0.0122456 0.121226 0.760763 53.3432 22 210696580 1001 1 1 0 0 1 
592.416 382.667 -50 0.0270009 0.0139613 0.653362 50.9262 22 210857083 1001 1 1 0.430119 0.430119 2 
-1691.45 1716.62 -50 -0.0754754 0.059501 0.605588 52.1076 22 210871510 1001 1 1 0 0 1 
521.247 1692.84 -50 0.117634 0.132294 0.722549 52.4042 22 211125248 1001 1 1 0 0 1 
-1595.63 -1383.72 -50 -0.134008 -0.120887 1.15385 52.2681 22 211195524 1001 1 1 0 0 1 
-918.288 1612.63 -50 -0.0591479 0.143336 1.21613 51.7208 22 211199497 1001 1 1 1.18072 1.18072 14 
-1519.42 -1265.41 -50 -0.0994497 -0.0789873 0.837081 52.092 22 211216103 1001 1 1 0.188464 0.188464 2 
-359.941 1014.2 -50 -0.0305768 0.0070408 0.272976 52.059 22 211264765 1001 1 1 0 0 1 
1063.84 865.076 -50 0.169299 -0.0337978 0.576691 54.3523 22 211278430 1001 1 1 0.392239 0.392239 2 
-655.181 1720.17 -50 -0.0214017 0.0792597 0.711366 51.688 22 211473421 1001 1 1 0.0878024 0.0878024 2 
-888.494 -1800.54 -50 -0.0527855 0.00675394 0.50133 54.2374 22 211555027 1001 1 1 0.383813 0.383813 5 
917.182 -1959.37 -50 0.0666756 -0.128567 0.927022 51.7457 22 211556323 1001 1 1 0.697873 0.697873 2 
-1510.34 630.325 -50 -0.110828 0.0726636 0.861411 51.6466 22 211610571 1001 1 1 4.1382e-06 4.1382e-06 1 
1917.38 728.53 -50 0.102359 0.0131547 0.866347 52.2546 22 211645286 1001 1 1 0.41809 0.41809 2 
-1963.92 -1979.29 -50 -0.206399 -0.187665 0.658448 54.513 22 211652094 1001 1 1 0 0 1 
663.681 -583.17 -50 0.0539152 -0.0386944 0.877714 51.5346 22 211679066 1005 1 1 0.681726 0.681726 2 
-1949.23 -1253.11 -50 -0.124349 -0.161998 1.00265 51.7763 22 211679515 1001 1 1 0.475162 0.475162 3 
1873.79 -819.812 -50 0.0968292 -0.0681142 0.290565 56.1137 22 211724464 1001 1 1 0 0 1 
-1194.63 -404.231 -50 -0.132414 -0.206978 1.18949 52.4734 22 211809888 1001 1 1 1.03616 1.03616 4 
-1178.26 -1502.69 -50 -0.0442011 -0.044063 0.180207 57.1955 22 212000645 1001 1 1 0.0301733 0.0301733 2 
-1981.91 1031.46 -50 -0.0882448 0.0364198 0.643853 51.5941 22 212030877 1001 1 1 0.53215 0.53215 6 
1096.09 1218.13 -50 0.0491015 0.0626678 0.64169 52.2036 22 212078784 1001 1 1 0.0286573 0.0286573 2 
1746.16 -303.368 -50 0.161993 -0.0401455 1.33376 51.4357 22 212083632 1001 1 1 0 0 1 
-969.268 1793.26 -50 -0.0709451 0.100222 0.916994 51.679 22 212124766 1001 1 1 0 0 1 
-1646.7 966.062 -50 -0.11473 0.0519707 1.04028 51.414 22 212174014 1001 1 1 0.136545 0.136545 2 
-1512.52 -481.114 -50 -0.0541206 -0.0560696 0.288027 54.8119 22 212221998 1001 1 1 0.13697 0.13697 2 
-1667.9 -1210.58 -50 -0.106882 -0.0717755 0.932578 51.4355 22 212328658 1001 1 1 0.667279 0.667279 2 
-1442.12 -402.497 -50 -0.167084 -0.0302821 1.48514 52.2316 22 212365599 1001 1 1 0 0 1 
-199.455 1242.85 -50 -0.0177522 0.0524334 0.59334 51.7577 22 212455246 1001 1 1 0.515567 0.515567 6 
1618.41 -426.97 -50 0.00350396 -0.0942253 0.563635 53.5843 22 212613807 1001 1 1 0.320071 0.320071 3 
-1463.91 1473.71 -50 -0.0721002 0.0866732 0.753895 51.7312 22 212682576 1001 1 1 0 0 1 
-1619.68 944.522 -50 -0.0780475 0.053022 0.764692 51.5818 22 212695943 1001 1 1 0.503878 0.503878 2 
1287.83 1598.56 -50 0.0910952 0.106728 0.96026 51.4793 22 212779712 1001 1 1 0 0 1 
513.196 1835.46 -50 0.0174024 0.040283 0.343703 51.955 22 212879519 1001 1 1 0 0 1 
1499.48 -1973 -50 0.0768731 -0.086338 0.657264 52.2791 22 212894499 1001 1 1 0.524207 0.524207 5 
1286.45 494.804 -50 0.0818992 0.0278182 0.939393 51.2003 22 213012028 1001 1 1 0.797553 0.797553 4 
557.687 1780.63 -50 -0.00193982 0.0223485 0.462823 51.7595 22 213015983 1001 1 1 0.390887 0.390887 6 
1582.57 62.723 -50 0.079885 0.00540934 0.738429 51.1115 22 213114739 1001 1 1 0.489267 0.489267 4 
681.226 1428.73 -50 0.0625093 0.132017 1.45471 51.2067 22 213232991 1001 1 1 0 0 1 
1497.13 -1166.56 -50 0.148317 -0.0978613 1.47822 51.6386 22 213303546 1001 1 1 0 0 1 
-955.451 743.607 -50 -0.0263574 0.0405755 0.400437 51.3405 22 213611233 1001 1 1 0.277652 0.277652 5 
-1454.33 -1225.32 -50 -0.127318 -0.118588 1.31106 51.2465 22 213629624 1001 1 1 1.15586 1.15586 3 
-1468.98 -422.478 -50 -0.147808 -0.0484688 1.57326 51.1547 22 213647338 1001 1 1 0 0 1 
533.78 103.021 -50 0.0184067 0.000178892 0.63425 50.9809 22 213660558 1001 1 1 0.249754 0.249754 2 
1806.02 -946.611 -50 0.144733 -0.0934013 1.36444 51.7845 22 213837134 1001 1 1 0.797425 0.797425 2 
-1900.59 -294.593 -50 -0.156631 -0.0253166 1.22531 51.2113 22 213859183 1001 1 1 0 0 1 
942.177 59.9557 -50 0.0422996 0.00551551 0.665248 52.0953 22 213863735 1001 1 1 0 0 1 
-545.382 1498.01 -50 -0.0433072 0.0833882 0.857749 51.5303 22 213898564 1001 1 1 0.00195386 0.00195386 2 
-1916.34 -925.933 -50 -0.0683121 -0.0287458 0.523485 51.496 22 213914571 1001 1 1 0.131806 0.131806 2 
-1086.71 1464.97 -50 -0.112669 0.154585 1.4104 51.4865 22 213928772 1001 1 1 0 0 1 
1159.55 -992.948 -50 0.116736 -0.109318 1.64289 51.2081 22 214058017 1001 1 1 0 0 1 
248.465 -708.243 -50 -0.0145587 -0.0690052 0.787952 51.0789 22 214177212 1001 1 1 0 0 1 
593.093 -388.501 -50 0.0478232 -0.0181368 1.17495 51.0814 22 214179444 1001 1 1 0 0 1 
-169.258 -1088.65 -50 0.0968777 -0.000938771 0.606171 53.1352 22 214236402 1001 1 1 0.521212 0.521212 4 
-7.23451 1129.01 -50 0.00919014 0.045118 0.638271 51.5518 22 214279722 1010 1 1 0.0183534 0.0183534 2 
836.584 -783.594 -50 0.0422589 -0.0275558 0.596093 51.6274 22 214352831 1009 1 1 0.471137 0.471137 3 
-502.379 155.956 -50 -0.0247284 -0.00104293 0.898085 50.9553 22 214388673 1001 1 1 0 0 1 
-1234.27 1206.67 -50 -0.0382186 0.0400864 0.414628 52.6888 22 214454161 1001 1 1 0.106949 0.106949 3 
-1764.72 321.431 -50 -0.108582 0.0155323 0.885199 51.2896 22 214486757 1001 1 1 0.167809 0.167809 3 
1692.09 -1365.28 -50 0.17269 -0.00890609 0.519951 54.998 22 214614327 1001 1 1 0.46315 0.46315 7 
-1282.44 1049.19 -50 -0.0437307 0.0309184 0.470557 52.2025 22 214677517 1001 1 1 0 0 1 
1748.76 -1793.2 -50 0.158846 -0.164704 1.36264 51.7077 22 215008919 1001 1 1 0 0 1 
-1577.87 1359.33 -50 -0.0941322 0.0834752 1.03123 51.8812 22 215113137 1001 1 1 0 0 1 
-260.482 -162.527 -50 -0.013256 -0.00723495 0.452387 51.0695 22 215195042 1001 1 1 0 0 1 
-872.053 -1114.86 -50 0.018684 0.00197863 0.277905 52.4348 22 215207599 1001 1 1 0.131664 0.131664 2 
-383.92 136.034 -50 -0.0234812 0.00947299 0.845334 51.8184 22 215217149 1001 1 1 0.671886 0.671886 4 
-1209.14 421.428 -50 -0.0748362 0.0137752 0.870897 51.24 22 215221409 1012 1 1 0 0 1 
1817.54 1743.59 -50 0.189818 0.166871 1.36513 52.3701 22 215378912 1001 1 1 0.753325 0.753325 2 
-1559.81 598.284 -50 -0.116254 0.0588505 1.12698 51.4486 22 215389020 1001 1 1 0 0 1 
-965.231 1238.31 -50 -0.0652231 0.0632065 0.745976 53.2329 22 215558203 1001 1 1 0.626499 0.626499 3 
-7.3755 -847.277 -50 0.00412218 -0.0395187 0.605789 52.8253 22 215645566 1001 1 1 0 0 1 
-625.811 -651.468 -50 -0.0694367 -0.073028 0.530214 52.2655 22 215663992 1001 1 1 0 0 1 
575.135 718.853 -50 0.0190647 0.0533596 0.822029 51.8764 22 215698152 1001 1 1 0.459405 0.459405 2 
677.155 -1458.7 -50 0.0452554 -0.114609 1.26814 51.3296 22 215949318 1001 1 1 0 0 1 
-487.565 1072.27 -50 -0.0487753 0.0555232 0.896132 51.4402 22 216052871 1001 1 1 0.585631 0.585631 3 
517.429 1560.89 -50 0.0202839 0.079215 0.323034 55.0526 22 216175327 1001 1 1 0.244134 0.244134 6 
1982.84 -889.074 -50 0.094408 -0.0357579 0.724885 51.5021 22 216359450 1001 1 1 0 0 1 
-1916.4 -1537.66 -50 -0.107818 -0.0702371 0.717942 52.1739 22 216390890 1001 1 1 0.0610682 0.0610682 2 
-819.446 -843.447 -50 -0.0671778 -0.0588093 0.95259 51.5038 22 216425594 1001 1 1 0.296164 0.296164 2 
-981.631 -27.4466 -50 -0.0281314 -0.00599549 0.546635 51.3715 22 216425727 1018 1 1 0.110333 0.110333 3 
-459.417 882.759 -50 -0.0454669 0.0828015 1.20808 51.231 22 216518021 1001 1 1 0 0 1 
103.906 961.898 -50 0.0124954 0.0423236 0.736376 52.6993 22 216521188 1001 1 1 0 0 1 
891.327 -1313.16 -50 0.0741519 -0.0754308 0.964159 51.5788 22 216546618 1001 1 1 0 0 1 
967.572 -1800.09 -50 -0.0093767 -0.0190844 0.172771 52.1915 22 216655979 1001 1 1 0 0 1 
-1325.21 1505.68 -50 -0.0804209 0.0698164 0.758178 51.7523 22 216742885 1001 1 1 0 0 1 
189.844 38.8803 -50 0.00490796 -0.000253122 0.528361 52.2505 22 216826244 1001 1 1 0.0960091 0.0960091 2 
-1555.05 754.76 -50 -0.0662449 0.0201138 0.549324 52.2842 22 216831260 1001 1 1 0.0525084 0.0525084 2 
-1496.52 1007.56 -50 -0.090558 0.0742966 1.06421 51.6901 22 216835954 1001 1 1 0 0 1 
-1351.82 1653.52 -50 -0.209563 0.224638 0.96724 52.9825 22 216846728 1008 1 1 0 0 1 
-419.586 -1314.41 -50 -0.0306234 -0.119824 1.15585 51.6206 22 216850680 1001 1 1 0 0 1 
510.007 -842.3 -50 -0.0168465 -0.143565 0.659606 52.7362 22 217001439 1001 1 1 0 0 1 
610.422 249.188 -50 0.0157137 0.012782 0.388101 51.3596 22 217043956 1001 1 1 0.280067 0.280067 6 
-534.462 -1243.01 -50 -0.0510467 -0.0888791 1.05807 51.665 22 217064388 1001 1 1 0.336203 0.336203 2 
633.341 -976.827 -50 0.0321484 -0.0697358 0.926054 51.1257 22 217202218 1001 1 1 0.871718 0.871718 8 
377.406 1592.27 -50 0.0336897 0.0832844 0.688379 51.7174 22 217202860 1010 1 1 0.582808 0.582808 4 
311.701 1131.58 -50 0.00946023 0.0355144 0.511938 51.1203 22 217396298 1001 1 1 0.0248555 0.0248555 2 
-336.758 538.032 -50 0.0283934 -0.0162869 0.523188 53.7095 22 217412618 1001 1 1 0.436972 0.436972 8 
-1187.96 -1623.03 -50 -0.0393305 -0.0440345 0.480772 51.4871 22 217412877 1001 1 1 0 0 1 
-1332.63 -1125.48 -50 -0.106775 -0.0818728 1.00614 51.8394 22 217681621 1001 1 1 0.806072 0.806072 2 
1470.48 -1595.43 -50 0.0951965 -0.104277 1.06665 51.7915 22 217709545 1001 1 1 0.629995 0.629995 2 
160.325 806.633 -50 0.00629982 0.0288983 0.535292 50.8672 22 217724186 1001 1 1 0.0454924 0.0454924 3 
-166.66 -1909.31 -50 -0.0791476 -0.0499424 0.699568 52.6654 22 218196325 1001 1 1 0 0 1 
-553.496 -125.923 -50 -0.0628825 0.00974013 1.47001 51.443 22 218271345 1001 1 1 0 0 1 
-974.249 -1940.54 -50 -0.00476668 -0.0164362 0.0443119 56.1027 22 218434563 1001 1 1 0.0474583 0.0474583 4 
495.125 1461.91 -50 0.026456 0.109266 0.985968 51.4487 22 218749572 1001 1 1 0.737468 0.737468 4 
-338.471 -1623.15 -50 -0.0155303 -0.155418 1.23038 51.762 22 218774287 1001 1 1 0 0 1 
1076.05 649.615 -50 0.0614188 0.0223665 0.694764 52.1289 22 218841909 1001 1 1 0 0 1 
169.558 -1411.8 -50 0.0159772 -0.0692474 0.630584 52.6738 22 218965552 1001 1 1 0.392343 0.392343 4 
1587.1 428.873 -50 0.0218067 0.0386218 0.596169 52.6842 22 219275711 1001 1 1 0.0928067 0.0928067 2 
224.425 -948.629 -50 0.0318851 -0.0705206 1.1576 51.1153 22 219445766 1001 1 1 0 0 1 
-1701.01 -140.435 -50 -0.00749961 -0.0171644 0.156938 52.4953 22 219488184 1001 1 1 0.0036968 0.0036968 2 
-260.292 722.721 -50 -0.0132882 0.0473722 1.20002 51.1859 22 219519098 1001 1 1 0.467053 0.467053 3 
1613.71 1837.23 -50 0.124188 0.170065 1.33553 51.8571 22 219522776 1001 1 1 0 0 1 
-72.4016 -106.779 -50 0.00453742 -0.0219738 1.3127 51.1327 22 219533798 1001 1 1 0 0 1 
128.187 1568.86 -50 0.0147786 0.0862736 0.700508 51.6659 22 219548327 1001 1 1 0.258549 0.258549 3 
746.8 -1020.59 -50 -0.0104745 0.0085895 0.139383 53.2209 22 219584690 1001 1 1 0.0402804 0.0402804 3 
-1072.85 -1820.88 -50 -0.0333176 -0.0587334 0.483396 51.413 22 219596999 1001 1 1 0.280667 0.280667 2 
284.16 -1464.48 -50 0.0425404 -0.147268 1.36417 51.7488 22 219626169 1001 1 1 0 0 1 
1788.98 -1892.36 -50 0.0772971 -0.0777621 0.605415 53.323 22 219763469 1001 1 1 0.418467 0.418467 5 
710.213 -965.592 -50 0.0432704 -0.0700515 1.01783 51.09 22 219810851 1001 1 1 0 0 1 
1440.17 -312.823 -50 0.103971 -0.0147897 1.00019 51.1945 22 219906517 1010 1 1 0.63939 0.63939 2 
78.1091 1659.31 -50 -0.00793303 0.133666 1.17894 51.4813 22 219940805 1001 1 1 0 0 1 
654.415 -578.254 -50 0.0214821 -0.0315876 0.576437 52.0071 22 219986820 1001 1 1 0.577673 0.577673 8 
-1234.99 -1185.24 -50 -0.123756 -0.147313 1.76691 51.4503 22 220057711 1001 1 1 0 0 1 
-1171.37 -1875.14 -50 -0.0809707 -0.110486 0.873899 51.8864 22 220110132 1001 1 1 0 0 1 
-757.924 1118.88 -50 -0.0301304 0.0730997 0.751146 51.8669 22 220141207 1001 1 1 0.677951 0.677951 8 
957.638 941.032 -50 0.0223301 0.133633 0.643569 52.6185 22 220372568 1001 1 1 0 0 1 
1491.58 -1654.08 -50 0.166174 -0.183029 1.5933 51.3905 22 220377154 1001 1 1 0 0 1 
721.256 1480.08 -50 0.0117342 0.00915067 0.148378 51.6122 22 220380254 1001 1 1 0.0783328 0.0783328 6 
273.349 1411.81 -50 0.0416988 0.207385 2.26313 51.3137 22 220424390 1001 1 1 0 0 1 
-234.824 -1989.77 -50 -0.00682869 -0.106727 0.852764 51.4764 22 220504847 1001 1 1 0.463791 0.463791 2 
1731.32 -1275.75 -50 0.177784 -0.117182 0.569652 54.2343 22 220548610 1001 1 1 0 0 1 
427.243 -1030 -50 0.0206203 -0.0282632 0.463865 52.6308 22 220568216 1001 1 1 0 0 1 
1185.24 677.79 -50 0.0621336 0.047551 0.869069 51.6338 22 220575705 1001 1 1 0.597542 0.597542 4 
1081.86 1136.86 -50 0.0344355 0.0375232 0.547855 51.5109 22 220585753 1001 1 1 0.203308 0.203308 4 
460.299 1465.82 -50 0.0386295 0.112068 1.20281 51.3 22 220655518 1001 1 1 0.599821 0.599821 3 
452.908 -1365.36 -50 0.0141762 -0.0447511 0.507696 51.1101 22 220748351 1001 1 1 0 0 1 
-54.4726 -960.296 -50 -0.00541336 -0.0379559 0.748296 51.2611 22 220811280 1001 1 1 0.0368044 0.0368044 2 
1664.76 -1686.29 -50 0.115454 -0.12294 0.98349 51.746 22 220888564 1001 1 1 0.376642 0.376642 2 
-439.395 -368.871 -50 -0.0189395 -0.0127859 0.715941 52.6054 22 220917546 1001 1 1 0 0 1 
-654.27 -1510.5 -50 -0.0354115 -0.0731397 0.737944 51.1743 22 220931294 1001 1 1 0.65305 0.65305 8 
221.277 982.174 -50 0.0180025 0.0177165 0.0846254 54.2204 22 220951309 1001 1 1 0.010987 0.010987 2 
-475.022 -908.201 -50 -0.0462018 0.00199306 0.912284 51.1742 22 220984279 1001 1 1 0 0 1 
-1710.42 -1066.04 -50 -0.0873179 -0.0539261 0.721886 51.3374 22 221216787 1001 1 1 0 0 1 
1060.04 -1992.41 -50 0.10698 -0.157762 1.22019 52.2797 22 221332325 1001 1 1 1.00781 1.00781 7 
1256.14 -1811.05 -50 0.0405926 -0.0755504 0.517122 51.8691 22 221383512 1001 1 1 0.254664 0.254664 2 
-432.652 -1908.56 -50 -0.00988711 -0.144367 1.34695 52.0888 22 221411529 1001 1 1 0 0 1 
-352.101 -63.1968 -50 -0.0226071 -0.0106689 1.02395 52.4741 22 221447254 1001 1 1 0.121369 0.121369 2 
1633.36 -1687.73 -50 0.179341 -0.175064 1.42316 52.0153 22 221597225 1001 1 1 1.27959 1.27959 3 
373.877 1990.1 -50 0.0484703 0.256723 1.24839 51.9939 22 221642623 1001 1 1 0 0 1 
1236.61 -201.214 -50 0.0932206 -0.0949916 0.691043 54.2631 22 221730225 1009 1 1 0 0 1 
613.227 -185.587 -50 0.040191 0.00540927 0.84857 51.331 22 222078320 1001 1 1 0.300133 0.300133 2 
-1958.21 -1151.35 -50 -0.139014 -0.0774691 1.02525 51.5967 22 222110278 1001 1 1 0 0 1 
872.347 -1901.17 -50 0.0776283 -0.162305 1.31897 51.4249 22 222168487 1001 1 1 0 0 1 
-1893.46 378.276 -50 -0.144424 0.169877 1.2524 52.0098 22 222233332 1001 1 1 0 0 1 
-867.772 1629.98 -50 -0.0382662 0.0815569 0.763107 51.332 22 222335281 1001 1 1 0.374745 0.374745 3 
-939.306 -1540.87 -50 -0.0205807 -0.036838 0.339005 51.5306 22 222338148 1028 1027 1 0.18016 0.18016 2 
1995.34 -129.672 -50 0.177662 -0.00644242 1.37717 51.479 22 222425224 1001 1 1 0 0 1 
138.861 1295.76 -50 -0.00705916 0.0772628 0.995163 51.6272 22 222582465 1001 1 1 0.794351 0.794351 2 
54.4562 -1677.77 -50 -0.0084683 -0.0892219 0.672036 51.9223 22 222600888 1001 1 1 0.0580684 0.0580684 2 
-311.762 -242.015 -50 -0.0154214 -0.00843941 0.623605 51.0021 22 222610951 1001 1 1 0.555515 0.555515 8 
83.1749 -329.531 -50 0.00213328 -0.0166166 0.943182 50.9528 22 222657694 1001 1 1 0 0 1 
471.986 -501.607 -50 0.0691944 -0.078564 1.94946 50.8375 22 222735608 1001 1 1 0 0 1 
-738.542 1280 -50 -0.0248553 0.00615889 0.105276 54.2145 22 222816150 1001 1 1 0.0244885 0.0244885 2 
-1415.08 -1264.4 -50 -0.0648395 -0.0641895 0.650732 51.6549 22 222973978 1001 1 1 0 0 1 
4.36721 -109.99 -50 0.00175875 -0.0122079 1.26989 50.9094 22 222994570 1001 1 1 1.16082 1.16082 7 
1589.45 -762.326 -50 0.120376 -0.0378027 1.04694 53.7208 22 223149514 1001 1 1 0 0 1 
-955.078 334.292 -50 -0.0419287 0.0255771 0.658858 51.6217 22 223180382 1001 1 1 0.145837 0.145837 2 
-219.531 640.067 -50 -0.00703593 0.0179909 0.445662 53.059 22 223281104 1001 1 1 0 0 1 
1806.08 353.877 -50 0.0524603 0.00823535 0.432948 51.4692 22 223358404 1001 1 1 0 0 1 
203.792 108.64 -50 0.0145657 0.0130707 0.589803 51.3358 22 223388933 1001 1 1 0.406403 0.406403 3 
-482.238 -933.874 -50 -0.0438485 -0.0999211 1.45022 50.8575 22 223502621 1001 1 1 0 0 1 
938.505 368.725 -50 0.0502712 0.0698186 0.31048 54.1024 22 223560631 1001 1 1 0.0465312 0.0465312 3 
-148.725 -1221.56 -50 -0.0114722 -0.0564024 0.859674 51.5825 22 224124320 1011 1 1 0.337081 0.337081 2 
-1383.26 -1365.94 -50 -0.0887286 -0.122089 0.405732 56.0633 22 224185960 1001 1 1 0 0 1 
875.669 -592.224 -50 0.0471584 -0.014247 0.571717 52.1518 22 224281094 1001 1 1 0.249321 0.249321 2 
-330.066 -229.498 -50 -0.0130277 -0.000586433 0.812276 51.7114 22 224306882 1001 1 1 0 0 1 
-529.077 -914.983 -50 -0.0468397 -0.0739579 1.3231 51.0281 22 224314502 1001 1 1 0 0 1 
-654.858 1860.69 -50 -0.0246537 0.109285 0.767867 52.2976 22 224349848 1001 1 1 0.547959 0.547959 3 
79.7721 -67.5907 -50 0.00410537 0.00396685 1.07629 50.9007 22 224387352 1001 1 1 0.192862 0.192862 2 
-1347.19 -1165.49 -50 -0.0595505 -0.0542161 0.716321 51.2557 22 224505429 1001 1 1 0 0 1 
1966.33 -1778.73 -50 0.130205 -0.122355 0.988326 51.8103 22 224761189 1001 1 1 0 0 1 
1064.3 -1686.68 -50 -0.00256238 -0.00926295 0.13335 51.9241 22 224962219 1001 1 1 0.00343791 0.00343791 2 
1220.22 1201.1 -50 0.0491825 0.0500872 0.590162 51.3902 22 224975848 1001 1 1 0 0 1 
-1595.01 -1521.4 -50 -0.0137367 -0.00581851 0.0391106 55.9766 22 224988150 1001 1 1 0.0418308 0.0418308 3 
1639.81 1551.32 -50 0.183887 0.155578 1.58838 51.5709 22 225022025 1001 1 1 0.0364224 0.0364224 2 
-573.142 -773.668 -50 -0.0585252 -0.113959 0.650836 52.0099 22 225030579 1001 1 1 0.404445 0.404445 3 
699.209 -1176.34 -50 0.0190346 -0.0342994 0.441284 52.6814 22 225065322 1011 1 1 0.0789447 0.0789447 2 
-359.414 -1677.87 -50 -0.033235 -0.0944783 0.866378 51.5632 22 225125210 1001 1 1 0 0 1 
346.506 1381.78 -50 0.0183863 0.105156 1.10613 51.2356 22 225249818 1063 1 1 0.84086 0.84086 2 
298.239 -1389.01 -50 -0.02185 -0.0136135 0.156957 53.4942 22 225335447 1001 1 1 0 0 1 
-1845.66 -1018.52 -50 -0.0677178 -0.0301305 0.519116 51.5771 22 225361377 1001 1 1 0.360249 0.360249 3 
-1491.09 1655.6 -50 -0.0491214 0.0633071 0.533389 51.8551 22 225408254 1001 1 1 0.263051 0.263051 4 
1544.65 1240.14 -50 0.0390786 -0.0306085 0.90346 52.3313 22 225714675 1001 1 1 0.793611 0.793611 8 
-355.812 1786.05 -50 -0.00948237 0.160159 1.19585 51.8111 22 225751424 1007 1 1 0.862323 0.862323 3 
-1114.94 -1541.12 -50 -0.0193545 -0.036606 0.122073 53.9457 22 225967423 1012 1 1 0.078466 0.078466 9 
-1530.62 -1315.86 -50 -0.0788354 -0.0694712 0.773613 51.4455 22 225995468 1001 1 1 0.0332972 0.0332972 2 
-732.602 -1484.58 -50 -0.0535944 -0.0726408 0.814166 51.7474 22 225997477 1001 1 1 0.542423 0.542423 2 
132.56 -1228.21 -50 0.00299848 -0.0350249 0.501457 51.2004 22 226085471 1001 1 1 0.450828 0.450828 11 
955.292 1105.63 -50 0.114286 -0.0402587 0.684771 53.0045 22 226155191 1001 1 1 0.43098 0.43098 4 
1317.88 -1535.22 -50 0.0805834 -0.116838 0.967176 51.9543 22 226233885 1001 1 1 0.512232 0.512232 4 
1911.73 -1756 -50 0.0859437 -0.07819 0.656473 51.6529 22 226321259 1010 1 1 0 0 1 
-750.136 -290.151 -50 -0.0238911 -0.00791588 0.454363 50.9365 22 226367285 1034 1 1 0.257985 0.257985 2 
1661.53 -824.352 -50 0.0667262 -0.0338813 0.575479 51.3866 22 226606323 1001 1 1 0 0 1 
-1024.98 1403.29 -50 -0.0276363 0.0401984 0.516752 51.7805 22 226685389 1008 1 1 0.327316 0.327316 3 
697.384 -1512.25 -50 0.0412674 -0.0972752 0.899084 51.2021 22 226905263 1001 1 1 0 0 1 
1005.57 1913.74 -50 0.073387 0.146892 1.13295 51.6168 22 227048236 1001 1 1 0.700135 0.700135 3 
-1513.07 1533.22 -50 -0.198741 0.212681 2.04226 51.5002 22 227053291 1001 1 1 0 0 1 
-779.287 192.171 -50 -0.0332822 0.00603836 0.605123 50.9254 22 227100026 1022 1 1 0.109281 0.109281 2 
38.7153 -212.949 -50 0.00519654 -0.0175272 1.13704 50.8111 22 227167261 1001 1 1 0.357812 0.357812 3 
1715.74 -645.991 -50 0.061558 -0.0201706 0.469174 52.0522 22 227306264 1001 1 1 0 0 1 
-366.483 1609.71 -50 -0.0140496 0.116524 1.06045 51.4128 22 227368061 1001 1 1 0 0 1 
201.995 1064.96 -50 0.00560556 0.0326232 0.354053 51.3333 22 227387964 1001 1 1 0 0 1 
-468.694 1533.91 -50 -0.0343747 0.136865 1.28739 51.2449 22 227500999 1001 1 1 1.05411 1.05411 2 
792.676 -229.554 -50 0.0268756 -0.0126823 0.642268 51.2186 22 227591809 1001 1 1 0 0 1 
1018.88 -1508.87 -50 0.049136 -0.0550906 0.577432 51.822 22 227730931 1001 1 1 0.326399 0.326399 2 
1347.35 -1230.05 -50 0.0849962 -0.0837202 0.975475 51.1927 22 227764417 1001 1 1 0 0 1 
151.289 -761.339 -50 0.0758305 -0.162163 0.883045 53.9828 22 228231323 1001 1 1 0.265673 0.265673 2 
-941.381 -1167.69 -50 -0.0447766 -0.0593073 0.71843 51.1558 22 228344986 1001 1 1 0 0 1 
-861.936 -1109.91 -50 -0.0369558 -0.0476804 0.604522 51.1906 22 228423665 1001 1 1 0 0 1 
534.057 -1548.71 -50 0.0419761 -0.109563 1.24596 51.6337 22 228433737 1001 1 1 0 0 1 
-560.271 -577.776 -50 -0.0176052 -0.0179848 0.470618 51.0112 22 228522739 1001 1 1 0.00876965 0.00876965 2 
-1070.36 1220.07 -50 -0.0602795 0.0954428 0.984263 52.8061 22 228547659 1001 1 1 0.608045 0.608045 3 
765.574 312.259 -50 0.102875 0.0325691 1.85069 51.0791 22 228561082 1001 1 1 0.356691 0.356691 2 
1779.24 -412.161 -50 0.114567 -0.0351444 0.976127 51.3589 22 228829831 1001 1 1 0.765874 0.765874 3 
-1097.37 -1762.87 -50 -0.0721263 -0.143608 1.18589 51.5753 22 228967994 1001 1 1 0.926933 0.926933 2 
274.922 -541.765 -50 0.0244831 -0.0408471 1.6123 52.71 22 229017130 1001 1 1 0.590538 0.590538 2 
-1026.17 -1112.29 -50 -0.0487266 -0.0435602 0.642115 52.1217 22 229137260 1001 1 1 0.363 0.363 2 
-1103.9 420.625 -50 -0.114299 0.0274755 1.41926 51.2703 22 229403228 1001 1 1 1.42408 1.42408 7 
-1472.73 849.51 -50 -0.162885 0.0710517 1.61803 52.1691 22 229467708 1001 1 1 0.532007 0.532007 2 
1569.89 -885.085 -50 0.0827307 -0.0470268 0.849058 51.3226 22 229552912 1014 1 1 0 0 1 
-1319.92 -1131.79 -50 0.00407995 -0.148592 0.80675 52.5061 22 229599872 1001 1 1 0 0 1 
1997.01 955.156 -50 0.117939 -0.0465625 1.04118 52.0134 22 229825138 1001 1 1 0 0 1 
-1866.01 -1784.57 -50 -0.0869739 -0.0982315 0.788709 51.8793 22 229840406 1001 1 1 0.566313 0.566313 2 
-982.59 1483.9 -50 -0.0792564 0.104142 1.01163 51.5647 22 229887179 1001 1 1 0.881 0.881 6 
504.537 618.747 -50 0.0520061 0.0295892 1.03435 51.7937 22 229951924 1001 1 1 0.129404 0.129404 2 
1963.12 1895.84 -50 0.195621 0.155639 0.887508 52.5937 22 229975677 1001 1 1 0.592535 0.592535 3 
658.21 1592.22 -50 0.0189017 0.0459744 0.461793 51.171 22 230107010 1001 1 1 0.0724319 0.0724319 2 
1304.82 -358.15 -50 0.143534 -0.0150856 1.68728 51.3604 22 230283265 1001 1 1 0 0 1 
1134.47 229.014 -50 0.143655 0.0527319 1.65569 51.5519 22 230327538 1001 1 1 0.581896 0.581896 2 
1330.74 553.297 -50 0.0627786 0.0423489 0.785714 51.7207 22 230382169 1001 1 1 0 0 1 
-532.823 -1683.34 -50 -0.0739655 -0.235847 2.06062 51.1616 22 230443362 1001 1 1 0 0 1 
1043.47 1776.74 -50 0.0877901 0.144337 1.24297 51.1473 22 230482507 1001 1 1 0 0 1 
-703.106 776.199 -50 -0.0261115 0.027932 0.538883 50.9406 22 230531454 1001 1 1 0.407244 0.407244 3 
-829.197 -1221.44 -50 -0.0610142 -0.0937862 0.936556 51.399 22 230565100 1001 1 1 0 0 1 
-302.433 -1459.76 -50 -0.0288334 -0.168299 1.46203 51.8571 22 230572281 1001 1 1 0 0 1 
1338.97 1059.31 -50 0.0657475 0.0457222 0.619971 52.013 22 230736114 1001 1 1 0 0 1 
1725.15 -336.467 -50 0.0579292 -0.0044785 0.519239 51.4121 22 230812937 1001 1 1 0.337058 0.337058 3 
-48.2516 40.3284 -50 -0.0110963 -0.00325961 0.998983 51.0936 22 230844807 1001 1 1 0.853951 0.853951 6 
-1562.72 1891.45 -50 -0.221231 0.0979738 1.17217 52.0875 22 230982961 1001 1 1 0 0 1 
1124.9 1389.67 -50 0.125768 0.153983 1.53331 51.5042 22 231040207 1001 1 1 0 0 1 
85.9203 -668.432 -50 0.0123455 -0.0524875 1.22686 51.1585 22 231097083 1001 1 1 1.13129 1.13129 6 
1577.73 -1093.45 -50 0.176152 -0.103971 1.44875 51.8136 22 231181187 1001 1 1 0.230422 0.230422 2 
1979.44 -1938.83 -50 0.101929 -0.0955689 0.718728 51.9729 22 231200998 1001 1 1 0 0 1 
-968.145 -693.779 -50 -0.064924 -0.0371966 1.07193 51.3356 22 231245512 1001 1 1 0.085546 0.085546 2 
1296.97 -1219.93 -50 0.0804387 -0.0789275 0.932567 51.1993 22 231251495 1001 1 1 0.859453 0.859453 8 
857.838 1791.36 -50 0.030975 0.0698615 0.582335 52.904 22 231312863 1001 1 1 0 0 1 
1176.88 -1084.56 -50 0.103324 -0.0903647 1.3101 51.3254 22 231626962 1022 1 1 0.428989 0.428989 2 
-224.948 95.2095 -50 -0.0136352 -0.00396982 0.410205 51.4354 22 231747851 1001 1 1 0 0 1 
-1045.31 1890.01 -50 -0.149555 0.290827 2.24415 51.4601 22 231825158 1001 1 1 0 0 1 
633.017 445.939 -50 0.0462623 0.0283504 0.844465 51.1569 22 231838645 1001 1 1 0.290805 0.290805 3 
-1188.13 -772.416 -50 -0.0367296 -0.027848 0.402625 51.5483 22 231942697 1001 1 1 0 0 1 
-597.059 -241.133 -50 -0.0473705 -0.0327008 1.35207 51.0137 22 231978379 1001 1 1 0 0 1 
-118.697 -998.755 -50 -0.0188874 -0.0780229 0.476034 53.0374 22 232009742 1001 1 1 0.305613 0.305613 3 
-1852.46 535.476 -50 -0.211118 0.0564841 1.69486 51.2919 22 232018182 1001 1 1 1.70885 1.70885 16 
-218.631 -1361.33 -50 0.0394259 -0.0889329 0.296422 54.4818 22 232102832 1001 1 1 0 0 1 
-967.438 126.91 -50 -0.00849139 0.0315057 0.274372 51.5889 22 232169716 1001 1 1 0 0 1 
-1270.81 -1437.07 -50 -0.103503 -0.136326 1.25264 51.4875 22 232171366 1001 1 1 0.0781996 0.0781996 2 
-1816.42 -165.038 -50 -0.1163 -1.59726e-05 0.979461 51.3964 22 232185421 1001 1 1 0 0 1 
-1265.24 469.539 -50 -0.0908859 0.0336626 1.07787 51.1863 22 232206596 1001 1 1 0.976684 0.976684 5 
-1363.12 1137.73 -50 -0.0448198 0.0287049 0.486175 52.6384 22 232306178 1001 1 1 0.43941 0.43941 11 
465.143 -145.437 -50 0.0334945 -0.0117752 0.859537 51.0653 22 232344779 1001 1 1 0.731579 0.731579 5 
1022.43 516.466 -50 0.075201 0.0440896 1.17411 51.2221 22 232361781 1001 1 1 0 0 1 
1239.49 -407.585 -50 0.101031 -0.0260297 1.16104 51.1209 22 232434465 1001 1 1 0.663223 0.663223 4 
978.558 -616.383 -50 0.0402781 -0.0173115 0.755532 51.8699 22 232525837 1001 1 1 0.664447 0.664447 8 
1209.16 1309.12 -50 0.0332 0.0199973 0.208399 51.9021 22 232715503 1001 1 1 0.0828558 0.0828558 2 
-1240.39 37.2536 -50 -0.14379 -0.000891619 1.71543 51.1074 22 232895727 1001 1 1 1.67083 1.67083 9 
-1370.48 -1990.3 -50 -0.0958745 -0.147504 1.08521 51.4196 22 232942652 1001 1 1 0 0 1 
1145.09 225.018 -50 0.0570954 0.0166991 0.753424 52.7538 22 233028659 1001 1 1 0 0 1 
1540.52 1682.19 -50 0.157379 0.176275 1.35647 52.3154 22 233155699 1001 1 1 0.261219 0.261219 2 
-1132.73 192.386 -50 -0.179917 0.0163187 1.54132 51.0968 22 233158506 1001 1 1 0.288418 0.288418 2 
-1042.68 -290.648 -50 -0.119614 -0.00554452 1.39178 52.3379 22 233171804 1001 1 1 0 0 1 
-241.769 -1051.24 -50 -0.0192729 -0.100802 1.23847 51.1203 22 233359017 1001 1 1 0 0 1 
439.132 -559.639 -50 0.0150919 -0.0221692 0.512953 51.1453 22 233380611 1010 1 1 0.126416 0.126416 2 
-460.097 524.194 -50 -0.014036 0.00737909 0.490949 51.6201 22 233427663 1001 1 1 0 0 1 
166.908 -1212.18 -50 0.0265907 -0.107201 1.36729 51.0885 22 233469393 1001 1 1 0.387743 0.387743 2 
144.31 -262.007 -50 0.00713786 -0.0119273 0.461814 50.8461 22 233507261 1001 1 1 0 0 1 
-1493.06 -787.351 -50 -0.0918202 -0.0457716 0.915778 51.3446 22 233508750 1001 1 1 0 0 1 
1309.01 825.133 -50 0.100113 0.0050343 0.335917 53.3559 22 233509560 1012 1 1 0 0 1 
-592.484 -404.361 -50 -0.01583 -0.0187513 0.609481 51.1772 22 233520698 1001 1 1 0 0 1 
967.782 103.111 -50 0.00435429 0.0385229 0.4487 51.3902 22 233586376 1001 1 1 0.280799 0.280799 3 
501.387 -1516.98 -50 -0.024786 -0.0882844 0.807927 51.4603 22 233872437 1001 1 1 0 0 1 
1859.42 -1619.84 -50 0.0422752 -0.0302852 0.141159 54.4606 22 233995295 1001 1 1 0.0541863 0.0541863 3 
-197 712.776 -50 -0.025407 0.070784 1.64331 51.0031 22 234030334 1001 1 1 0 0 1 
-1631.44 1456.61 -50 -0.157283 0.0606525 0.592184 52.7073 22 234031609 1001 1 1 0 0 1 
-395.427 -487.068 -50 -0.00612064 -0.0206175 0.438826 51.3884 22 234071944 1031 1030 1 0 0 1 
1970.68 -1794.89 -50 0.210723 -0.161254 1.59213 52.1224 22 234099592 1042 1 1 0 0 1 
1553.81 -459.778 -50 0.107529 -0.0168915 1.03455 51.5266 22 234110492 1001 1 1 0.824123 0.824123 6 
657.785 -763.107 -50 0.0266445 -0.0534551 0.922354 52.1855 22 234281188 1001 1 1 0 0 1 
120.123 -1785.67 -50 0.00854745 -0.153679 1.18121 51.4102 22 234298471 1001 1 1 0 0 1 
-717.7 -772.66 -50 -0.101966 -0.0920163 1.88052 50.927 22 234360449 1001 1 1 0 0 1 
738.351 909.236 -50 -0.0706853 0.0959089 0.664093 53.1929 22 234458522 1001 1 1 0 0 1 
577.006 1460.97 -50 0.0216821 0.0474708 0.575662 51.3401 22 234477117 1001 1 1 0 0 1 
-1284.8 -297.623 -50 -0.0845353 -0.0135917 1.03887 51.3838 22 234519231 1001 1 1 0 0 1 
1752.25 -1741.12 -50 0.0846434 -0.103469 0.783651 52.9371 22 234541211 1001 1 1 0.794927 0.794927 21 
-1350.46 1665.11 -50 -0.0584008 0.0673848 0.644903 51.5012 22 234544958 1001 1 1 0 0 1 
-1450.23 127.582 -50 -0.0857539 0.0136659 0.916993 51.2938 22 234719724 1001 1 1 0 0 1 
-1454.78 -1061.42 -50 -0.244003 -0.109256 0.85091 53.4537 22 234766929 1001 1 1 0 0 1 
778.871 635.553 -50 0.018241 0.111556 0.468349 53.0623 22 234806609 1001 1 1 0.165455 0.165455 2 
-573.16 1014.92 -50 -0.0369924 0.131392 1.65482 51.6212 22 234882945 1001 1 1 0 0 1 
817.249 903.151 -50 0.0335478 0.0305974 0.491096 51.1597 22 235074746 1001 1 1 0.109423 0.109423 2 
1893.16 1389.54 -50 0.0982893 0.0692392 0.787909 51.6521 22 235098787 1001 1 1 0 0 1 
1929.56 1956.83 -50 0.152673 0.164622 1.12587 52.8523 22 235118083 1001 1 1 0.745841 0.745841 2 
97.0777 -596.753 -50 -0.00611392 -0.0104389 0.486308 51.5169 22 235235201 1001 1 1 0.182709 0.182709 3 
-386.752 -184.779 -50 -0.0473039 -0.0113051 1.44664 50.8786 22 235266519 1001 1 1 0 0 1 
-1738.25 1352.01 -50 -0.105454 0.0802877 0.71676 51.648 22 235341606 1001 1 1 0.69732 0.69732 13 
1118.2 -98.2931 -50 0.132386 0.0180185 1.83663 51.5066 22 235541175 1001 1 1 0.978929 0.978929 2 
-1744.64 -1259.28 -50 -0.0938237 -0.0650128 0.759 51.4574 22 235929151 1001 1 1 0 0 1 
1414.43 -25.8791 -50 0.05178 -0.00785066 0.487617 51.8188 22 235942964 1001 1 1 0.244413 0.244413 6 
-229.679 -44.2128 -50 -0.0147557 0.0130601 0.973025 51.4824 22 236059682 1001 1 1 0 0 1 
80.6451 1365.2 -50 -0.0137618 0.107751 1.25078 51.6047 22 236172029 1001 1 1 0.369451 0.369451 2 
-611.698 1777.32 -50 -0.0685661 0.134205 1.18437 51.6394 22 236207366 1001 1 1 0.81496 0.81496 3 
1461.46 831.429 -50 0.0723245 0.0336459 0.26533 53.4522 22 236252005 1001 1 1 0.0741421 0.0741421 4 
-1777.14 -1259.96 -50 -0.109036 -0.0793387 0.799298 52.1386 22 236258369 1001 1 1 0 0 1 
1630.49 -514.95 -50 0.12773 -0.0302889 1.15038 51.4561 22 236363407 1035 1 1 0.947845 0.947845 3 
-526.585 -1074.53 -50 -0.0200076 -0.056884 0.808773 51.1279 22 236371714 1001 1 1 0.568121 0.568121 3 
284.822 -129.746 -50 0.00521878 -0.00583738 0.370938 51.0684 22 236399861 1001 1 1 0.0499952 0.0499952 2 
-1804.42 -745.306 -50 0.00364175 0.0588096 1.04699 52.7531 22 236442667 1001 1 1 0.354484 0.354484 2 
-598.077 -1738.1 -50 -0.065819 -0.197208 1.5022 51.4394 22 236514915 1001 1 1 1.2831 1.2831 19 
-539.332 548.064 -50 -0.043876 0.0571166 1.32198 51.0457 22 236553624 1001 1 1 1.02473 1.02473 3 
-260.156 -1579.97 -50 -0.0933826 0.00343047 0.864378 52.7665 22 236599968 1001 1 1 0 0 1 
619.217 654.177 -50 0.0391793 0.0463546 0.795439 51.1133 22 236600496 1001 1 1 0.227959 0.227959 2 
1717.75 -47.6478 -50 0.127946 -0.00665816 0.951703 53.44 22 236675649 1001 1 1 0.84556 0.84556 7 
1855.36 -30.5297 -50 0.0950812 0.0198617 0.4472 52.0006 22 236824004 1001 1 1 0.0782989 0.0782989 2 
-779.314 -200.445 -50 -0.0224314 0.0420736 0.280976 52.6897 22 236961177 1001 1 1 0.139731 0.139731 3 
1565.2 -1051.39 -50 0.117969 -0.0886564 1.10758 51.4111 22 236994122 1001 1 1 0.989585 0.989585 5 
1063.77 103.73 -50 0.0723594 0.0055341 0.887156 51.2031 22 237136439 1001 1 1 0 0 1 
-152.926 -385.407 -50 -0.00743405 -0.0176452 0.703957 50.9297 22 237143612 1001 1 1 0.59397 0.59397 4 
-1960.85 1619.38 -50 -0.131673 0.106973 0.944432 51.6946 22 237213922 1001 1 1 0 0 1 
588.906 -358.669 -50 0.0251344 -0.016705 0.707976 52.4947 22 237334891 1001 1 1 0.459772 0.459772 2 
1596.53 -1607.44 -50 0.080689 -0.0904748 0.733914 52.7565 22 237349000 1001 1 1 0 0 1 
-973.374 174.681 -50 -0.0637834 0.000192836 0.89281 51.2128 22 237588194 1001 1 1 0 0 1 
-1714.68 -332.702 -50 -0.000746176 -0.0188955 0.328214 53.2167 22 237638497 1001 1 1 0.164811 0.164811 3 
-1502.77 1405.14 -50 -0.209184 0.172163 1.77466 52.0552 22 237639958 1001 1 1 0 0 1 
124.657 -574.21 -50 0.00299044 -0.0365616 1.07728 50.849 22 237694187 1001 1 1 0 0 1 
1745.41 -534.669 -50 0.0594072 -0.0305256 0.564739 51.8471 22 237795024 1001 1 1 0 0 1 
-1266.53 -630.375 -50 -0.135071 -0.0667263 1.46454 51.1593 22 237916743 1014 1 1 0 0 1 
-1320.73 -475.949 -50 -0.0757574 -0.0175316 0.733255 53.0706 22 238061508 1001 1 1 0.0174743 0.0174743 2 
-637.727 -1178.81 -50 -0.0421425 -0.0644147 0.717282 52.1849 22 238067961 1009 1 1 0.0297158 0.0297158 2 
-831.643 -2.32341 -50 -0.0634393 0.00105919 1.03798 50.8751 22 238077865 1001 1 1 0 0 1 
567.649 -1151.26 -50 0.0492269 -0.0780431 0.970141 52.9786 22 238228568 1001 1 1 0 0 1 
-1416.27 1842.42 -50 -0.0795971 0.110711 0.920754 51.854 22 238262505 1001 1 1 0.111839 0.111839 2 
-893.751 -422.685 -50 -0.031073 -0.0072974 0.460868 51.1291 22 238281088 1001 1 1 0 0 1 
-533.359 -1058.11 -50 -0.0564272 -0.0929223 1.37703 50.9232 22 238353098 1001 1 1 0 0 1 
1551.34 244.465 -50 0.0211404 0.00418864 0.122341 52.1256 22 238405264 1020 1019 1 0 0 1 
-804.845 16.0579 -50 -0.0290166 0.000746432 0.717742 51.3483 22 238484719 1001 1 1 0 0 1 
-6.25062 1985.75 -50 -0.0606735 0.0340038 0.549206 53.4529 22 238636606 1001 1 1 0.203823 0.203823 2 
-398.717 -1080.55 -50 -0.101834 -0.0109822 0.599081 53.1298 22 238650829 1001 1 1 0 0 1 
298.621 1995.16 -50 0.0131254 0.0787799 0.617451 51.4978 22 238675111 1001 1 1 0 0 1 
1717.65 172.953 -50 -0.00148431 0.0216388 0.212865 52.3187 22 238691276 1001 1 1 0.0910291 0.0910291 2 
616.509 1937.5 -50 -0.0536455 0.147636 0.40734 55.6601 22 238719743 1001 1 1 0.138499 0.138499 2 
-1316.22 -1154.74 -50 -0.0457151 -0.0439266 0.498608 51.4435 22 238749097 1001 1 1 0.325113 0.325113 6 
423.042 1493.02 -50 0.0121581 0.0549553 0.454437 51.5899 22 238866056 1001 1 1 0.0593184 0.0593184 2 
-1991.7 728.981 -50 -0.0813149 0.0255929 0.724465 51.8079 22 238954416 1001 1 1 0.326644 0.326644 2 
-1683.41 1820.81 -50 -0.0807588 0.100956 0.712354 51.9423 22 239031095 1001 1 1 0.537561 0.537561 3 
-965.049 1258.44 -50 -0.0318815 0.0316132 0.439451 52.2639 22 239037583 1001 1 1 0 0 1 
-955.573 1075.1 -50 -0.0407077 0.0291053 0.561125 51.7352 22 239048718 1001 1 1 0.563323 0.563323 12 
1534.4 1365.93 -50 0.132687 0.1073 1.13179 53.3445 22 239102711 1001 1 1 0.441652 0.441652 3 
1122.8 -1890.49 -50 0.0712969 -0.116693 0.804071 52.8796 22 239185150 1001 1 1 0.68462 0.68462 6 
1848.12 -1511.43 -50 0.146204 -0.127419 1.21627 51.5534 22 239200694 1001 1 1 0 0 1 
-416.311 -864.101 -50 -0.00638516 -0.0124567 0.0962609 52.901 22 239200812 1001 1 1 0.0259557 0.0259557 2 
-1671.2 604.879 -50 -0.0744241 0.0322604 0.7045 51.3616 22 239233945 1001 1 1 0.560354 0.560354 3 
-1853.46 1646.83 -50 -0.122642 0.103992 0.96835 51.5687 22 239312920 1001 1 1 0.8478 0.8478 6 
-1698.32 979.587 -50 -0.179778 0.115687 1.50791 51.5225 22 239357681 1001 1 1 0.105365 0.105365 2 
852.921 -253.823 -50 0.0293858 -0.0118562 0.418671 52.8991 22 239394682 1001 1 1 0.0664281 0.0664281 2 
1649.8 842.418 -50 0.135462 0.0673557 1.0757 51.7292 22 239426304 1001 1 1 0 0 1 
-667.583 -1087.58 -50 -0.0402641 -0.0423324 0.685386 51.5301 22 239461096 1001 1 1 0.623006 0.623006 8 
816.316 142.613 -50 0.0808348 0.029573 1.13953 52.0124 22 239491776 1001 1 1 0.952347 0.952347 3 
1629.13 -787.256 -50 0.169037 0.0382597 1.31899 52.0635 22 239494643 1001 1 1 0.0832337 0.0832337 2 
-1976.37 -1155.79 -50 -0.126662 -0.0855105 0.998934 51.5315 22 239529496 1001 1 1 0 0 1 
1072.52 277.644 -50 -0.00782918 -0.0296598 0.322774 52.7437 22 239589175 1001 1 1 0.150737 0.150737 4 
-1698.8 -1461.39 -50 -0.112817 -0.097103 0.956204 51.3065 22 239612160 1001 1 1 0 0 1 
1519.05 1703.18 -50 0.124187 0.148611 0.407485 57.342 22 239657148 1001 1 1 0.290654 0.290654 3 
815.92 -1893.83 -50 0.054158 -0.104565 0.859541 51.3073 22 239701874 1008 1 1 0.194012 0.194012 3 
1434.88 -1590.68 -50 0.0686887 -0.085215 0.799792 51.5566 22 239805234 1001 1 1 0 0 1 
-1025.72 -129.297 -50 0.0102067 0.0372724 0.24073 53.1942 22 239841780 1001 1 1 0.140873 0.140873 4 
-1561.87 -1510.14 -50 -0.109779 -0.12717 1.22497 51.6853 22 240016111 1008 1 1 0.932134 0.932134 4 
1178.93 262.178 -50 0.0574559 -0.0719888 0.916843 51.959 22 240194206 1001 1 1 0.0845674 0.0845674 2 
-24.6631 863.516 -50 -0.00608838 0.0621354 1.21848 50.9475 22 240219904 1001 1 1 0.250813 0.250813 2 
42.6174 -1459.55 -50 -0.00801014 -0.0442305 0.481832 51.5438 22 240366250 1001 1 1 0 0 1 
-180.642 -556.773 -50 -0.000519959 -0.0178035 0.575748 51.247 22 240388272 1001 1 1 0.0649408 0.0649408 2 
-9.51605 -471.018 -50 -0.0099985 -0.0168116 0.721096 51.233 22 240461861 1001 1 1 0 0 1 
1616.85 249.542 -50 0.073052 0.0188467 0.682722 51.4144 22 240546115 1001 1 1 0 0 1 
619.606 -754.723 -50 0.0273636 -0.0359074 0.747021 51.0117 22 240547599 1001 1 1 0.652778 0.652778 5 
1022.84 -139.403 -50 0.0662458 -0.00859239 0.862232 50.9945 22 240556268 1011 1 1 0.124007 0.124007 2 
1685.05 -755.207 -50 0.130853 -0.0562567 1.13201 51.2528 22 240678698 1001 1 1 0.732092 0.732092 2 
-1442.39 1653.88 -50 -0.0919694 0.11218 0.92605 52.1826 22 240723208 1001 1 1 0.852129 0.852129 6 
1139.49 -1952.06 -50 0.0794946 -0.142043 1.03393 51.4257 22 240726160 1010 1 1 0 0 1 
-1107.86 1140.56 -50 -0.00266131 -0.0157966 0.186351 52.9873 22 240765940 1001 1 1 0.0770863 0.0770863 2 
1563.02 -318.959 -50 0.165021 -0.0378299 1.54337 51.1953 22 240939454 1001 1 1 0.773436 0.773436 3 
-1681.34 -1937.35 -50 -0.0141717 -0.137313 0.727947 52.153 22 241000811 1001 1 1 0 0 1 
-1427.58 -1017.63 -50 0.00355213 -0.0204833 0.0760782 56.5059 22 241106631 1001 1 1 0.0161251 0.0161251 5 
1354.32 -1409.42 -50 0.0687064 -0.0742587 0.719692 53.5626 22 241153825 1001 1 1 0.530098 0.530098 4 
1583.04 -1614.62 -50 -0.00318296 -0.0112955 0.129382 54.5291 22 241281604 1006 1005 1 0.129878 0.129878 7 
-709.683 -1544.19 -50 -0.0748668 -0.14381 1.54303 51.4061 22 241386491 1001 1 1 0 0 1 
1188.33 -927.928 -50 0.0926547 -0.072597 1.18311 51.0827 22 241433641 1012 1 1 0.00677221 0.00677221 2 
-997.817 -718.721 -50 -0.0617835 -0.0506378 0.74603 51.5204 22 241436787 1001 1 1 0 0 1 
1704.85 776.943 -50 0.204607 0.103922 1.81108 51.2257 22 241476611 1001 1 1 0.0531127 0.0531127 2 
379.943 231.522 -50 0.036958 0.0352557 1.18761 51.1035 22 241685067 1001 1 1 1.02216 1.02216 7 
221.86 1293.12 -50 -0.000484679 0.0572221 0.751627 51.6317 22 241711066 1001 1 1 0 0 1 
153.048 -695.219 -50 0.0246098 -0.150994 0.593521 53.5329 22 241713931 1001 1 1 0 0 1 
1036.55 -431.213 -50 0.0167379 -0.0125631 0.163152 52.8356 22 241817173 1001 1 1 0.0439503 0.0439503 3 
620.411 916.091 -50 0.0176814 0.0516981 0.674694 51.3445 22 241953806 1024 1 1 0.569695 0.569695 4 
1144.51 -1235.33 -50 0.0123241 -0.0219435 0.556146 51.4706 22 241956648 1001 1 1 0.379796 0.379796 5 
44.0396 -513.17 -50 -0.0992006 -0.00693132 0.624629 53.4919 22 241973604 1001 1 1 0.0136078 0.0136078 2 
-1545.43 28.0061 -50 -0.0757041 0.00371616 0.829467 53.3125 22 242004619 1001 1 1 0 0 1 
565.603 1261.92 -50 0.0209789 0.0669348 0.73321 51.3668 22 242111490 1001 1 1 0.583206 0.583206 5 
-1362.68 1919.63 -50 -0.0781308 0.113183 0.918754 51.596 22 242194503 1001 1 1 0 0 1 
1342.28 1301.66 -50 0.0827796 0.0567857 0.863507 51.8234 22 242607071 1001 1 1 0.282181 0.282181 2 
1781.59 334.787 -50 0.167611 -0.0218587 0.932074 51.6444 22 242847315 1010 1 1 0.316864 0.316864 2 
996.879 -1744.61 -50 0.0789477 -0.13882 1.18544 51.5147 22 242896056 1001 1 1 0 0 1 
-1700.83 144.112 -50 -0.125513 -0.00733842 1.08382 51.6245 22 243240191 1001 1 1 1.02905 1.02905 7 
-1483.79 -273.454 -50 -0.171779 -0.115268 0.520687 55.8188 22 243245845 1001 1 1 0.338803 0.338803 4 
1995.18 -1714.33 -50 0.110516 -0.0928207 0.835972 51.7473 22 243330124 1001 1 1 0.0605354 0.0605354 2 
230.911 1913.29 -50 0.0107369 0.115729 0.820216 51.6071 22 243345695 1001 1 1 0 0 1 
1610.55 1503.55 -50 0.0506316 0.0624792 0.585313 52.6328 22 243456648 1001 1 1 0.390903 0.390903 2 
1473.45 50.7049 -50 0.0741115 0.0108058 0.877359 51.5383 22 243465217 1001 1 1 0.701278 0.701278 3 
-1736.39 323.488 -50 -0.176243 0.0307533 1.7365 51.4893 22 243580544 1001 1 1 0 0 1 
470.278 -505.553 -50 0.0347414 -0.0456286 1.11798 52.61 22 243607338 1001 1 1 0.401765 0.401765 2 
-822.583 -289.899 -50 -0.0593298 -0.0268659 1.18193 51.1142 22 243744740 1001 1 1 1.11784 1.11784 8 
-1450.53 1377.3 -50 -0.0957541 0.091274 0.800345 52.2547 22 243942442 1001 1 1 0 0 1 
518.894 1274.82 -50 0.0397407 0.0708292 0.994759 51.3689 22 244049483 1001 1 1 0.470033 0.470033 2 
-676.168 466.455 -50 -0.0233556 0.0261393 0.546855 51.5137 22 244198622 1001 1 1 0 0 1 
1569.05 -351.263 -50 0.0700317 -0.0170449 0.534104 52.0387 22 244248318 1001 1 1 0 0 1 
-1626.43 1679.64 -50 -0.180648 0.203664 1.68023 51.5429 22 244329241 1001 1 1 0 0 1 
756.057 -1556.89 -50 0.037899 -0.0688163 0.838974 51.7299 22 244349488 1001 1 1 0.149588 0.149588 2 
453.874 945.032 -50 0.0218526 0.0375621 0.569142 51.3505 22 244361880 1001 1 1 0 0 1 
1303.37 -290.815 -50 0.0422355 -0.00945326 0.424424 51.3068 22 244383370 1001 1 1 0 0 1 
1558.4 1905.48 -50 0.0861804 0.108927 0.964428 51.9784 22 244443503 1001 1 1 0 0 1 
-1663.64 -1709.29 -50 -0.1326 -0.138032 1.1493 51.6268 22 244454569 1001 1 1 0 0 1 
1433.63 -353.959 -50 0.0675805 -0.000814312 0.601496 51.9322 22 244480368 1001 1 1 0.371566 0.371566 3 
-1971.14 1742.63 -50 -0.255653 0.19703 1.78624 51.9402 22 244558283 1001 1 1 0 0 1 
1383.45 -1190.99 -50 0.121371 -0.10292 1.28844 51.297 22 244616120 1001 1 1 0 0 1 
-222.201 1860.01 -50 -0.0180354 0.117207 0.881785 53.0578 22 244660954 1001 1 1 0.631997 0.631997 4 
-15.814 -1371.45 -50 0.00235428 -0.0518368 0.614936 51.0727 22 244797025 1001 1 1 0 0 1 
-664.775 153.32 -50 -0.0546912 -0.00787024 1.28122 51.3778 22 244826508 1001 1 1 0 0 1 
-1617.23 1257.16 -50 -0.0883747 -0.0137538 0.381453 52.9325 22 244851651 1001 1 1 0 0 1 
-1668.87 229.948 -50 -0.135518 -0.102852 1.32659 51.546 22 244876908 1001 1 1 0 0 1 
42.8754 -1073.42 -50 -0.0156045 -0.104546 1.41302 51.3114 22 244916562 1001 1 1 0 0 1 
-1929.34 -1228.56 -50 -0.17922 -0.113433 1.29188 51.6552 22 244933603 1001 1 1 0 0 1 
-1167.9 704.676 -50 -0.0834849 0.0574087 1.20243 51.0481 22 244979850 1001 1 1 0 0 1 
1529.14 -840.406 -50 0.0556584 -0.015363 0.452686 52.0147 22 245154063 1001 1 1 0.386057 0.386057 6 
1364.85 1352.78 -50 0.143455 0.118461 1.55373 51.5941 22 245159783 1001 1 1 0.56482 0.56482 2 
-1278.86 1950.07 -50 -0.143651 0.19383 1.67046 51.7201 22 245171467 1001 1 1 0.856131 0.856131 4 
-1487.33 -929.843 -50 -0.162501 -0.100629 1.74486 51.3522 22 245249143 1001 1 1 0 0 1 
478.889 1585.59 -50 0.0846319 0.112823 0.999485 53.2899 22 245383741 1001 1 1 0.285641 0.285641 2 
1795.27 851.133 -50 0.139925 0.117693 1.44435 51.9228 22 245415765 1001 1 1 0.921564 0.921564 2 
-1757.77 -424.258 -50 -0.107885 -0.0294143 0.809661 51.6674 22 245522119 1001 1 1 0.0427308 0.0427308 2 
779.514 916.468 -50 0.043315 0.035533 0.385047 51.4803 22 245720421 1001 1 1 0.0200814 0.0200814 2 
-245.506 1196.99 -50 -0.0260999 0.0772305 0.864315 51.2694 22 245723627 1001 1 1 0.322948 0.322948 2 
475.307 1346.89 -50 0.0174429 0.0533831 0.501823 52.2217 22 245775118 1001 1 1 0.368771 0.368771 3 
1797.04 462.926 -50 0.0610788 0.0195022 0.580512 51.5422 22 245838033 1007 1 1 0 0 1 
497.925 -401.446 -50 -0.0595514 -0.0738398 0.828819 52.0484 22 245870827 1001 1 1 0 0 1 
-809.504 1010.75 -50 -0.0551103 0.0807065 1.10865 51.1444 22 245910549 1001 1 1 0.893336 0.893336 3 
-118.397 585.273 -50 0.0197358 0.0114266 0.127909 53.991 22 246121289 1008 1 1 0.0160431 0.0160431 2 
-1361.82 1504.27 -50 -0.059517 0.0679541 0.730745 51.4857 22 246239579 1001 1 1 0.736279 0.736279 14 
-319.449 -1199.9 -50 -0.00691259 -0.0459586 0.679422 51.3012 22 246320757 1001 1 1 0.190289 0.190289 3 
-1155.2 976.346 -50 -0.0725909 0.0535677 0.8131 51.3692 22 246487749 1001 1 1 0.130676 0.130676 2 
1081.39 414.302 -50 0.070287 0.0199437 0.914276 51.9154 22 246609878 1001 1 1 0.701548 0.701548 2 
1000.59 1122.46 -50 0.0613352 0.0715644 0.969399 50.974 22 246614005 1001 1 1 0.733539 0.733539 2 
-1871.9 -79.5184 -50 -0.143255 0.0537403 0.638327 52.7971 22 246711259 1001 1 1 0.443285 0.443285 2 
1808.31 944.989 -50 0.155842 0.0784042 1.28477 51.384 22 247149774 1001 1 1 1.14048 1.14048 6 
-423.542 -1531.57 -50 -0.0236194 -0.0734494 0.747405 51.2625 22 247201100 1001 1 1 0 0 1 
-252.434 -1134.82 -50 -0.0188109 -0.0701174 0.854269 50.9509 22 247280539 1007 1 1 0.6374 0.6374 5 
887.488 889.065 -50 0.0327255 0.0275101 0.679188 51.7068 22 247351080 1001 1 1 0.0948863 0.0948863 2 
1729.39 1575.03 -50 0.157297 0.116155 1.20304 51.651 22 247391747 1001 1 1 1.00974 1.00974 5 
-261.608 1580.21 -50 0.00166044 0.0623105 0.540958 53.4241 22 247395943 1001 1 1 0 0 1 
306.689 -1500.72 -50 0.0240094 -0.0595936 0.570795 51.5368 22 247498625 1001 1 1 0 0 1 
-1189.62 -37.4993 -50 -0.0700282 -0.00139597 0.809259 51.151 22 247548936 1001 1 1 0 0 1 
-1562.58 -274.466 -50 -0.0935064 -0.0225593 0.813878 51.2995 22 247700323 1001 1 1 0 0 1 
1349.86 -1600.76 -50 0.117262 -0.123637 1.08654 51.8485 22 247781619 1001 1 1 0 0 1 
-530.232 -1292.1 -50 -0.0334671 -0.0676486 0.807508 52.8016 22 247792762 1001 1 1 0 0 1 
828.143 -1821.64 -50 0.0396191 -0.101812 0.848033 51.464 22 247818310 1001 1 1 0 0 1 
1974.46 1485.96 -50 0.0934554 0.0915409 0.785913 52.3928 22 248049130 1001 1 1 0.623953 0.623953 3 
1935.34 82.3668 -50 0.143384 0.00777674 1.08923 51.3147 22 248243285 1001 1 1 0.86307 0.86307 2 
605.979 1619.11 -50 0.0319415 0.115048 0.936139 51.9192 22 248283879 1001 1 1 0.791877 0.791877 5 
1452.95 1763.26 -50 0.0861243 0.25812 0.841632 53.7706 22 248300108 1001 1 1 0.65077 0.65077 2 
449.603 1168.13 -50 0.0425012 0.116716 1.52795 50.9501 22 248305560 1001 1 1 0 0 1 
206.27 468.781 -50 0.00692528 0.0210401 0.37805 51.3675 22 248357398 1001 1 1 0.219729 0.219729 2 
-1214.18 -1090.25 -50 -0.120259 -0.0949301 1.40174 51.2859 22 248455053 1001 1 1 0 0 1 
-1846.18 653.214 -50 -0.26573 0.115011 0.765531 54.4347 22 248490445 1001 1 1 0.184581 0.184581 3 
1048.26 -511.003 -50 0.00295425 -0.190098 0.913546 53.8025 22 248728713 1001 1 1 0 0 1 
948.619 -1724.29 -50 0.179806 -0.194144 0.642859 55.4398 22 248756909 1001 1 1 0 0 1 
-691.188 -484.335 -50 -0.00768228 -0.0208 0.489561 51.2973 22 248781017 1001 1 1 0.31578 0.31578 3 
1308.82 -6.93152 -50 0.0350518 -0.0207976 0.111986 55.4756 22 248835944 1001 1 1 0.0358127 0.0358127 4 
-620.138 -770.425 -50 0.0139288 -0.0295365 0.727909 52.0415 22 248884633 1001 1 1 0.344713 0.344713 3 
725.747 541.667 -50 0.0699277 0.0409076 1.34899 50.8876 22 248925837 1009 1 1 0 0 1 
-1879.93 -192.819 -50 -0.105202 0.000991518 0.750266 52.0589 22 249109555 1001 1 1 0.0732598 0.0732598 2 
719.781 -1795.48 -50 0.0340566 -0.0781735 0.732247 51.5468 22 249189341 1001 1 1 0 0 1 
-276.838 -485.564 -50 -0.0272542 -0.0395216 1.29667 50.8465 22 249192136 1001 1 1 0 0 1 
1507.36 -302.296 -50 0.0734201 -0.0200025 0.306382 52.4658 22 249225894 1001 1 1 0.0680388 0.0680388 2 
243.314 -96.0199 -50 0.014847 -0.0103691 1.12788 50.9944 22 249239483 1001 1 1 0 0 1 
1698.88 541.595 -50 0.168178 0.0691678 1.37673 51.6434 22 249325464 1001 1 1 0.554429 0.554429 4 
-1111.28 -488.793 -50 -0.0604339 -0.027078 0.679452 51.4954 22 249332578 1001 1 1 0 0 1 
-1980.63 1738.15 -50 -0.140634 0.099735 0.967698 52.2775 22 249397352 1001 1 1 0.298034 0.298034 2 
-1858.67 -370.689 -50 -0.101379 -0.0248262 0.731515 51.6879 22 249461703 1001 1 1 0.626277 0.626277 6 
-5.28835 -1419.62 -50 0.0030786 -0.0454185 0.54914 51.9611 22 249472685 1001 1 1 0.0768368 0.0768368 2 
-1185.25 -6.00973 -50 -0.0453167 -0.00682746 0.517497 51.4859 22 249544767 1001 1 1 0.0534776 0.0534776 2 
-713.488 -1561.19 -50 -0.0315466 -0.0918905 0.761179 53.4502 22 249549935 1001 1 1 0 0 1 
-98.205 1426.86 -50 -0.0180823 0.0598652 0.708174 51.8592 22 249648696 1001 1 1 0.0450388 0.0450388 2 
-1242.77 -403.969 -50 -0.0505094 -0.0133041 0.632418 52.6485 22 249747359 1001 1 1 0 0 1 
1643.56 164.563 -50 0.0974357 0.0176532 0.852711 51.4093 22 249772139 1001 1 1 0.38419 0.38419 2 
-1114.35 -1771.63 -50 -0.0439169 -0.0705364 0.59254 51.4278 22 249914086 1001 1 1 0.267886 0.267886 2 
561.085 789.874 -50 0.0495608 0.0727133 1.06495 51.3804 22 250105696 1001 1 1 0 0 1 
-1394.11 1731.45 -50 -0.0469524 0.0616061 0.47193 52.2182 22 250108635 1001 1 1 0.395341 0.395341 8 
-1074.17 -320.574 -50 -0.194084 -0.157274 0.762363 55.1428 22 250164900 1001 1 1 0.266323 0.266323 2 
-1042.4 408.607 -50 -0.151696 -0.0321321 1.22397 51.4167 22 250242877 1001 1 1 0 0 1 
1636.87 -856.157 -50 0.110917 -0.0262433 0.765229 51.7539 22 250251207 1001 1 1 0 0 1 
141.439 414.439 -50 0.00642012 0.00717875 0.434482 50.9731 22 250310246 1001 1 1 0 0 1 
1098.18 433.434 -50 0.069211 0.0137137 0.960286 51.3397 22 250389077 1001 1 1 0 0 1 
-209.672 1452.77 -50 -0.00853029 0.0793472 0.854277 51.1957 22 250494327 1010 1 1 0.326834 0.326834 2 
-1738.99 1968.69 -50 -0.0702945 0.0800653 0.69935 52.2008 22 250653540 1001 1 1 0 0 1 
856.001 -22.1952 -50 0.0374244 -0.00391922 0.529908 51.6214 22 250743865 1001 1 1 0.531199 0.531199 12 
-1560.45 -1203.67 -50 -0.110787 -0.0910954 1.09467 51.4366 22 250776504 1001 1 1 0 0 1 
-1910.73 -519.884 -50 -0.0366429 0.00424838 0.122402 54.4107 22 250806986 1001 1 1 0.0378508 0.0378508 3 
-1720.42 1413.58 -50 -0.0699369 0.0566956 0.676714 51.965 22 250831047 1001 1 1 0.488491 0.488491 2 
1570.84 -1240.92 -50 0.117539 -0.11052 1.39492 51.7879 22 250862283 1001 1 1 0 0 1 
712.89 -1379.52 -50 0.0792472 -0.143478 1.4745 51.2895 22 250901742 1001 1 1 1.26823 1.26823 3 
-868.705 1531.58 -50 -0.0411503 0.0564779 0.554825 51.717 22 250943682 1001 1 1 0 0 1 
1116.57 -1467.91 -50 0.0459924 -0.0422434 0.500759 52.3777 22 250964431 1001 1 1 0 0 1 
-1443.79 1726.35 -50 -0.0572299 0.0525367 0.555281 51.4257 22 250985882 1001 1 1 0.0303618 0.0303618 2 
965.316 1808.51 -50 0.0693999 0.130169 0.983661 51.5776 22 251157817 1001 1 1 0.369755 0.369755 4 
1257.4 588.659 -50 0.000966718 0.0199034 0.0926093 53.1241 22 251157845 1001 1 1 0.0429087 0.0429087 4 
-225.947 1984.48 -50 -0.0119619 0.0759765 0.585317 51.3491 22 251299826 1024 1 1 0 0 1 
-405.256 -799.975 -50 -0.0230296 -0.0647251 0.499404 52.6977 22 251303579 1041 1002 1 0 0 1 
1952.68 -1135.74 -50 0.207053 -0.125263 1.5129 51.5143 22 251359517 1001 1 1 0 0 1 
-237.159 -1230.94 -50 -0.0191564 -0.115906 1.38575 51.0777 22 251885772 1001 1 1 0.706537 0.706537 3 
-340.233 -313.38 -50 -0.0166226 -0.00737971 0.658149 51.0629 22 251892922 1013 1 1 0 0 1 
180.802 -1648.96 -50 0.0157901 -0.117485 0.943981 51.5747 22 252482574 1001 1 1 0 0 1 
1856.25 1293.63 -50 0.0901434 0.0571159 0.795034 51.7833 22 252522120 1001 1 1 0.610359 0.610359 3 
432.628 -329.833 -50 0.0421005 -0.0155126 0.952109 51.2692 22 252568713 1011 1 1 0.719871 0.719871 3 
1106.63 -1827.93 -50 0.0549074 -0.118696 0.952203 51.859 22 252806677 1001 1 1 0 0 1 
134.258 -1529.25 -50 0.0208486 -0.125827 1.10434 51.4255 22 252808688 1001 1 1 1.013 1.013 8 
1703.16 -1984.21 -50 0.0048953 -0.041415 0.153881 53.8283 22 252840066 1001 1 1 0.00503685 0.00503685 2 
-1709.18 16.8522 -50 -0.0614976 -0.00516242 0.540344 51.4043 22 252871873 1001 1 1 0.0451702 0.0451702 2 
50.4024 -159.023 -50 0.0762319 -0.120533 0.60044 53.5165 22 252931652 1001 1 1 0.377967 0.377967 7 
-1009.16 -956.113 -50 -0.0550157 -0.087219 1.00944 51.6396 22 252949762 1001 1 1 0 0 1 
1507.85 -326.131 -50 0.0811136 -0.0173717 0.767885 51.2234 22 253223060 1001 1 1 0 0 1 
-501.22 -1075.19 -50 -0.0258719 -0.0349741 0.531513 53.2606 22 253311735 1001 1 1 0.434515 0.434515 4 
-782.583 -816.33 -50 -0.0410756 -0.0658458 0.824279 52.638 22 253316199 1001 1 1 0 0 1 
-1294.05 -1553.22 -50 -0.102409 -0.0890465 1.08368 51.7791 22 253323434 1001 1 1 0.423412 0.423412 2 
1380.61 -717.936 -50 0.0973694 -0.044327 0.959885 51.1979 22 253356143 1001 1 1 0 0 1 
791.482 1915.29 -50 -0.00935172 0.00351086 0.1571 53.2954 22 253356351 1001 1 1 0.0600566 0.0600566 6 
-435.557 -1846.13 -50 -0.0344643 -0.119904 0.929594 51.4094 22 253361410 1001 1 1 0 0 1 
-811.387 1508.89 -50 -0.10019 0.178083 1.68153 51.365 22 253368284 1001 1 1 1.50246 1.50246 5 
-1855.43 1078.99 -50 -0.164563 0.0950998 1.25596 51.2471 22 253403207 1012 1 1 0.783523 0.783523 2 
-86.7833 -1191.92 -50 -0.0150486 -0.0391058 0.546175 51.4831 22 253471563 1001 1 1 0 0 1 
360.928 254.391 -50 -0.00167751 0.00440906 0.143245 51.4982 22 253486440 1009 1 1 0.0501375 0.0501375 2 
-167.225 1195.04 -50 -0.0100849 0.0423545 0.671668 52.2512 22 253520083 1012 1 1 0 0 1 
1424.28 -330.517 -50 0.0720285 -0.015141 0.700001 51.2649 22 253543450 1001 1 1 0.245516 0.245516 2 
-509.747 -1861.85 -50 -0.0221786 -0.0680731 0.471242 53.4141 22 253573997 1001 1 1 0.281564 0.281564 4 
-1084.59 465.709 -50 -0.0915779 0.0284476 1.15236 51.1557 22 253587925 1001 1 1 0 0 1 
866.986 1822.75 -50 0.0375302 0.10084 0.737025 51.742 22 253706997 1001 1 1 0 0 1 
-67.6742 -1858.99 -50 -0.00629589 -0.0985883 0.886849 51.3805 22 253726522 1001 1 1 0.145315 0.145315 3 
-1761.62 1204.75 -50 -0.0713292 0.0637205 0.649212 51.9699 22 253774037 1001 1 1 0.221334 0.221334 4 
606.794 -1258.23 -50 0.0367122 -0.062427 0.913088 51.2934 22 253787838 1001 1 1 0.755271 0.755271 7 
1689.44 -185.031 -50 0.146337 -0.0378777 1.32308 52.102 22 253805367 1001 1 1 1.2748 1.2748 11 
445.829 -1240.06 -50 0.0516106 -0.0935178 1.13546 51.5429 22 253991089 1001 1 1 0.547729 0.547729 3 
1972.38 22.0318 -50 0.108438 0.0148208 0.828482 52.0461 22 254044317 1001 1 1 0 0 1 
818.677 480.877 -50 0.0245569 0.0257152 0.528711 52.8291 22 254245953 1001 1 1 0 0 1 
-1646.46 -827.915 -50 -0.103386 -0.0497433 1.0262 51.3679 22 254297003 1001 1 1 0 0 1 
100.264 -763.829 -50 -0.00601534 -0.0800106 1.3099 51.4372 22 254377366 1001 1 1 0 0 1 
-329.809 1395.06 -50 -0.0781926 0.0708071 0.729691 51.4169 22 254438158 1001 1 1 0.0739928 0.0739928 2 
582.089 -568.862 -50 0.0587041 -0.0455477 1.05547 51.4944 22 254440680 1001 1 1 0.535258 0.535258 2 
-776.995 921.73 -50 -0.0110338 0.0563232 0.272913 52.5457 22 254553429 1001 1 1 0 0 1 
-1021.26 413.421 -50 -0.0209078 0.0126633 0.114644 52.3244 22 254613737 1001 1 1 0.0582783 0.0582783 5 
-554.7 -1427.53 -50 -0.023736 -0.0582162 0.578037 51.2477 22 254631627 1001 1 1 0 0 1 
421.062 -122.794 -50 0.0127783 -0.017038 0.816847 51.2895 22 254725038 1001 1 1 0.175609 0.175609 3 
-554.71 -945.173 -50 0.0136736 0.013358 0.143093 55.0051 22 254930736 1001 1 1 0.0519129 0.0519129 2 
133.288 516.244 -50 0.0754028 0.0219771 0.734407 51.5298 22 254947369 1001 1 1 0.148862 0.148862 2 
-811.56 1580.42 -50 -0.0547537 0.115827 1.15346 51.2946 22 254976972 1001 1 1 0 0 1 
1596.58 655.947 -50 0.122745 0.0574594 1.22343 51.2895 22 255120566 1001 1 1 0 0 1 
1520.27 1265.75 -50 0.0378878 0.0348777 0.349286 51.6939 22 255193499 1044 1 1 0.199443 0.199443 2 
-837.848 -477.337 -50 -0.058179 -0.0303691 1.22505 51.3534 22 255232319 1001 1 1 0 0 1 
-169.95 473.912 -50 -0.0159861 0.0330515 0.772361 51.2199 22 255399844 1001 1 1 0.0396661 0.0396661 2 
1241.14 240.621 -50 0.129079 0.0294788 1.4481 51.1613 22 255506176 1001 1 1 0.750935 0.750935 2 
298.513 -33.7553 -50 0.0242589 0.00168833 0.74878 51.1975 22 255552148 1011 1 1 0 0 1 
-1531.9 1337.47 -50 -0.023135 0.0399562 0.148691 55.4134 22 255578776 1001 1 1 0.0965362 0.0965362 6 
931.486 1924.86 -50 0.0810954 0.175884 1.29686 51.4633 22 255636331 1001 1 1 0 0 1 
1044.07 524.271 -50 0.0192096 -0.00885412 0.128863 52.3911 22 255716421 1041 1 1 0.049592 0.049592 5 
-1032.9 1680.1 -50 -0.0766643 0.147403 1.25785 51.2131 22 255822493 1034 1 1 0.363611 0.363611 2 
52.834 -1113.21 -50 0.0357212 0.0199391 0.987302 51.7547 22 255830236 1001 1 1 0 0 1 
-1945.37 -1953.85 -50 -0.117149 -0.129635 0.993472 52.5589 22 256062972 1001 1 1 0 0 1 
343.252 1147.38 -50 -0.0972527 0.0819348 0.6226 54.1537 22 256103854 1001 1 1 0.531778 0.531778 7 
1598.47 1935.84 -50 0.0397726 0.118437 0.797128 51.8871 22 256248001 1001 1 1 0 0 1 
783.865 -1551.37 -50 0.0384802 -0.083141 0.798066 51.2832 22 256255564 1001 1 1 0 0 1 
1595.76 -533.051 -50 0.0672706 -0.0189446 0.791949 51.7016 22 256292986 1001 1 1 0.417821 0.417821 6 
1136.2 -1938.68 -50 0.0875469 -0.170522 1.4589 52.0952 22 256631642 1001 1 1 0 0 1 
-415.176 -220.216 -50 -0.019221 -0.0180168 0.563633 52.9295 22 256690286 1001 1 1 0 0 1 
96.7242 1299.31 -50 0.00554176 0.0687705 0.864763 51.1815 22 256715618 1001 1 1 0 0 1 
1944.11 -1723.55 -50 0.198158 -0.182827 1.5027 51.7398 22 256790276 1001 1 1 1.23476 1.23476 6 
-1247.97 -1764.72 -50 0.0191762 -0.113155 0.611735 52.7403 22 256870882 1001 1 1 0 0 1 
786.12 948.175 -50 0.0768303 0.0703699 1.39694 51.2373 22 256875025 1001 1 1 1.18943 1.18943 3 
1031.61 -1559.65 -50 -0.00526722 -0.0424087 0.332835 53.1925 22 256951636 1001 1 1 0.184603 0.184603 3 
-701.364 -1269.21 -50 -0.0297024 -0.045502 0.553268 51.1416 22 256996134 1001 1 1 0.499541 0.499541 11 
-1090.57 1445.51 -50 -0.0647416 0.0530402 0.951352 51.2651 22 257050287 1001 1 1 0.667762 0.667762 2 
-1456.86 -400.997 -50 -0.0454856 -0.00499377 0.530015 51.9211 22 257055608 1001 1 1 0.00641035 0.00641035 2 
1120.43 161.404 -50 0.0957699 -0.0188407 0.895811 51.1569 22 257066585 1001 1 1 0.812572 0.812572 7 
-425.596 -21.9852 -50 -0.0301416 0.00107694 0.953708 50.7892 22 257147361 1001 1 1 0.733316 0.733316 3 
-942.531 -834.345 -50 -0.0692568 -0.0561732 0.86426 51.7687 22 257293438 1001 1 1 0.700252 0.700252 5 
145.881 -915.142 -50 0.00472029 -0.0426418 0.802263 53.2363 22 257356755 1001 1 1 0.0926534 0.0926534 2 
-1261.8 -1997.98 -50 -0.060181 -0.0966905 0.64607 52.6222 22 257424861 1001 1 1 0 0 1 
-1658.12 -1606.83 -50 -0.0862847 -0.0877797 0.7222 52.1979 22 257605516 1001 1 1 0.571346 0.571346 4 
1230.15 1043.25 -50 0.0184509 0.00638607 0.566536 51.6759 22 257657591 1001 1 1 0 0 1 
1695.71 1037.94 -50 0.0496278 0.0314553 0.495496 51.6814 22 257712123 1001 1 1 0.113111 0.113111 3 
-600.132 423.061 -50 -0.0191184 0.00817131 0.0831606 53.1975 22 257893092 1001 1 1 0.019674 0.019674 5 
954.67 1206.39 -50 0.0769681 0.0804271 0.954975 51.9633 22 257899144 1001 1 1 0 0 1 
1966.02 -1980.91 -50 0.102182 -0.120602 0.80434 52.2307 22 258078623 1001 1 1 0.167543 0.167543 2 
935.494 961.261 -50 0.0769343 0.100188 1.30301 51.3047 22 258140785 1001 1 1 1.21267 1.21267 8 
-1411.24 1168.35 -50 -0.102183 0.091091 1.15918 51.233 22 258355141 1001 1 1 0 0 1 
508.355 -1052.4 -50 0.0320869 -0.0561341 1.00555 51.3295 22 258362162 1001 1 1 0 0 1 
-1718.66 -1291.03 -50 -0.215265 -0.123896 1.73539 51.697 22 258440074 1001 1 1 0 0 1 
1080.93 421.472 -50 0.122119 0.0429039 1.68234 50.9786 22 258452406 1001 1 1 1.33637 1.33637 2 
-333.968 -488.132 -50 -0.0117035 -0.0248096 0.583377 51.9304 22 258612806 1001 1 1 0.479862 0.479862 5 
-336.658 -1858.92 -50 -0.00797358 -0.0950142 0.733318 53.046 22 258641365 1001 1 1 0.0238143 0.0238143 2 
-1375.12 -238.551 -50 -0.119882 0.00045746 1.28965 51.3887 22 258662509 1001 1 1 0.294977 0.294977 2 
-1306.11 -1440.71 -50 -0.145903 -0.143894 1.60444 51.2423 22 259013384 1001 1 1 1.61744 1.61744 12 
656.768 -1737 -50 0.0577642 -0.135138 1.26121 51.732 22 259155528 1001 1 1 0.252506 0.252506 2 
-907.709 1016.86 -50 -0.0801665 0.0657486 1.1984 51.2161 22 259305864 1001 1 1 0 0 1 
-1398.23 1772.28 -50 -0.0415152 0.0646041 0.501191 51.8835 22 259411575 1001 1 1 0 0 1 
778.262 -210.688 -50 0.0811429 -0.0259435 1.50967 50.9063 22 259440180 1001 1 1 1.00738 1.00738 2 
-1554.31 -280.509 -50 0.00435306 -0.0513548 0.611541 52.0805 22 259448863 1001 1 1 0 0 1 
1092.07 -1904.78 -50 0.0544821 -0.0886992 0.707195 51.6233 22 259523592 1001 1 1 0.551783 0.551783 3 
-1286.87 1514.89 -50 -0.0694748 0.0889352 0.744586 51.7825 22 259541628 1001 1 1 0 0 1 
1531.54 -414.611 -50 0.0660174 -0.021133 0.638832 51.4693 22 259590324 1007 1 1 0 0 1 
-1303.45 1082.14 -50 -0.0713141 0.0625996 0.934908 51.4347 22 259775195 1001 1 1 0 0 1 
1442.8 -1865.41 -50 0.178788 -0.217649 1.66397 51.5112 22 259848358 1001 1 1 0 0 1 
934.91 -580.212 -50 0.0515193 -0.0281593 0.772344 51.0647 22 259941982 1001 1 1 0.63345 0.63345 5 
-1089.2 1680.33 -50 -0.0941369 0.153088 1.29511 51.4879 22 260034514 1001 1 1 0 0 1 
-535.764 -1690.55 -50 -0.0259018 -0.0880609 0.76733 51.1765 22 260191458 1001 1 1 0.51905 0.51905 2 
-356.345 -1510.75 -50 -0.0115279 -0.0995631 1.00716 51.4707 22 260194834 1001 1 1 0 0 1 
-845.971 1711.08 -50 -0.0628697 0.145788 1.13923 51.7296 22 260259632 1001 1 1 0.139491 0.139491 2 
1637.04 1761.17 -50 0.0657611 0.149396 0.414628 55.91 22 260433281 1004 1 1 0.346922 0.346922 5 
1754.25 125.89 -50 0.108997 -0.00558967 0.998145 52.1091 22 260474457 1001 1 1 0.911175 0.911175 5 
1790.59 1423.01 -50 0.0921 0.0931919 0.851526 51.8085 22 260798776 1001 1 1 0 0 1 
941.401 -1953.49 -50 0.0956147 -0.157982 1.26022 51.5603 22 260810746 1001 1 1 1.11418 1.11418 5 
-1353.45 1018.39 -50 -0.0570844 0.0568023 1.07254 51.447 22 260829476 1001 1 1 0 0 1 
-853.892 1286.99 -50 -0.0380608 -0.00590074 0.15166 54.519 22 260909972 1001 1 1 0.0579292 0.0579292 2 
1778.91 -331.672 -50 0.0858972 -0.0085714 0.662023 51.5521 22 261049743 1018 1 1 0.584336 0.584336 9 
-598.934 -1743.3 -50 -0.0427345 -0.116446 0.869676 52.1414 22 261367392 1001 1 1 0.0438001 0.0438001 2 
614.895 -409.269 -50 0.0450127 -0.0362765 0.827176 51.8607 22 261369016 1001 1 1 0.320603 0.320603 2 
700.786 -1969.02 -50 0.0260855 -0.0588652 0.430942 51.64 22 261425634 1001 1 1 0 0 1 
-1489.74 1378.82 -50 -0.0830925 0.0871701 0.779286 51.7825 22 261527579 1001 1 1 0.364511 0.364511 3 
-938.554 703.564 -50 -0.0421414 0.048088 0.714813 51.5084 22 261601090 1001 1 1 0.511067 0.511067 3 
-1020.57 1940.92 -50 -0.117116 0.214583 0.915783 52.1757 22 261611791 1001 1 1 0.729512 0.729512 3 
619.534 1243.83 -50 0.0395335 0.0570624 0.700557 51.5445 22 261650782 1001 1 1 0 0 1 
-900.055 937.061 -50 -0.0698577 0.0687458 1.28477 51.3207 22 261717619 1001 1 1 1.13241 1.13241 8 
1308.02 -1440.33 -50 0.0224103 -0.0196441 0.112768 53.7317 22 261788697 1001 1 1 0.0464934 0.0464934 5 
-543.607 1833.87 -50 -0.03108 0.0743734 0.597978 53.0658 22 261878736 1001 1 1 0.33399 0.33399 3 
977.869 12.2053 -50 0.0468037 0.0090799 0.879109 51.7302 22 261883646 1001 1 1 0 0 1 
900.31 -882.215 -50 0.0326366 -0.0403212 0.61763 51.1912 22 261914866 1001 1 1 0 0 1 
-317.948 -1253.4 -50 -0.0201301 -0.0611967 0.803973 51.0803 22 261988352 1001 1 1 0.182426 0.182426 2 
-1938.64 1292.18 -50 -0.25252 0.204616 1.0909 52.3222 22 262020759 1001 1 1 0.090578 0.090578 2 
-456.839 -1065.12 -50 -0.0165274 -0.073925 1.1373 51.7016 22 262108113 1001 1 1 1.02996 1.02996 5 
-443.038 -1101.8 -50 -0.0171409 -0.0684274 0.944786 51.5907 22 262167244 1001 1 1 0 0 1 
697.453 -812.263 -50 0.026967 -0.0338189 0.484185 51.7417 22 262279506 1001 1 1 0.143086 0.143086 2 
517.311 -436.501 -50 0.0525185 -0.0531995 1.50536 50.9968 22 262380314 1001 1 1 1.45307 1.45307 13 
-1984.57 -245.233 -50 -0.027331 -0.00571258 0.174858 51.6693 22 262384486 1012 1 1 0 0 1 
1972.58 -1529.65 -50 0.170968 -0.124461 0.528661 54.4335 22 262400881 1001 1 1 0.0676747 0.0676747 2 
217.092 -337.019 -50 0.0104061 -0.0143122 0.837682 50.8677 22 262409681 1007 1 1 0.744652 0.744652 9 
374.044 1724.59 -50 0.0157411 0.0804524 0.642092 51.1471 22 262487174 1001 1 1 0.526454 0.526454 5 
103.263 1767.99 -50 0.0124423 0.175615 1.2973 52.0077 22 262532012 1001 1 1 0.0608589 0.0608589 2 
1787.41 793.39 -50 0.0929742 0.0418404 0.7937 51.5134 22 262550993 1001 1 1 0 0 1 
1267.3 1014.1 -50 0.0782808 0.0688549 0.960298 51.274 22 262699772 1001 1 1 0.902687 0.902687 10 
-207.789 727.958 -50 0.0521617 0.123452 1.20477 51.4713 22 262741403 1001 1 1 0.353833 0.353833 2 
1236.62 -277.825 -50 0.133925 -0.051361 1.47094 51.9833 22 262823624 1001 1 1 0 0 1 
-966.064 727.379 -50 -0.0454323 0.0392674 0.614565 51.3367 22 262852740 1001 1 1 0.358856 0.358856 4 
1850.62 1056.19 -50 0.0334995 0.0245035 0.231961 52.2218 22 262961092 1001 1 1 0 0 1 
452.003 -1682.2 -50 0.0195215 -0.0698777 0.673068 51.435 22 262981029 1001 1 1 0.0315312 0.0315312 2 
-657.724 -1310.03 -50 -0.0461644 -0.0889434 1.0796 51.0986 22 263107920 1001 1 1 0 0 1 
-469.62 1832.12 -50 0.0800958 0.0956518 0.771789 52.6317 22 263109998 1001 1 1 0 0 1 
-934.145 -1327.03 -50 -0.0357984 -0.0392204 0.505093 51.4541 22 263142371 1001 1 1 0.326849 0.326849 4 
1779.58 -1104.31 -50 0.126306 -0.0688387 1.05409 51.3764 22 263203446 1001 1 1 0 0 1 
1393.87 -414.63 -50 0.0644756 -0.0102385 0.580532 53.3714 22 263251193 1001 1 1 0.491303 0.491303 8 
1322.38 -1984.36 -50 0.12091 -0.164302 1.30185 51.6116 22 263260158 1001 1 1 0 0 1 
-16.5948 182.069 -50 0.047331 -0.0474805 0.29766 54.8287 22 263351219 1001 1 1 0.0609929 0.0609929 3 
-464.263 1607.34 -50 -0.0354263 0.0900926 0.779234 52.0735 22 263406208 1001 1 1 0.151321 0.151321 2 
455.439 1580.7 -50 0.0113835 0.0569619 0.560419 51.3677 22 263594855 1040 1 1 0 0 1 
573.923 -225.588 -50 0.0172263 -0.00389306 0.620404 51.2186 22 263688186 1001 1 1 0.459403 0.459403 4 
-1436.62 1109.87 -50 -0.150194 -0.0664522 1.10697 52.2619 22 263701690 1001 1 1 0.280194 0.280194 2 
1567.91 392.411 -50 0.00436312 0.0129782 0.14282 54.4255 22 263885866 1001 1 1 0 0 1 
-1749.52 -132.168 -50 -0.172825 -0.019871 1.3554 51.4405 22 264059059 1001 1 1 1.29016 1.29016 9 
-1833.03 -310.892 -50 -0.0226169 0.0241777 1.09323 51.8184 22 264073667 1001 1 1 0 0 1 
-1994.77 -1529.15 -50 -0.1802 -0.138091 1.34161 51.5514 22 264221558 1001 1 1 0 0 1 
961.355 1409.5 -50 0.000712917 0.00430798 0.0439781 54.8088 22 264361304 1001 1 1 0.00552803 0.00552803 3 
-1293.59 1947.83 -50 -0.0914724 0.12549 0.941747 51.575 22 264387154 1001 1 1 0.118089 0.118089 2 
-1941.34 -1848.39 -50 -0.252527 -0.209798 1.77628 51.9302 22 264527398 1001 1 1 0 0 1 
212.145 -636.249 -50 0.0161879 -0.0680722 1.38787 51.1307 22 264561231 1001 1 1 0.122192 0.122192 2 
-1519.68 1580.79 -50 -0.0913746 0.0919116 0.76409 52.0259 22 264563828 1001 1 1 0 0 1 
1562.07 449.481 -50 0.0595135 0.0152972 0.517545 51.4465 22 264580564 1001 1 1 0 0 1 
1836.42 -239.634 -50 0.0670736 -0.00739683 0.626709 51.3782 22 264811417 1001 1 1 0.417152 0.417152 2 
-1134.79 -221.606 -50 -0.0665997 -0.0248098 0.80471 52.5915 22 264857175 1001 1 1 0 0 1 
1999.84 205.243 -50 0.115286 0.00640342 0.89219 51.8672 22 264936950 1001 1 1 0 0 1 
-547.564 -499.034 -50 -0.0203553 -0.0236556 0.623296 51.2558 22 264958186 1001 1 1 0.122723 0.122723 2 
475.883 629.012 -50 0.0254359 0.0415836 0.729298 51.2981 22 264959725 1001 1 1 0 0 1 
-1421.09 -1456.11 -50 -0.142345 -0.0859588 0.834327 52.9796 22 264976402 1001 1 1 0.0692692 0.0692692 2 
1727.93 624.547 -50 0.0829824 0.0315541 0.771894 51.3007 22 265091707 1010 1 1 0.14495 0.14495 2 
-539.968 -916.462 -50 -0.0356486 -0.0686267 1.05472 51.0615 22 265108854 1001 1 1 0 0 1 
131.117 9.02684 -50 0.00383427 0.00859639 0.562732 51.1081 22 265129199 1014 1 1 0 0 1 
-1006.09 -22.4646 -50 -0.0942612 0.00515116 1.31678 50.9759 22 265479514 1013 1 1 0 0 1 
-1776.72 635.529 -50 -0.00795108 -0.0394903 0.377946 54.7942 22 265494827 1001 1 1 0.186336 0.186336 3 
653.942 27.6641 -50 -0.09285 -0.036862 0.886801 52.2259 22 265525584 1001 1 1 0 0 1 
-127.391 -1377.83 -50 0.0524011 -0.0421767 0.291606 53.3303 22 265569142 1001 1 1 0.120058 0.120058 2 
777.155 757.427 -50 0.0545381 0.0520365 0.807188 51.4955 22 265583067 1001 1 1 0.669466 0.669466 6 
1964.01 -1464.58 -50 0.18997 -0.166765 1.44657 52.3457 22 265591220 1001 1 1 0 0 1 
50.5772 1689.12 -50 -0.00739777 0.179279 1.55074 51.2943 22 265818629 1001 1 1 0 0 1 
-237.753 1009.46 -50 -0.0119877 0.0367391 0.704914 51.4621 22 265819434 1001 1 1 0.638952 0.638952 6 
-1086.49 -1065.61 -50 0.00222611 -0.0745141 0.331268 52.7987 22 265894958 1001 1 1 0.0168048 0.0168048 2 
559.062 173.767 -50 0.0795393 -0.114679 0.676577 52.9757 22 266014754 1001 1 1 0.338531 0.338531 3 
-218.255 -515.349 -50 -0.0317334 -0.0401165 1.0357 52.5022 22 266038021 1001 1 1 0 0 1 
806.668 -113.226 -50 0.0857469 -0.00779313 1.50602 51.0531 22 266070707 1001 1 1 0 0 1 
991.424 -280.449 -50 0.119805 -0.0417235 1.86044 50.9099 22 266114724 1001 1 1 1.24691 1.24691 3 
-241.735 718.085 -50 -0.0154465 0.071489 1.30934 50.9188 22 266122959 1001 1 1 0.796425 0.796425 2 
1184.85 -1241.83 -50 0.0755031 -0.0736208 0.971982 51.4185 22 266159940 1001 1 1 0 0 1 
548.586 631.831 -50 0.0299975 0.0261473 0.61983 52.397 22 266255204 1001 1 1 0 0 1 
1992 -210.741 -50 0.083979 -0.00925105 0.630863 51.4416 22 266289116 1001 1 1 0.322479 0.322479 2 
-1844.74 -844.629 -50 -0.232423 -0.0974882 1.91094 51.4759 22 266508432 1001 1 1 0.850384 0.850384 3 
-995.045 1313.4 -50 -0.0434366 0.0797196 0.766236 51.5601 22 266634733 1001 1 1 0 0 1 
1355.34 -1980.84 -50 0.0614153 -0.0963554 0.679824 51.5437 22 266655661 1001 1 1 0.567138 0.567138 6 
-491.451 230.783 -50 -0.0252266 0.0130288 0.650351 50.9872 22 266718940 1001 1 1 0 0 1 
-1935.49 1124.48 -50 -0.150036 0.0686291 1.06702 51.6284 22 266758377 1001 1 1 0.301971 0.301971 2 
-1155.38 59.5188 -50 -0.0990337 -0.00610257 1.04584 51.5578 22 266943398 1001 1 1 0 0 1 
1312.25 1786.6 -50 0.0704237 0.119149 0.92969 53.4686 22 266943621 1001 1 1 0.780315 0.780315 4 
505.755 -1487.8 -50 0.0202409 -0.0741813 0.813096 51.5117 22 267074720 1001 1 1 0.129186 0.129186 2 
-839.432 942.994 -50 -0.0626388 0.0675009 0.994408 51.2324 22 267219174 1001 1 1 0.760734 0.760734 5 
478.35 -649.122 -50 0.0338622 -0.0354287 0.716996 51.3097 22 267471640 1001 1 1 0.347785 0.347785 3 
-240.496 -1532.08 -50 -0.131798 -0.0291657 0.66081 53.355 22 267485444 1001 1 1 0.601649 0.601649 11 
95.0895 1626.71 -50 -0.000464284 0.104903 0.892055 51.3714 22 267613294 1001 1 1 0.202745 0.202745 2 
781.507 -1715.86 -50 0.0420962 -0.104144 0.915848 51.3072 22 267804120 1001 1 1 0 0 1 
1427.19 -1747.17 -50 0.108167 -0.160776 1.20021 52.1601 22 267976530 1001 1 1 0 0 1 
-1568.15 118.727 -50 -0.136842 0.00381303 1.19388 51.4454 22 268045935 1001 1 1 0 0 1 
1330.97 -1502.51 -50 0.00833595 -0.12825 1.02878 52.3143 22 268089716 1001 1 1 0.810929 0.810929 4 
-719.627 -867.083 -50 -0.0348582 -0.0487252 0.774293 51.1117 22 268176381 1012 1 1 0.0779277 0.0779277 3 
104.281 -911.152 -50 -0.00468353 -0.0371144 0.600801 51.2588 22 268268928 1001 1 1 0.365065 0.365065 2 
-145.552 1126.92 -50 -0.0575627 0.100892 1.141 51.4018 22 268334382 1001 1 1 0.691257 0.691257 3 
-1156.19 -893.534 -50 -0.0952473 -0.0961284 1.34787 51.3568 22 268357908 1001 1 1 1.27211 1.27211 7 
-1837.9 542.543 -50 -0.0771282 0.0198195 0.566092 51.477 22 268362136 1001 1 1 0.390788 0.390788 6 
150.699 -1380.17 -50 0.0355955 -0.111716 0.887578 51.9223 22 268564873 1001 1 1 0 0 1 
1140.36 -1784.12 -50 0.0964356 -0.144658 1.38325 51.6331 22 268568679 1001 1 1 0 0 1 
-995.079 -647.556 -50 -0.0865729 -0.0648032 1.41496 51.4215 22 268623248 1001 1 1 0 0 1 
-260.777 1637.16 -50 -0.00171959 0.070286 0.6572 51.6912 22 268668910 1001 1 1 0.110186 0.110186 2 
-96.4749 1633.67 -50 -0.00127363 0.112275 1.00743 51.2839 22 268713304 1007 1 1 0.460911 0.460911 2 
-740.347 1657.96 -50 -0.0756427 0.12897 1.13415 51.6565 22 268987490 1001 1 1 1.06159 1.06159 9 
1515.83 288.378 -50 0.0941663 0.0141889 0.889881 51.1606 22 269013190 1001 1 1 0.412115 0.412115 2 
260.055 354.89 -50 0.0241331 0.011828 0.903788 51.2474 22 269041575 1001 1 1 0 0 1 
-1744.26 -519.368 -50 -0.0642028 -0.0240861 0.484396 51.8415 22 269234784 1001 1 1 0.384684 0.384684 5 
298.627 -1017.64 -50 0.0383129 -0.105143 1.53398 51.1831 22 269312569 1001 1 1 0 0 1 
1804.58 -1245.11 -50 0.088108 0.0178548 0.552883 52.1554 22 269327866 1001 1 1 0.489978 0.489978 8 
1470.18 721.09 -50 0.0202438 -0.0116029 0.773646 51.5142 22 269344889 1001 1 1 0 0 1 
-982.283 -834.82 -50 -0.03689 -0.0313309 0.596523 51.2352 22 269437246 1001 1 1 0 0 1 
1778.14 1009.98 -50 0.0292925 0.0223666 0.14518 52.2078 22 269605309 1001 1 1 0.101214 0.101214 9 
-569.209 999.56 -50 -0.0251992 0.0491683 0.706204 51.0061 22 269646028 1001 1 1 0 0 1 
90.0478 954.927 -50 0.00646328 0.0388213 0.699659 50.953 22 269839430 1001 1 1 0.353591 0.353591 4 
-1001.67 992.021 -50 -0.0541815 0.0587897 1.06215 51.8214 22 269989510 1001 1 1 0 0 1 
-1440.26 -3.68167 -50 -0.00936965 -0.00541982 0.109929 52.329 22 270380466 1001 1 1 0.0674639 0.0674639 8 
-1687.13 -1827.68 -50 -0.0580486 -0.0612277 0.501029 51.4611 22 270421368 1013 1 1 0 0 1 
1517.36 -729.468 -50 0.0973325 -0.0398062 0.82536 51.6514 22 270615892 1001 1 1 0 0 1 
277.275 484.528 -50 0.0154805 0.0246113 0.813499 50.7723 22 270672702 1012 1 1 0.67888 0.67888 4 
-1533.06 1636.48 -50 -0.0936682 0.0779471 0.797972 53.1938 22 270776552 1001 1 1 0 0 1 
1070.61 1213.67 -50 0.0338474 0.032125 0.527332 51.5066 22 270778419 1007 1 1 0 0 1 
1250.7 -271.857 -50 0.0527391 -0.00149554 0.608104 51.4831 22 271009346 1001 1 1 0.0211353 0.0211353 2 
1720.61 1487.52 -50 0.182995 0.132092 1.56632 51.8302 22 271134063 1001 1 1 0 0 1 
-701.498 657.816 -50 -0.0327865 0.0254462 0.798959 52.7637 22 271299629 1001 1 1 0 0 1 
-408.068 280.24 -50 -0.0344588 0.0764362 0.405818 53.2004 22 271333963 1026 1 1 0.41436 0.41436 12 
299.43 -1829.64 -50 0.041022 -0.134933 0.618059 51.8632 22 271379388 1001 1 1 0.407106 0.407106 2 
-1065.64 615.955 -50 -0.0140132 -0.0678413 1.10573 52.4978 22 271436031 1001 1 1 0.859719 0.859719 3 
1152.97 1449.76 -50 0.158289 0.183886 1.97007 51.2552 22 271598410 1001 1 1 1.83282 1.83282 7 
-172.13 91.9854 -50 0.00671602 0.00198677 0.711085 53.2174 22 271708184 1001 1 1 0 0 1 
613.436 -1612.32 -50 0.0732903 -0.152636 1.26093 51.8888 22 271746709 1001 1 1 0.213474 0.213474 3 
1068.64 -635.279 -50 0.02896 -0.0201428 0.358345 51.4 22 271777233 1001 1 1 0.0806713 0.0806713 2 
591.794 -829.04 -50 0.0178057 -0.0267414 0.464927 52.0158 22 271961507 1001 1 1 0.177001 0.177001 2 
1270.75 -1215.67 -50 0.070562 -0.0763557 0.778483 51.8256 22 272145239 1012 1 1 0 0 1 
758.16 1234.43 -50 0.021692 0.0457977 0.545047 51.3703 22 272185080 1001 1 1 0.287198 0.287198 2 
220.325 295.473 -50 0.00755512 0.00719338 0.869931 51.039 22 272250460 1001 1 1 0.0337778 0.0337778 2 
1714.73 -726.43 -50 0.0665243 -0.0325948 0.612023 52.0401 22 272269482 1001 1 1 0 0 1 
-575.305 1407.51 -50 -0.00430403 0.0299851 0.452674 51.9615 22 272275783 1001 1 1 0 0 1 
1244.18 1519.86 -50 0.102803 0.118663 1.20242 51.1833 22 272302606 1001 1 1 0 0 1 
1916.19 1098.84 -50 0.109972 0.0638899 0.734378 52.11 22 272370198 1014 1 1 0.167249 0.167249 2 
-1649.09 1298.29 -50 -0.0539957 0.0414244 0.496093 51.4006 22 272391222 1056 1 1 0.0750237 0.0750237 2 
283.141 -1741.26 -50 0.0102534 -0.0801614 0.68796 51.1798 22 272405323 1001 1 1 0.558556 0.558556 4 
604.661 831.299 -50 0.0250278 0.0594574 0.833234 51.536 22 272457952 1001 1 1 0 0 1 
826.986 1373.11 -50 0.0310881 0.0563226 0.600262 51.298 22 272476530 1001 1 1 0.182101 0.182101 2 
755.458 -187.062 -50 0.0110567 0.0418138 0.248437 52.6902 22 272508403 1001 1 1 0.118085 0.118085 3 
1511.3 391.261 -50 0.148975 0.059896 1.72852 51.4101 22 272521227 1001 1 1 0 0 1 
-1035.3 686.89 -50 -0.0669522 0.0480726 0.942491 51.0693 22 272551916 1032 1 1 0 0 1 
-743.659 654.212 -50 -0.0806541 0.0722806 1.54745 50.921 22 272614887 1001 1 1 0 0 1 
1158.52 -344.317 -50 0.058063 -0.00900842 0.652698 51.1547 22 272768370 1001 1 1 0.0518063 0.0518063 2 
574.331 867.723 -50 0.0634661 0.0742282 1.14147 51.4893 22 272796707 1001 1 1 0.869413 0.869413 2 
-1821.31 -371.709 -50 -0.0112056 0.0115962 0.162139 52.0064 22 272858931 1001 1 1 0.0139432 0.0139432 3 
456.849 -1016.67 -50 0.0272939 -0.0132893 0.159894 52.6411 22 272869833 1001 1 1 0.0109117 0.0109117 3 
-1516.71 729.824 -50 -0.0500491 0.0971778 0.575701 52.3467 22 272930999 1001 1 1 0 0 1 
1349.6 -164.816 -50 0.127145 0.00188431 0.858748 53.0378 22 273005724 1001 1 1 0 0 1 
1178.74 289.699 -50 0.0414959 0.0222866 0.623416 52.0298 22 273029016 1001 1 1 0.000298355 0.000298355 2 
-1934.76 960.643 -50 -0.200043 0.0941585 1.65026 51.5959 22 273223233 1001 1 1 0 0 1 
-960.872 774 -50 -0.0406012 0.0431628 0.651301 53.1241 22 273248313 1001 1 1 0.558832 0.558832 6 
1304.33 1824.85 -50 0.0254162 0.02887 0.089001 56.3434 22 273254471 1001 1 1 0.0506976 0.0506976 6 
1646.91 -1748.31 -50 0.0788803 -0.099775 0.761836 51.6992 22 273282861 1001 1 1 0.139188 0.139188 2 
-1681.51 863.683 -50 -0.0295111 -0.0206334 0.273873 52.4081 22 273323220 1001 1 1 0.130386 0.130386 2 
1509.63 -96.4976 -50 0.0725229 -0.00223477 0.801391 51.5332 22 273347875 1001 1 1 0 0 1 
-1819.77 219.974 -50 -0.0674747 0.015551 0.509291 55.0028 22 273367231 1001 1 1 0.103861 0.103861 2 
602.628 -31.023 -50 0.0442358 0.00121373 1.06623 50.976 22 273411714 1001 1 1 0.965796 0.965796 8 
-735.095 1834.11 -50 -0.0479533 0.121633 0.942781 51.4198 22 273439056 1001 1 1 0 0 1 
-123.276 -1349.4 -50 -0.00643347 -0.0529063 0.655016 51.1332 22 273539600 1001 1 1 0.151888 0.151888 2 
133.557 594.527 -50 0.0370766 0.0408263 0.852574 52.4065 22 273560346 1001 1 1 0.227731 0.227731 2 
-1277.66 1136.4 -50 -0.0567785 0.0601138 0.644074 51.8537 22 273589437 1008 1 1 0 0 1 
594.216 138.374 -50 0.0047296 0.00405987 0.156107 52.005 22 273833458 1013 1 1 0.0637219 0.0637219 4 
-452.545 1645.83 -50 -0.0327969 0.117 0.998556 51.2389 22 273898148 1001 1 1 0.738057 0.738057 3 
-258.548 -1136.71 -50 -0.0148843 -0.0479807 0.604568 51.1422 22 274141504 1001 1 1 0.186596 0.186596 2 
-474.284 -583.395 -50 -0.0481492 -0.0422104 1.11593 51.1749 22 274300148 1001 1 1 0 0 1 
99.2057 -373.853 -50 -0.0865497 -0.235169 1.08708 53.61 22 274358490 1001 1 1 0.186305 0.186305 2 
-1514.62 722.948 -50 -0.0914685 0.0619525 1.06277 51.5295 22 274699725 1001 1 1 0.569024 0.569024 2 
-213.339 1320.92 -50 -0.0375368 0.0268098 0.376984 51.9263 22 274704238 1001 1 1 0.0272721 0.0272721 3 
1384.7 1710.47 -50 0.0368546 0.0394293 0.35215 51.6335 22 274710940 1001 1 1 0.200187 0.200187 7 
82.7203 -29.0655 -50 -0.00261059 -0.00744333 0.470397 51.5907 22 274792441 1001 1 1 0.371153 0.371153 9 
1834.19 -271.632 -50 0.138401 -0.0408551 1.17425 51.8122 22 274805888 1001 1 1 0 0 1 
734.945 -1829.56 -50 0.0566428 -0.122304 0.89271 53.4826 22 274812143 1001 1 1 0 0 1 
-508.183 -131.705 -50 -0.0542722 -0.0059546 1.67626 50.9752 22 274864117 1001 1 1 0 0 1 
369.398 -165.32 -50 0.0180443 -0.0194263 0.845392 50.9726 22 274864255 1001 1 1 0 0 1 
835.834 321.136 -50 0.0572636 0.046184 1.30392 51.4512 22 274916548 1001 1 1 1.20355 1.20355 8 
-752.625 -843.491 -50 0.0624952 -0.0561552 0.513634 52.9464 22 275120358 1001 1 1 0 0 1 
-869.017 -1188.4 -50 -0.0714435 -0.095135 0.98618 51.9731 22 275232634 1001 1 1 0.362291 0.362291 4 
-34.5456 325.786 -50 -0.0020118 0.0204209 0.658682 50.9979 22 275305522 1001 1 1 0 0 1 
1076.82 1498.08 -50 0.0256938 0.10664 0.855455 52.0045 22 275319430 1001 1 1 0 0 1 
341.452 -218.379 -50 0.0844032 0.0642758 0.409474 54.2714 22 275435967 1001 1 1 0.196346 0.196346 3 
-669.507 -841.608 -50 -0.0616863 -0.083521 1.64911 51.1902 22 275476879 1001 1 1 0 0 1 
192.913 -1851.25 -50 0.0296492 -0.195392 1.44952 51.5683 22 275582907 1001 1 1 1.24238 1.24238 6 
1619.64 418.273 -50 0.0565628 0.0168044 0.444699 51.7467 22 275596969 1001 1 1 0 0 1 
463.2 -877.951 -50 0.189066 -0.0981062 1.14484 51.9666 22 275845650 1001 1 1 0.0879921 0.0879921 2 
-1642.98 725.947 -50 -0.0621125 0.0271856 0.575872 51.3102 22 275861365 1001 1 1 0.169029 0.169029 4 
-1590.45 -401.143 -50 -0.0381416 -0.0856783 0.721165 52.3185 22 275892032 1001 1 1 0 0 1 
-111.241 32.0739 -50 -0.00723837 0.00113207 0.607227 51.0619 22 275954745 1001 1 1 0.383094 0.383094 2 
1484.32 572.474 -50 0.174205 0.0734688 1.54464 51.4565 22 275980162 1008 1 1 0 0 1 
114.392 -112.384 -50 -0.0125188 0.0804167 0.546991 52.7995 22 275998672 1001 1 1 0.490511 0.490511 10 
1323.87 1447.1 -50 0.0529978 0.0536903 0.490228 51.797 22 276039290 1014 1 1 0 0 1 
1286.56 -1820.3 -50 0.122445 -0.163373 1.19844 52.8006 22 276094813 1005 1 1 0 0 1 
1054.08 1738.86 -50 0.0373277 0.0891532 0.644164 51.9488 22 276424024 1001 1 1 0.514739 0.514739 4 
-762.614 1030.41 -50 -0.105942 0.154544 2.06429 51.1829 22 276430919 1001 1 1 0 0 1 
1291.63 718.293 -50 0.0922771 0.0537592 1.03944 51.272 22 276439469 1001 1 1 0 0 1 
735.34 -533.33 -50 0.0114022 -0.00742639 0.0864442 52.932 22 276603584 1001 1 1 0.0198395 0.0198395 2 
1261.84 -1949.14 -50 0.0191421 -0.023483 0.11296 53.7013 22 276787261 1001 1 1 0.0338359 0.0338359 2 
-587.401 261.669 -50 -0.00695562 -0.00466761 0.0284844 55.0813 22 276825658 1003 1002 1 0.0296554 0.0296554 6 
1866.37 518.599 -50 0.195296 -0.0908959 0.642508 54.5632 22 276887998 1001 1 1 0.592957 0.592957 8 
-976.615 1900.41 -50 -0.0509105 0.0907336 0.700728 51.5992 22 276890876 1001 1 1 0.619921 0.619921 9 
-474.359 -1913.93 -50 0.100827 -0.10209 0.981946 52.6843 22 276930673 1001 1 1 0 0 1 
1620.44 1511.47 -50 0.0513115 0.0334086 0.404602 52.2456 22 277052578 1007 1 1 0 0 1 
-531.446 1687.44 -50 -0.0399177 0.118745 1.00494 51.3261 22 277064966 1001 1 1 0 0 1 
78.7984 -628.317 -50 0.0178123 -0.0314611 0.816368 51.2804 22 277091675 1001 1 1 0.761224 0.761224 10 
295.082 -1111.08 -50 -0.0763919 0.0262695 0.682063 53.636 22 277125871 1001 1 1 0 0 1 
-835.537 -386.529 -50 -0.0497725 -0.0130741 0.776647 51.0222 22 277185897 1015 1 1 0 0 1 
-618.282 826.709 -50 -0.0790966 0.0731271 1.49632 50.9919 22 277246384 1001 1 1 1.19021 1.19021 4 
1013.43 -12.7345 -50 0.0517168 -0.0136014 0.784 51.5261 22 277369454 1008 1 1 0 0 1 
906.655 556.805 -50 0.0574823 0.0300483 0.737156 51.4782 22 277456667 1001 1 1 0 0 1 
-1796.65 -529.118 -50 -0.158735 -0.0675178 1.31637 52.4769 22 277575126 1001 1 1 0.413121 0.413121 2 
-1907.25 -418.784 -50 -0.148376 -0.037611 1.03112 52.2363 22 277640720 1001 1 1 0 0 1 
-732.54 1717.42 -50 -0.0595995 0.169522 0.892386 53.292 22 277741676 1001 1 1 0 0 1 
-966.186 439.54 -50 -0.0612151 0.0163492 0.939999 51.0742 22 277879133 1001 1 1 0.273263 0.273263 2 
321.184 1953.81 -50 0.00426262 0.0781302 0.690979 52.1923 22 277889236 1001 1 1 0 0 1 
875.361 -825.818 -50 0.0346162 -0.0262534 0.51124 51.306 22 277987814 1001 1 1 0.342387 0.342387 3 
210.319 -624.884 -50 0.0152692 -0.0309672 0.765943 50.9684 22 278019276 1001 1 1 0 0 1 
-379.585 215.077 -50 -0.0325353 0.0183672 0.973404 50.941 22 278121661 1001 1 1 0.626212 0.626212 2 
290.271 1895.75 -50 0.0106261 0.088052 0.678377 53.0192 22 278145572 1001 1 1 0.561457 0.561457 9 
-55.0593 -1907.49 -50 -0.0270808 -0.142887 1.00747 52.1333 22 278243195 1001 1 1 0.265524 0.265524 2 
1975.06 1653.94 -50 0.239479 0.220051 1.84963 51.7048 22 278271766 1001 1 1 1.65145 1.65145 5 
-711.294 105.555 -50 -0.193066 0.137156 0.977513 52.9433 22 278317234 1001 1 1 0 0 1 
1946.62 389.559 -50 0.129378 0.022491 0.94272 51.461 22 278412858 1001 1 1 0.407646 0.407646 2 
1130.73 -457.46 -50 0.148504 -0.0503478 1.65848 51.3284 22 278449277 1001 1 1 0 0 1 
1290.08 -1569.46 -50 0.00758983 -0.0178446 0.157149 52.1301 22 278472992 1001 1 1 0.028171 0.028171 3 
154.419 985.545 -50 0.0886586 0.0824507 0.545504 52.6465 22 278638121 1001 1 1 0.374434 0.374434 2 
560.467 801.243 -50 0.0105444 0.0346699 0.621409 51.421 22 278842946 1001 1 1 0.0259092 0.0259092 2 
165.285 -1010.99 -50 0.0423123 0.0496338 1.18843 51.6626 22 279232955 1001 1 1 0.905147 0.905147 5 
-1185.38 1800.54 -50 -0.132935 0.219453 1.79672 51.4502 22 279256141 1001 1 1 0.182985 0.182985 2 
-357.997 953.998 -50 -0.0459175 0.102505 1.27268 51.9477 22 279316131 1001 1 1 0 0 1 
-1861.12 -1254.41 -50 -0.105343 -0.0613696 0.753516 51.7307 22 279459973 1001 1 1 0.068339 0.068339 2 
-394.314 -693.171 -50 -0.172807 -0.146202 1.3856 52.2333 22 279567035 1001 1 1 0 0 1 
11.74 760.534 -50 -0.00109522 0.0626628 1.01428 51.1798 22 279576297 1001 1 1 0.635932 0.635932 2 
-781.656 1865.67 -50 -0.00719713 0.0103482 0.0523558 53.7723 22 279726997 1001 1 1 0.0538084 0.0538084 9 
-155.773 1914.02 -50 -0.0181288 0.110912 0.761512 52.1346 22 279775095 1001 1 1 0 0 1 
-1691.79 374.439 -50 -0.194846 0.073866 0.663823 53.2024 22 279861283 1001 1 1 0 0 1 
-240.491 -506.529 -50 -0.0144793 -0.0650263 1.19811 51.7271 22 279906177 1008 1 1 0 0 1 
-38.2309 1950.73 -50 -0.0156445 0.118001 0.894482 51.2297 22 279920801 1001 1 1 0.755928 0.755928 4 
1726.06 -1550.28 -50 0.07729 -0.0738136 0.648299 51.9048 22 280060414 1001 1 1 0.545112 0.545112 6 
724.092 1356 -50 0.0281685 0.0489134 0.536244 51.1318 22 280063688 1001 1 1 0 0 1 
1735.43 1044.33 -50 0.0824895 0.0396872 0.65607 51.9439 22 280156997 1001 1 1 0.381458 0.381458 3 
1786.12 337.593 -50 0.12866 0.0287477 1.09418 51.3225 22 280174140 1001 1 1 0 0 1 
644.242 -1606.19 -50 0.0933867 -0.0319842 0.615843 52.1571 22 280179486 1001 1 1 0.0715036 0.0715036 2 
887.787 -287.619 -50 0.10593 -0.00968523 1.39916 52.0332 22 280427117 1001 1 1 0 0 1 
-777.76 -467.596 -50 -0.0414574 -0.0309479 0.909071 51.036 22 280540205 1001 1 1 0.0641152 0.0641152 2 
-1183.25 -564.495 -50 -0.121057 -0.103874 1.75429 51.7539 22 280587634 1001 1 1 1.53961 1.53961 3 
-1369.14 -1985.19 -50 -0.123164 -0.19421 1.43219 51.643 22 280775813 1001 1 1 0 0 1 
1131.11 -940.177 -50 0.0838489 -0.0598993 1.35937 51.413 22 280833771 1001 1 1 0 0 1 
-270.732 -735.736 -50 -0.0293528 -0.0973235 0.663359 53.0597 22 280879622 1001 1 1 0 0 1 
22.6485 -131.442 -50 0.000468941 -0.00818236 1.16732 50.8677 22 281027367 1001 1 1 0 0 1 
1060.7 -294.802 -50 0.0703175 -0.0101014 1.02209 51.3034 22 281196510 1001 1 1 0.254209 0.254209 2 
-950.407 1059.45 -50 -0.0140633 0.0300189 0.363309 53.1136 22 281261722 1001 1 1 0.0738075 0.0738075 2 
-642.416 1221.75 -50 -0.0507806 0.0858057 0.915826 51.4437 22 281347960 1001 1 1 0.849346 0.849346 10 
399.482 -1814.17 -50 0.0287948 -0.137032 0.988897 51.8985 22 281421848 1001 1 1 0 0 1 
1475.89 -1767.49 -50 0.100879 -0.016906 0.5567 52.8879 22 281542744 1001 1 1 0.17909 0.17909 2 
-1498.33 -1239.98 -50 -0.0465868 -0.0410513 0.45675 51.5778 22 281565989 1001 1 1 0.399076 0.399076 6 
1808.68 -643.245 -50 0.220125 -0.0999212 1.66576 51.8515 22 281611209 1001 1 1 0 0 1 
329.231 1681.61 -50 0.0238068 0.0767393 0.286152 52.6293 22 281671629 1001 1 1 0.251979 0.251979 10 
-1382.93 1402.35 -50 -0.0148427 0.0298836 0.159058 53.1501 22 281851292 1001 1 1 0.0417413 0.0417413 2 
-135.108 -1874.16 -50 -0.00936486 -0.108456 0.932468 51.5276 22 281858980 1001 1 1 0.875566 0.875566 8 
436.735 -721.055 -50 0.00852081 -0.0265087 0.444474 51.7415 22 281976781 1001 1 1 0.0798082 0.0798082 2 
-856.49 638.357 -50 -0.115871 0.0257332 0.902192 51.2648 22 282077556 1001 1 1 0.200983 0.200983 2 
-1937.18 -1202.26 -50 -0.0866374 -0.126628 1.11746 51.7007 22 282091741 1001 1 1 0 0 1 
1377.66 -1455.12 -50 0.117019 -0.10469 1.20274 53.232 22 282191484 1009 1 1 0 0 1 
381.007 -860.256 -50 0.0325382 -0.0566801 1.05865 50.757 22 282288960 1001 1 1 0 0 1 
-813.577 1549.15 -50 -0.0864516 0.156715 1.05879 51.2725 22 282343309 1001 1 1 0 0 1 
-1999.78 -108.542 -50 -0.160299 -0.029313 1.29396 51.6915 22 282554925 1001 1 1 0 0 1 
831.816 -1524.7 -50 0.054006 -0.0911296 0.790448 53.5579 22 282832359 1001 1 1 0.614805 0.614805 5 
-654.541 378.918 -50 -0.0232282 0.000395056 0.127396 54.0636 22 282867276 1001 1 1 0.0480456 0.0480456 4 
1034.94 1067.59 -50 -0.00931019 0.0897553 0.757553 51.9333 22 282923757 1001 1 1 0.616098 0.616098 4 
-1315.26 -1151.28 -50 -0.0989671 -0.0876663 0.955302 53.0356 22 282984432 1001 1 1 0.163961 0.163961 2 
-297.636 1227.14 -50 0.115658 0.134546 0.700579 53.5118 22 283015662 1001 1 1 0.578122 0.578122 3 
1139.29 229.953 -50 0.0828187 0.0179433 1.02977 51.1 22 283116175 1001 1 1 0.27737 0.27737 2 
-196.364 1743.43 -50 0.0195381 0.0760135 0.466954 52.1831 22 283119707 1001 1 1 0.0458543 0.0458543 3 
-955.224 -291.65 -50 -0.0726663 -0.0177588 1.05495 50.942 22 283126177 1001 1 1 0.571825 0.571825 2 
-923.36 -1710.43 -50 -0.121826 -0.361638 1.0636 54.1633 22 283141844 1001 1 1 0.00978545 0.00978545 2 
1741.55 1556.48 -50 0.0937358 0.0749702 0.797617 51.5089 22 283253624 1015 1 1 0 0 1 
1388.19 1713.52 -50 0.102204 0.118648 1.033 51.4883 22 283262174 1001 1 1 0.94834 0.94834 10 
113.821 -1135.46 -50 0.0150641 -0.111606 1.34951 51.2387 22 283349326 1001 1 1 0.594897 0.594897 3 
1570.88 286.094 -50 0.0590989 0.0182386 0.5148 52.2461 22 283403935 1001 1 1 0.0247683 0.0247683 2 
-1046.48 -89.7098 -50 -0.0912218 -0.00181783 1.2948 51.1237 22 283568866 1001 1 1 0.635704 0.635704 10 
528.634 -1386.75 -50 -0.0161021 0.0253066 0.655586 52.1056 22 283603265 1015 1 1 0.518502 0.518502 4 
-602.549 285.099 -50 -0.0598769 0.0317233 1.40769 50.9907 22 283645866 1001 1 1 0 0 1 
441.799 557.039 -50 0.0234296 0.0330354 0.609694 51.5465 22 283697062 1001 1 1 0 0 1 
-559.282 -1483.78 -50 -0.0307862 -0.0546477 0.406435 51.5987 22 283722408 1001 1 1 0.411203 0.411203 10 
-1058.16 -973.651 -50 -0.0932507 -0.0658231 1.35951 52.2704 22 283741201 1001 1 1 0 0 1 
-1736.03 1802.05 -50 -0.114747 0.115673 0.975455 51.5233 22 283944309 1001 1 1 0.261426 0.261426 3 
1681.47 1257.11 -50 0.0604305 0.0376562 0.544462 51.8019 22 283954498 1001 1 1 0 0 1 
471.413 -934.761 -50 0.0226269 -0.0210792 0.410476 51.8938 22 283983122 1001 1 1 0.381669 0.381669 20 
-93.9156 836.852 -50 -0.0123963 0.0598515 0.973475 51.1442 22 284047965 1001 1 1 0 0 1 
1840.54 -1717.5 -50 0.00306223 0.000377413 0.0978514 53.3259 22 284081356 1001 1 1 0.0344325 0.0344325 3 
705.087 -715.389 -50 0.0961505 -0.0735548 1.4936 51.4485 22 284108563 1001 1 1 1.36443 1.36443 4 
-992.5 -430.215 -50 -0.129103 -0.0769168 1.06602 51.5165 22 284204173 1001 1 1 0 0 1 
1500.75 -1440.61 -50 0.0820064 -0.0692689 0.709897 52.8095 22 284224210 1001 1 1 0 0 1 
-1391.64 1172.74 -50 -0.0376925 0.026484 0.377225 51.7437 22 284287055 1018 1 1 0 0 1 
-37.554 1305.35 -50 -0.000609492 0.0063211 0.0727624 51.2451 22 284290027 1010 1001 1 0.0730107 0.0730107 10 
-1904.45 -1741.77 -50 -0.119911 -0.101986 1.02006 52.3361 22 284291266 1001 1 1 0.202495 0.202495 3 
1719.65 4.63877 -50 0.047935 -0.000450674 0.480866 51.3984 22 284348842 1007 1 1 0.305073 0.305073 3 
1968.92 485.879 -50 0.0853989 0.00907129 0.658085 51.752 22 284371273 1001 1 1 0.483112 0.483112 4 
-197.718 -1471.76 -50 -0.0187551 -0.147194 1.26322 51.7003 22 284522625 1001 1 1 0.25321 0.25321 2 
-1489.44 -978.202 -50 -0.0990004 -0.0839902 1.04057 51.8431 22 284632686 1001 1 1 0 0 1 
1071.98 1915.76 -50 0.141953 0.0167968 0.650622 53.5702 22 284655494 1001 1 1 0 0 1 
67.3729 -1019.57 -50 0.0216198 -0.114099 1.58929 51.1475 22 284746915 1001 1 1 0.0579091 0.0579091 2 
18.8089 1927.4 -50 0.0129275 0.0602994 0.540191 51.9995 22 284829543 1001 1 1 0.331894 0.331894 4 
339.819 523.927 -50 0.0177999 0.0267851 0.834622 50.926 22 284946918 1001 1 1 0 0 1 
1810.47 775.903 -50 0.0837442 0.0512703 0.762252 52.0682 22 285143809 1001 1 1 0 0 1 
-872.287 729.099 -50 -0.0526732 0.0603146 0.923124 51.659 22 285161433 1001 1 1 0.706782 0.706782 4 
-954.003 902.26 -50 -0.0539756 0.0524373 0.982854 51.0874 22 285204482 1009 1 1 0.0836549 0.0836549 2 
812.052 918.911 -50 0.0452713 0.0641103 0.258741 53.5891 22 285232307 1001 1 1 0.031853 0.031853 3 
-1717.25 1608.61 -50 -0.113713 0.0872529 0.802729 52.1818 22 285429651 1001 1 1 0 0 1 
926.562 -1060.23 -50 0.0335439 -0.00721461 0.428805 51.9631 22 285479137 1001 1 1 0.430147 0.430147 10 
-117.946 -1774.03 -50 0.0725679 -0.0889046 0.821032 52.3531 22 285496913 1001 1 1 0.294055 0.294055 2 
1571.31 -212.999 -50 0.100596 -0.027908 0.917383 52.5586 22 285537513 1001 1 1 0.726499 0.726499 4 
-567.633 -207.501 -50 0.00206186 0.000218413 0.0762646 52.6681 22 285545753 1001 1 1 0.0229912 0.0229912 4 
1330.15 -973.027 -50 0.080627 -0.0750637 0.952848 51.5428 22 285614338 1001 1 1 0.870448 0.870448 8 
-1162.71 -586.355 -50 -0.0404363 -0.054776 0.239889 54.0173 22 285629705 1001 1 1 0.169351 0.169351 4 
247.8 71.4739 -50 0.0382818 0.0128337 1.27359 51.1289 22 285738647 1001 1 1 0 0 1 
353.563 -1517.7 -50 0.0106667 -0.089974 0.931188 51.3559 22 285804583 1001 1 1 0.6908 0.6908 3 
63.9051 670.374 -50 0.0240047 0.0895733 1.55109 51.3856 22 285889673 1001 1 1 1.39236 1.39236 5 
521.705 -880.604 -50 0.0297058 -0.0529872 1.02215 51.0982 22 285936586 1001 1 1 0 0 1 
-365.173 1384.17 -50 -0.0229961 0.0994816 0.970138 51.2822 22 285940360 1001 1 1 0 0 1 
949.096 -1512.71 -50 0.0371664 -0.0119168 0.575152 51.7059 22 286007785 1001 1 1 0.0949445 0.0949445 2 
1153.7 -4.89103 -50 0.0534748 -0.00406792 0.688858 51.0038 22 286030910 1001 1 1 0 0 1 
1856.01 -1982.81 -50 0.179479 -0.182614 1.37027 51.7738 22 286164192 1001 1 1 0 0 1 
1824.05 778.388 -50 0.0546752 0.0306178 0.778283 51.8481 22 286166458 1001 1 1 0.346355 0.346355 3 
1827.28 382.469 -50 0.182338 0.0380377 1.48161 51.3541 22 286203976 1008 1 1 0 0 1 
730.464 1168.81 -50 0.056705 0.0977711 1.37433 51.2531 22 286221498 1001 1 1 1.10346 1.10346 5 
458.767 -1558.76 -50 0.0181744 -0.0525128 0.490217 51.388 22 286281082 1001 1 1 0 0 1 
-488.375 -129.544 -50 -0.0533093 -0.0266323 1.46387 51.2172 22 286516840 1001 1 1 0.8363 0.8363 2 
-65.7963 -205.217 -50 -0.011189 -0.00434617 0.604309 51.8685 22 286545593 1001 1 1 0 0 1 
1809.84 879.686 -50 0.195183 0.116704 1.69969 51.4492 22 286583970 1001 1 1 0 0 1 
-1614.93 -954.863 -50 -0.07803 -0.0514985 0.668316 51.859 22 286946384 1001 1 1 0.271424 0.271424 2 
-512.934 -638.577 -50 -0.0113634 0.00322143 0.09096 52.9681 22 286975526 1001 1 1 0.0916953 0.0916953 8 
-1341.92 -1831.95 -50 -0.0599811 -0.0853893 0.6911 51.4314 22 287128725 1001 1 1 0.285342 0.285342 3 
-725.685 -40.8951 -50 -0.0365095 0.0141618 0.917601 51.4664 22 287351798 1001 1 1 0.328379 0.328379 2 
-135.959 1800.14 -50 0.00236574 -0.00571813 0.368111 52.9598 22 287360066 1001 1 1 0.0570633 0.0570633 3 
1118.23 1541.09 -50 0.0281629 0.0388111 0.364095 52.4307 22 287545535 1001 1 1 0.189229 0.189229 3 
1882.97 -1421.67 -50 0.200683 -0.17031 0.885046 52.6513 22 287551433 1001 1 1 0.731867 0.731867 3 
744.925 -1.1163 -50 0.0214931 0.0100099 0.551653 51.8355 22 287573888 1001 1 1 0.0481009 0.0481009 2 
-254.566 1381.66 -50 -0.0218435 0.107525 1.11068 51.1565 22 287592904 1009 1 1 0.840424 0.840424 3 
866.159 -239.75 -50 0.0338184 0.0819802 1.09253 51.4122 22 287778368 1001 1 1 0.675227 0.675227 3 
-1689.47 -145.081 -50 -0.0377601 -0.0567298 0.431952 53.3184 22 287832491 1001 1 1 0.437252 0.437252 11 
-468.992 -1314.96 -50 -0.040357 -0.0789807 0.915854 51.3727 22 287845187 1001 1 1 0.862553 0.862553 16 
-1775.74 1787.38 -50 -0.13445 0.154528 1.21715 51.733 22 287855354 1001 1 1 0 0 1 
-1379.6 -1631.75 -50 -0.107698 -0.15878 1.35482 51.8697 22 287906170 1001 1 1 1.01605 1.01605 5 
-1446.13 514.726 -50 -0.00514627 0.00651232 0.119331 52.5683 22 288152515 1001 1 1 0.0374055 0.0374055 4 
-563.973 -878.297 -50 -0.0127093 -0.0236523 0.598202 51.4387 22 288216163 1001 1 1 0 0 1 
1131.71 1889.05 -50 0.0554129 0.0951697 0.800914 53.0201 22 288290159 1001 1 1 0 0 1 
-1332.98 -482.974 -50 -0.0258385 -0.0372434 1.09831 51.4904 22 288454599 1001 1 1 0 0 1 
-680.397 614.121 -50 -0.0319721 0.047568 0.909375 51.3116 22 288522906 1001 1 1 0.641591 0.641591 2 
-706.299 -1829.87 -50 -0.0266212 -0.0661434 0.495464 51.6846 22 288529123 1001 1 1 0.24997 0.24997 2 
-900.359 1216.24 -50 -0.149795 0.127362 1.86247 51.9276 22 288633332 1001 1 1 1.46534 1.46534 2 
1243.84 -1016.52 -50 0.0710109 -0.051223 0.698879 51.6834 22 288705908 1008 1 1 0 0 1 
546.789 879.256 -50 -0.0575695 0.0729852 0.611672 52.4095 22 288751819 1001 1 1 0.432889 0.432889 2 
-307.138 492.853 -50 -0.0203875 0.00840738 0.572254 51.5521 22 288763777 1001 1 1 0 0 1 
490.948 -560.286 -50 0.019983 -0.0366034 0.941304 51.1552 22 288784929 1001 1 1 0.717283 0.717283 2 
-872.906 1420.29 -50 -0.0420243 0.0721572 0.761486 51.2384 22 288929155 1001 1 1 0.699373 0.699373 6 
1245.32 985.488 -50 0.0334672 0.0241744 0.443059 51.2598 22 289096019 1001 1 1 0.281615 0.281615 4 
183.985 -909.927 -50 0.000244892 0.00526892 0.585603 51.443 22 289099479 1001 1 1 0.0092359 0.0092359 2 
-1437.51 -276.539 -50 -0.135624 -0.0455122 1.43349 51.2104 22 289108537 1001 1 1 0 0 1 
-1845.96 -1703.68 -50 -0.188229 -0.189484 1.60924 51.6515 22 289167916 1001 1 1 0 0 1 
-221.049 -325.179 -50 0.00084248 -0.0244143 0.767035 51.3212 22 289194154 1001 1 1 0.699066 0.699066 9 
1363.94 1461.54 -50 0.0282012 -0.0117119 0.255778 52.2849 22 289269766 1001 1 1 0.11428 0.11428 4 
-1629.14 -612.954 -50 -0.102761 -0.0401601 0.862216 51.5766 22 289397351 1001 1 1 0 0 1 
1362.32 -1799.22 -50 0.155848 -0.203598 1.65628 51.3618 22 289417686 1001 1 1 0 0 1 
-650.632 -68.378 -50 -0.0394348 0.00169583 0.778696 51.0101 22 289512588 1001 1 1 0 0 1 
-1475.97 -840.493 -50 -0.0348903 0.0396104 1.07765 52.6305 22 289640126 1001 1 1 0 0 1 
1930.71 1824.5 -50 0.101574 0.0798755 0.650071 52.4109 22 289643150 1001 1 1 0 0 1 
-945.147 -1175.53 -50 -0.0251011 -0.0352743 0.119047 54.8146 22 289712687 1001 1 1 0.0562043 0.0562043 6 
285.804 -903.543 -50 0.0674158 -0.153693 1.02463 51.4736 22 289788456 1001 1 1 0.803716 0.803716 6 
-516.469 1740.6 -50 -0.0725011 0.174147 1.59195 51.4725 22 290012863 1001 1 1 0 0 1 
-599.499 -673.369 -50 -0.040194 -0.0382436 0.822568 50.9601 22 290125886 1001 1 1 0.127797 0.127797 2 
1215.48 924.037 -50 0.0842927 0.111176 0.509496 52.7733 22 290224680 1001 1 1 0 0 1 
945.816 985.928 -50 0.0560368 0.0612692 1.02407 51.3995 22 290565372 1001 1 1 0 0 1 
663.345 1731.22 -50 0.00974533 0.0400705 0.390248 52.0206 22 290601783 1001 1 1 0.265083 0.265083 4 
1569.39 -7.21177 -50 0.0745459 -0.00629213 0.654659 51.4192 22 290707648 1001 1 1 0 0 1 
1512.41 1021.13 -50 0.0926804 0.0572456 0.811067 51.7009 22 290750230 1001 1 1 0.630006 0.630006 4 
-107.622 -1247.47 -50 0.036263 -0.129923 1.3014 51.3668 22 290757129 1001 1 1 0.77617 0.77617 3 
-1057.02 1641.03 -50 -0.0557188 0.0869818 0.802883 51.4583 22 290795801 1001 1 1 0.417915 0.417915 2 
-1618.2 367.672 -50 -0.101892 0.0303409 0.913535 51.395 22 290827335 1001 1 1 0 0 1 
-1640.95 421.001 -50 -0.191389 0.0539916 1.75083 51.0927 22 290923450 1001 1 1 0 0 1 
-371.254 340.565 -50 -0.0220012 0.0103807 0.263654 52.2295 22 290949304 1001 1 1 0 0 1 
870.637 -662.788 -50 0.0934851 -0.0618506 1.38013 51.1826 22 291005052 1001 1 1 1.20508 1.20508 3 
-551.228 -193.886 -50 0.0350828 0.0225159 0.508004 52.264 22 291011366 1001 1 1 0 0 1 
1139 -663.746 -50 0.0302752 0.0423714 0.655454 52.6136 22 291176966 1001 1 1 0 0 1 
-245.963 1572.03 -50 -0.0236708 0.105715 1.05589 51.1677 22 291205937 1001 1 1 0.409047 0.409047 2 
-1503.47 -103.202 -50 -0.0524982 -0.0106781 0.517192 51.3388 22 291232922 1001 1 1 0 0 1 
-755.358 -569.475 -50 -0.043779 -0.0378982 0.824909 51.0277 22 291242280 1001 1 1 0 0 1 
1497.62 -1162.86 -50 0.25489 -0.167829 0.832077 53.869 22 291250585 1001 1 1 0.0486093 0.0486093 2 
844.311 1034.65 -50 0.0264936 0.0400965 0.461682 51.3869 22 291414677 1001 1 1 0.277121 0.277121 2 
911.12 663.127 -50 0.0482131 0.0536652 0.884944 51.3429 22 291457997 1001 1 1 0.481688 0.481688 2 
97.998 410.345 -50 -0.00652692 0.0223627 0.841165 51.143 22 291488556 1001 1 1 0.286768 0.286768 2 
384.312 -552.252 -50 0.0390814 -0.0300341 1.17018 51.1861 22 291520867 1001 1 1 0 0 1 
-344.605 1387.7 -50 0.0046672 0.218392 1.56005 51.2973 22 291717744 1001 1 1 1.41005 1.41005 5 
-567.34 1769.34 -50 -0.0729517 0.172535 1.35283 53.2531 22 291743947 1001 1 1 0 0 1 
867.727 -1202 -50 0.151641 -0.0478047 0.601267 53.5073 22 291778830 1009 1 1 0.419431 0.419431 3 
1175.85 1835.95 -50 0.144393 0.18555 1.49857 52.0714 22 292041563 1001 1 1 0 0 1 
65.1548 -1546.6 -50 0.00239216 -0.0685846 0.642136 53.2886 22 292073700 1001 1 1 0.282481 0.282481 2 
1925.49 -925.093 -50 0.125269 -0.096925 0.425146 54.3355 22 292077372 1001 1 1 0.150459 0.150459 2 
-19.002 1510.48 -50 0.0169463 0.106259 1.11857 51.5191 22 292089929 1001 1 1 0.305294 0.305294 2 
-1500.96 1367.36 -50 -0.0551356 0.0546221 0.661139 51.7048 22 292133908 1006 1 1 0.463989 0.463989 2 
1064.35 -576.566 -50 0.0998296 -0.0523107 1.48134 51.0093 22 292152681 1001 1 1 0 0 1 
148.603 547.462 -50 -0.00207872 0.0126323 0.658682 51.3458 22 292175369 1001 1 1 0.0656242 0.0656242 2 
-1132.82 -188.733 -50 -0.0887058 -0.0129361 1.14985 50.8404 22 292358027 1001 1 1 0.922503 0.922503 4 
1076.6 240.549 -50 0.080385 0.028553 1.03144 52.0775 22 292816073 1001 1 1 0.617532 0.617532 3 
1609.04 785.799 -50 0.0722684 0.0278171 0.600305 51.5241 22 292832646 1001 1 1 0.041802 0.041802 2 
1045.98 -1441 -50 0.0429501 -0.0589691 0.583245 51.2955 22 293004991 1001 1 1 0.354725 0.354725 6 
-389.783 185.573 -50 -0.016857 0.0170589 0.885268 50.9395 22 293040994 1001 1 1 0 0 1 
-1150.87 -359.629 -50 -0.168249 -0.0840363 0.761767 52.6387 22 293098688 1001 1 1 0.339428 0.339428 2 
1666.74 -1096.06 -50 0.14693 -0.11053 1.35234 51.3773 22 293264992 1001 1 1 0 0 1 
-619.626 259.034 -50 -0.0360454 0.00533787 1.16834 51.3447 22 293331242 1009 1 1 0 0 1 
1595.76 1678.98 -50 0.0498203 0.0547997 0.529799 52.2133 22 293374316 1001 1 1 0.188915 0.188915 2 
734.261 176.591 -50 -0.000110603 0.00674182 0.0463658 53.354 22 293421235 1001 1 1 0.0468252 0.0468252 3 
1022.84 538.462 -50 0.0129663 -0.06316 0.729283 51.7805 22 293520792 1001 1 1 0.377776 0.377776 3 
1898.58 1138.96 -50 0.0945237 0.0525272 0.677633 51.68 22 293536818 1001 1 1 0 0 1 
-1620.53 -530.599 -50 -0.129132 -0.0491338 1.22061 51.1274 22 293573380 1001 1 1 1.17039 1.17039 9 
1680.12 1429.03 -50 0.0653933 0.0667544 0.651335 51.8311 22 293654549 1001 1 1 0.443797 0.443797 2 
1596.2 287.174 -50 0.185737 0.0460671 1.59543 51.4388 22 293785194 1001 1 1 0 0 1 
-214.882 -184.716 -50 -0.00726773 -0.00439668 0.505847 50.985 22 293870715 1001 1 1 0.290743 0.290743 2 
1819.04 485.198 -50 0.0241072 -0.00782668 0.114185 52.6217 22 293885952 1001 1 1 0.00493899 0.00493899 2 
-150.365 -1081.55 -50 -0.0111748 -0.0758581 1.09013 50.9518 22 293960236 1001 1 1 0 0 1 
874.037 1724.33 -50 0.079183 0.182927 1.47116 51.617 22 294181075 1001 1 1 0.989694 0.989694 2 
-1376.81 -1912.96 -50 -0.0911145 -0.150865 1.07982 53.5855 22 294232134 1001 1 1 0.789691 0.789691 3 
-666.898 1329.05 -50 0.0820695 0.181603 1.51289 52.1576 22 294246010 1001 1 1 0 0 1 
-1119.24 581.327 -50 -0.132791 0.0582421 1.45174 51.9936 22 294251857 1001 1 1 0 0 1 
-1424.24 -1224.55 -50 -0.0910046 -0.0343437 0.520797 52.5514 22 294260642 1001 1 1 0.000928059 0.000928059 2 
1283.75 -558.688 -50 0.123543 -0.0428639 1.19458 51.4915 22 294356629 1001 1 1 0 0 1 
-349.923 1069.46 -50 -0.00963571 0.055985 0.639356 51.8811 22 294367923 1001 1 1 0 0 1 
604.304 -1656.22 -50 0.0323122 -0.0715624 0.647601 53.5973 22 294447760 1001 1 1 0.285502 0.285502 3 
-858.165 1272.15 -50 -0.115866 0.181952 1.84199 51.4982 22 294578625 1001 1 1 0.236655 0.236655 2 
-1154.14 -692.365 -50 -0.0546034 -0.0367949 0.611076 51.3487 22 294608480 1001 1 1 0 0 1 
-1776.88 1185 -50 -0.113948 0.067355 0.890166 51.4244 22 294621486 1001 1 1 0.83906 0.83906 11 
1659.4 837.704 -50 0.139879 0.0716806 1.20585 51.3428 22 294629295 1001 1 1 0.165559 0.165559 2 
639.086 -1601.66 -50 0.0192082 -0.0682258 0.637903 51.2425 22 294672888 1027 1 1 0 0 1 
430.51 -738.875 -50 -0.0215411 0.0213417 0.190526 53.5645 22 294727033 1001 1 1 0.104715 0.104715 4 
-596.188 604.128 -50 0.00899164 -0.0412923 0.996604 51.6814 22 294727393 1001 1 1 0.753752 0.753752 4 
-1451.2 1505.26 -50 -0.0352408 0.0413889 0.388409 53.203 22 294745110 1001 1 1 0.0733352 0.0733352 2 
-1809.44 -1167.09 -50 -0.10391 -0.073786 0.796332 51.9328 22 294758560 1001 1 1 0 0 1 
1370.7 648.883 -50 0.0262277 0.112474 0.594176 52.5084 22 294793919 1001 1 1 0.373891 0.373891 3 
1352.51 -74.322 -50 0.0841145 0.0248488 0.387859 51.9945 22 295483984 1001 1 1 0.00792327 0.00792327 3 
1781.56 1187.76 -50 0.00559099 0.0294498 0.408555 52.4277 22 295501545 1001 1 1 0.243711 0.243711 2 
-1115.13 -1168.01 -50 -0.0539789 -0.0474529 0.644119 51.4284 22 295631339 1001 1 1 0.0476818 0.0476818 2 
-695.114 790.895 -50 -0.0281078 0.0252278 0.444138 51.4928 22 295656406 1001 1 1 0.312415 0.312415 4 
1269.37 -1437.81 -50 0.0597441 -0.0957073 0.841841 51.9276 22 295722103 1001 1 1 0 0 1 
777.692 -196.117 -50 0.0154958 -0.0557892 0.577907 51.477 22 295790907 1012 1 1 0 0 1 
1446.16 714.291 -50 0.101048 0.0561528 0.906261 52.323 22 296005534 1001 1 1 0 0 1 
755.875 72.0293 -50 0.0674209 0.011824 1.59207 50.9438 22 296025600 1001 1 1 0 0 1 
1555.71 -204.377 -50 0.0467443 -0.00639432 0.378357 53.1275 22 296052342 1001 1 1 0.292705 0.292705 8 
37.5784 804.986 -50 -0.0051272 0.0849086 1.5749 50.9836 22 296079042 1001 1 1 0 0 1 
1277.32 -76.0686 -50 0.0847098 0.0110118 0.975292 51.7123 22 296151909 1001 1 1 0.408647 0.408647 2 
696.844 -1772.85 -50 0.0581417 -0.146263 1.50013 51.8386 22 296226997 1001 1 1 1.23894 1.23894 2 
944.661 -810.134 -50 0.0285454 -0.0393078 0.67108 51.3988 22 296264512 1001 1 1 0.450744 0.450744 5 
371.737 1981.75 -50 0.0230112 0.105657 0.85388 51.2996 22 296311734 1001 1 1 0.315523 0.315523 3 
1744.39 1516.63 -50 0.224736 0.188968 1.91721 51.3619 22 296464844 1001 1 1 1.705 1.705 2 
-1286.55 1259.31 -50 -0.194085 0.183241 2.26311 51.2047 22 296481968 1001 1 1 0.457852 0.457852 2 
-829.167 1228.85 -50 0.0455572 0.0545771 0.431241 53.082 22 296519905 1001 1 1 0 0 1 
1722.42 -1152.85 -50 0.196942 -0.11126 1.50583 52.4257 22 296528857 1001 1 1 0 0 1 
-832.867 -1587.77 -50 -0.0458721 -0.066911 0.732669 53.2424 22 296539797 1001 1 1 0.508146 0.508146 3 
762.683 -1645.05 -50 0.0387654 -0.106045 0.970215 51.3134 22 296721183 1001 1 1 0.892718 0.892718 8 
712.393 1741.05 -50 0.0542947 0.114547 1.12182 51.3229 22 296793030 1001 1 1 0 0 1 
-672.229 710.26 -50 -0.0192195 0.0337397 0.620611 51.2376 22 296912305 1001 1 1 0 0 1 
-1502.34 -846.14 -50 -0.0871288 -0.0488964 0.817705 51.1589 22 296913497 1001 1 1 0 0 1 
-946.465 1338.58 -50 -0.0104941 0.00585405 0.0439978 53.8209 22 297021707 1001 1 1 0.0455658 0.0455658 6 
-1837.16 1578.52 -50 -0.109459 0.098955 0.92076 51.5746 22 297074467 1001 1 1 0.614921 0.614921 3 
1224.19 -1889.79 -50 0.0808909 -0.121781 0.940939 51.4265 22 297120363 1001 1 1 0 0 1 
-1312.41 -625.818 -50 -0.061651 -0.0419537 0.664314 51.5779 22 297254644 1001 1 1 0 0 1 
1130.81 -858.542 -50 0.0617047 -0.0485913 0.78615 51.0448 22 297384429 1001 1 1 0 0 1 
-1045.25 -1000.98 -50 -0.0804037 -0.0929347 1.16159 51.1807 22 297390040 1001 1 1 0.289385 0.289385 2 
834.26 -114.913 -50 0.0846438 -0.0116841 1.5053 50.9087 22 297568983 1001 1 1 0 0 1 
-374.24 -763.128 -50 -0.0913821 -0.034619 0.493575 52.1513 22 297799401 1001 1 1 0 0 1 
1500.06 -529.974 -50 0.0577714 -0.0236742 0.575721 51.1625 22 297889552 1009 1 1 0.482874 0.482874 5 
127.157 726.81 -50 0.00286292 0.0330574 0.607503 50.8715 22 297895159 1001 1 1 0.1977 0.1977 2 
988.728 -630.696 -50 0.0586495 -0.0284132 1.05627 52.2115 22 297958135 1001 1 1 0 0 1 
598.227 -1632 -50 0.0582677 -0.142332 1.27141 51.347 22 298001433 1001 1 1 1.02807 1.02807 2 
1187.44 1810.28 -50 0.0996438 0.0920107 0.581701 52.5815 22 298156503 1020 1 1 0.203695 0.203695 2 
1360.14 897.511 -50 0.0712625 -0.0110325 0.503357 52.2554 22 298164700 1001 1 1 0.0622694 0.0622694 2 
-1004.21 -1275.24 -50 -0.0822863 -0.0990501 0.992728 52.3143 22 298193004 1001 1 1 0.627517 0.627517 3 
-520.873 -875.725 -50 0.040494 -0.129334 0.910188 51.7128 22 298226062 1001 1 1 0 0 1 
618.121 -916.658 -50 0.0307806 -0.0847011 1.206 51.4922 22 298298174 1001 1 1 0 0 1 
1981.74 59.747 -50 0.113347 -0.00104163 0.753119 51.9052 22 298374264 1001 1 1 0 0 1 
-1351.22 725.536 -50 -0.0579544 0.0305992 0.603619 51.2584 22 298486829 1001 1 1 0.454255 0.454255 4 
-970.965 86.4247 -50 -0.063332 -0.00633366 0.881368 51.3433 22 298487595 1001 1 1 0.652732 0.652732 4 
1225.38 -202.428 -50 0.0969663 -0.0186384 1.30237 52.8645 22 298656318 1001 1 1 0 0 1 
-1772.76 1429.42 -50 -0.144133 0.0907862 1.12788 51.8633 22 298670282 1001 1 1 0.856619 0.856619 2 
-1465.89 -1515.89 -50 -0.00853783 -0.0237359 0.0907757 52.6685 22 298717511 1001 1 1 0.0941869 0.0941869 5 
415.578 -433.304 -50 0.0547482 -0.0561857 1.25624 51.7106 22 298836801 1001 1 1 1.09776 1.09776 5 
1424.91 1077.29 -50 0.0320505 0.042734 0.408716 51.6255 22 298845861 1001 1 1 0.196244 0.196244 4 
1341.75 -1245.73 -50 0.0855113 -0.0811314 0.919595 51.2106 22 298858080 1001 1 1 0.540396 0.540396 4 
1879.38 1743.95 -50 0.0865338 0.0866879 0.656021 53.8258 22 298915721 1001 1 1 0.484968 0.484968 5 
1920.86 617.751 -50 0.0715072 0.0276806 0.588696 51.438 22 299032803 1009 1 1 0 0 1 
-1779.19 927.634 -50 -0.334494 0.123809 0.911158 54.8657 22 299033338 1001 1 1 0 0 1 
-516.463 -925.109 -50 -0.0290294 -0.0402543 0.635509 51.0795 22 299162071 1001 1 1 0 0 1 
499.444 1353.73 -50 0.0586612 0.189581 1.81807 51.2117 22 299201097 1001 1 1 0 0 1 
-853.574 -1056.59 -50 -0.030264 -0.02694 0.459118 51.3359 22 299431882 1001 1 1 0 0 1 
-1986.24 163.999 -50 -0.128801 0.0004305 0.876413 53.4522 22 299484271 1001 1 1 0.0959014 0.0959014 2 
-1562.5 -871.868 -50 -0.0523273 -0.0286068 0.557345 52.6856 22 299510870 1001 1 1 0 0 1 
-375.097 -1848.27 -50 -0.0296502 -0.113859 0.884462 51.4546 22 299606347 1001 1 1 0.393078 0.393078 4 
-1669.05 -1552.47 -50 -0.104121 -0.0898785 0.963511 51.4958 22 299755129 1001 1 1 0 0 1 
-766.218 -803.186 -50 -0.0397309 -0.0584805 0.842541 51.4655 22 299771427 1001 1 1 0.705434 0.705434 4 
-1175.11 256.555 -50 -0.068065 0.0270124 0.809497 52.2523 22 299827796 1001 1 1 0 0 1 
257.571 723.368 -50 0.0149906 0.0389173 0.847626 50.8755 22 299907576 1001 1 1 0.723576 0.723576 4 
1409.26 -262.287 -50 0.102187 -0.0217461 0.914366 51.6233 22 299945981 1001 1 1 0 0 1 
-297.049 1155.93 -50 -0.00817423 0.050371 0.529867 51.5553 22 299980530 1001 1 1 0.438755 0.438755 7 
167.013 -1105.65 -50 0.0147406 -0.110813 1.24109 51.287 22 300035659 1011 1 1 0.108186 0.108186 2 
1987.35 -1711.95 -50 0.112733 -0.082471 0.450029 52.5279 22 300197539 1001 1 1 0 0 1 
-1312.01 -511.538 -50 -0.111946 -0.028747 1.28577 51.1915 22 300211779 1001 1 1 0 0 1 
982.083 514.474 -50 0.0979862 -0.0637023 0.448081 53.5333 22 300412618 1001 1 1 0.358153 0.358153 4 
-1528.7 -927.794 -50 -0.0774165 -0.0309683 0.72589 51.39 22 300464965 1001 1 1 0 0 1 
1482.77 6.3704 -50 0.134708 -0.00669963 1.34236 51.3532 22 300502786 1001 1 1 0 0 1 
68.6731 609.933 -50 0.0150663 0.0224861 0.599096 52.1491 22 300541212 1001 1 1 0 0 1 
-169.603 843.741 -50 -0.0358881 0.0367272 0.372617 51.4966 22 300648871 1001 1 1 0.202815 0.202815 2 
-710.419 702.118 -50 -0.046507 0.0456222 0.725274 52.0685 22 300689253 1001 1 1 0.287907 0.287907 3 
1409.85 644.1 -50 0.092161 0.0268165 0.834665 52.3532 22 300702029 1001 1 1 0.229555 0.229555 2 
1355.64 430.26 -50 0.143029 0.0518969 1.56904 51.0018 22 300740847 1001 1 1 1.47593 1.47593 6 
-1133.2 -1987.5 -50 -0.0877594 -0.0033186 0.575833 53.3413 22 300865303 1056 1 1 0 0 1 
-1550.74 -1602.41 -50 -0.0402262 -0.0602319 0.58316 51.8571 22 300902470 1001 1 1 0.173537 0.173537 2 
1730.53 -1231.24 -50 0.0665983 -0.0407804 0.531299 51.5372 22 301014043 1001 1 1 0 0 1 
-326.937 -976.722 -50 -0.00379843 -0.03236 0.393949 51.6719 22 301037219 1001 1 1 0.211789 0.211789 4 
1602.6 936.673 -50 0.0640501 0.0370194 0.586194 51.1159 22 301050793 1001 1 1 0.0910372 0.0910372 2 
-389.296 1282.57 -50 -0.0102961 -0.00242624 0.350795 52.5316 22 301164919 1001 1 1 0 0 1 
1929.82 -1864.4 -50 0.113041 -0.0884752 0.774067 52.4022 22 301179944 1001 1 1 0 0 1 
1368.03 -912.87 -50 0.0643289 -0.0394269 0.672342 51.2241 22 301184474 1010 1 1 0 0 1 
1078.71 -1436.5 -50 0.125035 -0.150155 1.64831 51.3438 22 301234465 1001 1 1 0.69353 0.69353 3 
-1948.46 -1157 -50 -0.153211 -0.0806845 1.18865 51.7091 22 301263441 1001 1 1 0 0 1 
1472.88 921.069 -50 0.10229 0.0651385 1.23069 51.6675 22 301303251 1001 1 1 0 0 1 
-612.119 -1826.22 -50 -0.0326808 -0.123095 1.12915 52.7445 22 301382576 1010 1 1 0 0 1 
534.33 -25.2982 -50 0.0190535 -0.00318303 0.73538 51.1276 22 301454988 1001 1 1 0.525866 0.525866 4 
-1977.14 -644.258 -50 -0.14244 -0.039509 0.912178 51.8309 22 301575812 1001 1 1 0.0338406 0.0338406 2 
-921.53 -712.033 -50 -0.0695588 -0.0457368 0.910837 51.3216 22 301740587 1001 1 1 0 0 1 
328.927 1040.9 -50 0.210226 0.0931669 1.34818 51.8493 22 301742725 1001 1 1 0 0 1 
1336.68 -1134.41 -50 0.0636091 -0.0550358 0.657057 52.1298 22 302045810 1001 1 1 0.0247888 0.0247888 2 
-518.832 -1899.08 -50 -0.0556603 -0.193593 1.51816 51.391 22 302088468 1001 1 1 0 0 1 
1285.71 842.276 -50 0.0687384 0.0421787 0.770849 51.2152 22 302124889 1001 1 1 0 0 1 
1738.97 1079.7 -50 0.0945097 0.0607768 0.918403 51.5504 22 302163650 1007 1 1 0 0 1 
1279.18 1908.64 -50 0.110477 0.157565 1.22999 51.6268 22 302222572 1001 1 1 0.391662 0.391662 2 
1323.04 1035.85 -50 0.0645063 0.0493359 0.661721 51.7558 22 302239260 1001 1 1 0.194781 0.194781 2 
1521.12 567.32 -50 -0.00525687 0.115779 0.497736 55.5157 22 302395656 1001 1 1 0.434787 0.434787 7 
64.933 156.444 -50 0.00998027 0.008888 0.638614 51.1134 22 302594646 1001 1 1 0.435354 0.435354 2 
1255.57 -337.971 -50 0.120874 0.0715964 0.433001 54.9395 22 302623041 1001 1 1 0 0 1 
1035.45 37.554 -50 0.0393615 -0.00294612 0.53709 52.1344 22 302724244 1001 1 1 0.297651 0.297651 3 
-1096.8 -1864.5 -50 -0.0996291 -0.179082 1.38999 51.3379 22 302724450 1001 1 1 1.31934 1.31934 9 
-932.398 1492.32 -50 -0.0968438 0.180602 1.55371 52.2614 22 302979653 1001 1 1 0 0 1 
-1776.73 879.769 -50 -0.0879545 0.053058 0.755128 51.5751 22 303021260 1001 1 1 0.338583 0.338583 2 
830.488 760.435 -50 0.0188412 0.0258463 0.399922 51.578 22 303231052 1001 1 1 0.277302 0.277302 5 
1834.93 1309 -50 0.0750336 -0.0395169 0.942009 52.785 22 303253972 1001 1 1 0.69351 0.69351 3 
413.112 -448.25 -50 -0.0388541 -0.099776 1.17059 51.648 22 303254359 1001 1 1 0 0 1 
-1082.75 -421.758 -50 -0.0625423 -0.0360007 0.979684 51.2245 22 303358557 1001 1 1 0 0 1 
-494.629 -998.733 -50 -0.0377862 -0.0902368 1.22045 51.1612 22 303455910 1001 1 1 0.0337802 0.0337802 2 
400.071 -377.437 -50 0.024448 -0.0181384 0.758351 52.2803 22 303630477 1001 1 1 0.636162 0.636162 5 
1854.43 -1225.34 -50 0.0873498 -0.0151641 0.244045 54.304 22 303703971 1010 1 1 0.0219253 0.0219253 2 
-758.868 921.801 -50 -0.0595272 0.107544 1.40632 51.3848 22 303722164 1001 1 1 1.11555 1.11555 4 
1791.36 537.24 -50 0.159742 0.0546116 1.16396 51.9557 22 303725938 1001 1 1 1.00441 1.00441 5 
-1726.96 -349.524 -50 -0.105492 -0.0138149 0.788319 51.842 22 303788878 1015 1 1 0.092489 0.092489 2 
-1896 -98.8286 -50 -0.0844668 -0.012773 0.578947 52.1281 22 303826361 1001 1 1 0.353656 0.353656 3 
-21.0052 -1122.78 -50 -0.00173724 -0.0821443 1.16524 50.9503 22 303836575 1001 1 1 0.725451 0.725451 2 
-980.053 -849.937 -50 -0.0419992 0.0114082 0.167957 54.4096 22 303847351 1001 1 1 0.0693854 0.0693854 2 
1227.48 1329.05 -50 0.089235 -0.0436043 1.03989 52.1974 22 303873458 1001 1 1 0.828551 0.828551 2 
-1902.63 -779.672 -50 -0.0954112 -0.0493953 0.727017 53.0542 22 303896746 1001 1 1 0.496696 0.496696 3 
-1103.6 1530.4 -50 -0.108218 0.129537 1.2333 51.4533 22 303942193 1001 1 1 0 0 1 
-96.6947 833.312 -50 0.00989784 0.0495705 0.994325 51.6103 22 303960656 1001 1 1 0.503063 0.503063 2 
1211.42 607.039 -50 0.0778594 0.0390955 0.833833 51.1123 22 303967203 1001 1 1 0 0 1 
-1088.82 -241.406 -50 -0.0296098 -0.00628133 0.487113 51.1334 22 303994336 1001 1 1 0 0 1 
1259.6 515.209 -50 0.155355 0.00632034 0.592632 53.8926 22 304036267 1001 1 1 0.143174 0.143174 2 
-974.004 1867.2 -50 -0.0791015 0.142814 1.05608 52.303 22 304063647 1001 1 1 0.230347 0.230347 2 
907.754 384.057 -50 0.0585021 0.0185564 0.893749 50.9783 22 304080138 1001 1 1 0.677623 0.677623 3 
-161.411 133.74 -50 -0.0104137 0.00945085 0.50055 51.3889 22 304124473 1001 1 1 0.500704 0.500704 17 
156.984 11.9513 -50 0.00484998 0.0076904 0.536358 51.3254 22 304208154 1001 1 1 0.218714 0.218714 2 
542.072 953.72 -50 0.0472268 0.0343836 0.845283 51.7227 22 304278637 1001 1 1 0.710942 0.710942 4 
-1734.63 -1397.6 -50 -0.125555 -0.0914383 0.985471 51.661 22 304334374 1001 1 1 0.759495 0.759495 2 
-314.817 1438.03 -50 -0.0214412 0.0688224 0.817858 51.3679 22 304339249 1001 1 1 0.0434133 0.0434133 2 
-1955.39 -905.469 -50 -0.0855029 -0.0251848 0.580853 52.1778 22 304352385 1001 1 1 0.297779 0.297779 5 
-1196.52 48.1208 -50 -0.0785521 0.000518224 1.18418 52.9882 22 304457343 1007 1 1 0 0 1 
590.68 1968.53 -50 0.0386015 0.128602 0.987763 51.5289 22 304468758 1001 1 1 0 0 1 
1494.27 -1365.95 -50 0.133492 -0.149952 1.37832 51.9433 22 304694663 1001 1 1 0 0 1 
-1160.99 -1024.32 -50 -0.0760254 -0.062532 1.02834 51.0559 22 304724300 1001 1 1 0.212159 0.212159 2 
1656.96 366.644 -50 0.0722737 0.0224649 0.568954 53.0106 22 304987325 1001 1 1 0 0 1 
-1021.97 1684.81 -50 -0.111633 -0.00528942 0.94968 53.9003 22 305108719 1020 1 1 0 0 1 
-255.99 1343.8 -50 -0.0267143 0.243772 1.29184 52.0108 22 305323018 1001 1 1 0 0 1 
-1792.96 -322.002 -50 -0.109599 -0.0125182 0.80016 52.2687 22 305327113 1001 1 1 0.0284019 0.0284019 2 
1965.28 1703.68 -50 0.0831745 0.0878406 0.6719 52.179 22 305384944 1001 1 1 0 0 1 
-1774.2 593.503 -50 -0.0876455 0.0278512 0.744391 51.2853 22 305387167 1001 1 1 0 0 1 
21.8377 -871.669 -50 0.017077 -0.058798 0.946349 51.4212 22 305410109 1001 1 1 0.70856 0.70856 2 
1378.37 991.303 -50 -0.0107489 -0.0121781 0.186277 53.8303 22 305455275 1001 1 1 0.0327695 0.0327695 2 
-170.167 -841.176 -50 -0.170085 -0.214209 0.959098 54.9615 22 305484490 1008 1 1 0 0 1 
656.247 425.261 -50 0.0735727 0.0375009 1.33847 51.0621 22 305539292 1001 1 1 0.79753 0.79753 3 
500.958 -1276.99 -50 0.0526869 -0.15469 1.8758 51.0289 22 305545882 1001 1 1 1.39604 1.39604 2 
1404.34 837.094 -50 0.0813657 0.0463487 0.803125 51.2844 22 305664360 1001 1 1 0.0498176 0.0498176 2 
1266.89 1550.16 -50 0.0390326 0.0511236 0.510263 52.0074 22 305674037 1001 1 1 0.188298 0.188298 3 
-663.968 -427.962 -50 -0.0129659 -0.0183554 0.430122 51.2109 22 305726639 1001 1 1 0.0237315 0.0237315 2 
11.6735 1672.3 -50 -0.00262708 0.148673 1.14433 51.6603 22 305833806 1001 1 1 0.674921 0.674921 2 
781.609 315.095 -50 0.0551382 0.019191 1.00506 50.9271 22 306080767 1001 1 1 0.819735 0.819735 4 
-399.513 -1840.12 -50 0.019281 -0.0729803 0.545796 52.3562 22 306095905 1001 1 1 0.216559 0.216559 2 
786.182 -1811.27 -50 0.0520912 -0.0964109 0.752155 52.0634 22 306199684 1001 1 1 0 0 1 
-267.918 -221.638 -50 -0.166389 0.114231 0.940351 53.1104 22 306348889 1001 1 1 0.0483085 0.0483085 2 
-896.28 268.592 -50 0.0273208 0.112015 0.681621 52.607 22 306357925 1001 1 1 0 0 1 
1718.19 1512.91 -50 0.0579657 0.0578485 0.496181 51.5634 22 306384167 1001 1 1 0 0 1 
-924.656 784.524 -50 -0.110515 0.0862505 1.72688 51.0426 22 306403509 1029 1 1 0 0 1 
-1902.69 1845.6 -50 -0.12902 0.125998 1.00519 51.524 22 306454861 1001 1 1 1.02121 1.02121 9 
-672.554 1401.44 -50 -0.0237033 0.108959 1.11525 51.1297 22 306498428 1001 1 1 0 0 1 
-1277.87 -883.959 -50 -0.0522119 -0.0394354 0.61168 51.257 22 306511476 1001 1 1 0 0 1 
1054.48 429.827 -50 0.0643676 0.0327686 1.0013 51.3011 22 306560142 1001 1 1 0.840363 0.840363 4 
-1346.55 -880.668 -50 -0.159628 -0.0856551 1.51772 51.4287 22 306659120 1001 1 1 0.0547731 0.0547731 2 
-635.464 1790.2 -50 -0.039425 0.118343 0.866562 51.5424 22 306701113 1001 1 1 0 0 1 
218.397 -1421.61 -50 0.03179 -0.141272 1.51985 51.1977 22 306708533 1001 1 1 0.586032 0.586032 2 
1810.71 -418.051 -50 0.0546549 -0.00361852 0.451978 51.7016 22 306768448 1001 1 1 0.335656 0.335656 7 
-699.919 941.651 -50 -0.0385015 0.0431858 0.60023 51.444 22 306857555 1001 1 1 0 0 1 
1425.91 -135.753 -50 0.063364 -0.0044082 0.563595 51.8811 22 307084890 1001 1 1 0.351432 0.351432 2 
886.782 231.677 -50 0.0723224 0.0182297 0.956035 51.7095 22 307157728 1001 1 1 0 0 1 
-1621.97 723.215 -50 -0.106739 0.0287068 0.911897 51.6509 22 307291857 1001 1 1 0.704527 0.704527 2 
-1386.6 -855.347 -50 -0.144046 -0.0689869 0.734432 52.1191 22 307304536 1001 1 1 0 0 1 
-1211.15 109.464 -50 -0.0350529 0.00270978 0.539641 51.3454 22 307305403 1001 1 1 0.246597 0.246597 3 
71.3041 -925.064 -50 -0.00441788 0.00779048 0.134301 52.6398 22 307407763 1001 1 1 0.0182788 0.0182788 2 
1414.68 38.499 -50 0.0606033 -0.00827644 0.542768 51.7507 22 307459027 1001 1 1 0 0 1 
-1882.16 -809.636 -50 -0.0730907 -0.0380082 0.621864 53.2072 22 307546553 1001 1 1 0.190805 0.190805 2 
-1923.26 762.485 -50 -0.0515543 0.0183161 0.427993 51.8201 22 307643822 1001 1 1 0.277048 0.277048 4 
-104.18 -1357.08 -50 -0.00553856 -0.188486 1.90944 51.1959 22 307651867 1001 1 1 1.06735 1.06735 2 
339.659 1276.33 -50 0.016816 0.104904 1.11029 51.3203 22 307761619 1001 1 1 0 0 1 
-469.628 -730.637 -50 -0.0411335 -0.0645041 1.21279 51.0851 22 307971001 1001 1 1 0.0546622 0.0546622 2 
-1834.23 -652.893 -50 -0.0896469 -0.0405688 0.532382 51.553 22 307983680 1001 1 1 0.383232 0.383232 5 
-1522.98 1764.2 -50 -0.0891089 0.115458 0.973942 53.3479 22 308138437 1001 1 1 0 0 1 
-1941.6 -550.812 -50 -0.114653 -0.024799 0.929128 51.5179 22 308204008 1001 1 1 0.103772 0.103772 2 
1985.8 -1124.09 -50 0.168273 -0.0779597 1.25518 51.7982 22 308232713 1001 1 1 0 0 1 
-776.822 -409.694 -50 -0.0866873 -0.0746522 0.450822 53.2945 22 308320480 1001 1 1 0.360437 0.360437 5 
-749.974 1677.61 -50 -0.09104 0.188729 1.84341 51.3821 22 308341030 1001 1 1 0.194511 0.194511 2 
-1033.92 -1746.47 -50 -0.0280381 -0.0559909 0.511162 51.4978 22 308356553 1001 1 1 0.0575866 0.0575866 2 
1833.84 1921.91 -50 0.102794 0.0958389 0.803929 51.8013 22 308406377 1001 1 1 0 0 1 
-1973.94 -1298.72 -50 -0.0574821 -0.0386627 0.409812 51.7046 22 308473854 1001 1 1 0 0 1 
147.087 -109.865 -50 -0.0100675 -0.110787 0.558346 53.6166 22 308505955 1001 1 1 0 0 1 
1059.41 -756.678 -50 -0.00660372 -0.104007 0.411959 53.6724 22 308526832 1001 1 1 0.252339 0.252339 2 
-1109 -1687.1 -50 -0.164193 -0.185779 1.88766 51.7939 22 308587265 1001 1 1 1.39285 1.39285 4 
-1050.93 408.505 -50 -0.127446 0.0548346 1.81819 50.8725 22 308732937 1001 1 1 1.73263 1.73263 13 
370.399 1568.82 -50 0.0194367 0.26528 0.880884 53.0014 22 308774979 1001 1 1 0.611682 0.611682 4 
1655.23 -764.049 -50 0.210311 -0.0933332 1.94283 51.3689 22 308797808 1001 1 1 0 0 1 
1452.25 -1697.26 -50 0.0901966 -0.0849302 0.880157 53.6195 22 308836041 1001 1 1 0.686523 0.686523 2 
824.56 1116.27 -50 0.0290782 0.0432024 0.556842 53.2018 22 308972863 1001 1 1 0.410227 0.410227 6 
1117 -607.773 -50 0.0628142 -0.0376838 0.302207 52.3366 22 309026797 1001 1 1 0.0389741 0.0389741 2 
694.53 1186.07 -50 0.0429537 0.094602 0.986806 51.6982 22 309027890 1001 1 1 0 0 1 
-1727.95 706.487 -50 -0.0523699 0.0340046 0.495886 51.6391 22 309080614 1001 1 1 0.0342489 0.0342489 2 
-576.157 -1219.52 -50 -0.0530267 -0.0906908 1.35875 51.3191 22 309121504 1001 1 1 1.16516 1.16516 3 
1950.1 556.022 -50 0.135322 0.0324565 1.08283 51.4897 22 309213565 1001 1 1 0 0 1 
-731.269 -1348.72 -50 -0.0683278 -0.219625 0.892279 52.5379 22 309333723 1008 1 1 0.83944 0.83944 8 
1649.48 391.012 -50 0.193071 0.0664605 1.74279 51.3336 22 309341171 1001 1 1 0.620609 0.620609 2 
-1647.24 68.5766 -50 -0.0879815 0.00217412 0.686754 51.6585 22 309353417 1001 1 1 0.147273 0.147273 3 
310.854 1468.71 -50 0.00802502 0.0701781 0.825184 51.8922 22 309380010 1001 1 1 0.306899 0.306899 2 
-297.99 728.883 -50 -0.0253778 0.0461699 1.25177 52.6451 22 309406334 1001 1 1 0 0 1 
1541.6 1923.69 -50 0.127441 0.174365 0.493374 57.6571 22 309478297 1045 1 1 0 0 1 
943.524 -1953.92 -50 0.11049 -0.161371 1.37084 52.0663 22 309631642 1001 1 1 0.755898 0.755898 2 
331.342 1527.68 -50 -0.136477 0.0682559 0.957722 52.675 22 309649045 1001 1 1 0 0 1 
-685.21 -1015.25 -50 -0.0307493 -0.0680606 0.939593 51.1744 22 309686237 1001 1 1 0 0 1 
1354.88 -189.608 -50 0.153484 -0.0176449 1.41837 51.6655 22 309769811 1001 1 1 1.34837 1.34837 11 
158.347 -1154.03 -50 0.00776223 -0.0541748 0.691555 51.0023 22 309866837 1007 1 1 0 0 1 
-1328.07 -1836.44 -50 -0.060309 -0.0621316 0.577377 52.014 22 309988237 1001 1 1 0.0854922 0.0854922 2 
1631.03 -852.761 -50 0.119762 -0.0574451 1.1163 52.7809 22 310050198 1001 1 1 0 0 1 
1005.39 -1608.77 -50 0.0987175 -0.126212 0.516776 53.2268 22 310176698 1001 1 1 0.46057 0.46057 8 
-249.28 792.272 -50 -0.00452375 0.0284161 0.515797 51.2005 22 310273993 1001 1 1 0.425558 0.425558 6 
-1018.96 456.581 -50 -0.0414528 0.0302042 0.695923 51.267 22 310329332 1007 1 1 0 0 1 
622.325 -1843.16 -50 0.133404 -0.106163 0.508617 54.5236 22 310338026 1001 1 1 0.407447 0.407447 3 
-1937.02 -732.689 -50 -0.101773 -0.0290785 0.846801 51.6253 22 310412570 1001 1 1 0.0731512 0.0731512 2 
-1434.5 -88.336 -50 -0.0466994 0.00428491 0.51058 52.3195 22 310473096 1001 1 1 0.180644 0.180644 2 
977.174 58.1701 -50 -0.0288072 -0.00369236 0.588226 51.7407 22 310483188 1001 1 1 0 0 1 
-236.522 -1772.6 -50 -0.000867598 -0.00730283 0.18323 52.1871 22 310648800 1035 1002 1 0 0 1 
1809.94 1282.91 -50 0.0856922 0.0676026 0.655497 51.8333 22 310756846 1001 1 1 0.438081 0.438081 3 
1632.43 198.557 -50 0.11268 0.0431206 1.09893 52.2004 22 310785617 1001 1 1 0 0 1 
1856.48 860.483 -50 0.120841 0.0612871 0.94173 51.5608 22 310846951 1001 1 1 0 0 1 
441.174 951.409 -50 0.0301095 0.06977 1.09027 50.922 22 310847768 1001 1 1 0 0 1 
1496.22 -782.668 -50 0.0133641 -0.0161095 0.103991 52.5861 22 310900165 1001 1 1 0.0276793 0.0276793 2 
313.89 1868.83 -50 0.0292535 0.154211 1.22071 51.2438 22 310908431 1001 1 1 0.676286 0.676286 2 
-1212.35 1348.82 -50 -0.0864169 0.129475 1.22993 51.5895 22 311021460 1001 1 1 1.15482 1.15482 5 
-1593.5 197.344 -50 -0.0469605 0.00581823 0.482042 52.3894 22 311041796 1001 1 1 0.132153 0.132153 3 
-907.814 1691.32 -50 -0.0932872 0.180716 1.57388 51.3522 22 311394515 1001 1 1 1.42448 1.42448 5 
1325.81 55.2854 -50 0.0162314 -0.00884439 0.0566039 55.1678 22 311408690 1001 1 1 0.0595173 0.0595173 8 
1875.76 1890.34 -50 0.0753643 0.0571031 0.525746 52.1155 22 311533823 1001 1 1 0.434031 0.434031 5 
-338.836 1197.09 -50 -0.0129438 0.0857394 0.886072 52.3865 22 311578179 1001 1 1 0 0 1 
937.563 666.989 -50 0.0290411 0.0262398 0.616448 52.0671 22 311668195 1001 1 1 0 0 1 
-502.104 -1645.97 -50 -0.0408777 -0.106588 1.05572 51.4475 22 311741550 1001 1 1 0 0 1 
-1526.03 260.679 -50 -0.0600649 0.0174258 0.608793 51.773 22 311801393 1001 1 1 0 0 1 
1901.44 279.398 -50 0.484793 0.168626 1.35388 56.5833 11 312064395 1008 1001 1 1.02444 1.02444 1 
-1449.56 458.148 -50 -0.105904 0.0379658 0.947228 53.114 22 312287063 1001 1 1 0.825552 0.825552 3 
-526.937 -1108.73 -50 -0.0281546 -0.0663122 0.805668 51.1146 22 312352908 1001 1 1 0 0 1 
1589.34 -973.066 -50 0.0790447 -0.0411958 0.754441 51.2031 22 312439192 1001 1 1 0 0 1 
-1083.02 604.404 -50 -0.0520384 0.0266061 0.806684 51.1543 22 312528365 1001 1 1 0.103487 0.103487 2 
1966.25 1851.66 -50 0.257461 0.185779 1.53426 51.7661 22 312634256 1001 1 1 1.16706 1.16706 2 
5.71065 1572.8 -50 -0.00110109 0.0764345 0.710038 51.3087 22 312637740 1001 1 1 0.152963 0.152963 2 
1467.39 -271.235 -50 0.0245888 -0.0175658 0.341789 51.4916 22 312708561 1019 1 1 0.170421 0.170421 2 
1966.72 1511.66 -50 0.142065 0.0985319 1.02448 51.6819 22 312779159 1001 1 1 0 0 1 
-1497.62 287.07 -50 -0.0617903 0.0124841 0.664471 52.2643 22 312875122 1001 1 1 0.275136 0.275136 2 
-1545.98 -1627.53 -50 -0.175295 -0.135733 1.68191 51.6454 22 312984277 1001 1 1 0 0 1 
188.394 -304.74 -50 0.00497397 -0.0386784 2.12372 51.0933 22 313047811 1001 1 1 2.05008 2.05008 7 
-648.206 -871.431 -50 -0.0420065 -0.0385658 1.06022 51.4724 22 313093217 1001 1 1 0 0 1 
-286.297 761.751 -50 -0.00320174 0.0306799 0.591951 50.9785 22 313226187 1001 1 1 0 0 1 
-980.808 1897.2 -50 -0.139704 0.199308 1.68664 51.9314 22 313378699 1001 1 1 0 0 1 
-166.503 -1423.29 -50 0.00510504 -0.00728854 0.0426964 52.9579 22 313493209 1011 1001 1 0.00567734 0.00567734 3 
227.878 923.718 -50 0.0888182 0.0734838 1.21737 51.4056 22 313548046 1001 1 1 0 0 1 
-1696.74 -1088.51 -50 -0.0705434 -0.0593385 0.656143 52.0364 22 313591485 1001 1 1 0.0665357 0.0665357 2 
693.218 1904.86 -50 0.0588635 0.106908 0.940255 52.4464 22 313675534 1001 1 1 0.708551 0.708551 6 
110.907 -1023.63 -50 -0.00875838 -0.0999366 1.53555 51.2848 22 314007809 1001 1 1 1.44415 1.44415 5 
-1293.79 1906.34 -50 -0.050539 0.0750407 0.570301 51.8106 22 314132736 1001 1 1 0.427174 0.427174 7 
404.904 -1662.48 -50 -0.0778578 -0.144931 0.881169 52.0819 22 314177610 1001 1 1 0 0 1 
-56.0398 -1607.77 -50 -0.00603415 -0.0853319 0.797331 51.2109 22 314239821 1001 1 1 0 0 1 
1345.65 926.067 -50 0.040116 0.0312865 0.426194 51.3069 22 314341185 1001 1 1 0.0570869 0.0570869 3 
1489.67 471.107 -50 0.097741 0.0344071 0.929388 51.0759 22 314341242 1001 1 1 0.506655 0.506655 3 
1265.3 -1471.99 -50 0.0442163 0.0103416 0.261025 52.8146 22 314418567 1015 1 1 0.168988 0.168988 4 
1857.41 -1392.46 -50 0.178054 -0.118965 1.33361 51.7372 22 314500094 1001 1 1 0 0 1 
1457.45 1302.57 -50 -0.0234436 0.0787728 0.737639 52.1678 22 314531599 1004 1 1 0 0 1 
-1686.74 1939.93 -50 -0.109424 0.146715 1.09128 51.7864 22 314545920 1001 1 1 0 0 1 
-1251.02 -1395.75 -50 -0.0239023 -0.0196392 0.0874658 53.8237 22 314754606 1013 1012 1 0.0349868 0.0349868 4 
-1214.73 -690.912 -50 -0.0566334 -0.0525237 0.842117 53.3055 22 314771854 1001 1 1 0 0 1 
338.718 194.929 -50 0.037156 0.0136311 1.62879 50.8654 22 314841588 1001 1 1 0 0 1 
1828.96 1871.25 -50 0.0992646 0.0460002 0.464919 52.295 22 314960555 1046 1 1 0.425619 0.425619 13 
1719.47 -1205.87 -50 0.11175 -0.07664 0.906701 51.4096 22 314988896 1001 1 1 0 0 1 
-648.221 -1111.91 -50 -0.108486 -0.132128 1.79684 51.4984 22 315031808 1001 1 1 0.267435 0.267435 2 
853.447 167.295 -50 0.0904189 -0.00971032 2.02759 51.4419 22 315314773 1001 1 1 0 0 1 
-1401.5 -479.905 -50 -0.0660329 -0.024796 0.808173 51.3352 22 315449606 1001 1 1 0 0 1 
553.736 -1476.08 -50 0.0581381 -0.147739 1.40711 51.3338 22 315467059 1001 1 1 0 0 1 
-1634.29 1052.37 -50 -0.155592 0.0979885 1.42068 51.3076 22 315825969 1001 1 1 1.33436 1.33436 6 
-1178.51 513.605 -50 -0.0936429 0.0409789 1.20986 51.063 22 315963106 1001 1 1 0 0 1 
1741.19 1404.25 -50 0.079365 0.0673036 0.692943 51.4869 22 316040221 1001 1 1 0 0 1 
-1560.17 1220.68 -50 -0.0831755 0.0555261 0.683515 51.8175 22 316073598 1001 1 1 0 0 1 
937.267 66.3065 -50 -0.0184614 0.0347747 0.456358 52.3464 22 316108082 1009 1 1 0 0 1 
490.063 1652.44 -50 -0.0418365 0.196615 1.845 51.4753 22 316114341 1001 1 1 1.76086 1.76086 10 
-1182.86 1533.15 -50 -0.0867899 0.0832729 0.964292 52.2967 22 316333964 1001 1 1 0.741767 0.741767 2 
91.2308 1358.18 -50 -0.00968788 0.108951 1.29049 51.1297 22 316341692 1001 1 1 0 0 1 
-1921.56 -512.776 -50 -0.116597 -0.02923 0.931917 51.2719 22 316484216 1001 1 1 0.747977 0.747977 3 
-1031.22 -299.797 -50 -0.0458323 -0.00521192 0.683879 51.1928 22 316664478 1001 1 1 0 0 1 
-1167.94 -48.6881 -50 -0.053033 -0.00370745 0.793868 51.588 22 316670799 1001 1 1 0 0 1 
-1948.26 540.637 -50 -0.116409 0.0349474 0.897618 51.2768 22 316713726 1001 1 1 0.744045 0.744045 3 
-383.264 -345.904 -50 0.0045687 0.0918088 0.636096 52.5494 22 316732251 1001 1 1 0.0475554 0.0475554 2 
-1099.26 380.263 -50 -0.121243 0.0227199 1.62234 51.344 22 316860445 1012 1 1 0.43131 0.43131 2 
-1230.35 756.829 -50 -0.104553 -0.0151208 1.04742 52.214 22 316929545 1001 1 1 0.503326 0.503326 2 
1013.99 1533.48 -50 0.0523921 0.0566397 0.641498 53.1465 22 317041405 1009 1 1 0.36813 0.36813 3 
388.525 1583.54 -50 0.0399741 0.164252 1.59479 51.227 22 317065895 1001 1 1 0 0 1 
1020.81 -489.751 -50 0.0325023 -0.0245455 0.504107 52.3639 22 317077487 1009 1 1 0.319431 0.319431 2 
1114.8 1129.82 -50 0.103966 0.100878 1.31176 51.0179 22 317096968 1001 1 1 0 0 1 
-1380.99 1218.35 -50 -0.0456514 0.0364873 0.438723 53.0227 22 317142946 1001 1 1 0 0 1 
1777.98 1062.93 -50 0.16731 0.121707 0.654056 53.029 22 317289802 1001 1 1 0.586065 0.586065 9 
-1492.74 1926.05 -50 -0.0999734 0.117948 0.952976 51.4499 22 317309028 1001 1 1 0 0 1 
-576.51 -1692.54 -50 -0.0144588 -0.0653495 0.620856 51.5012 22 317350824 1001 1 1 0.495959 0.495959 6 
348.689 1413.96 -50 -0.0427479 0.160695 0.523878 54.146 22 317434411 1001 1 1 0.0476799 0.0476799 2 
-149.552 -742.286 -50 -0.00960648 -0.0310528 0.644837 51.0098 22 317531055 1001 1 1 0.543387 0.543387 7 
901.913 -271.117 -50 0.0415557 0.00405644 0.627091 51.6053 22 317629720 1039 1 1 0 0 1 
979.247 -1273.55 -50 0.0410559 -0.0666749 0.725122 51.2259 22 317671629 1001 1 1 0.645828 0.645828 6 
-1722.72 659.406 -50 -0.0627635 0.0245 0.517235 51.3572 22 317684246 1001 1 1 0 0 1 
1566.75 -444.875 -50 0.051997 -0.0137154 0.615067 52.0924 22 317722071 1015 1 1 0 0 1 
-1681.11 1146.96 -50 -0.0884256 0.0601818 0.8086 53.0184 22 317741488 1001 1 1 0.687581 0.687581 4 
-1226.27 -961.018 -50 -0.192555 -0.0313107 1.07808 51.8607 22 317894911 1001 1 1 0.4135 0.4135 4 
1289.88 -1172.87 -50 0.124362 -0.114988 1.57439 51.297 22 318086203 1001 1 1 1.16483 1.16483 3 
-1291.47 -261.859 -50 -0.0965971 -0.0151217 0.945772 51.4112 22 318161871 1001 1 1 0 0 1 
-921.706 58.4812 -50 -0.0424024 0.00624421 0.734883 51.3099 22 318172408 1034 1 1 0.545291 0.545291 3 
-1501.51 1370.23 -50 -0.0253326 0.0618994 1.12668 52.0753 22 318175438 1001 1 1 0 0 1 
659.282 -117.15 -50 0.0203737 -0.00901576 0.709191 52.8494 22 318184990 1001 1 1 0.498902 0.498902 2 
-1031.71 -1335.21 -50 -0.0617479 -0.115343 1.09703 52.5324 22 318208105 1001 1 1 0.949872 0.949872 4 
1598.44 -1793.07 -50 0.0844489 -0.0985954 0.772658 51.6021 22 318279999 1048 1 1 0.370925 0.370925 3 
-1084.6 904.562 -50 -0.0610113 0.0492798 0.875527 52.7989 22 318308098 1001 1 1 0.190092 0.190092 2 
105.979 1183.7 -50 0.0121008 0.142302 1.83781 51.0136 22 318402405 1001 1 1 1.693 1.693 4 
-261.771 -761.68 -50 0.0977029 0.0383001 0.660536 52.9919 22 318453455 1017 1 1 0.328999 0.328999 2 
1888.09 -1611.16 -50 0.153358 -0.158165 1.37583 51.9632 22 318467665 1001 1 1 0 0 1 
1195.38 -842.697 -50 0.0530246 -0.0427074 0.630596 51.331 22 318479127 1001 1 1 0.569286 0.569286 8 
-966.919 258.409 -50 -0.0339623 0.0991919 0.529633 53.1809 22 318559095 1001 1 1 0 0 1 
1466.67 792.775 -50 0.0487469 0.0265322 0.427183 52.3918 22 318699166 1001 1 1 0.207271 0.207271 2 
805.043 -1954.31 -50 0.0213136 -0.0435425 0.370428 51.8078 22 318771024 1001 1 1 0 0 1 
-459.237 -1464.57 -50 -0.025506 -0.0841808 0.797177 51.2811 22 318826492 1001 1 1 0.801957 0.801957 9 
-387.654 -1292.17 -50 -0.0168822 -0.0323235 0.509861 53.0737 22 318900926 1001 1 1 0 0 1 
-1335.6 -345.52 -50 -0.0660461 -0.0127247 0.731338 51.1252 22 318922923 1001 1 1 0.4785 0.4785 2 
620.834 1774.29 -50 0.0362263 0.0879551 0.749183 51.4477 22 318952849 1001 1 1 0.201059 0.201059 2 
390.537 -1422.31 -50 0.0202198 -0.117885 1.1465 51.2531 22 318966513 1001 1 1 0 0 1 
1618.74 472.295 -50 0.133658 0.0332047 1.24579 51.1225 22 319060109 1001 1 1 0.0973768 0.0973768 2 
293.297 910.238 -50 0.0254797 0.036443 0.809354 51.5307 22 319081261 1001 1 1 0 0 1 
-1549.64 41.0937 -50 -0.143562 0.00193718 1.27135 51.1163 22 319112371 1001 1 1 0 0 1 
583.169 230.053 -50 0.00544286 0.0401265 0.196023 53.2029 22 319119720 1001 1 1 0.145696 0.145696 9 
870.432 1462.67 -50 0.0511427 0.0777536 0.690213 52.882 22 319328962 1001 1 1 0 0 1 
-586.809 1126.82 -50 -0.0204425 0.0353919 0.362802 51.9467 22 319398472 1001 1 1 0 0 1 
-83.8517 -205.439 -50 0.0065009 -0.0147734 0.74787 51.1992 22 319404410 1001 1 1 0 0 1 
1125.92 -1162.16 -50 0.140942 -0.131398 1.74776 51.2862 22 319406038 1001 1 1 0 0 1 
-961.454 1373.85 -50 -0.0451013 0.0759834 0.804408 51.25 22 319424143 1001 1 1 0 0 1 
-361.721 -260.616 -50 0.00399792 0.00736704 0.0531991 53.6557 22 319472837 1001 1 1 0.00887231 0.00887231 2 
1341.71 -133.222 -50 0.105049 -0.000527301 1.29069 51.3429 22 319528803 1001 1 1 0 0 1 
-1243.09 -1710.93 -50 -0.0733111 -0.087384 0.790688 53.3626 22 319578780 1001 1 1 0.459014 0.459014 3 
918.949 -386.465 -50 0.0823567 -0.041443 1.43489 50.9766 22 319674468 1001 1 1 0 0 1 
1096.91 341.202 -50 0.0622452 0.00880108 0.750946 51.3439 22 319694113 1001 1 1 0.294946 0.294946 2 
-1706.68 1497.73 -50 -0.117271 0.0985272 0.965355 51.4672 22 319808580 1001 1 1 0.842206 0.842206 5 
826.303 -150.195 -50 0.014853 0.000810566 0.408214 53.2007 22 319910350 1001 1 1 0 0 1 
-99.6398 -1291.46 -50 -0.0124503 -0.105582 1.19517 51.1104 22 320036915 1001 1 1 0 0 1 
-1852.34 -1241.04 -50 -0.00909091 -0.0108021 0.0394774 55.0796 22 320169865 1001 1 1 0.0418827 0.0418827 4 
-12.2836 -836.63 -50 0.00879867 -0.059758 0.79069 51.679 22 320552628 1001 1 1 0.00626684 0.00626684 2 
1469.71 305.132 -50 0.117543 0.0326336 1.09499 51.3792 22 320641392 1001 1 1 0.843196 0.843196 4 
-835.763 -1891.74 -50 -0.0318234 -0.0580365 0.494277 51.8527 22 320726153 1001 1 1 0.319917 0.319917 2 
432.905 -80.7762 -50 0.0343266 -0.00323503 0.804693 51.2167 22 320777193 1001 1 1 0.611417 0.611417 2 
-1219.85 406.328 -50 -0.0721873 0.0204238 0.878032 52.9158 22 320830425 1001 1 1 0.64537 0.64537 2 
794.627 1000.36 -50 0.0582137 0.0686756 0.914394 51.1665 22 320877365 1001 1 1 0 0 1 
-341.294 -440.424 -50 -0.0691816 0.0196473 0.69901 51.3334 22 320954324 1001 1 1 0.490498 0.490498 2 
-1718.1 -1881.63 -50 -0.10058 -0.112311 0.908577 51.8079 22 320983567 1001 1 1 0 0 1 
-605.283 486.136 -50 -0.0855767 0.0577905 1.5004 51.831 22 321025270 1001 1 1 1.36738 1.36738 5 
-98.4732 -1039.07 -50 -0.00236714 -0.0365996 0.650273 51.3061 22 321061713 1001 1 1 0.531695 0.531695 5 
461.861 195.004 -50 0.0169833 0.0136393 0.461896 51.6131 22 321107043 1001 1 1 0.294471 0.294471 3 
-687.969 570.294 -50 -0.0754155 0.0431062 1.19814 51.6767 22 321161714 1001 1 1 0 0 1 
914.24 -1630.95 -50 0.0415258 -0.0588991 0.541581 53.127 22 321164530 1001 1 1 0.0479928 0.0479928 3 
-348.853 -1355.09 -50 -0.0139206 -0.0772107 0.867185 51.2741 22 321248944 1001 1 1 0.444658 0.444658 2 
-1639.18 -428.487 -50 -0.190504 -0.0668954 1.77808 51.1575 22 321251870 1001 1 1 0 0 1 
-1595.17 -34.1454 -50 -0.129231 -0.0127109 1.05949 51.4166 22 321406732 1001 1 1 0 0 1 
1456.85 -164.732 -50 0.0656979 -0.00994088 0.594734 51.4554 22 321476727 1001 1 1 0 0 1 
-206.656 1110.83 -50 -0.0126669 0.094516 1.03438 51.7565 22 321492207 1001 1 1 0 0 1 
-1634.59 1972.71 -50 -0.191447 0.220558 1.7051 51.7001 22 321676144 1001 1 1 1.37968 1.37968 2 
1145.49 1822.31 -50 0.0895147 0.149464 1.08622 51.8562 22 321780458 1001 1 1 0 0 1 
1080.88 -602.464 -50 0.0691699 -0.0407502 1.04477 51.0481 22 321821327 1018 1 1 0 0 1 
1679.85 633.327 -50 0.0775742 0.0164906 0.577263 52.4457 22 321906597 1001 1 1 0.375397 0.375397 3 
3.01973 -90.0993 -50 -0.00885226 0.00220167 0.559563 51.336 22 321971120 1001 1 1 0.334709 0.334709 2 
-166.305 1586.46 -50 -0.142824 0.144552 1.35327 51.5213 22 322230238 1001 1 1 0.0364143 0.0364143 2 
686.567 1816.55 -50 0.0549355 0.114387 0.959256 52.1783 22 322231084 1001 1 1 0 0 1 
502.938 826.779 -50 0.00643967 0.0201014 0.352094 51.3825 22 322249854 1029 1 1 0.201221 0.201221 3 
1950.65 65.7575 -50 0.0679791 0.0116407 0.47897 51.8098 22 322586095 1001 1 1 0.262238 0.262238 3 
1755.08 -1111.25 -50 0.0917813 -0.0750335 0.765464 51.9505 22 322590429 1001 1 1 0 0 1 
-873.253 -541.484 -50 -0.0960351 0.0871749 0.792087 52.2454 22 322637378 1001 1 1 0.64555 0.64555 4 
-903.651 1156.38 -50 -0.151078 0.0870974 0.726293 52.284 22 322657940 1001 1 1 0 0 1 
773.689 1133.96 -50 0.00779155 0.00697034 0.0532208 52.2132 22 322722987 1001 1 1 0.0111887 0.0111887 5 
-160.986 772.741 -50 -0.0259117 0.0300528 0.123426 55.1569 22 322924628 1001 1 1 0.0331221 0.0331221 2 
-11.3766 753.962 -50 0.0183763 0.0530855 1.33165 51.5384 22 322996471 1001 1 1 1.03137 1.03137 3 
-1836.67 -679.969 -50 -0.123099 -0.0605369 0.983454 53.2071 22 323081371 1001 1 1 0 0 1 
-1900.8 -200.553 -50 -0.117847 -0.00148565 0.808929 51.975 22 323118321 1001 1 1 0.0324958 0.0324958 2 
-1657.97 1401.05 -50 -0.157681 0.121668 1.23487 53.0826 22 323351263 1001 1 1 1.132 1.132 4 
153.961 -24.9321 -50 0.0156101 -0.0172173 0.689576 51.3714 22 323377637 1001 1 1 0.30676 0.30676 3 
-33.8897 -507.115 -50 -0.00211678 -0.00810673 0.336627 51.1315 22 323452921 1001 1 1 0.188158 0.188158 3 
-51.8977 -479.686 -50 -0.000354304 -0.0139402 0.719905 51.1785 22 323466529 1001 1 1 0 0 1 
1966.02 -190.382 -50 0.213559 -0.0347233 1.53608 51.5464 22 323627391 1001 1 1 0 0 1 
1015.96 -382.15 -50 -0.0413037 0.107737 0.698719 53.4561 22 323706242 1001 1 1 0 0 1 
-1992.58 -1107.85 -50 -0.106324 -0.0494614 0.737971 53.1965 22 323748359 1001 1 1 0 0 1 
702.519 -741.078 -50 0.0258915 -0.0316441 0.728131 51.2252 22 323766168 1001 1 1 0.60261 0.60261 4 
-1424.29 -1445.68 -50 -0.0825157 -0.0667154 0.798281 51.6463 22 323844752 1001 1 1 0 0 1 
-1348.53 -869.497 -50 -0.0546225 -0.0357693 0.52421 52.0701 22 323888702 1001 1 1 0.323617 0.323617 2 
1654.11 1896.43 -50 0.0951079 0.108547 0.929632 51.9434 22 323967188 1001 1 1 0 0 1 
-1926.27 1899.67 -50 -0.101792 0.0917803 0.761295 51.7118 22 324108205 1001 1 1 0.500748 0.500748 3 
-1745.19 1874.98 -50 -0.174072 0.172104 1.4439 51.7886 22 324233745 1001 1 1 0 0 1 
1707.29 -806.337 -50 0.0767462 -0.0271464 0.676369 51.6265 22 324258384 1035 1 1 0.23984 0.23984 3 
542.536 -242.789 -50 -0.0335182 0.0252416 0.263905 53.4269 22 324268959 1001 1 1 0.114414 0.114414 3 
-1260.71 -273.269 -50 -0.0817937 -0.0273728 0.829956 51.5821 22 324354370 1001 1 1 0.592842 0.592842 2 
1935.07 -966.935 -50 0.000142032 0.0337754 0.638069 53.1577 22 324370888 1001 1 1 0.262112 0.262112 3 
-1938.47 1087.7 -50 -0.0706869 0.0476261 0.580051 51.5967 22 324522567 1001 1 1 0.470155 0.470155 6 
-933.629 -1478.02 -50 -0.114839 -0.180932 1.98375 51.3008 22 324604891 1001 1 1 1.89836 1.89836 9 
1687.25 1175.5 -50 0.0750583 0.045251 0.58497 51.6397 22 324679054 1001 1 1 0.3748 0.3748 4 
1214.51 459.187 -50 0.0696133 0.0134505 0.870668 50.9983 22 324722613 1001 1 1 0.637782 0.637782 4 
709.459 -946.002 -50 0.162368 -0.300791 1.52133 52.6469 22 324739168 1001 1 1 0 0 1 
-124.664 1195.57 -50 -0.00749859 0.0512992 0.564658 51.5966 22 324776303 1001 1 1 0 0 1 
-352.018 -619.932 -50 -0.0476253 -0.0505715 1.20064 52.2084 22 324873906 1001 1 1 1.07085 1.07085 5 
-82.3306 -637.858 -50 0.00780535 -0.0507848 1.04491 51.2507 22 325049033 1001 1 1 0.974118 0.974118 8 
-31.1175 -285.302 -50 0.000300669 -0.0205306 0.819647 50.8058 22 325106660 1001 1 1 0 0 1 
-1178.29 -1933.44 -50 -0.06143 -0.0928632 0.79725 51.5973 22 325148227 1001 1 1 0 0 1 
732.866 -1784.79 -50 0.0442223 -0.0910428 0.779784 51.3299 22 325213821 1001 1 1 0 0 1 
-997.063 1320.59 -50 -0.0485915 0.073509 0.762701 51.5224 22 325273977 1001 1 1 0.0712397 0.0712397 2 
265.29 512.952 -50 0.00261902 0.0379866 1.02427 51.3642 22 325332569 1001 1 1 0.285021 0.285021 4 
-117.577 -572.761 -50 0.00184607 -0.0439674 1.08367 51.1084 22 325404014 1001 1 1 0.284097 0.284097 2 
199.528 -1230.22 -50 0.0140789 -0.0876299 0.913595 51.534 22 325459952 1001 1 1 0.7158 0.7158 2 
-1928.41 670.942 -50 -0.123877 0.0434562 1.02894 51.5394 22 325483545 1001 1 1 0 0 1 
65.0974 -1819.29 -50 0.0136286 -0.127232 1.13579 51.5007 22 325551744 1008 1 1 0.714273 0.714273 2 
332.694 -1671.1 -50 0.0104481 -0.077379 0.666139 51.3225 22 325566585 1001 1 1 0.0941638 0.0941638 2 
-322.589 252.419 -50 -0.0240016 0.0133062 0.161067 52.528 22 325689379 1001 1 1 0.058012 0.058012 2 
1967.44 -208.413 -50 0.0134463 0.0131386 0.11669 52.6759 22 325887096 1001 1 1 0.0254098 0.0254098 2 
133.321 958.356 -50 0.00602019 0.0300468 0.358986 52.5185 22 326132036 1001 1 1 0 0 1 
856.641 1646.91 -50 0.20589 0.224954 0.908339 53.847 22 326132378 1009 1 1 0.234445 0.234445 3 
-778.967 751.708 -50 -0.0389856 0.0304266 0.620481 53.5612 22 326159417 1001 1 1 0 0 1 
-1451.59 790.587 -50 -0.128131 0.0653763 1.12013 51.8737 22 326297110 1001 1 1 0.99347 0.99347 5 
1944.45 1332.61 -50 0.127966 0.0903574 0.968289 51.4166 22 326310961 1001 1 1 0 0 1 
-1605.55 -531.302 -50 -0.0772483 -0.0261522 0.32658 52.7686 22 326379736 1001 1 1 0 0 1 
-253.481 -1026.79 -50 -0.013845 -0.0909165 0.994573 53.0426 22 326404041 1001 1 1 0 0 1 
-1636.8 -1370.4 -50 -0.144923 -0.11221 1.16869 53.4247 22 326438016 1001 1 1 0.11744 0.11744 2 
1821.62 893.428 -50 0.110179 0.0622404 0.816798 52.3267 22 326637830 1001 1 1 0 0 1 
-780.841 -529.075 -50 -0.00103178 0.00172061 0.0607886 52.9746 22 326917309 1001 1 1 0.0112707 0.0112707 2 
-1816.43 723.126 -50 -0.239641 0.0767581 1.89605 51.5943 22 327008994 1001 1 1 1.14929 1.14929 2 
-341.616 661.385 -50 -0.0200521 0.0318789 0.687273 51.0394 22 327022134 1001 1 1 0.0578281 0.0578281 2 
-1469.2 -998.566 -50 -0.231149 0.0602661 0.894419 54.7349 22 327040039 1001 1 1 0.0252441 0.0252441 2 
1697.19 41.484 -50 0.17719 0.00329421 1.35096 51.7006 22 327117570 1001 1 1 1.2213 1.2213 8 
1019.06 -1117.55 -50 0.022298 -0.0359546 0.161353 52.6564 22 327134588 1011 1 1 0.0711923 0.0711923 3 
-33.652 -19.5489 -50 -0.0245621 -0.0211581 1.31249 51.5058 22 327163287 1020 1 1 0.372304 0.372304 2 
-504.754 -633.571 -50 -0.029178 -0.0313628 0.973713 51.0554 22 327300087 1001 1 1 0.861734 0.861734 7 
-1973.56 -703.828 -50 -0.104362 -0.0382867 0.924078 51.8323 22 327309987 1001 1 1 0 0 1 
-1856.97 36.6913 -50 -0.0956572 -0.00780491 0.754525 51.3265 22 327446418 1001 1 1 0 0 1 
405.488 752.424 -50 0.0739093 0.077783 1.68521 51.626 22 327585040 1001 1 1 0 0 1 
-56.4801 1519.44 -50 0.0030998 0.103051 1.1211 51.2611 22 327590391 1001 1 1 0 0 1 
1086.02 -810.329 -50 0.110155 -0.0674744 1.27212 51.2188 22 327661981 1001 1 1 0.40494 0.40494 2 
-819.654 -1242.15 -50 -0.0415133 -0.067368 0.693799 51.3822 22 327702223 1001 1 1 0.421757 0.421757 2 
574.882 -905.525 -50 0.0269401 -0.0295437 0.649431 51.3365 22 327861805 1001 1 1 0 0 1 
1183.36 -1760.89 -50 0.0614526 -0.105411 0.809873 53.2692 22 327863623 1001 1 1 0 0 1 
44.4138 1845.96 -50 -0.0228745 0.203257 1.68945 51.759 22 327891028 1001 1 1 0 0 1 
-1508.67 292.757 -50 -0.093231 0.0190262 0.880637 51.0978 22 327926484 1001 1 1 0.430724 0.430724 2 
-265.256 1255.29 -50 -0.00290468 0.038912 0.423165 51.0993 22 327961354 1001 1 1 0.26164 0.26164 3 
-1245.58 -639.225 -50 -0.0778429 -0.0404718 1.01804 51.1758 22 327962270 1001 1 1 0.80188 0.80188 3 
1420.58 1276.05 -50 -0.0366024 0.0778531 0.791135 52.3177 22 328008773 1001 1 1 0 0 1 
-1871.46 1118.47 -50 -0.17123 0.0950936 1.29103 51.3556 22 328044553 1001 1 1 0.826322 0.826322 2 
-1962.71 -124.207 -50 -0.150886 0.0142037 0.528993 54.4761 22 328066380 1001 1 1 0.0655707 0.0655707 2 
-1245.96 1896.58 -50 -0.0854104 0.148646 1.15144 51.627 22 328117577 1001 1 1 0.885997 0.885997 2 
-493.254 -351.517 -50 -0.0330008 -0.0319081 0.805042 52.1367 22 328122772 1001 1 1 0.711953 0.711953 4 
-1750.67 741.866 -50 -0.0533448 0.0856987 0.91039 51.577 22 328232254 1001 1 1 0.0624744 0.0624744 2 
-790.079 -1931.27 -50 -0.0299444 -0.100468 0.683703 51.9634 22 328317210 1001 1 1 0.524411 0.524411 4 
-1263.36 -611.061 -50 -0.0207652 -0.00690818 0.324583 51.6318 22 328330963 1024 1002 1 0 0 1 
1490.34 876.695 -50 0.0880133 0.0556578 0.994412 51.4422 22 328421516 1001 1 1 0.86493 0.86493 4 
-375.577 25.1341 -50 -0.0392186 0.000221596 1.12943 51.0562 22 328488847 1001 1 1 0 0 1 
-1042.88 483.399 -50 -0.0935571 -0.0348921 1.00414 51.4586 22 328540548 1010 1 1 0 0 1 
746.096 1441.84 -50 0.0304742 0.069929 0.826729 51.5307 22 328579212 1001 1 1 0.434003 0.434003 3 
-1301.52 -522.795 -50 4.36665e-05 -0.00786389 0.353288 52.1939 22 328674732 1001 1 1 0.0300199 0.0300199 2 
-1177.93 -1287.95 -50 -0.0734547 -0.0634746 0.835275 51.4392 22 328770824 1001 1 1 0 0 1 
-240.868 1865.7 -50 -0.0329324 0.140096 1.19927 51.8064 22 328779985 1001 1 1 1.08769 1.08769 6 
-1772.55 648.657 -50 -0.158309 0.0554647 1.2787 51.2402 22 328781186 1001 1 1 0.151473 0.151473 2 
-575.851 225.017 -50 -0.119279 -0.0430714 0.980336 53.3388 22 328923525 1001 1 1 0.77754 0.77754 2 
289.22 -39.2296 -50 0.0156138 0.000820019 0.437963 51.6097 22 329121816 1001 1 1 0.0399807 0.0399807 2 
-1871.85 1591.39 -50 -0.0795002 0.0965702 0.324573 54.2374 22 329169222 1001 1 1 0 0 1 
376.274 1134.63 -50 0.0770814 0.157092 1.8335 51.6501 22 329453153 1001 1 1 0 0 1 
1329.18 1335.37 -50 0.0412524 0.0374677 0.40529 51.8785 22 329471316 1013 1 1 0.231843 0.231843 3 
-666.866 -1015.02 -50 -0.0732683 -0.0890332 1.40479 51.0041 22 329573552 1001 1 1 0 0 1 
1293.32 -1335.59 -50 0.0611688 -0.0502714 0.58639 51.8646 22 329581914 1001 1 1 0 0 1 
185.201 992.892 -50 -0.0723812 0.20106 0.706097 54.0843 22 329659091 1001 1 1 0 0 1 
-1410.95 195.057 -50 -0.0830006 0.0145427 0.857881 51.1703 22 329661464 1009 1 1 0 0 1 
-17.056 264.547 -50 0.0167562 0.0171389 1.31772 51.2272 22 329852911 1001 1 1 0 0 1 
-1415.14 1745.14 -50 -0.0663527 0.0700875 0.581114 51.8799 22 329865177 1001 1 1 0 0 1 
698.357 32.7933 -50 0.0449597 -0.0193151 1.34732 51.545 22 329931311 1011 1 1 0 0 1 
-1845.9 952.416 -50 -0.123619 0.0608234 1.0304 51.4124 22 329941006 1001 1 1 0.321646 0.321646 2 
-1804.5 149.123 -50 -0.216571 0.0202211 1.81585 51.2278 22 329949931 1001 1 1 0 0 1 
-1344.97 334.145 -50 -0.0347502 0.00325563 0.44959 51.6529 22 329984135 1043 1042 1 0.283634 0.283634 5 
-1153.97 940.717 -50 -0.0475908 0.0494895 0.656836 53.8324 22 330004434 1001 1 1 0.660387 0.660387 11 
1514.8 -454.523 -50 -0.0282141 0.00325467 0.716885 52.1631 22 330255729 1001 1 1 0 0 1 
-1135.34 -272.98 -50 -0.0525115 -0.0200397 0.818928 51.2236 22 330441499 1001 1 1 0 0 1 
1961.34 1084.92 -50 0.198721 -0.0341596 0.886731 52.9508 22 330475108 1001 1 1 0.836949 0.836949 6 
1437.53 353.647 -50 0.0537178 0.020704 0.59299 51.4607 22 330561021 1007 1 1 0 0 1 
-756.023 826.287 -50 -0.0557821 0.0762216 1.18825 51.0005 22 330572656 1001 1 1 0 0 1 
-1315.04 -1891.26 -50 -0.0995024 -0.154317 1.26918 53.3244 22 330708504 1001 1 1 0 0 1 
-225.539 1679.14 -50 -0.0328348 0.126452 1.0471 52.225 22 330789206 1001 1 1 0 0 1 
1233.67 -489.166 -50 0.136731 -0.0514056 1.80154 51.0527 22 330795194 1001 1 1 0 0 1 
1845.18 -1541.43 -50 0.116836 -0.105826 0.906472 51.8285 22 330803101 1001 1 1 0 0 1 
1681.54 1416.68 -50 0.103403 0.0967913 0.8922 51.6941 22 331059094 1001 1 1 0.638497 0.638497 2 
191.023 -209.383 -50 0.0755513 -0.119933 0.605985 53.5281 22 331148342 1001 1 1 0 0 1 
-1089.28 -162.898 -50 -0.0288486 -0.00967737 0.480624 51.7871 22 331154385 1012 1 1 0 0 1 
853.69 -77.128 -50 0.0611275 0.0803652 0.486431 52.7462 22 331177040 1001 1 1 0.0872452 0.0872452 2 
1243.95 1881.27 -50 0.0868823 0.136218 1.0202 51.6942 22 331283231 1001 1 1 0 0 1 
-1174.72 -697.947 -50 -0.0634563 -0.0449722 1.00054 51.3837 22 331325296 1043 1 1 0.430012 0.430012 2 
-206.897 114.999 -50 -0.00210189 0.0171825 0.757947 51.3016 22 331469372 1001 1 1 0.275807 0.275807 2 
-1286.47 -1236.65 -50 -0.142472 0.0387998 0.531382 54.4713 22 331613739 1032 1031 1 0 0 1 
255.446 -1275.63 -50 0.0150994 -0.0330689 0.487286 51.4969 22 331694685 1001 1 1 0 0 1 
-1541.97 -588.094 -50 -0.0978776 -0.0479598 0.861523 52.0896 22 331716660 1001 1 1 0 0 1 
-1063.1 -1088.28 -50 -0.0694581 -0.0880541 1.02108 51.4374 22 331773594 1001 1 1 0.840674 0.840674 3 
-978.218 -415.066 -50 -0.0203414 -0.0194449 0.129185 53.2226 22 331785067 1001 1 1 0.132186 0.132186 10 
140.805 -1769.25 -50 0.0383167 -0.181458 1.49588 52.2018 22 331888251 1001 1 1 1.27343 1.27343 3 
-504.601 892.869 -50 -0.0404633 0.0562202 1.12047 51.038 22 331969482 1001 1 1 1.12258 1.12258 16 
1453.35 564.05 -50 0.131424 0.00539042 0.51723 53.2933 22 331988491 1001 1 1 0.458178 0.458178 8 
1751.77 -302.92 -50 0.120012 -0.0746895 0.85622 52.0343 22 332009189 1001 1 1 0.269755 0.269755 2 
562.02 -147.26 -50 0.136189 0.0300068 0.80481 51.802 22 332076724 1001 1 1 0 0 1 
1538.53 991.171 -50 0.0919337 0.0528428 0.802019 53.2072 22 332265385 1001 1 1 0.592239 0.592239 2 
1101.6 803.644 -50 0.0803212 -0.0082288 0.370894 52.3316 22 332305620 1001 1 1 0.216007 0.216007 2 
84.2816 1820.78 -50 0.0140608 0.154283 1.39755 52.0846 22 332393930 1001 1 1 1.40608 1.40608 11 
102.434 1929.67 -50 -0.00659842 0.114979 0.946282 52.6116 22 332396922 1001 1 1 0 0 1 
-353.647 1223.73 -50 -0.0301921 0.0830819 1.25803 51.5209 22 332445612 1001 1 1 0 0 1 
-992.465 -600.947 -50 0.0155315 -0.0682725 0.272486 53.9388 22 332475996 1001 1 1 0.15033 0.15033 3 
-596.133 -1813.76 -50 -0.0301298 -0.0661815 0.535683 52.0464 22 332582379 1001 1 1 0 0 1 
1004.96 1773.89 -50 0.0405292 0.0635036 0.644562 51.728 22 332661150 1001 1 1 0 0 1 
-689.642 -468.304 -50 -0.0286859 -0.0257192 0.504193 51.2807 22 332719124 1001 1 1 0 0 1 
-1595.64 -658.477 -50 -0.0811818 -0.0307676 0.664339 51.4956 22 332816487 1001 1 1 0.0180428 0.0180428 2 
672.024 1923.66 -50 0.0484114 0.125053 0.881108 52.3976 22 332819044 1001 1 1 0 0 1 
-135.793 -993.577 -50 -0.00796269 -0.0445499 0.485203 51.5912 22 332896270 1001 1 1 0.317366 0.317366 2 
-1191.6 348.816 -50 -0.0423387 0.0115367 0.507496 51.1915 22 332962854 1001 1 1 0.207472 0.207472 3 
-416.746 -1754.81 -50 -0.0205191 -0.101024 0.84903 51.1776 22 333167179 1011 1 1 0 0 1 
270.009 272.815 -50 0.0196235 0.012045 0.855146 51.1005 22 333191025 1001 1 1 0 0 1 
-991.467 -1373.39 -50 -0.056283 -0.092403 1.00903 51.3778 22 333418179 1001 1 1 0.413286 0.413286 3 
-1595.27 -646.584 -50 0.0190316 -0.0375502 0.562436 52.9207 22 333538201 1001 1 1 0.484007 0.484007 6 
431.036 -1111.07 -50 0.0182955 -0.0526144 0.605021 51.3246 22 333600767 1001 1 1 0 0 1 
589.93 484.196 -50 0.0549302 0.0389937 0.977144 51.6595 22 333637023 1001 1 1 0 0 1 
-1425.03 101.553 -50 -0.0989442 0.0150685 1.00097 51.2318 22 333948730 1001 1 1 0.84278 0.84278 5 
1387.39 -1438.27 -50 0.0984576 -0.109508 1.03632 51.4649 22 333953394 1001 1 1 0.2566 0.2566 2 
392.574 913.774 -50 0.013367 0.0353719 0.702086 51.3418 22 334349386 1001 1 1 0.361789 0.361789 3 
-880.715 1750.15 -50 -0.0653573 0.146613 1.08646 51.7393 22 334481366 1001 1 1 0.837921 0.837921 2 
-1158.66 174.864 -50 -0.0409401 0.0119651 0.480137 51.5116 22 334518146 1001 1 1 0.426234 0.426234 7 
666.307 -1474.5 -50 0.00699581 -0.0570068 0.335346 51.5852 22 334617410 1001 1 1 0.00548671 0.00548671 2 
-612.472 1374.05 -50 -0.0453098 0.117185 1.14792 51.178 22 334684921 1028 1 1 0.550666 0.550666 2 
-428.833 -1656.35 -50 -0.006174 -0.276704 0.975003 52.7496 22 334838749 1001 1 1 0 0 1 
-1086.49 -1827.22 -50 -0.0732417 -0.000386242 1.04934 52.1958 22 334901454 1001 1 1 0 0 1 
18.9316 -1542.97 -50 0.0120654 -0.0697057 0.66862 51.2169 22 334922897 1001 1 1 0 0 1 
1004.29 -1455.72 -50 0.106565 -0.19078 1.65384 51.7762 22 334957211 1001 1 1 1.43004 1.43004 4 
-1426.91 -98.9864 -50 -0.0595088 -0.00140343 0.67877 51.3 22 335031058 1001 1 1 0 0 1 
38.9885 -1917.68 -50 0.00191874 -0.229513 1.75989 51.4739 22 335108324 1001 1 1 1.50863 1.50863 3 
1363.95 -83.8545 -50 0.0963151 -0.0043499 1.02099 51.1964 22 335145348 1012 1 1 0 0 1 
-1377.74 1744.95 -50 -0.185489 0.235831 2.00023 51.4809 22 335256638 1001 1 1 0 0 1 
-1563.83 467.079 -50 -0.124699 0.032053 1.11765 51.1351 22 335299865 1001 1 1 0.993943 0.993943 5 
-1200.01 -926.462 -50 -0.0676227 -0.0452194 0.702222 51.4044 22 335348990 1001 1 1 0 0 1 
-283.749 -219.017 -50 0.0224202 -0.0672236 0.552309 51.4321 22 335450428 1001 1 1 0.268644 0.268644 3 
1900.6 97.5486 -50 0.186989 0.0286792 1.48334 53.1941 22 335537916 1001 1 1 0 0 1 
1513.66 -1986.37 -50 0.0702048 -0.109116 0.769387 51.7356 22 335575919 1009 1 1 0 0 1 
-1974.24 3.37492 -50 -0.117702 -0.00793741 0.865067 51.4902 22 335644798 1001 1 1 0.116765 0.116765 2 
-70.8072 726.027 -50 -0.0136919 0.058026 1.41765 51.1444 22 335716119 1001 1 1 0.442785 0.442785 2 
1341.04 -1280.39 -50 0.0184274 -0.0449788 0.436466 52.429 22 335784750 1001 1 1 0.142492 0.142492 5 
-402.948 999.061 -50 -0.0470654 0.144688 1.86601 51.286 22 335823358 1001 1 1 0 0 1 
1637.54 957.135 -50 0.0836296 0.0532333 0.68977 51.8685 22 335907316 1001 1 1 0.503368 0.503368 4 
1993.8 -1935.63 -50 0.169152 -0.292307 1.08975 52.9945 22 336109162 1001 1 1 0 0 1 
-1220.04 -1592.82 -50 -0.0735894 -0.0942146 0.782498 51.8346 22 336151566 1001 1 1 0 0 1 
-1917.9 910.494 -50 -0.1485 0.0658443 1.14459 51.4056 22 336154730 1008 1 1 0 0 1 
-1481.1 -1272.04 -50 -0.143079 -0.121702 0.502844 55.0849 22 336225676 1001 1 1 0.112131 0.112131 2 
1071.7 -1409.69 -50 0.12232 -0.153745 1.74415 51.3912 22 336250079 1001 1 1 0.20523 0.20523 2 
-1425.04 -1644.71 -50 -0.102531 -0.129105 1.22646 51.5562 22 336281875 1001 1 1 0.994876 0.994876 3 
-670.23 196.495 -50 -0.0185363 0.0124749 0.451835 51.4803 22 336329750 1001 1 1 0.25681 0.25681 2 
801.58 629.325 -50 -0.0290256 0.0307293 0.410092 52.0206 22 336331661 1001 1 1 0 0 1 
-348.471 158.388 -50 -0.0229029 -0.00210443 1.28467 50.9532 22 336378502 1001 1 1 0 0 1 
1743.61 1424.73 -50 0.168528 0.219152 0.731262 54.6177 22 336566980 1014 1 1 0 0 1 
1285.09 1356.28 -50 0.0930604 0.130465 1.31526 51.6878 22 336639426 1001 1 1 0 0 1 
-1124.38 -1361.45 -50 -0.0848618 -0.10629 1.20103 51.03 22 336783670 1001 1 1 0 0 1 
927.788 -130.257 -50 0.0606099 0.00395117 1.09129 51.1476 22 336789852 1001 1 1 0 0 1 
1109.05 801.295 -50 0.0440997 0.0383725 0.734252 51.3151 22 336850965 1001 1 1 0 0 1 
1802.24 860.546 -50 0.00226735 -0.0109047 0.262572 52.8115 22 336934310 1001 1 1 0.0264217 0.0264217 3 
-1299.54 1755.06 -50 -0.0776686 0.0992518 0.763057 53.5286 22 336968375 1001 1 1 0 0 1 
-556.356 65.639 -50 0.0889866 -0.102854 0.767535 53.0858 22 337047828 1001 1 1 0.223944 0.223944 3 
-357.399 -1171.76 -50 0.0948797 -0.179149 1.19366 54.9131 11 337068557 1002 1001 1 0.803174 0.803174 1 
1541.61 1230.71 -50 0.050897 0.0438614 0.510706 51.2286 22 337123446 1001 1 1 0.325299 0.325299 3 
-50.7607 -56.0606 -50 0.00149392 -0.00738498 1.0993 52.6012 22 337131289 1001 1 1 0 0 1 
-781.245 -78.3216 -50 -0.037446 -0.0209261 0.663934 52.0237 22 337272121 1001 1 1 0 0 1 
-674.254 -1302.64 -50 -0.0529729 -0.0970764 1.1947 51.2093 22 337455341 1001 1 1 0 0 1 
-988.474 270.171 -50 -0.10651 0.00448502 1.35539 51.402 22 337565938 1001 1 1 0 0 1 
-399.112 1655.02 -50 -0.00736217 0.0680004 0.744946 52.0496 22 337623278 1001 1 1 0.673485 0.673485 6 
1619.01 -1763.42 -50 0.07716 -0.0725432 0.703556 51.7616 22 337773607 1001 1 1 0.0533267 0.0533267 2 
988.614 -830.381 -50 0.0421153 -0.0341826 0.667259 51.3101 22 337787739 1001 1 1 0.484387 0.484387 3 
-430.177 -371.559 -50 0.00417104 -0.00287434 0.0696759 52.5772 22 337795725 1001 1 1 0.00179555 0.00179555 2 
1207.1 1408.05 -50 0.0444001 0.0536858 0.564523 51.2727 22 337834901 1001 1 1 0.331083 0.331083 2 
1155.14 -422.091 -50 0.0484957 -0.0116537 0.628544 51.1571 22 337881959 1001 1 1 0 0 1 
388.237 -1249.15 -50 0.167338 -0.0932846 1.53337 51.4562 22 337931735 1001 1 1 1.33828 1.33828 3 
-1071.95 -1285.58 -50 -0.053852 -0.0639762 0.639262 51.6611 22 337944015 1001 1 1 0.0481336 0.0481336 2 
-204.398 1053.09 -50 -0.0242543 0.0736371 0.91957 51.2987 22 337959054 1001 1 1 0.608518 0.608518 5 
-194.796 1515.53 -50 -0.0989893 0.0781389 0.805518 51.7442 22 337980340 1001 1 1 0 0 1 
-1591.43 479.179 -50 -0.0832819 0.0311502 0.708685 52.0015 22 338003425 1001 1 1 0.0720159 0.0720159 2 
711.174 1911.75 -50 0.0870384 0.217394 1.65009 51.5115 22 338009744 1001 1 1 0.506092 0.506092 2 
-320.922 -1669.74 -50 -0.0127048 -0.0815367 0.750845 51.1884 22 338087053 1001 1 1 0.356589 0.356589 3 
-1808.35 1343.4 -50 -0.133531 0.105567 0.987374 52.2387 22 338184039 1001 1 1 0.0954185 0.0954185 2 
-909.462 -895.61 -50 -0.0561942 -0.0532629 0.813813 51.2429 22 338322485 1001 1 1 0 0 1 
1224.54 -423.373 -50 0.0135677 0.00924153 0.433538 51.7274 22 338357559 1001 1 1 0 0 1 
1190.44 1444.08 -50 0.00898332 0.197107 0.771569 52.8668 22 338381129 1001 1 1 0.492161 0.492161 3 
-992.438 -216.715 -50 -0.0103077 -0.00356723 0.0782527 53.886 22 338465512 1006 1001 1 0.00103869 0.00103869 3 
1470.2 1326.39 -50 0.0741495 0.0748717 0.739868 51.5031 22 338642857 1001 1 1 0 0 1 
-1701.79 140.889 -50 -0.174566 0.0107368 1.4234 51.3113 22 338704762 1001 1 1 0.651679 0.651679 2 
-911.52 1629.18 -50 -0.0220489 0.0431672 0.479083 51.8007 22 338747532 1001 1 1 0.241489 0.241489 3 
1121.02 -203.78 -50 0.102561 -0.0870206 0.458349 53.5781 22 338808615 1001 1 1 0.0455334 0.0455334 2 
246.562 1451.04 -50 0.017915 0.081414 0.756824 51.6551 22 338855231 1010 1 1 0 0 1 
1829.98 1680.17 -50 0.141085 0.140286 1.22578 51.5868 22 338927137 1001 1 1 0 0 1 
-207.963 390.359 -50 -0.116264 0.146747 0.723296 53.5569 22 339085751 1001 1 1 0 0 1 
1253.4 -1390.65 -50 0.113699 -0.133084 1.50373 51.3904 22 339306581 1001 1 1 1.11226 1.11226 6 
1728.33 -974.246 -50 0.110748 -0.0722445 0.892652 53.6102 22 339392350 1001 1 1 0.0166704 0.0166704 2 
-209.366 467.798 -50 -0.0139187 0.0297587 0.956158 50.8667 22 339445402 1001 1 1 0 0 1 
-1566.98 -1165.18 -50 -0.128752 -0.0970739 1.16644 53.0375 22 339455659 1001 1 1 1.11113 1.11113 12 
-55.9502 -1888.06 -50 0.0601376 -0.0934276 0.666749 53.704 22 339474241 1001 1 1 0.444173 0.444173 2 
-318.163 -1497.19 -50 0.00219218 -0.0275723 0.143863 53.2428 22 339478870 1001 1 1 0.0411816 0.0411816 2 
344.227 146.792 -50 0.0328881 0.0207108 0.977056 51.1727 22 339502247 1001 1 1 0 0 1 
-1074.53 257.563 -50 0.0162355 -0.0349585 0.230342 53.9332 22 339557723 1001 1 1 0.175554 0.175554 7 
-838.575 1975.39 -50 -0.0452066 0.0261287 0.576854 51.7732 22 339565912 1001 1 1 0 0 1 
-1169.78 -606.281 -50 -0.132896 0.00447507 0.920717 51.9458 22 339695235 1001 1 1 0 0 1 
1335.21 -586.317 -50 0.0663458 -0.0208561 0.73716 51.2348 22 339706031 1001 1 1 0.501493 0.501493 6 
323.26 -1044.3 -50 0.0252778 -0.0812418 0.966814 51.2217 22 339736361 1001 1 1 0 0 1 
1890.64 470.31 -50 0.0146321 -0.000648147 0.0728162 55.2325 22 340072099 1001 1 1 0.016416 0.016416 2 
1183.61 -1293.15 -50 0.0822459 -0.0891503 1.03888 51.0413 22 340103585 1001 1 1 0.365883 0.365883 2 
-1801.34 894.333 -50 -0.0752218 0.0710197 0.601562 52.3386 22 340169785 1001 1 1 0 0 1 
518.839 1650.83 -50 0.023412 0.0859538 0.732869 51.1506 22 340251299 1001 1 1 0.535439 0.535439 2 
-1212.53 1498.71 -50 -0.069689 0.0816233 0.821253 51.3384 22 340380204 1009 1 1 0 0 1 
-1699.91 -858.13 -50 0.00737411 0.00215513 0.335054 53.4967 22 340463176 1001 1 1 0.0845431 0.0845431 2 
1145.99 -565.039 -50 0.033232 -0.0323579 0.518244 51.9732 22 340533169 1001 1 1 0.481846 0.481846 13 
-23.4487 -531.098 -50 0.0016531 -0.0369844 1.13126 50.9819 22 340706051 1001 1 1 1.04883 1.04883 6 
-1203.34 -1124.95 -50 -0.0513572 -0.0559985 0.695932 51.2563 22 340900349 1001 1 1 0.45657 0.45657 4 
-371.053 -910.364 -50 -0.0458241 -0.101713 0.789912 51.532 22 341015713 1001 1 1 0 0 1 
433.936 1326.14 -50 0.0125418 0.0972412 0.857979 52.4041 22 341083928 1029 1 1 0.649065 0.649065 2 
1995.57 -283.926 -50 0.185737 -0.0314685 1.3773 51.5301 22 341113767 1001 1 1 0 0 1 
652.901 -449.083 -50 0.0440408 -0.0292275 1.10706 51.078 22 341138971 1001 1 1 0 0 1 
471.23 8.73009 -50 0.0224511 0.0123043 0.738846 53.7397 22 341159796 1012 1 1 0.676328 0.676328 7 
1653.55 1819.88 -50 0.144111 0.155546 1.30271 51.5995 22 341184052 1001 1 1 1.03578 1.03578 2 
1929.36 -818.433 -50 0.0357294 0.0088267 0.115722 54.2954 22 341254638 1001 1 1 0.0215646 0.0215646 2 
-13.3937 -199.889 -50 0.099055 0.0905577 0.762739 54.9705 22 341318352 1001 1 1 0.611157 0.611157 5 
-260.499 1558.4 -50 -0.0267212 0.147802 1.31514 51.2127 22 341438953 1001 1 1 0.529582 0.529582 2 
165.304 1100.03 -50 0.0272581 0.113073 1.64975 51.2642 22 341439414 1001 1 1 0 0 1 
916.966 -572.301 -50 0.0359777 -0.016468 0.653123 51.218 22 341497719 1011 1 1 0.308676 0.308676 5 
-1701.9 1231.04 -50 -0.0937384 0.0666524 0.829454 51.5334 22 341517041 1009 1 1 0.761307 0.761307 6 
-1168.62 705.528 -50 -0.0562572 0.0313422 0.686683 50.9479 22 341565700 1001 1 1 0.639567 0.639567 9 
-1318.04 1936.91 -50 -0.00953975 0.179691 0.856459 52.206 22 341657667 1001 1 1 0 0 1 
-797.306 -958.464 -50 -0.0773633 -0.0891338 1.41732 50.9647 22 341756147 1001 1 1 0 0 1 
1247.09 357.682 -50 0.063468 0.0126968 0.737426 51.309 22 341796792 1001 1 1 0.452028 0.452028 4 
1439.42 945.908 -50 0.179315 0.113872 1.71362 51.3845 22 341870955 1001 1 1 0 0 1 
-1833.25 1630.38 -50 -0.102548 0.0965937 0.805753 51.8501 22 341881435 1001 1 1 0.0192773 0.0192773 2 
1657.32 185.77 -50 0.189407 0.016035 1.97111 51.4569 22 341907606 1001 1 1 0 0 1 
49.1319 369.78 -50 0.00708181 0.0343575 0.98843 51.0753 22 342107795 1001 1 1 0.898746 0.898746 6 
1928.58 1613.4 -50 0.0698688 0.0557467 0.447167 52.8105 22 342220259 1001 1 1 0 0 1 
-207.573 -1234.56 -50 -0.0203173 -0.0814809 1.29025 51.5331 22 342301926 1001 1 1 0 0 1 
332.092 -892.97 -50 0.0276342 -0.0403833 0.998084 53.0601 22 342349984 1001 1 1 0.0127119 0.0127119 2 
1243 -752.616 -50 0.074285 -0.0768166 0.617648 51.8307 22 342363742 1010 1 1 0.409657 0.409657 6 
1995.77 -319.733 -50 0.115198 -0.0268411 0.822032 51.5761 22 342383312 1001 1 1 0 0 1 
-780.593 -725.697 -50 -0.0549319 -0.0407587 0.7601 51.6181 22 342409982 1001 1 1 0.557817 0.557817 4 
-1687.42 -1239.32 -50 -0.151201 -0.115114 1.23599 51.7178 22 342446910 1001 1 1 0 0 1 
-1859.92 -781.543 -50 -0.107979 -0.0468107 1.00008 51.9833 22 342470916 1001 1 1 0.414913 0.414913 2 
-801.155 -1910.35 -50 -0.0599674 -0.119049 0.974004 51.478 22 342475470 1001 1 1 0.704109 0.704109 2 
733.679 -1208.18 -50 0.0679776 -0.0876148 1.13518 51.1615 22 342510762 1001 1 1 0.947048 0.947048 10 
1540.6 738.326 -50 0.026982 -0.00355668 0.165538 52.209 22 342552121 1001 1 1 0 0 1 
902.693 -1742.25 -50 0.0713034 -0.139981 1.04791 52.142 22 342567005 1001 1 1 0 0 1 
-198.838 -1242.98 -50 -0.0091272 -0.0842158 1.02994 51.1936 22 342616309 1011 1 1 0 0 1 
699.863 1003.69 -50 0.0473841 0.05528 0.976051 51.4084 22 342622267 1001 1 1 0.755118 0.755118 3 
673.808 -1536.64 -50 0.0621026 -0.0958654 0.660711 60.1283 11 342622486 1003 1001 1 0.332035 0.332035 1 
1410.38 1053.39 -50 0.0644272 0.06174 0.725966 51.9532 22 342629682 1001 1 1 0 0 1 
-1513.13 1297.56 -50 -0.124843 0.0953439 1.14015 51.4257 22 342678581 1001 1 1 0 0 1 
-1934.72 -341.31 -50 -0.122447 -0.00880676 0.869351 52.923 22 342796077 1001 1 1 0.658415 0.658415 2 
1294.24 139.9 -50 0.0820472 0.000606982 1.10347 51.4086 22 343000064 1001 1 1 0.858742 0.858742 2 
-1827.46 910.035 -50 -0.210043 0.100712 1.73644 51.3136 22 343019498 1001 1 1 1.75193 1.75193 14 
1767.65 1637.67 -50 0.0880335 0.0790171 0.740672 51.7797 22 343181537 1001 1 1 0.587308 0.587308 4 
844.595 1512.29 -50 0.0450576 0.108685 0.910958 51.6578 22 343189260 1009 1 1 0.37229 0.37229 2 
1873.89 998.766 -50 0.0604769 0.0321381 0.524668 51.4194 22 343232848 1010 1 1 0.309087 0.309087 2 
1560.81 -400.126 -50 0.0453115 -0.0504943 0.568199 51.5101 22 343334313 1001 1 1 0 0 1 
-127.71 -1989.37 -50 -0.00476985 -0.211577 1.53374 51.4804 22 343356075 1001 1 1 0 0 1 
485.742 -1502.49 -50 0.0724556 -0.159303 1.494 52.5313 22 343412155 1001 1 1 0.0226847 0.0226847 2 
-1632.69 -585.907 -50 -0.0672689 -0.0182352 0.344402 52.0917 22 343432637 1001 1 1 0.199221 0.199221 2 
-103.795 496.434 -50 -0.0184876 0.0202828 0.797908 51.9834 22 343474052 1001 1 1 0.617004 0.617004 3 
-1863.4 492.878 -50 -0.10635 0.0278419 0.752603 51.9585 22 343526222 1001 1 1 0.386234 0.386234 6 
-1810.26 -626.538 -50 -0.0709322 -0.0276795 0.590784 51.5243 22 343633845 1009 1 1 0 0 1 
-619.935 -1492.28 -50 -0.0176102 -0.0336663 0.301865 53.1664 22 343728920 1001 1 1 0 0 1 
1794.73 -1026.83 -50 0.0771762 -0.0467868 0.556858 51.9881 22 343743830 1001 1 1 0.448421 0.448421 5 
228.121 -171.999 -50 0.00956218 -0.0116155 0.949209 50.797 22 343816396 1001 1 1 0 0 1 
1565.67 1324.89 -50 0.0331445 0.246511 0.838693 53.6834 22 343817054 1001 1 1 0.669669 0.669669 3 
384.758 282.36 -50 -0.0180632 0.0354701 0.932611 51.2502 22 343843932 1001 1 1 0 0 1 
186.352 1193.01 -50 0.00920821 0.103987 1.13944 51.248 22 343914012 1001 1 1 0 0 1 
-1727.57 310.286 -50 -0.161441 0.032317 1.49215 51.4838 22 343932295 1001 1 1 0.725739 0.725739 2 
193.228 -1075.89 -50 -0.0532427 -0.148069 0.501401 54.8445 22 344117924 1012 1 1 0 0 1 
51.6662 216.061 -50 0.0310614 0.0147501 0.231085 52.867 22 344400981 1001 1 1 0.129665 0.129665 4 
1109.53 -398.179 -50 0.0174481 -0.00185532 0.0672481 54.1141 22 344446233 1001 1 1 0.015785 0.015785 3 
-404.153 679.537 -50 -0.00508038 0.0500496 0.187382 53.3825 22 344469783 1001 1 1 0.110472 0.110472 4 
-1179.37 -537.346 -50 -0.0418795 -0.0153747 0.623196 51.4447 22 344679264 1001 1 1 0.405015 0.405015 2 
1435.85 -1905.93 -50 0.0507767 -0.0687137 0.541002 51.5723 22 344700990 1001 1 1 0.152709 0.152709 3 
12.8461 -737.271 -50 -0.0467097 -0.00251889 0.523101 64.9706 11 344758986 1003 1001 1 0.221765 0.221765 1 
-342.726 1162.25 -50 -0.0164171 0.11292 1.32112 51.2018 22 344854247 1001 1 1 1.2354 1.2354 6 
-982.063 1312.26 -50 -0.0295882 0.0440973 0.419185 51.8283 22 344997032 1001 1 1 0.256088 0.256088 4 
-1010.85 50.7665 -50 -0.0305949 -0.00411296 0.561853 51.3035 22 345055194 1001 1 1 0.487994 0.487994 6 
1293.76 -518.852 -50 0.102981 -0.0259329 1.01894 51.5443 22 345101847 1001 1 1 0 0 1 
773.021 -1704.04 -50 0.0463999 -0.097942 0.891712 51.3557 22 345126391 1010 1 1 0 0 1 
-844.472 647.308 -50 -0.0164151 0.0114321 0.243387 51.6484 22 345366522 1001 1 1 0.159055 0.159055 6 
-769.419 -989.374 -50 0.0356786 -0.00617492 0.577929 51.8301 22 345431081 1001 1 1 0.20741 0.20741 3 
-556.053 -1338.06 -50 -0.0480862 -0.0901852 1.01925 51.289 22 345452735 1001 1 1 0 0 1 
1946.29 -352.853 -50 0.113064 -0.0188573 0.841744 51.2134 22 345467710 1009 1 1 0.5763 0.5763 3 
-514 -1543.84 -50 -0.0503539 -0.140976 1.39939 51.0861 22 345470757 1001 1 1 0 0 1 
570.508 696.914 -50 0.0261825 0.0462758 0.730823 52.5352 22 345492064 1001 1 1 0.284268 0.284268 3 
1133.29 -1142.36 -50 0.0502522 -0.0588388 0.847673 51.7715 22 345516474 1001 1 1 0.583573 0.583573 4 
1988.18 286.898 -50 0.155568 0.00641723 1.2596 51.6424 22 345678252 1001 1 1 0.360694 0.360694 2 
-711.118 1998.74 -50 -0.0738899 0.164356 1.19826 51.6519 22 345949118 1010 1 1 0 0 1 
1200.62 1947.29 -50 0.0978588 0.141547 1.13829 51.5258 22 346008774 1001 1 1 0.0326004 0.0326004 2 
1052.45 -1533.44 -50 0.0613819 -0.0939904 0.795166 52.5051 22 346013067 1001 1 1 0.407565 0.407565 2 
-634.959 -1144.97 -50 -0.0155089 -0.0315094 0.578606 51.7234 22 346113167 1001 1 1 0.475856 0.475856 4 
-1217.67 -1606.2 -50 0.0139078 -0.0272552 0.234876 54.164 22 346138803 1001 1 1 0.150154 0.150154 6 
1036.57 1940.7 -50 0.0416807 0.0691955 0.596792 51.5831 22 346162573 1001 1 1 0.306103 0.306103 2 
-1043.62 -986.241 -50 -0.0446485 -0.0346463 0.607104 51.1939 22 346306576 1009 1 1 0.0878567 0.0878567 2 
1751.34 -145.66 -50 0.130893 -0.0134611 1.08143 51.2505 22 346412607 1001 1 1 0 0 1 
1572.14 1873.69 -50 0.0755663 0.101529 0.74596 52.5286 22 346467900 1001 1 1 0.273744 0.273744 2 
-1281.52 -1076 -50 0.0786529 -0.178378 1.14156 52.9277 22 346610328 1001 1 1 0 0 1 
-838.641 -56.2368 -50 -0.0670462 -0.00165612 1.25729 50.8662 22 346619661 1001 1 1 0.890641 0.890641 4 
404.445 -1642.49 -50 0.0235751 -0.0795898 0.768879 52.945 22 346647367 1001 1 1 0 0 1 
1286.93 209.951 -50 0.0666884 -0.000566756 0.803132 51.3772 22 346661446 1009 1 1 0.169668 0.169668 2 
-1484.62 -634.086 -50 -0.188706 0.0860186 0.77122 53.3236 22 346677645 1001 1 1 0 0 1 
1380.73 1990.59 -50 0.00783844 0.0108143 0.0378149 54.5798 22 346735010 1001 1 1 0 0 1 
-1625.39 1820.16 -50 -0.109355 0.101376 0.921494 51.7555 22 346843470 1001 1 1 0.857954 0.857954 6 
1170.68 588.875 -50 0.066327 0.0182311 0.720628 51.5729 22 346874145 1001 1 1 0.591582 0.591582 5 
-133.725 -1922.43 -50 -0.116893 -0.0522377 1.04051 52.2736 22 347076066 1001 1 1 0.784552 0.784552 3 
-1116.87 -587.987 -50 -0.0676282 -0.0326835 1.03958 51.3588 22 347164019 1001 1 1 0 0 1 
1019.72 -1633.59 -50 0.0823658 -0.112108 1.13995 51.5787 22 347175472 1001 1 1 0.277942 0.277942 2 
232.245 -1591.1 -50 0.0539025 -0.0310456 0.583054 52.2515 22 347360516 1001 1 1 0 0 1 
-881.87 -1968.53 -50 -0.0663305 -0.140303 1.03266 51.4268 22 347370903 1001 1 1 0 0 1 
1508.22 251.373 -50 0.194194 -0.0240378 0.715327 52.5982 22 347474953 1001 1 1 0 0 1 
1372.32 1540.62 -50 0.11095 0.138565 1.22423 51.3883 22 347526036 1001 1 1 1.19767 1.19767 12 
-1482.38 1778.06 -50 -0.0143896 0.033744 0.107208 54.1093 22 347560959 1001 1 1 0.113267 0.113267 5 
-827.219 507.568 -50 -0.0957498 0.0422802 1.32006 51.5511 22 347622993 1001 1 1 0 0 1 
703.657 -499.655 -50 0.0273627 -0.0129396 0.456794 51.0894 22 347629330 1001 1 1 0.412171 0.412171 11 
-1585.21 603.08 -50 -0.0832728 0.0282947 0.702074 51.4923 22 347765516 1001 1 1 0.513379 0.513379 2 
1714.35 -934.959 -50 0.110561 -0.0748359 0.847433 52.0767 22 347816577 1012 1 1 0 0 1 
815.889 1310.05 -50 0.0280684 0.0533541 0.594542 51.316 22 347887120 1001 1 1 0 0 1 
-285.107 38.1768 -50 -0.0282059 -0.0124707 1.32887 50.9082 22 347986501 1001 1 1 0 0 1 
-1293.35 1766.4 -50 -0.0787755 0.129503 0.9507 51.941 22 348029341 1001 1 1 0 0 1 
1593.98 1638.23 -50 -0.0030132 0.0043159 0.106648 53.159 22 348160348 1001 1 1 0 0 1 
-821.799 -461.073 -50 -0.0256352 -0.0186065 0.596973 51.3634 22 348321209 1001 1 1 0 0 1 
-1437.53 523.952 -50 -0.0680738 0.0258957 0.599769 51.607 22 348500917 1001 1 1 0.0233585 0.0233585 2 
-688.197 1150.27 -50 -0.0438976 0.0924142 1.29823 51.314 22 348606180 1001 1 1 1.112 1.112 8 
1271.1 -323.882 -50 0.0434926 -0.0110408 0.619093 51.3258 22 348666134 1001 1 1 0 0 1 
-599.013 -1446.02 -50 0.038403 -0.030575 0.42459 52.4894 22 348682010 1001 1 1 0.275127 0.275127 3 
1019.62 1943.76 -50 0.0686414 0.13187 1.01476 51.4839 22 348708606 1001 1 1 0 0 1 
-323.663 -1472.7 -50 -0.0362727 -0.0900807 1.07899 51.6276 22 348897892 1001 1 1 0 0 1 
-1655.17 -1055.17 -50 -0.125087 -0.0916323 1.11774 51.5781 22 348936500 1001 1 1 0 0 1 
266.112 -3.2259 -50 0.0834931 0.0727577 0.559926 52.6662 22 349046572 1001 1 1 0 0 1 
392.622 1912.06 -50 0.0186607 0.0962359 0.719588 51.3356 22 349066373 1001 1 1 0.212361 0.212361 2 
1616.17 808.534 -50 0.0947259 0.0352501 0.751395 51.8446 22 349189144 1001 1 1 0.162683 0.162683 2 
1343.91 -954.346 -50 0.0733893 -0.0752809 0.991376 51.6773 22 349191626 1007 1 1 0 0 1 
-1214.36 1087.6 -50 -0.0650203 0.0336498 0.431099 51.9498 22 349239566 1001 1 1 0 0 1 
1691.37 1690.58 -50 0.184692 0.00332612 0.509166 55.1203 22 349340686 1001 1 1 0.48262 0.48262 11 
927.526 1815.51 -50 0.0398443 0.0839717 0.805073 52.6101 22 349437024 1001 1 1 0 0 1 
1564.52 1793.9 -50 0.196386 0.220295 1.85729 51.5806 22 349493934 1001 1 1 0 0 1 
-1019.57 573.092 -50 -0.0376071 0.0115715 0.438142 51.7586 22 349557081 1001 1 1 0.143149 0.143149 2 
1032.72 -770.965 -50 0.117592 -0.0944061 1.9797 51.2741 22 349725458 1001 1 1 0 0 1 
-233.505 1840.07 -50 -0.0146766 0.121124 1.11285 51.5951 22 349729120 1001 1 1 0.907365 0.907365 2 
1961.62 -1194.82 -50 0.102863 -0.0724129 0.697682 52.5723 22 349862583 1001 1 1 0 0 1 
-1800.38 -1689.51 -50 -0.0759584 -0.105794 0.76005 52.3844 22 349972924 1001 1 1 0 0 1 
230.987 -1695.83 -50 0.00856324 -0.0753192 0.66837 51.3163 22 350022392 1001 1 1 0 0 1 
1175.68 -1226.11 -50 0.0653071 -0.0711108 0.979528 51.9549 22 350228074 1001 1 1 0 0 1 
1153.15 1766.67 -50 0.0715459 0.0837141 0.754649 51.7597 22 350723463 1001 1 1 0.762613 0.762613 11 
-115.417 204.422 -50 0.0127011 -0.00187955 0.113097 53.8904 22 350768765 1001 1 1 0.04857 0.04857 5 
-1897.33 765.1 -50 -0.0998921 0.046336 0.739031 51.7382 22 350790988 1001 1 1 0 0 1 
1050.3 -484.692 -50 0.0643332 -0.0369374 1.04856 51.0217 22 350841529 1001 1 1 0 0 1 
-1080.76 211.861 -50 -0.0828234 0.0144745 1.10167 50.9803 22 350894468 1001 1 1 0 0 1 
-153.531 742.575 -50 -0.0156232 0.0554245 1.11457 51.1179 22 350968986 1001 1 1 0.804139 0.804139 2 
-1450.17 1857.82 -50 -0.0679141 0.0761061 0.605788 51.6903 22 350970011 1001 1 1 0 0 1 
315.708 -366.717 -50 0.0142489 -0.0250473 0.608347 51.5734 22 350979049 1001 1 1 0 0 1 
-1048.78 285.779 -50 -0.090915 0.0225281 1.30305 51.0927 22 351128053 1001 1 1 0 0 1 
-96.9632 151.212 -50 -0.0300014 -0.0127968 0.24251 52.227 22 351196041 1001 1 1 0.0457421 0.0457421 2 
243.856 1496.36 -50 0.0353219 0.0394378 0.451286 53.9248 22 351313387 1001 1 1 0.373197 0.373197 6 
914.978 1134.49 -50 0.0548639 0.0602959 0.937753 51.4541 22 351398338 1013 1 1 0.900019 0.900019 15 
-641.288 -1416.25 -50 -0.0452558 -0.104469 1.08684 51.0558 22 351532366 1001 1 1 0.946813 0.946813 5 
1624.08 174.993 -50 0.0567796 0.00680133 0.531184 51.1928 22 351547463 1001 1 1 0 0 1 
1833.58 557.771 -50 0.11232 0.0355478 0.884304 51.2588 22 351594590 1001 1 1 0.309354 0.309354 2 
1896.48 -344.516 -50 0.0870904 -0.0358814 0.614409 51.7554 22 351607630 1010 1 1 0 0 1 
89.563 1843.53 -50 0.0137339 0.131292 1.12848 51.3791 22 351636195 1001 1 1 0.894374 0.894374 2 
-1300.58 -327.967 -50 -0.072493 -0.017584 0.822173 51.12 22 351666062 1001 1 1 0 0 1 
522.169 -1993.44 -50 0.0214383 -0.0651607 0.442144 51.8661 22 351860894 1001 1 1 0 0 1 
4.32677 1042.14 -50 -0.00618246 0.0606352 0.871422 50.9968 22 351873537 1001 1 1 0 0 1 
-1935.62 1291.13 -50 -0.158275 0.166224 0.887361 52.471 22 351958331 1001 1 1 0 0 1 
-1851.74 -1154.06 -50 -0.00638789 -0.000404855 0.0555665 52.2781 22 351995876 1001 1 1 0 0 1 
829.06 -298.755 -50 0.0579957 -0.0211077 0.876603 51.0771 22 352064199 1001 1 1 0 0 1 
569.622 -861.05 -50 0.013826 -0.00547795 0.0559726 54.738 22 352205494 1001 1 1 0.0242655 0.0242655 11 
1838.1 1440.98 -50 0.101974 0.083069 0.82798 51.6599 22 352236932 1001 1 1 0.0226578 0.0226578 2 
-177.292 -1101.99 -50 -0.10359 0.0204161 0.756107 52.7289 22 352267800 1001 1 1 0.377519 0.377519 2 
-1849.68 -1870.92 -50 -0.13915 -0.137928 1.12637 51.6845 22 352436937 1001 1 1 0 0 1 
-1230.83 569.328 -50 -0.0436303 0.0249569 0.578881 51.0589 22 352499650 1001 1 1 0.370439 0.370439 4 
-56.4949 -1389.3 -50 -0.00220588 -0.0602674 0.554122 51.4896 22 352613856 1001 1 1 0 0 1 
-1046.61 -1847.53 -50 -0.0555563 -0.0906983 0.787412 52.6126 22 352756183 1014 1 1 0.419543 0.419543 3 
1788.62 669.52 -50 0.0599724 0.0197056 0.740652 51.4076 22 352936716 1015 1 1 0.541615 0.541615 2 
1540.94 -1652.51 -50 0.19429 -0.176386 1.62044 51.9295 22 352939847 1001 1 1 0 0 1 
-1019.89 -416.595 -50 -0.0907915 -0.000491806 0.31465 54.6629 22 353024019 1001 1 1 0.189448 0.189448 3 
-1892.64 205.883 -50 -0.00782971 0.0433334 0.688247 53.3051 22 353061368 1001 1 1 0 0 1 
-538.204 1473.75 -50 -0.0185143 0.0689316 0.635972 51.4474 22 353106457 1001 1 1 0.593169 0.593169 10 
-1855.96 -240.724 -50 -0.176384 -0.0255651 1.30538 51.4227 22 353129159 1001 1 1 0 0 1 
88.361 -1831.24 -50 0.0173324 -0.100177 0.868847 52.4666 22 353172492 1001 1 1 0 0 1 
1616.76 584.28 -50 0.0941745 0.0559381 1.05143 51.8138 22 353212954 1001 1 1 0.82535 0.82535 2 
-1514.33 -868.511 -50 -0.183231 -0.118529 1.76576 51.2559 22 353347120 1001 1 1 1.52879 1.52879 2 
-1776.69 -1608.54 -50 -0.0627574 -0.0077975 0.539454 52.8377 22 353381554 1001 1 1 0.366101 0.366101 4 
113.236 -866.126 -50 0.0110204 -0.0580207 0.856407 51.2678 22 353470921 1001 1 1 0 0 1 
-388.708 620.858 -50 -0.0335149 0.0275664 0.665644 51.3816 22 353474039 1001 1 1 0.45043 0.45043 3 
206.044 618.909 -50 0.0120282 0.032839 0.632833 51.0828 22 353492083 1001 1 1 0.408802 0.408802 2 
476.503 399.421 -50 0.000634634 0.0639522 0.498463 52.101 22 353582121 1064 1 1 0.174461 0.174461 2 
798.017 547.989 -50 0.0420875 0.0230253 0.652524 51.6267 22 353614640 1001 1 1 0.170945 0.170945 2 
378.241 -719.633 -50 0.0264203 -0.0537884 0.89054 51.3099 22 353680604 1007 1 1 0 0 1 
1273.78 929.184 -50 0.0653785 0.0460868 0.633159 51.596 22 353738798 1001 1 1 0.217118 0.217118 2 
344.615 697.495 -50 0.0214755 0.0375658 1.03136 51.1041 22 353975394 1001 1 1 0 0 1 
456.466 -866.641 -50 0.0336154 -0.0469986 0.619485 51.8532 22 354117831 1001 1 1 0 0 1 
324.286 -1139.08 -50 0.00833484 -0.0281569 0.443649 51.8767 22 354153044 1001 1 1 0.349395 0.349395 6 
-1047.52 -1221.83 -50 -0.0596103 -0.0627503 0.864252 51.2705 22 354223082 1001 1 1 0.59718 0.59718 3 
-1881.81 1908.74 -50 -0.0758078 0.0803368 0.549818 52.2991 22 354294730 1001 1 1 0.0306848 0.0306848 2 
-154.079 1677.42 -50 -0.013942 0.0900305 0.807953 51.2201 22 354363358 1001 1 1 0.637862 0.637862 5 
-181.928 1222.14 -50 -0.0139886 0.0777952 0.884948 52.8832 22 354436342 1001 1 1 0 0 1 
-802.06 -156.061 -50 -0.0427261 -0.0156449 0.740093 51.1584 22 354487527 1001 1 1 0.4877 0.4877 2 
-958.943 1985.17 -50 -0.106249 0.223998 1.69361 51.5798 22 354496398 1001 1 1 1.33547 1.33547 8 
-723.241 -1318.67 -50 -0.0278912 -0.0585884 0.584778 51.3503 22 354517367 1012 1 1 0 0 1 
-1689.77 590.808 -50 -0.0589247 0.0187193 0.571953 53.0469 22 354574121 1001 1 1 0.0275856 0.0275856 2 
-1527.99 1388.9 -50 -0.0586935 0.0504587 0.513871 51.7223 22 354599500 1001 1 1 0 0 1 
-1242.13 -88.1127 -50 -0.043071 -0.00494986 0.430442 52.757 22 354703850 1008 1 1 0.260272 0.260272 2 
-552.882 589.863 -50 -0.0333919 0.0542377 1.41613 51.3138 22 354788590 1008 1 1 0 0 1 
16.8732 1438.02 -50 0.00304327 0.0597579 0.747858 51.8758 22 354796347 1001 1 1 0.552714 0.552714 2 
-1776.09 -1960.7 -50 -0.114935 -0.1122 0.902374 51.655 22 354837592 1001 1 1 0 0 1 
760.896 -1835.58 -50 0.0510923 -0.159938 1.20577 51.522 22 354870175 1001 1 1 0.413418 0.413418 3 
-999.344 -1816.36 -50 0.0203408 -0.14662 0.623449 52.9505 22 354963196 1001 1 1 0.040329 0.040329 2 
-1672.41 -994.44 -50 -0.107937 -0.0719923 0.894608 51.6901 22 354965804 1001 1 1 0 0 1 
-1433.02 1220.82 -50 0.0336826 -0.0108655 0.926142 52.53 22 355021858 1001 1 1 0.251608 0.251608 2 
1720.66 1251.9 -50 0.0790376 0.0633524 0.754318 53.2122 22 355080351 1029 1 1 0.416256 0.416256 4 
684.646 1784.34 -50 0.032803 0.0626016 0.534843 52.1849 22 355116601 1007 1 1 0 0 1 
-1344.58 1082.38 -50 -0.0860677 0.0676012 0.982524 53.0393 22 355120033 1001 1 1 0.735529 0.735529 2 
-1259.26 -1677.02 -50 -0.0661879 -0.0742084 0.683498 51.4873 22 355174216 1001 1 1 0 0 1 
-242.53 -1888.17 -50 -0.0228096 -0.129458 1.12833 51.5569 22 355215339 1001 1 1 0.933395 0.933395 3 
-711.775 -216.615 -50 0.0562582 0.0683748 0.630804 54.0669 22 355229017 1001 1 1 0.267928 0.267928 3 
1301.34 1413.21 -50 0.0650859 0.0825727 0.290457 54.9485 22 355462610 1001 1 1 0.229376 0.229376 5 
-1169.55 -1448.09 -50 -0.125486 -0.182923 1.74042 51.3539 22 355510203 1001 1 1 0 0 1 
1019.89 -1755.25 -50 0.0732886 -0.103079 0.932111 51.5523 22 355510923 1009 1 1 0 0 1 
1752.83 1131.03 -50 0.134093 0.0921788 0.848808 51.9931 22 355584680 1001 1 1 0 0 1 
-1949.12 -1040.55 -50 -0.0504176 0.0501699 0.553494 54.0617 22 355815789 1001 1 1 0 0 1 
980.068 855.411 -50 0.047561 0.0310827 0.601726 51.2939 22 355867192 1001 1 1 0.502529 0.502529 4 
-753.952 107.724 -50 -0.0547327 0.0177606 1.08842 51.1333 22 355882398 1001 1 1 0.429189 0.429189 2 
1077.58 966.331 -50 0.043592 0.0563472 0.734902 51.4218 22 355958062 1009 1 1 0 0 1 
-1697.63 1458.06 -50 -0.0626067 0.0545449 0.581481 51.5501 22 356108380 1001 1 1 0.0174268 0.0174268 2 
1368.67 1141.4 -50 0.078042 0.0708689 0.989402 51.4262 22 356192771 1001 1 1 0.229374 0.229374 2 
-527.29 -1995.57 -50 -0.0234342 -0.0941378 0.848375 51.9761 22 356220985 1001 1 1 0 0 1 
-1173.63 506.839 -50 -0.0605075 0.0130673 0.722093 51.4348 22 356266629 1001 1 1 0.233723 0.233723 2 
1325.94 -54.6158 -50 0.0587026 -0.0140421 0.693557 51.4803 22 356290217 1001 1 1 0 0 1 
-1994.58 -1648.03 -50 -0.183043 -0.135556 1.37325 51.7513 22 356361049 1001 1 1 0.341797 0.341797 2 
-954.065 -414.181 -50 -0.0362745 -0.025102 0.544117 51.2618 22 356404151 1034 1033 1 0.395182 0.395182 5 
16.9803 725.169 -50 -0.00426564 0.0522356 0.907976 51.1502 22 356404338 1001 1 1 0.603794 0.603794 2 
1068.18 -1735.6 -50 0.065082 -0.0434573 0.78055 51.889 22 356426977 1001 1 1 0 0 1 
-912.45 1513.61 -50 -0.0679593 0.108896 0.917564 52.0501 22 356465696 1001 1 1 0.208869 0.208869 2 
1938.44 -1577.95 -50 0.0918055 -0.0904133 0.757758 52.0649 22 356648678 1001 1 1 0.561125 0.561125 2 
39.079 1461.52 -50 -0.00717073 0.12953 1.31437 51.0523 22 356749639 1001 1 1 0 0 1 
145.898 -721.044 -50 -0.0207589 -0.0588358 0.330922 52.8284 22 356781755 1001 1 1 0 0 1 
903.95 1948.59 -50 0.0758329 0.178999 1.29812 51.4649 22 356835011 1001 1 1 0 0 1 
48.5374 -424.375 -50 0.00385797 -0.0380783 0.847916 51.4984 22 356850793 1001 1 1 0 0 1 
-1128.09 1689.87 -50 -0.0459717 0.0694157 0.602397 51.2711 22 356888564 1001 1 1 0.108086 0.108086 2 
1990.89 1877.28 -50 0.0378557 0.124336 0.505896 53.3488 22 356925347 1001 1 1 0.277211 0.277211 2 
-785.375 1898.75 -50 -0.100483 0.0956948 0.509367 53.8738 22 356957569 1001 1 1 0.084234 0.084234 2 
-344.019 1729.17 -50 -0.047952 0.169648 1.64163 51.6406 22 357044837 1001 1 1 1.33401 1.33401 2 
256.447 -841.124 -50 0.00325182 -0.0454086 0.563952 51.7735 22 357070662 1001 1 1 0.427374 0.427374 5 
-409.426 -985.648 -50 -0.0222716 -0.0386782 0.625454 52.5528 22 357089156 1001 1 1 0.240173 0.240173 3 
-355.157 1537.58 -50 0.167827 0.0887156 1.12632 52.7252 22 357117742 1001 1 1 0 0 1 
-1182.58 1703.76 -50 -0.0774257 0.0955116 0.935995 51.7109 22 357248263 1001 1 1 0.551478 0.551478 3 
-1781.94 -1298.64 -50 -0.108217 -0.0718322 0.904514 51.3671 22 357502832 1001 1 1 0.594395 0.594395 3 
1471.63 -1919.06 -50 0.0787519 -0.12621 0.446252 54.4023 22 357725255 1001 1 1 0.0940548 0.0940548 2 
-1082.58 192.495 -50 -0.0542012 0.00299428 0.58881 51.8973 22 357764254 1001 1 1 0 0 1 
961.254 394.02 -50 0.034672 0.0176251 0.537142 51.043 22 357965239 1001 1 1 0 0 1 
-630.725 -576.067 -50 -0.0458478 -0.061561 1.21416 50.9471 22 358004068 1001 1 1 0.945775 0.945775 2 
-1289.19 -1146.58 -50 -0.151166 -0.167321 1.79108 51.8652 22 358086384 1001 1 1 0 0 1 
-436.751 1104.18 -50 -0.046599 0.110317 1.51369 50.8975 22 358149397 1001 1 1 0 0 1 
-239.513 673.739 -50 -0.0590735 0.18504 0.747529 53.9562 22 358162983 1001 1 1 0 0 1 
249.074 1059.66 -50 0.0243526 0.0551827 0.821819 51.3488 22 358301889 1001 1 1 0.790243 0.790243 15 
1269.46 -445.318 -50 0.108502 -0.0470252 1.14117 52.1396 22 358333087 1001 1 1 0.523004 0.523004 2 
1616.2 -935.051 -50 0.0636989 -0.0410772 0.535582 52.0319 22 358363844 1001 1 1 0 0 1 
5.18862 -754.143 -50 0.0598382 -0.0985651 0.356342 56.38 22 358598944 1001 1 1 0 0 1 
230.334 -1201.23 -50 0.0120105 -0.0671822 0.863012 51.1073 22 358599230 1001 1 1 0.0451445 0.0451445 3 
459.8 426.083 -50 -0.00481331 0.0282644 0.596968 50.9851 22 358613123 1001 1 1 0 0 1 
1481.9 -645.832 -50 0.140705 -0.0486426 1.20121 51.6752 22 358633936 1001 1 1 0 0 1 
683.425 -915.723 -50 0.0354947 -0.0583304 0.7618 51.2693 22 358681175 1001 1 1 0 0 1 
199.197 651.829 -50 0.0106406 0.0345472 0.60404 51.3819 22 358767604 1001 1 1 0 0 1 
-703.266 -1319.71 -50 -0.0601202 -0.117285 1.19495 51.333 22 358830395 1016 1 1 0.700927 0.700927 2 
-1345.28 -526.643 -50 -0.0848578 -0.0282893 1.01923 51.1594 22 358921831 1001 1 1 0 0 1 
327.542 -1340.46 -50 0.0371092 -0.111559 1.04443 51.9704 22 359055020 1001 1 1 0 0 1 
-829.128 1517.4 -50 0.0454151 0.0225715 0.415235 53.5689 22 359184042 1001 1 1 0 0 1 
-92.0919 -466.625 -50 0.00232018 -0.0261996 0.794925 52.6687 22 359206469 1001 1 1 0.5923 0.5923 3 
-775.078 1826.08 -50 -0.0624707 0.0735489 0.340412 52.7946 22 359505240 1001 1 1 0.151637 0.151637 3 
1980.22 -1054.12 -50 0.078663 -0.0518537 0.606116 53.5567 22 359622143 1001 1 1 0.129281 0.129281 2 
793.485 262.039 -50 0.0586382 0.00986828 1.04276 51.1 22 359822466 1001 1 1 0.937952 0.937952 5 
1918.7 1120.43 -50 0.0672914 0.0412006 0.535214 51.4572 22 359842176 1010 1 1 0.0680201 0.0680201 3 
-1957.51 1746.18 -50 -0.117051 0.132743 1.04414 52.0266 22 359850724 1001 1 1 0 0 1 
-1855.81 -476.007 -50 -0.0187933 -0.0152325 0.409126 51.8501 22 359861347 1001 1 1 0.0625222 0.0625222 2 
-1083.61 981.617 -50 -0.117536 0.126482 1.52406 51.5766 22 359865525 1001 1 1 0 0 1 
717.114 -1007.56 -50 0.0706589 -0.0898681 1.16544 51.3368 22 359903870 1001 1 1 1.17098 1.17098 14 
-113.91 1904.57 -50 -0.0177602 0.175966 1.40036 51.2401 22 359939609 1001 1 1 1.2474 1.2474 6 
-1890.58 -430.922 -50 -0.0140448 0.00493603 0.103861 52.7103 22 360039928 1001 1 1 0.0514797 0.0514797 6 
-1754.32 -929.554 -50 -0.058759 0.0130589 0.243305 53.0405 22 360094970 1001 1 1 0 0 1 
-1214.48 -915.334 -50 -0.0817728 -0.0538013 0.843973 51.451 22 360154053 1001 1 1 0.790688 0.790688 10 
-713.119 1391.98 -50 -0.00244311 0.0168349 0.890934 51.8565 22 360216252 1001 1 1 0.474889 0.474889 2 
-116.739 -607.782 -50 -0.0234071 -0.0355955 0.965959 53.4691 22 360299952 1001 1 1 0.34013 0.34013 2 
309.761 1370.7 -50 0.0449353 0.230944 0.738051 53.6798 22 360384333 1001 1 1 0 0 1 
-1458.81 350.828 -50 -0.0933074 0.0217964 1.01411 51.465 22 360620296 1001 1 1 0 0 1 
-1003.31 -75.3886 -50 -0.0409581 -0.00449872 0.539346 51.1337 22 360665366 1001 1 1 0.437549 0.437549 4 
1798.89 60.6759 -50 0.131254 0.00658856 1.10997 51.1792 22 360672194 1001 1 1 1.03124 1.03124 7 
-1820.47 1619.23 -50 -0.156886 0.120272 1.15278 53.4993 22 360725143 1001 1 1 0 0 1 
-1839.68 -696.609 -50 -0.0828184 -0.0314507 0.772194 51.663 22 360790113 1001 1 1 0 0 1 
1898.52 -276.594 -50 0.0901012 0.00389533 0.715041 51.9523 22 360896991 1001 1 1 0.720647 0.720647 21 
238.772 -384.34 -50 0.0237826 -0.0261837 0.895188 51.1884 22 360940455 1001 1 1 0 0 1 
1030.63 1107.4 -50 0.0690381 0.0984385 1.13679 51.8723 22 361169476 1001 1 1 0.861474 0.861474 3 
-1967.85 -281.858 -50 -0.074727 -0.00829245 0.590887 51.3013 22 361708307 1001 1 1 0.389951 0.389951 2 
1246.19 1996.01 -50 0.0467728 0.0643929 0.452404 52.0313 22 361716465 1001 1 1 0 0 1 
1337.1 -159.243 -50 0.0673104 -0.0189582 0.960298 51.6116 22 361812542 1008 1 1 0.223053 0.223053 2 
-1752.04 1591.95 -50 -0.0988123 0.0958834 0.776366 52.3743 22 361884320 1001 1 1 0.696565 0.696565 6 
984.726 -164.563 -50 0.0357114 -0.0156808 0.609907 51.2552 22 362030087 1001 1 1 0 0 1 
835.485 1397.17 -50 0.0346885 0.00193299 0.133438 55.0113 22 362083795 1011 1 1 0.0701515 0.0701515 5 
-1343.84 1591.41 -50 -0.0640106 0.0858754 0.693704 51.7863 22 362308143 1001 1 1 0 0 1 
-1521.48 1205.43 -50 -0.150576 0.1154 1.37879 51.4307 22 362352622 1001 1 1 0 0 1 
1559.43 -1728.57 -50 0.208671 -0.0744705 0.76125 53.1616 22 362367802 1001 1 1 0 0 1 
957.429 -1005.08 -50 0.0881055 -0.0482889 0.512581 52.0734 22 362453415 1001 1 1 0 0 1 
-1878.02 1419.6 -50 -0.174071 0.127282 1.42007 51.6193 22 362456869 1001 1 1 0.198619 0.198619 2 
1763.06 61.7962 -50 0.196225 0.0699142 0.643804 53.627 22 362462157 1001 1 1 0.476422 0.476422 3 
-1207.53 828.512 -50 -0.0657904 0.051731 0.709796 51.7011 22 362687784 1001 1 1 0 0 1 
1257.68 -1906.08 -50 0.0343582 -0.0695924 0.497566 51.6672 22 362693430 1001 1 1 0.28002 0.28002 2 
-1604.68 685.437 -50 -0.118409 0.0495991 1.05196 51.0438 22 362820807 1001 1 1 0 0 1 
-1079.38 1556.57 -50 -0.0295756 0.110014 0.527742 52.1418 22 362907936 1001 1 1 0.313111 0.313111 4 
-1476 -196.058 -50 -0.0689145 -0.0133209 0.658478 52.9575 22 362923206 1001 1 1 0.457418 0.457418 3 
568.228 -607.462 -50 0.0212026 -0.0257379 0.568179 50.9876 22 362993973 1001 1 1 0 0 1 
-1351.1 953.308 -50 -0.0101805 -0.00151729 0.0482051 54.1916 22 363151298 1001 1 1 0.00691269 0.00691269 2 
1985.24 1531.34 -50 0.077632 0.0714794 0.497584 52.8575 22 363205413 1001 1 1 0.288786 0.288786 2 
-1789.11 -193.671 -50 -0.0492526 -0.00706444 0.372024 51.4833 22 363273404 1001 1 1 0 0 1 
-1507.66 -1805.51 -50 -0.0954751 -0.117805 1.00117 51.5046 22 363306231 1001 1 1 0 0 1 
-337.81 -331.936 -50 -0.0261352 -0.0343007 0.889255 51.7085 22 363339803 1001 1 1 0.674415 0.674415 3 
625.191 1525.95 -50 0.0175863 0.0239614 0.0746053 56.1895 22 363352649 1001 1 1 0.0802797 0.0802797 4 
-1930.31 850.865 -50 -0.222723 0.00258472 0.569513 55.1076 22 363358360 1001 1 1 0.0721316 0.0721316 2 
-292.533 882.715 -50 -0.0268155 0.0542099 0.733087 51.667 22 363397497 1001 1 1 0.586855 0.586855 5 
-1688.88 -91.6115 -50 -0.057583 -0.0127309 0.562374 51.8426 22 363466105 1001 1 1 0 0 1 
294.205 809.857 -50 0.0760518 0.184336 0.677519 53.8608 22 363479692 1001 1 1 0 0 1 
-1598.21 -1404.2 -50 -0.0863827 -0.0839428 0.802668 51.5369 22 363523795 1001 1 1 0 0 1 
-782.121 -567.289 -50 -0.0254993 -0.0189771 0.637519 51.3951 22 363537168 1001 1 1 0.489621 0.489621 5 
-303.63 -1840.3 -50 -0.0247118 -0.122169 1.00859 51.1555 22 363646761 1001 1 1 0 0 1 
457.539 1158.3 -50 0.0223048 0.0797186 1.06771 51.1126 22 363879899 1010 1 1 0.854436 0.854436 2 
-76.4586 1729.24 -50 0.000337835 0.163556 1.40545 51.2238 22 364051584 1001 1 1 0 0 1 
942.717 1617.27 -50 0.0979971 0.198885 1.82609 51.6777 22 364122710 1001 1 1 1.27447 1.27447 3 
-1142.6 1615.3 -50 -0.0590216 0.0717711 0.652237 51.5938 22 364221018 1001 1 1 0 0 1 
-1720.06 -577.426 -50 -0.113443 -0.0623067 0.342488 56.2961 22 364248203 1001 1 1 0 0 1 
-1063.87 -716.927 -50 -0.0649615 -0.0403164 0.748725 52.4457 22 364287768 1015 1 1 0.362664 0.362664 3 
-235.681 1777.39 -50 -0.00891102 0.0733168 0.54969 51.9128 22 364328523 1001 1 1 0 0 1 
1858.91 344.691 -50 0.00644453 0.0126975 0.373089 52.5519 22 364336775 1001 1 1 0.0125256 0.0125256 2 
927.932 1120.02 -50 0.0860163 0.0811896 1.11466 52.2117 22 364412895 1001 1 1 0 0 1 
1607.27 1239.67 -50 0.142951 0.0827384 1.14356 51.991 22 364452425 1001 1 1 0 0 1 
-212.589 -1747.62 -50 -0.0178734 -0.0705971 0.59702 51.4014 22 364518962 1001 1 1 0 0 1 
-1359.43 755.373 -50 -0.0486339 0.021494 0.457614 53.9204 22 364736369 1001 1 1 0.412165 0.412165 10 
-1062.58 -1466.31 -50 -0.102314 -0.137389 1.4643 51.3565 22 364840762 1001 1 1 0.764718 0.764718 2 
-1849.15 -1433.29 -50 -0.0817391 -0.0635388 0.72031 52.8253 22 364860791 1001 1 1 0 0 1 
-1697.65 -1396.94 -50 -0.123399 -0.132453 1.24369 51.9676 22 364878543 1001 1 1 0.113581 0.113581 2 
1701.56 -1345.26 -50 -0.00954015 -0.16768 0.568988 54.5726 22 364881415 1001 1 1 0.00862987 0.00862987 2 
-360.693 757.748 -50 -0.0208738 0.0317165 0.576195 51.2398 22 364883412 1001 1 1 0.10618 0.10618 2 
18.4078 612.722 -50 0.0012989 0.037459 0.878067 52.0865 22 364886698 1001 1 1 0.806847 0.806847 9 
-307.272 220.452 -50 -0.00742905 0.000908196 0.0419956 54.8001 22 364931001 1001 1 1 0.042629 0.042629 3 
138.162 1938.85 -50 0.0175602 0.172511 0.529097 53.3126 22 365105469 1001 1 1 0.222127 0.222127 2 
-342.97 -1488.54 -50 -0.0160688 -0.0684216 0.750382 51.0464 22 365193404 1001 1 1 0.515447 0.515447 2 
1561.25 525.478 -50 0.167769 0.0577177 1.55558 51.2662 22 365200055 1008 1 1 0 0 1 
1431 -597.403 -50 0.029439 -0.00827419 0.355168 51.5219 22 365299341 1001 1 1 0.356423 0.356423 11 
227.071 100.091 -50 0.00346372 0.0121531 0.528338 52.6148 22 365313283 1001 1 1 0.29173 0.29173 4 
494.234 1832.84 -50 0.0130634 0.0101571 0.0725609 52.6821 22 365382289 1016 1001 1 0.0743776 0.0743776 14 
131.481 -225.895 -50 0.0148431 -0.0226621 0.882786 50.9094 22 365609651 1001 1 1 0.728446 0.728446 5 
-1872.42 -1283.49 -50 -0.156202 -0.121076 1.30799 53.1615 22 365777639 1001 1 1 0 0 1 
-1945.07 -19.9009 -50 -0.0810326 0.00205762 0.632852 51.4509 22 365777823 1001 1 1 0.230059 0.230059 2 
-74.2553 -1987.98 -50 -0.000250486 -0.0941361 0.732183 51.2427 22 365787183 1001 1 1 0.428207 0.428207 2 
-648.625 1939.53 -50 -0.0411281 0.1099 0.910139 51.4157 22 365838346 1001 1 1 0 0 1 
-665.985 -554.071 -50 -0.142034 0.0226433 0.563456 53.3111 22 365896004 1001 1 1 0.365255 0.365255 4 
1301.13 -1478.61 -50 0.181671 -0.199925 1.7455 51.8496 22 365934375 1001 1 1 1.335 1.335 2 
1556.36 -1106.68 -50 0.117033 -0.0567044 0.960981 52.0125 22 366035073 1001 1 1 0.0203667 0.0203667 2 
-1482.67 330.588 -50 -0.0774601 0.0233765 0.710135 51.5218 22 366144485 1001 1 1 0.503813 0.503813 2 
-646.879 -1253.45 -50 -0.0302613 -0.0699423 0.711916 51.3071 22 366184051 1001 1 1 0.118865 0.118865 2 
341.339 1904.24 -50 0.00941101 0.0737292 0.525596 51.5413 22 366199364 1001 1 1 0 0 1 
-511.427 -1330.06 -50 -0.0335417 -0.0680298 0.8921 51.2403 22 366201137 1014 1 1 0.809921 0.809921 7 
847.253 1829.92 -50 0.221519 0.17256 0.892911 53.6888 22 366268483 1001 1 1 0.703326 0.703326 2 
-233.365 -359.846 -50 0.0586835 -0.0651123 0.534543 54.0936 22 366313767 1001 1 1 0.402339 0.402339 6 
-803.384 -1876.25 -50 0.0117082 -0.148411 0.744218 51.9995 22 366318511 1001 1 1 0 0 1 
-1451.41 1900.45 -50 -0.0794398 0.117923 0.88301 51.5353 22 366371831 1001 1 1 0.762992 0.762992 3 
190.667 440.023 -50 0.00638842 0.0273393 1.23123 50.9486 22 366470194 1001 1 1 0.896484 0.896484 3 
-1318.45 -680.818 -50 -0.0304163 0.00794834 0.10625 54.553 22 366637235 1001 1 1 0.0773915 0.0773915 10 
1097.13 176.216 -50 0.118807 0.0207179 1.49711 51.0365 22 366811276 1001 1 1 0 0 1 
1609.44 1913.55 -50 0.157267 0.200934 1.6271 51.6636 22 366859260 1001 1 1 0 0 1 
888.834 -576.803 -50 0.0409076 -0.024582 0.736817 50.951 22 366931608 1001 1 1 0.224622 0.224622 3 
-471.979 1174.32 -50 -0.0424981 0.116655 0.597166 52.6157 22 366976212 1005 1 1 0 0 1 
1259.87 -1019.64 -50 0.101009 -0.115663 1.46563 51.7205 22 367022373 1001 1 1 0 0 1 
-202.352 16.3436 -50 -0.00268261 0.00616876 0.545424 50.9022 22 367114298 1001 1 1 0 0 1 
-458.161 -1358.23 -50 -0.00779961 -0.0424809 0.502812 51.6297 22 367195265 1001 1 1 0.0972158 0.0972158 2 
-1845.65 -231.643 -50 -0.0996768 -0.00682502 0.764995 51.239 22 367195818 1001 1 1 0.130402 0.130402 2 
88.7424 -197.118 -50 0.0108904 -0.00374983 0.607697 51.0747 22 367279203 1001 1 1 0.452118 0.452118 3 
-1671.91 1665.82 -50 -0.0792812 0.100646 0.792692 52.5751 22 367365154 1009 1 1 0 0 1 
-1468.21 -963.891 -50 -0.0373489 -0.14515 0.653283 52.71 22 367449782 1001 1 1 0.478872 0.478872 5 
934.199 -1493.07 -50 0.0627752 -0.0685755 0.793152 51.4757 22 367505615 1001 1 1 0 0 1 
-1048.32 730.532 -50 -0.114671 0.0132085 0.849117 51.4499 22 367530235 1030 1 1 0.314871 0.314871 3 
-622.172 -1265.26 -50 -0.0447436 -0.0752935 0.910006 51.1215 22 367550258 1009 1 1 0.321872 0.321872 2 
1546.01 -158.256 -50 0.0776195 -0.00353588 0.836821 52.9099 22 367602839 1001 1 1 0.559214 0.559214 4 
1920.68 -1416.55 -50 0.228204 -0.210684 1.52524 51.7045 22 367666525 1001 1 1 0 0 1 
1341.67 -1572.7 -50 0.0321007 -0.29643 1.06348 53.3716 22 367872557 1001 1 1 0 0 1 
952.271 -548.102 -50 0.037575 -0.0154 0.539172 52.6636 22 367888559 1001 1 1 0.369119 0.369119 5 
28.4761 -820.797 -50 -0.00206825 -0.0936324 1.71019 51.0384 22 367966831 1001 1 1 0 0 1 
1692.61 -1235.44 -50 0.143663 -0.107161 1.37157 51.4398 22 368013660 1001 1 1 0 0 1 
640.529 1552.04 -50 0.0456271 0.0736408 0.763656 51.6171 22 368031380 1001 1 1 0 0 1 
97.9636 -1822.84 -50 0.0163073 -0.235558 2.01104 51.1248 22 368072983 1001 1 1 1.77089 1.77089 2 
-256.379 748.631 -50 -0.0453367 0.0753475 1.33845 51.4232 22 368265468 1001 1 1 0.609729 0.609729 3 
1684.3 956.345 -50 0.0480184 0.0323351 0.488306 51.3755 22 368419369 1001 1 1 0.0914377 0.0914377 3 
648.429 -1204.49 -50 0.0181533 -0.0606644 0.656421 53.2597 22 368576575 1001 1 1 0 0 1 
1582.37 -1073.96 -50 0.0898571 -0.0638221 0.960993 51.6649 22 368576746 1001 1 1 0.899502 0.899502 9 
-1703.6 192.754 -50 -0.138024 0.0172422 1.36454 51.3179 22 368842566 1001 1 1 0 0 1 
-512.651 -753.513 -50 -0.0040138 0.0527875 0.787266 51.8141 22 369025062 1001 1 1 0 0 1 
-310.385 1406.91 -50 -0.0153166 0.0598893 0.651213 51.2156 22 369489820 1001 1 1 0.320592 0.320592 2 
-214.651 -1338.09 -50 -0.00655151 -0.045404 0.585434 51.0852 22 369554208 1001 1 1 0.478846 0.478846 5 
1201.75 -1653.67 -50 0.0414526 -0.145603 0.64274 52.7587 22 369565897 1001 1 1 0 0 1 
254.631 907.055 -50 0.0337896 -0.0447617 0.42923 53.3067 22 369635331 1001 1 1 0 0 1 
114.83 -1446.72 -50 0.00558299 -0.0971579 0.937821 51.2533 22 369661290 1001 1 1 0.901541 0.901541 13 
-586.678 1579.76 -50 -0.0248919 0.0612596 0.520207 51.8111 22 369769801 1001 1 1 0 0 1 
198.849 -973.374 -50 -0.067834 -0.0725211 0.376428 54.2658 22 369774906 1001 1 1 0 0 1 
1236.84 -129.023 -50 -0.0165693 -0.0453749 0.636156 51.9779 22 369798078 1001 1 1 0 0 1 
-987.415 -1282.09 -50 -0.0683592 -0.0994885 1.29536 51.5483 22 369844151 1001 1 1 1.07502 1.07502 3 
-998.48 -911.075 -50 -0.0616144 -0.0901726 1.22112 51.894 22 369879905 1001 1 1 0.378324 0.378324 2 
-177.199 1597.42 -50 -0.0127735 0.14767 1.35008 51.4048 22 369947017 1001 1 1 0.9379 0.9379 2 
-205.903 -229.175 -50 0.00312017 -0.0945536 0.544957 53.1678 22 370086892 1001 1 1 0.493271 0.493271 11 
-1405.78 127.118 -50 -0.0517737 0.00905736 0.478779 51.6112 22 370128492 1001 1 1 0 0 1 
-1867.56 556.928 -50 -0.183972 -0.0374203 0.906249 52.2404 22 370162309 1001 1 1 0 0 1 
-379.239 -1917.45 -50 -0.0115981 -0.131411 1.04713 51.7466 22 370184447 1001 1 1 0 0 1 
-398.432 1316.32 -50 0.000713354 0.0944323 0.562061 51.9033 22 370353454 1001 1 1 0.379126 0.379126 2 
378.283 1274.29 -50 0.0306803 0.063722 0.914495 51.3554 22 370570629 1001 1 1 0.394058 0.394058 2 
-1538.75 -284.281 -50 -0.191696 0.0291893 0.837143 52.3798 22 370653293 1001 1 1 0 0 1 
-115.281 1537.78 -50 -0.00173751 0.0293463 0.223015 52.6196 22 370717811 1001 1 1 0.0583493 0.0583493 2 
1820.74 -1124.89 -50 0.0982345 -0.0611068 0.764494 51.512 22 370747198 1014 1 1 0.514284 0.514284 3 
-215.277 940.864 -50 -0.148925 -0.0460484 0.689724 53.9875 22 370760400 1001 1 1 0 0 1 
647.918 -814.123 -50 0.0532461 -0.0561416 1.12588 51.0856 22 370885783 1010 1 1 0 0 1 
-865.803 -690.382 -50 -0.0575675 -0.038485 1.05916 51.2067 22 371167041 1001 1 1 0 0 1 
525.586 -589.735 -50 0.0342453 -0.0476363 1.06725 51.1126 22 371171969 1001 1 1 0.347252 0.347252 2 
705.588 -1781.5 -50 0.259804 -0.0733075 1.00869 53.7348 22 371369605 1001 1 1 0 0 1 
156.365 -500.106 -50 0.00629721 -0.0221732 0.563637 51.2411 22 371401170 1001 1 1 0.479937 0.479937 6 
-1228.56 130.596 -50 -0.0737607 -0.00436648 0.996032 51.3758 22 371713530 1001 1 1 0.432179 0.432179 4 
-341.55 -1333.06 -50 -0.0427917 -0.173277 1.61674 51.6065 22 371765365 1001 1 1 0 0 1 
-1582.72 1359.81 -50 -0.0353268 0.17255 0.593674 53.9271 22 371874005 1001 1 1 0.434734 0.434734 3 
-272.252 1042.13 -50 -0.0202554 0.0455898 0.593763 52.6473 22 372020660 1001 1 1 0 0 1 
1291.2 -724.631 -50 0.165947 -0.101665 1.91645 51.0891 22 372101255 1001 1 1 0 0 1 
-964.011 -822.899 -50 -0.0373397 -0.0268639 0.587531 51.1663 22 372140948 1001 1 1 0.185923 0.185923 2 
-763.626 -1139.57 -50 -0.0304777 -0.0400286 0.645262 51.413 22 372289862 1001 1 1 0 0 1 
-359.935 275.654 -50 -0.0252692 0.00839971 1.25091 51.2088 22 372313650 1001 1 1 0.49231 0.49231 2 
250.189 -463.436 -50 0.0319995 -0.0384653 1.32165 50.8548 22 372368805 1001 1 1 0.662652 0.662652 2 
-277.919 288.524 -50 -0.00594304 0.00737722 0.403463 51.0376 22 372420033 1001 1 1 0.187055 0.187055 3 
-521.847 84.3553 -50 -0.0201021 0.0975306 0.601114 52.1216 22 372529225 1001 1 1 0.205237 0.205237 2 
-1098.12 185.613 -50 0.0419627 -0.034253 0.762825 52.8784 22 372673991 1001 1 1 0.667295 0.667295 5 
1825.08 460.126 -50 0.181372 0.0539115 1.59591 51.3655 22 372805466 1008 1 1 1.46188 1.46188 5 
1165.1 -1886.8 -50 0.0710366 -0.107544 0.880653 51.5169 22 372810844 1001 1 1 0 0 1 
904.365 1899.73 -50 0.0375802 0.0930586 0.412889 52.1477 22 372812021 1001 1 1 0.258599 0.258599 3 
531.379 -101.818 -50 0.0465817 -0.00190284 1.28319 51.0199 22 373095433 1001 1 1 0 0 1 
407.879 -1313.23 -50 0.0282536 -0.151995 1.4514 51.9331 22 373132719 1001 1 1 0 0 1 
1753.46 -1541.56 -50 0.126972 -0.10966 1.11368 51.3026 22 373228195 1001 1 1 0 0 1 
-201.488 1453.36 -50 0.0347807 0.04431 1.19135 51.6158 22 373242749 1001 1 1 0.979571 0.979571 2 
-889.239 -810.058 -50 -0.0658674 -0.0556214 1.00073 51.1226 22 373299634 1001 1 1 0.845534 0.845534 5 
-463.33 1534.73 -50 -0.0877569 0.0748502 1.38139 51.5095 22 373394296 1009 1 1 0 0 1 
1103.74 -479.682 -50 0.0684264 -0.0179228 0.92534 52.4944 22 373501376 1001 1 1 0 0 1 
-692.857 1332.58 -50 -0.0320739 0.0712289 0.764202 51.3519 22 373708016 1001 1 1 0.636391 0.636391 5 
759.852 1459.86 -50 0.0624745 0.155405 1.54054 51.2631 22 373747050 1001 1 1 1.46965 1.46965 9 
-822.375 1970.76 -50 -0.198934 0.133116 1.04812 52.4117 22 373855082 1001 1 1 0 0 1 
-852.376 534.471 -50 -0.0461084 0.0249858 0.875579 52.692 22 373868026 1001 1 1 0.0565555 0.0565555 2 
-30.4523 1610.21 -50 0.00309751 0.11303 1.08114 53.1214 22 374212329 1001 1 1 0.960511 0.960511 5 
1401.39 1746.91 -50 0.131166 0.141837 0.830824 52.36 22 374216517 1001 1 1 0 0 1 
373.732 918.041 -50 0.0175678 0.0623851 1.01569 51.189 22 374321431 1001 1 1 0.250249 0.250249 2 
-506.062 107.835 -50 -0.0316314 0.0115858 1.10664 50.9885 22 374410594 1001 1 1 0.365742 0.365742 3 
1202.98 -1344.43 -50 0.136159 -0.179399 1.89068 51.4569 22 374432801 1001 1 1 0 0 1 
-606.106 -48.475 -50 -0.0238882 -0.010496 0.731752 51.1722 22 374435020 1001 1 1 0 0 1 
30.6644 -1102.87 -50 0.00359172 -0.102041 1.14472 52.5663 22 374520227 1001 1 1 0 0 1 
944.192 969.885 -50 0.0235602 0.0230968 0.476389 51.4007 22 374646966 1001 1 1 0.0481037 0.0481037 2 
700.902 -814.72 -50 0.0288267 -0.0390528 0.577388 51.4225 22 374711183 1001 1 1 0.349791 0.349791 2 
961.101 108.171 -50 0.050208 0.0122241 0.867344 50.8976 22 374892824 1001 1 1 0.683221 0.683221 4 
-287.248 422.007 -50 -0.0135503 0.0222239 0.758637 50.9906 22 374986934 1001 1 1 0.0109823 0.0109823 2 
-1656.16 -1276.35 -50 -0.145221 -0.111 1.27904 51.4122 22 375005086 1001 1 1 0 0 1 
511.282 1051.8 -50 0.0365358 0.0495003 0.715252 51.3781 22 375252797 1001 1 1 0 0 1 
-320.437 79.7366 -50 -0.00663934 0.0121856 1.08479 51.2498 22 375388388 1001 1 1 0 0 1 
397.487 -446.008 -50 0.0318742 -0.0124419 0.762146 51.587 22 375448319 1007 1 1 0.540814 0.540814 2 
-346.922 -308.431 -50 -0.0253237 -0.0414813 1.11458 51.3125 22 375538115 1001 1 1 0.564757 0.564757 2 
1128.97 -913.818 -50 0.142207 -0.126832 1.89772 51.1423 22 375622426 1001 1 1 0.244009 0.244009 2 
1155.4 1963.13 -50 0.0713304 0.122201 0.942379 51.5396 22 375639959 1001 1 1 0 0 1 
1673.14 -796.35 -50 0.0035109 -0.00870873 0.0724329 52.2018 22 375655916 1021 1003 1 0.0308688 0.0308688 5 
-1876.06 -1628.61 -50 -0.10079 -0.10262 0.879444 52.4668 22 375699179 1001 1 1 0 0 1 
-227.222 1695.78 -50 -0.0462433 0.0748707 1.02639 51.4601 22 375732449 1001 1 1 0 0 1 
1601.02 -670.706 -50 0.141563 -0.055044 1.21878 51.2867 22 375808960 1001 1 1 0 0 1 
442.79 644.286 -50 0.0164168 0.0477611 0.944378 51.2224 22 375938358 1011 1 1 0.345729 0.345729 3 
7.85121 -441.14 -50 -0.0109413 -0.0141205 0.693218 51.482 22 375985783 1001 1 1 0 0 1 
-523.9 -31.4983 -50 -0.020914 -0.00144417 0.424218 51.8467 22 376106456 1001 1 1 0 0 1 
1564.26 -352.574 -50 0.0782873 -0.0173877 0.696136 52.7374 22 376334949 1001 1 1 0.622271 0.622271 10 
52.4633 -1322.16 -50 0.0179807 -0.0923863 0.881468 53.2684 22 376512466 1001 1 1 0.626423 0.626423 3 
-314.589 1802.04 -50 -0.0231151 0.220105 1.88978 51.4071 22 376610200 1001 1 1 0.787648 0.787648 3 
-1571.11 -108.859 -50 -0.0691156 0.00155128 0.627385 53.1428 22 376664930 1001 1 1 0.247795 0.247795 3 
-601.833 -1917.59 -50 -0.0244632 -0.103842 0.783336 51.4181 22 376785041 1001 1 1 0 0 1 
-510.719 896.572 -50 -0.0810512 0.0785436 1.5816 51.4456 22 376918166 1001 1 1 1.43864 1.43864 5 
527.851 -489.517 -50 0.0253411 -0.107289 0.677882 51.7668 22 377026666 1001 1 1 0.647727 0.647727 14 
-1786.15 1830.92 -50 -0.0865159 0.0992652 0.736133 53.5308 22 377092781 1001 1 1 0.0436389 0.0436389 2 
-308.493 -286.49 -50 -0.0147835 -0.0149636 0.47495 51.3396 22 377182305 1001 1 1 0.347958 0.347958 4 
450.66 1551.62 -50 0.00921151 0.0633751 0.577148 52.7399 22 377229220 1001 1 1 0.486295 0.486295 5 
-1811.75 -56.3616 -50 -0.164395 0.012607 1.23755 51.6061 22 377272691 1001 1 1 0.502825 0.502825 3 
1714.93 -285.044 -50 0.072073 0.0556963 0.444708 52.4657 22 377545605 1001 1 1 0 0 1 
-875.524 1519.88 -50 -0.0854671 0.149953 1.46383 52.7676 22 377636100 1001 1 1 0 0 1 
941.982 761.842 -50 0.0619556 0.0460348 1.02101 51.2016 22 377714933 1001 1 1 0 0 1 
-459.033 -767.433 -50 -0.035275 -0.0364043 0.746908 51.6208 22 377796212 1001 1 1 0 0 1 
-516.012 -306.445 -50 -0.0716674 -0.0186901 1.80406 51.0993 22 377825632 1001 1 1 0 0 1 
-461.588 -1996.17 -50 -0.0334344 -0.136471 0.933187 51.7291 22 377842932 1001 1 1 0 0 1 
-554.592 1846.74 -50 -0.0577526 0.248504 1.12164 51.8075 22 377888309 1001 1 1 1.07792 1.07792 7 
-1789.56 342.059 -50 -0.172553 0.0426223 1.51124 51.4896 22 377945732 1001 1 1 0 0 1 
-277.59 437.307 -50 -0.0260898 0.0333329 1.3075 51.127 22 378053736 1001 1 1 1.02736 1.02736 3 
-1951.75 1988.61 -50 -0.114502 0.136921 0.971609 51.7021 22 378161736 1001 1 1 0 0 1 
1664.46 -1040.3 -50 0.0918398 -0.0665658 0.79364 51.6872 22 378169805 1001 1 1 0.00431567 0.00431567 2 
-991.87 1319.25 -50 -0.0727119 0.112551 1.16727 51.4958 22 378215241 1001 1 1 0 0 1 
1306.33 1144.89 -50 0.0110177 0.0211069 0.177772 51.9451 22 378241604 1001 1 1 0 0 1 
831.679 -720.422 -50 0.096028 -0.100078 1.56652 51.4447 22 378355945 1001 1 1 1.35196 1.35196 4 
1564.78 -474.733 -50 0.201007 -0.0589329 1.90421 51.2331 22 378516546 1001 1 1 0 0 1 
-439.698 608.312 -50 -0.0327341 0.0724808 1.78182 51.2164 22 378670311 1001 1 1 0 0 1 
1845.71 -1540.41 -50 0.204848 -0.203244 1.70799 52.628 22 378825827 1001 1 1 0 0 1 
1974.64 -1991.05 -50 0.206506 -0.189707 1.4928 51.9101 22 378941159 1001 1 1 1.2327 1.2327 2 
502.905 -1982.68 -50 0.0159365 -0.0654793 0.519131 52.8778 22 378946091 1001 1 1 0.0765297 0.0765297 2 
-669.828 1502.66 -50 -0.0158179 0.0442596 0.448627 51.277 22 378976138 1009 1 1 0.112242 0.112242 2 
-3.10709 -1296.36 -50 0.0561761 -0.112572 0.429363 53.6097 22 379066386 1013 1 1 0.233281 0.233281 4 
-1785.24 -620.634 -50 -0.0716441 -0.0241902 0.703587 51.896 22 379142095 1001 1 1 0.566063 0.566063 8 
-1635.03 -405.157 -50 -0.0494871 -0.0140968 0.470945 51.2214 22 379217262 1001 1 1 0.385059 0.385059 6 
-1828.92 -1430.84 -50 -0.251763 -0.168485 2.06514 52.1097 22 379268152 1001 1 1 1.78451 1.78451 4 
-1397.87 453.192 -50 -0.084923 0.0159001 1.08438 51.7327 22 379282441 1001 1 1 1.03002 1.03002 9 
-481.413 956.446 -50 -0.0468272 0.0890435 1.26652 50.8017 22 379356455 1001 1 1 1.03614 1.03614 2 
82.5751 -1548.4 -50 -0.000709437 -0.0286306 0.26198 51.5176 22 379370199 1001 1 1 0 0 1 
1902.61 419.325 -50 0.0592561 0.00506014 0.48338 51.6462 22 379482595 1001 1 1 0.388176 0.388176 5 
-894.306 1244.57 -50 -0.0574498 0.0765616 0.793398 51.6367 22 379493842 1001 1 1 0 0 1 
-610.727 427.438 -50 -0.0439119 0.0246827 0.755903 51.3952 22 379606633 1001 1 1 0.395634 0.395634 2 
-303.672 445.495 -50 -0.00569943 0.0199841 0.896532 51.1819 22 379645192 1001 1 1 0 0 1 
1458.64 -1849.41 -50 0.00627785 -0.0190449 0.0827908 52.8317 22 379672791 1003 1002 1 0.0218218 0.0218218 3 
-838.215 1263.95 -50 -0.043652 0.0642766 0.838441 51.2223 22 379786453 1001 1 1 0.266047 0.266047 2 
-899.02 -1536.67 -50 -0.0790187 -0.0711012 0.487431 52.2562 22 379967081 1001 1 1 0 0 1 
-1171.94 714.455 -50 -0.117832 0.0777911 1.40164 51.2242 22 380024714 1001 1 1 0 0 1 
48.4471 1813.79 -50 -0.00142037 0.115178 0.900048 51.4186 22 380067396 1001 1 1 0 0 1 
-1681.3 -988.893 -50 -0.137356 0.0520753 0.65034 53.3286 22 380119568 1001 1 1 0 0 1 
-1329.26 -1385.04 -50 -0.123727 -0.141471 1.35998 51.4798 22 380177721 1001 1 1 0 0 1 
1628.99 -379.046 -50 0.111358 -0.0201032 0.901727 51.4963 22 380317746 1001 1 1 0.186281 0.186281 3 
490.577 251.954 -50 -0.0340337 0.106151 0.926138 51.6364 22 380348075 1001 1 1 0 0 1 
-540.076 -894.087 -50 -0.172992 -0.103821 0.679182 53.9036 22 380406100 1001 1 1 0.556121 0.556121 4 
524.374 -65.9635 -50 0.0375955 -0.00709524 1.09736 50.7886 22 380411912 1001 1 1 0 0 1 
-1480.63 602.348 -50 -0.0679695 -0.00350804 0.826068 51.237 22 380448390 1001 1 1 0.828839 0.828839 13 
1719.31 -364.316 -50 0.122666 -0.0237843 1.05394 51.1454 22 380535363 1001 1 1 0.421071 0.421071 3 
1871.21 -701.511 -50 0.173906 -0.00898547 1.37405 52.4942 22 380602953 1001 1 1 0 0 1 
1782.84 1272.39 -50 0.069715 0.141775 1.09014 51.9064 22 380605937 1001 1 1 0.806115 0.806115 4 
35.148 1890.69 -50 -0.00766579 0.138952 1.0952 51.6002 22 380631322 1001 1 1 0.912011 0.912011 4 
-683.27 -610.094 -50 -0.0294025 -0.0421683 0.950631 51.3811 22 380672670 1001 1 1 0.682069 0.682069 3 
-959.113 968.281 -50 -0.037374 0.034198 0.532435 51.1374 22 380677082 1037 1 1 0 0 1 
1108.65 -833.44 -50 0.10003 -0.0803323 1.37665 51.1599 22 380847127 1001 1 1 0 0 1 
996.857 1111.6 -50 0.0602926 0.0880659 0.973708 52.2122 22 380864945 1001 1 1 0 0 1 
1159.43 1759.53 -50 0.107139 0.137847 1.19345 51.637 22 380950571 1001 1 1 0 0 1 
965.373 1113.5 -50 0.054933 0.0455094 0.682146 52.367 22 381009048 1001 1 1 0.594564 0.594564 5 
1227.08 1733.78 -50 0.0456094 0.0669989 0.471488 52.3114 22 381070597 1004 1 1 0.32892 0.32892 3 
-1332 -961.076 -50 -0.060063 -0.0398703 0.644245 51.2401 22 381151149 1001 1 1 0.486594 0.486594 4 
-186.709 1238.6 -50 -0.0451585 0.118738 1.54455 51.3145 22 381190335 1001 1 1 0 0 1 
362.037 -1322.73 -50 0.0240536 -0.155662 1.66633 51.2931 22 381202919 1001 1 1 1.49338 1.49338 5 
1209.06 -456.533 -50 0.0549806 -0.0262625 0.734719 51.0996 22 381243865 1001 1 1 0.662273 0.662273 10 
-1809.58 -1427.75 -50 -0.131296 -0.110518 0.985461 52.4408 22 381297937 1001 1 1 0 0 1 
1638.96 479.896 -50 0.0597267 0.0116466 0.612751 51.7394 22 381413072 1001 1 1 0.00741654 0.00741654 2 
1475.28 -1283.34 -50 0.0552156 -0.188786 1.16954 52.9205 22 381423953 1001 1 1 0 0 1 
-840.232 560.764 -50 0.0056187 0.0370603 0.537991 51.9433 22 381493680 1001 1 1 0.502075 0.502075 29 
457.618 -1850.14 -50 0.0219395 -0.103058 0.939815 51.6033 22 381521266 1001 1 1 0 0 1 
-1094.73 234.468 -50 -0.0871885 0.00618385 0.934573 51.5489 22 381555391 1001 1 1 0.412111 0.412111 2 
-1378.35 -270.187 -50 -0.120856 -0.0279326 1.34738 50.9979 22 381566350 1009 1 1 1.35305 1.35305 16 
1213.5 -1356.91 -50 0.0670397 -0.109638 1.01535 52.1932 22 381600709 1001 1 1 0.93447 0.93447 6 
1647.57 -1980.99 -50 0.0523465 -0.0805822 0.529392 52.18 22 381757963 1001 1 1 0.0353297 0.0353297 2 
1147.06 891.923 -50 0.0504593 0.0339 0.796953 52.8551 22 381827247 1001 1 1 0.658946 0.658946 7 
-1067.28 1636.66 -50 -0.0687601 0.103256 0.964013 51.2865 22 381830786 1001 1 1 0 0 1 
1912.37 -271.35 -50 0.077152 -0.00849195 0.509827 52.0677 22 381942338 1001 1 1 0 0 1 
1591.73 -1542.44 -50 0.128495 -0.117537 1.12912 51.4735 22 381968789 1001 1 1 0 0 1 
-568.972 -1292.04 -50 -0.0179738 -0.0423427 0.537435 50.9864 22 381997680 1001 1 1 0.148237 0.148237 2 
-1773.5 990.713 -50 -0.122755 0.0654861 0.915077 52.4951 22 382016038 1001 1 1 0.161749 0.161749 2 
-1640.72 -143.614 -50 -0.129219 -0.00171543 1.03695 52.8333 22 382049790 1001 1 1 0.250316 0.250316 3 
-411.039 -670.157 -50 0.0280618 -0.145922 0.618185 53.199 22 382073374 1001 1 1 0.184326 0.184326 2 
714.494 163.526 -50 0.0374758 -0.0276229 0.187007 53.332 22 382350972 1001 1 1 0 0 1 
-1409.74 -1343.43 -50 -0.0246393 -0.0180203 0.390515 51.9444 22 382364426 1001 1 1 0.0344874 0.0344874 2 
-938.54 -1842.41 -50 -0.0867199 -0.166892 1.38449 51.253 22 382388041 1001 1 1 0.731945 0.731945 2 
-1130.19 -821.363 -50 -0.107924 -0.064676 1.32658 51.2445 22 382439117 1001 1 1 0 0 1 
773.498 868.788 -50 0.127609 0.126965 1.84731 51.7553 22 382487124 1001 1 1 0 0 1 
1665.57 -1356.22 -50 0.0617138 -0.0513584 0.542086 51.428 22 382542334 1014 1 1 0 0 1 
361.69 944.518 -50 0.0362024 0.0887033 1.66518 51.2041 22 382542449 1001 1 1 0 0 1 
1837.93 348.174 -50 0.094068 0.0303425 0.758829 51.8152 22 382607343 1057 1 1 0.65262 0.65262 6 
-30.6902 -1808.72 -50 0.00339241 -0.164937 1.43136 51.3265 22 382806500 1001 1 1 0 0 1 
-1620.31 -597.299 -50 -0.0287727 -0.0760412 0.424959 52.5411 22 382869966 1001 1 1 0.280214 0.280214 4 
1909.57 780.756 -50 0.00157278 -0.0098742 0.115329 54.4351 22 382996466 1001 1 1 0.0718636 0.0718636 7 
-528.241 632.829 -50 0.00311031 0.0203299 0.0820716 54.1163 22 383067855 1001 1 1 0 0 1 
-1179.95 1531.13 -50 -0.121571 0.155412 1.56062 51.3778 22 383118495 1001 1 1 0 0 1 
918.978 -1797.45 -50 0.077107 -0.135614 1.21675 51.5281 22 383180208 1001 1 1 0 0 1 
-559.99 -1201.5 -50 -0.024009 -0.17393 0.756391 52.677 22 383180430 1001 1 1 0 0 1 
-709.709 -1648.09 -50 -0.0867178 -0.187236 1.78083 51.3218 22 383243955 1001 1 1 0.266936 0.266936 11 
909.181 1120.05 -50 0.0365776 0.0401543 0.67494 51.411 22 383337578 1001 1 1 0 0 1 
684.014 478.708 -50 0.0859653 0.0606643 2.09329 51.0892 22 383380912 1001 1 1 1.92796 1.92796 6 
-1572.98 -183.557 -50 -0.0889049 -0.024219 0.846084 51.8545 22 383488303 1001 1 1 0.640777 0.640777 3 
-853.325 304.532 -50 -0.0469194 -0.00271767 0.645314 51.8032 22 383538035 1016 1 1 0.600805 0.600805 14 
-1431.92 -1159.88 -50 -0.100965 -0.0709472 1.09402 51.3966 22 383612017 1001 1 1 0.885325 0.885325 2 
-919.629 -1383.17 -50 -0.0621052 -0.0931576 0.916847 53.014 22 383731283 1001 1 1 0 0 1 
-1562.5 732.003 -50 -0.124365 -0.000833342 0.432951 52.7229 22 383853569 1001 1 1 0 0 1 
726.536 -1030.09 -50 0.0278232 -0.0452749 0.499939 51.6094 22 383890354 1001 1 1 0.356384 0.356384 3 
-1488.86 -1462.89 -50 -0.126345 -0.146048 1.28 51.7991 22 383991088 1001 1 1 0 0 1 
-1366.88 1784.83 -50 -0.201832 0.0392075 1.08153 53.7401 22 384191868 1001 1 1 0.810821 0.810821 4 
1065.57 -154.442 -50 0.0525211 -0.00304083 0.645599 51.1195 22 384272456 1001 1 1 0.572156 0.572156 6 
-365.751 -1148.51 -50 -0.0323427 -0.0670599 0.807016 51.5843 22 384289053 1001 1 1 0.738662 0.738662 7 
1230.36 -1181.93 -50 0.0775892 -0.0631813 0.858646 51.3975 22 384348310 1001 1 1 0.223158 0.223158 2 
-1324.48 768.398 -50 -0.0544559 0.0377173 0.651771 51.1198 22 384358378 1001 1 1 0 0 1 
-397.211 326.293 -50 -0.0296201 0.0197003 0.947403 50.8401 22 384362131 1001 1 1 0.0727066 0.0727066 2 
321.937 -1314.07 -50 0.028922 -0.11807 1.32377 51.0809 22 384383464 1001 1 1 0.204539 0.204539 2 
678.176 1746.14 -50 -0.0410583 0.076388 0.529535 52.2254 22 384535794 1001 1 1 0 0 1 
-1524.76 676.371 -50 -0.0838743 0.0565064 0.960401 51.6904 22 384589666 1001 1 1 0.128221 0.128221 2 
470.099 -1410.66 -50 0.0280562 -0.0768399 0.701629 51.7603 22 384658191 1001 1 1 0.601467 0.601467 6 
268.611 508.35 -50 0.015512 0.0514166 1.11414 51.094 22 384708090 1001 1 1 0.966792 0.966792 4 
116.085 1684.89 -50 0.0146999 0.148111 1.29919 51.2145 22 384740269 1001 1 1 0 0 1 
-1509.8 -234.364 -50 -0.00260861 -0.035596 0.22225 53.1277 22 385080508 1001 1 1 0 0 1 
1355.54 -1127.92 -50 0.000375399 -0.000656643 0.0818079 53.4364 22 385162918 1001 1 1 0.0130768 0.0130768 4 
-981.307 1390.26 -50 -0.0595262 0.0870746 1.04561 51.483 22 385170622 1001 1 1 0 0 1 
1427.22 -680.114 -50 0.140084 -0.0780026 1.55934 51.1465 22 385184504 1001 1 1 0 0 1 
945.478 -1296.83 -50 0.047073 -0.0516525 0.584621 51.7112 22 385369151 1010 1 1 0 0 1 
248.585 -1993.96 -50 0.0258806 -0.0441605 1.02808 51.9004 22 385607455 1001 1 1 0 0 1 
628.43 528.319 -50 0.0380402 0.0227764 0.862091 51.0988 22 385655399 1001 1 1 0 0 1 
-235.516 -1384.4 -50 -0.0147057 -0.0971201 1.0807 50.9571 22 385754352 1001 1 1 0 0 1 
300.324 -1139.5 -50 0.0214781 -0.0870226 1.01988 51.1534 22 385800111 1047 1 1 0.943618 0.943618 7 
-242.502 687.099 -50 -0.0217969 0.0420275 0.976284 51.0274 22 385839873 1001 1 1 0.739667 0.739667 2 
-1338.52 -1587.83 -50 -0.10499 -0.108261 1.04711 51.5329 22 385852084 1001 1 1 0 0 1 
1903.35 -843.624 -50 0.0748463 -0.038193 0.547856 52.6019 22 385895266 1001 1 1 0 0 1 
-1307.91 -978.265 -50 -0.0077163 -0.0108748 0.0866611 52.0589 22 386234876 1001 1 1 0.00309457 0.00309457 2 
1292.35 1044.42 -50 0.158956 -0.0733928 1.10539 52.1947 22 386237184 1001 1 1 0.822854 0.822854 3 
-1030.55 804.255 -50 -0.0101409 0.0387815 0.610829 51.1366 22 386364481 1001 1 1 0.351799 0.351799 3 
-1295.02 323.104 -50 -0.126666 0.0478036 1.24458 51.8289 22 386368361 1001 1 1 0 0 1 
1395.08 -1391.55 -50 0.0380655 -0.0338457 0.416144 51.5297 22 386384255 1001 1 1 0.141995 0.141995 4 
-482.649 692.126 -50 -0.0320251 0.0264911 0.662164 52.1314 22 386450807 1001 1 1 0.398202 0.398202 2 
1725.97 1090.23 -50 0.0692988 0.0541409 0.602731 51.9686 22 386480131 1001 1 1 0 0 1 
-1908.71 155.528 -50 -0.0854851 0.00465867 0.696933 51.2665 22 386531704 1001 1 1 0.332299 0.332299 4 
906.665 518.38 -50 0.0626554 0.0301713 1.03733 51.0233 22 386563437 1001 1 1 0.832539 0.832539 3 
-1945.56 3.69829 -50 -0.00207055 -0.0134428 0.0873042 53.7445 22 386689908 1001 1 1 0.000679275 0.000679275 2 
1409.83 583.689 -50 0.0841474 0.0886797 0.728014 51.7641 22 386692967 1001 1 1 0 0 1 
-1706.15 329.811 -50 -0.0198853 -0.0483065 0.585752 53.7603 22 386783791 1001 1 1 0 0 1 
-1832.77 980.423 -50 -0.0966566 0.0508694 0.753379 51.2859 22 386794379 1001 1 1 0 0 1 
689.833 -1373.65 -50 0.0353961 -0.0456715 0.564856 52.0151 22 386939484 1001 1 1 0 0 1 
552.212 -1129.19 -50 -0.0582882 -0.134326 1.04565 51.7833 22 386972637 1001 1 1 0.856159 0.856159 3 
-960.103 -1479.48 -50 -0.141141 -0.0472013 0.669217 52.5062 22 387073449 1001 1 1 0 0 1 
1883.86 -994.615 -50 0.0663533 -0.0272985 0.515204 51.7172 22 387110468 1001 1 1 0.475403 0.475403 11 
1692.96 -1717.34 -50 0.0834853 -0.0936595 0.704463 52.1195 22 387456437 1001 1 1 0 0 1 
1444.72 -1385.5 -50 0.0792104 -0.0624439 0.721277 51.7376 22 387490095 1001 1 1 0 0 1 
-1244.62 286.017 -50 -0.0762273 0.0387158 1.08863 52.0953 22 387505872 1001 1 1 0.985988 0.985988 5 
1518.99 1408.28 -50 0.0546062 0.0596682 0.631321 51.7325 22 387515650 1001 1 1 0.498599 0.498599 5 
-1082.3 1392.7 -50 -0.0359376 0.0466021 0.472523 51.1541 22 387554683 1001 1 1 0 0 1 
-524.925 -1976.22 -50 -0.0815474 -0.147715 0.588297 52.5388 22 387638440 1001 1 1 0.337779 0.337779 2 
-1641.62 -1431.21 -50 -0.0647144 -0.0408503 0.480611 52.0009 22 387671022 1001 1 1 0.332418 0.332418 3 
1157.2 1631.13 -50 -0.00352635 0.0294879 0.647511 53.0002 22 387700685 1001 1 1 0 0 1 
111.254 736.379 -50 -0.0111299 0.0106209 0.473226 50.9737 22 387722982 1001 1 1 0 0 1 
1699.35 -657.406 -50 0.112329 -0.0422338 1.15754 52.3084 22 387824270 1001 1 1 1.09019 1.09019 11 
1324.75 -1414.53 -50 0.0590026 -0.0787281 0.760095 51.4774 22 387875316 1001 1 1 0.622013 0.622013 4 
-1105.96 -737.05 -50 -0.0982854 -0.0425943 1.07501 51.5535 22 387938177 1001 1 1 0.940119 0.940119 6 
-939.581 1136.54 -50 -0.0447734 0.0754237 0.89635 51.8192 22 387966866 1001 1 1 0.629802 0.629802 5 
160.746 561.185 -50 0.00926301 0.0520198 1.20987 50.9447 22 388016551 1001 1 1 0 0 1 
1763.27 1552.65 -50 0.0553147 0.0557261 0.489866 51.6814 22 388167275 1016 1 1 0.311849 0.311849 2 
-1059.85 -518.788 -50 -0.0777908 -0.027715 0.893001 52.0178 22 388189986 1001 1 1 0 0 1 
-1906.95 1582.51 -50 -0.0815637 0.0576678 0.579823 51.8151 22 388232137 1001 1 1 0.294662 0.294662 3 
1677.7 -1858.82 -50 0.120383 -0.130604 1.06092 51.7934 22 388248168 1009 1 1 0.856888 0.856888 2 
31.4552 145.596 -50 0.0163667 0.0110725 0.801323 51.3429 22 388323241 1010 1 1 0.117894 0.117894 2 
-730.201 136.937 -50 -0.0338657 0.00982712 0.470877 51.6001 22 388354426 1001 1 1 0.385345 0.385345 7 
135.206 -1933.31 -50 0.0179357 -0.101922 0.738635 51.7118 22 388528048 1001 1 1 0 0 1 
-1747.23 -446.764 -50 -0.0087632 0.015269 0.317695 52.0889 22 388541634 1001 1 1 0.318139 0.318139 11 
1879.96 1496.36 -50 0.146356 0.101688 1.09884 51.7417 22 388543621 1001 1 1 0 0 1 
1870.42 -1046.5 -50 0.0876962 -0.062269 0.752803 51.9513 22 388559155 1001 1 1 0.524501 0.524501 2 
1623.71 77.4637 -50 0.0453697 0.0402204 0.81154 53.2836 22 388622413 1022 1 1 0.57142 0.57142 2 
-1441.18 1213.34 -50 -0.004563 -0.00257482 0.0543032 53.8834 22 388716696 1001 1 1 0 0 1 
-762.23 723.55 -50 -0.178173 0.0145858 0.749432 53.0602 22 388717061 1001 1 1 0.0125351 0.0125351 2 
937.596 361.907 -50 0.165746 -0.000766273 0.713141 52.6968 22 388745608 1001 1 1 0 0 1 
-923.735 197.393 -50 -0.0627164 0.023377 1.00268 51.2454 22 388787626 1001 1 1 0.398858 0.398858 2 
489.635 1209.86 -50 0.0362184 0.0629627 0.806876 51.4971 22 388883646 1001 1 1 0.17191 0.17191 3 
-1631.16 1724.71 -50 -0.187989 0.086638 0.941671 52.0009 22 388895193 1001 1 1 0.634251 0.634251 2 
157.39 517.634 -50 -0.0541 0.209112 1.2454 52.189 22 389334888 1001 1 1 0.137283 0.137283 2 
577.218 -1512.16 -50 -0.00746506 -0.0129213 0.0758904 53.7136 22 389340763 1008 1 1 0.0773003 0.0773003 6 
1495.03 646.057 -50 0.147113 0.0695282 1.46828 51.2856 22 389372432 1001 1 1 0 0 1 
-335.722 -676.521 -50 -0.0865371 0.0306391 0.77296 52.3675 22 389463021 1001 1 1 0.549207 0.549207 6 
-1234.97 -712.781 -50 -0.0996955 -0.0542422 1.20216 51.0877 22 389542937 1001 1 1 0 0 1 
1329.05 1038.67 -50 0.0917122 0.0484732 0.897251 51.815 22 389572470 1001 1 1 0.365457 0.365457 2 
696.533 323.505 -50 -0.0158121 -0.00345906 1.00355 52.9141 22 389642736 1001 1 1 0 0 1 
-1982.25 1855.75 -50 -0.1228 0.108811 0.854785 51.9916 22 389867929 1001 1 1 0 0 1 
-1510.98 -132.752 -50 -0.0611566 -0.00895555 0.565873 51.4578 22 389951363 1001 1 1 0 0 1 
-100.417 -1087.6 -50 -0.00781645 -0.0347395 0.612247 53.3752 22 389992170 1001 1 1 0.613253 0.613253 9 
-1222.25 423.045 -50 -0.0911919 0.051625 1.16618 51.8098 22 389999045 1001 1 1 0 0 1 
649.333 246.95 -50 0.0248267 0.0141834 0.68074 51.0751 22 390062868 1001 1 1 0 0 1 
-837.062 1359.27 -50 0.056566 0.163023 0.603348 54.5376 22 390097217 1001 1 1 0.448412 0.448412 5 
1314.94 -440.223 -50 0.0791908 -0.0297532 0.957135 51.2941 22 390171667 1001 1 1 0.0770192 0.0770192 2 
1623.7 1734.73 -50 0.0596042 0.0628372 0.49935 52.0674 22 390217713 1001 1 1 0 0 1 
-976.41 -1683.75 -50 -0.115345 -0.20022 1.59713 51.7216 22 390342030 1001 1 1 0 0 1 
1146.59 711.051 -50 0.144154 -0.013844 0.566561 53.7777 22 390418479 1001 1 1 0 0 1 
1298.07 1549.37 -50 0.121716 0.156105 1.30817 51.6504 22 390426640 1001 1 1 0.955132 0.955132 2 
407.587 -1941.05 -50 0.0265211 -0.131066 0.945981 52.4453 22 390439480 1001 1 1 0 0 1 
-1306.74 -1048.24 -50 -0.0362106 -0.0235657 0.40174 51.5354 22 390534609 1001 1 1 0.31264 0.31264 4 
-958.938 -642.98 -50 -0.0408149 -0.0337039 0.575859 51.343 22 390614458 1001 1 1 0.226826 0.226826 3 
1917.53 1147.14 -50 0.0902789 0.0723078 0.434982 52.2351 22 390724868 1001 1 1 0 0 1 
1401.11 -6.01678 -50 0.186599 0.0258114 1.6896 52.1746 22 390812617 1001 1 1 0.493627 0.493627 2 
1607.64 -246.07 -50 0.106159 0.112703 0.787421 52.5563 22 390818074 1001 1 1 0.748622 0.748622 9 
69.655 1721.69 -50 0.00768743 0.0908777 0.766656 51.3407 22 390819836 1001 1 1 0.562274 0.562274 2 
-1188.44 1412.18 -50 -0.109709 0.209647 0.790902 52.7092 22 390842471 1001 1 1 0.230583 0.230583 2 
502.811 -327.473 -50 0.0173228 -0.00979703 0.874181 51.6401 22 390944381 1001 1 1 0 0 1 
-1627.84 1898.58 -50 -0.00578946 0.146934 0.744991 54.4631 22 391006670 1001 1 1 0 0 1 
-1214.65 -929.673 -50 -0.0165042 0.00240248 0.0617998 55.6601 22 391268326 1001 1 1 0 0 1 
411.556 5.28317 -50 0.0650374 -0.0312818 1.93947 51.3146 22 391275058 1001 1 1 0 0 1 
-1640.31 1534.2 -50 -0.1347 0.108752 1.13911 51.6756 22 391342926 1001 1 1 0 0 1 
-392.974 -136.281 -50 -0.00633122 -0.000395478 0.283042 51.1023 22 391398974 1021 1020 1 0.24369 0.24369 9 
-878.282 -1687.43 -50 -0.0372245 -0.0691102 0.536753 52.7305 22 391401510 1001 1 1 0.0571234 0.0571234 2 
1986.79 1375.56 -50 0.240465 0.166078 1.94017 51.8768 22 391440575 1001 1 1 0 0 1 
-1526.3 -1405.83 -50 -0.0944883 -0.102939 0.924941 51.8842 22 391787790 1001 1 1 0.0117067 0.0117067 2 
-733.171 715.728 -50 -0.0327489 0.0405837 0.753783 50.9701 22 391819745 1001 1 1 0 0 1 
101.256 1631.59 -50 0.00376246 0.0836357 0.614706 51.8997 22 391823499 1001 1 1 0.178159 0.178159 2 
-1061.62 1553.31 -50 -0.0983687 0.124788 1.12698 51.6575 22 391918186 1001 1 1 0 0 1 
1948.15 -1485.86 -50 0.012895 -0.0598275 0.183396 54.3345 22 391969443 1013 1 1 0.0731912 0.0731912 2 
1444.25 -616.458 -50 0.0856969 -0.0407748 0.765269 53.3528 22 392011012 1001 1 1 0.0723443 0.0723443 2 
8.44206 -62.837 -50 0.0272422 0.0121773 0.302827 51.621 22 392048646 1026 1 1 0.194422 0.194422 6 
1493.27 -411.549 -50 0.096087 -0.0367959 0.860393 53.1945 22 392084315 1001 1 1 0 0 1 
-353.441 158.718 -50 -0.0389462 -0.00463043 1.11908 51.5328 22 392164838 1001 1 1 0.0391875 0.0391875 2 
624.606 -193.559 -50 0.0734388 -0.00319358 1.16116 51.9296 22 392228959 1001 1 1 0 0 1 
679.527 -1708.86 -50 0.0622752 -0.152946 1.29454 51.3146 22 392237806 1001 1 1 0 0 1 
-963.011 913.152 -50 -0.0614237 0.123395 1.14148 51.3271 22 392257929 1001 1 1 1.07337 1.07337 9 
-1160.45 885.145 -50 -0.138116 0.0811346 1.48307 52.6929 22 392297918 1001 1 1 0.817273 0.817273 2 
657.607 293.534 -50 0.0257163 0.0192433 0.733898 52.0468 22 392331590 1001 1 1 0 0 1 
-1750.81 -1686.12 -50 -0.22131 -0.218426 1.90339 51.5396 22 392390137 1001 1 1 0 0 1 
-632.948 1790.16 -50 -0.0356866 0.0876898 0.833089 51.5888 22 392435976 1001 1 1 0 0 1 
-466.953 1378.14 -50 0.0148217 0.00513078 0.103302 54.2265 22 392448768 1001 1 1 0.000320914 0.000320914 2 
-1419.02 161.249 -50 -0.188364 -0.0132108 0.78109 53.2638 22 392467538 1001 1 1 0 0 1 
-781.987 -95.2786 -50 -0.0426595 -0.0176921 1.03825 53.086 22 392473954 1001 1 1 0 0 1 
1593.22 -1878.38 -50 0.205283 -0.153044 0.891768 52.6107 22 392527761 1001 1 1 0 0 1 
953.118 -306.739 -50 0.0658091 -0.0205343 0.939058 51.1585 22 392595198 1007 1 1 0.480612 0.480612 2 
252.666 -515.978 -50 0.0195839 -0.0480491 0.944698 51.8172 22 392599293 1001 1 1 0 0 1 
1576.22 -609.537 -50 0.0555167 -0.0301747 0.522093 51.5523 22 392633872 1001 1 1 0.329291 0.329291 2 
-269.201 1942.42 -50 -0.0129087 0.0665506 0.490965 53.3186 22 392893248 1001 1 1 0.221053 0.221053 2 
-51.9518 757.191 -50 0.0139233 0.0680323 1.24287 51.2421 22 392982533 1001 1 1 0 0 1 
300.472 246.268 -50 0.0398167 0.0546325 1.64234 51.3392 22 393001473 1001 1 1 1.47411 1.47411 4 
-1741.5 -1627.73 -50 -0.126542 -0.119737 1.18481 51.8232 22 393180723 1001 1 1 1.13958 1.13958 10 
260.364 1487.92 -50 0.00667986 0.10325 0.889807 52.0923 22 393201943 1001 1 1 0.184478 0.184478 2 
-780.484 -288.114 -50 -0.0331468 -0.012838 0.606642 50.9679 22 393219186 1001 1 1 0.470144 0.470144 3 
1432.15 1360.32 -50 0.105466 0.095473 1.12444 51.385 22 393268852 1001 1 1 0 0 1 
-1730.42 -1758.67 -50 -0.089909 -0.0844782 0.74672 51.8783 22 393379536 1001 1 1 0 0 1 
1973.4 -274.281 -50 0.155267 -0.0306193 1.30374 51.4424 22 393585241 1001 1 1 0 0 1 
710.517 987.194 -50 0.0483167 0.084636 1.20494 51.0838 22 393616089 1001 1 1 0 0 1 
-723.053 184.335 -50 -0.0417019 0.0221581 0.774519 51.8257 22 393617825 1001 1 1 0.255053 0.255053 2 
-1031.71 983.532 -50 -0.037927 0.027962 0.468687 51.2383 22 393819085 1001 1 1 0 0 1 
-254.829 -330.853 -50 -0.0219322 -0.026341 1.43543 51.1159 22 393829660 1001 1 1 0 0 1 
847.438 -87.8323 -50 0.0846934 -0.0258704 1.51763 50.9408 22 393947519 1001 1 1 0.157786 0.157786 2 
1166.82 -251.175 -50 0.0847386 -0.0133596 0.993127 51.0211 22 394179544 1001 1 1 0.271943 0.271943 2 
-487.065 729.492 -50 -0.0215693 0.0426045 0.809289 51.064 22 394233783 1001 1 1 0 0 1 
506.833 -620.09 -50 -0.000905072 -0.0362635 0.654385 51.862 22 394318264 1001 1 1 0 0 1 
-798.459 -1966.26 -50 -0.045696 -0.130456 0.927477 53.3608 22 394386765 1001 1 1 0.720873 0.720873 3 
65.2797 557.987 -50 -0.031052 0.132022 0.686594 52.4066 22 394451167 1001 1 1 0.484122 0.484122 2 
1963.3 1174.14 -50 0.131872 0.0825798 1.0372 51.4401 22 394473634 1001 1 1 0 0 1 
1482.13 -1862.5 -50 0.133044 -0.13226 0.639661 52.5568 22 394518646 1001 1 1 0 0 1 
1820.43 1942.79 -50 0.107503 0.120394 0.850666 51.8837 22 394638529 1001 1 1 0.644432 0.644432 4 
-1409.08 -699.886 -50 -0.0592498 -0.162636 0.939832 52.6557 22 394674382 1001 1 1 0 0 1 
-666.216 1627.92 -50 -0.0538548 0.132169 1.13272 51.3309 22 394785858 1001 1 1 0 0 1 
564.803 -1482.68 -50 0.031682 -0.112233 0.972228 51.6047 22 394797824 1010 1 1 0.849002 0.849002 5 
-32.1292 -432.713 -50 0.0933043 -0.0165523 0.679543 52.0863 22 394902451 1001 1 1 0.160691 0.160691 3 
380.961 -1621.21 -50 0.0312278 -0.109206 1.10726 51.4071 22 394978055 1039 1 1 0 0 1 
-489.841 -369.927 -50 -0.0194525 -0.0114783 0.386234 51.7278 22 395088704 1001 1 1 0 0 1 
1225.5 -812.75 -50 0.0399089 -0.0339751 0.478809 51.901 22 395283750 1010 1 1 0.295358 0.295358 3 
-1126.53 -508.867 -50 -0.0499008 -0.031031 0.558648 52.2152 22 395306342 1001 1 1 0.354692 0.354692 2 
304.014 892.087 -50 0.0149803 0.0214598 0.406455 52.1447 22 395423477 1001 1 1 0.28495 0.28495 7 
-549.339 -150.276 -50 -0.0401921 -0.0156905 1.2963 50.9324 22 395454651 1001 1 1 0.219353 0.219353 2 
1425.63 -29.6483 -50 0.0527183 0.00508346 0.662795 51.3954 22 395504519 1011 1 1 0.468644 0.468644 2 
-975.635 -1547.07 -50 -0.052191 -0.0903498 0.917763 51.3134 22 395539246 1001 1 1 0 0 1 
788.352 -306.133 -50 0.0240577 -0.00541985 0.50722 51.2099 22 395560939 1001 1 1 0.190973 0.190973 3 
-741.112 -960.16 -50 -0.0339184 -0.0522712 0.696373 51.2663 22 395691539 1001 1 1 0 0 1 
753.388 -1507.24 -50 0.0428126 -0.101039 0.993614 51.4113 22 395772218 1001 1 1 0.911483 0.911483 10 
-443.977 -49.0596 -50 -0.0166844 -0.00673745 0.540946 51.5834 22 395786433 1001 1 1 0.355306 0.355306 2 
-1879.16 -716.466 -50 -0.10169 -0.0461557 0.919753 51.7965 22 395992640 1001 1 1 0.304039 0.304039 3 
-1739.75 -1024.39 -50 -0.0631308 -0.0593742 0.584422 52.2558 22 396186379 1001 1 1 0.0360124 0.0360124 2 
1171.43 -1660.49 -50 0.0713371 -0.132128 1.0798 51.5528 22 396230330 1001 1 1 0.867563 0.867563 3 
1109.15 895.037 -50 0.0388648 0.00807847 0.257791 51.8229 22 396261321 1001 1 1 0.151675 0.151675 5 
-1631.71 -716.625 -50 -0.0283499 -0.0203506 0.0972381 55.1641 22 396343104 1001 1 1 0.0060365 0.0060365 2 
-1683.98 1601.55 -50 -0.0769651 0.0754775 0.699819 51.4793 22 396460474 1008 1 1 0 0 1 
-629.332 374.192 -50 -0.0489273 0.0267764 1.01217 50.912 22 396461874 1001 1 1 0.936864 0.936864 6 
1172.26 1888.24 -50 0.0436283 0.0974436 0.70802 52.889 22 396955354 1001 1 1 0.491326 0.491326 3 
1318.38 -670.54 -50 0.0754713 -0.0436442 0.792029 51.4605 22 396960525 1001 1 1 0.190551 0.190551 3 
-112.11 1095.96 -50 -0.0051936 0.0475103 0.600783 51.1619 22 397110711 1001 1 1 0 0 1 
-1491.88 -1317.02 -50 -0.0577602 -0.0538478 0.621992 52.9216 22 397111087 1001 1 1 0.0152359 0.0152359 2 
539.784 1346.69 -50 0.0291355 0.0779625 1.0791 51.4719 22 397153641 1001 1 1 0 0 1 
1479.47 1095.1 -50 0.136914 0.110231 1.34723 51.432 22 397166147 1001 1 1 1.2499 1.2499 10 
816.651 855.475 -50 0.0830753 0.0852241 1.44045 51.1193 22 397291664 1001 1 1 0.0783515 0.0783515 2 
1115.99 1398.09 -50 0.0894419 0.118833 1.18762 51.3099 22 397345658 1001 1 1 0 0 1 
1346.9 1392.76 -50 0.238779 0.105639 0.997721 52.5815 22 397413996 1001 1 1 0 0 1 
1498.7 1973.96 -50 0.181692 0.227656 1.5522 52.0253 22 397417825 1001 1 1 0 0 1 
1442.51 1199.87 -50 0.0970434 0.0759103 1.06363 51.3216 22 397483634 1001 1 1 0.340947 0.340947 2 
314.514 -100.928 -50 0.0169187 -0.000378114 0.772082 50.9445 22 397659350 1001 1 1 0 0 1 
1098.84 -1786.88 -50 0.0625987 -0.102999 0.853936 51.2537 22 397761549 1001 1 1 0 0 1 
326.258 -490.142 -50 0.0648396 -0.0523306 1.67634 51.1514 22 397839569 1001 1 1 0 0 1 
1716.31 -863.637 -50 0.147938 -0.0830579 1.26366 51.2574 22 397891543 1010 1 1 1.07278 1.07278 4 
-1495.17 500.387 -50 -0.0847771 0.0208407 0.782835 51.2965 22 397906688 1001 1 1 0 0 1 
-1533.33 1108.35 -50 -0.161096 0.106758 1.46894 51.4416 22 398075257 1001 1 1 0.523062 0.523062 2 
510.097 74.8413 -50 0.0364864 0.0122864 1.21354 51.1019 22 398233343 1001 1 1 0 0 1 
-604.931 1660.91 -50 -0.0456653 0.122221 1.05864 51.041 22 398259913 1001 1 1 0 0 1 
-664.63 -988.466 -50 -0.00570915 -0.059677 0.278966 52.4864 22 398352129 1033 1 1 0 0 1 
-1895.27 1066.25 -50 -0.144575 0.0866764 1.12471 51.3977 22 398363394 1011 1 1 0.2912 0.2912 2 
-34.7311 389.603 -50 -0.00243545 0.0198004 0.817338 50.9153 22 398461316 1001 1 1 0 0 1 
1583.82 -1787.71 -50 0.0426739 -0.0460981 0.43162 51.8646 22 398660794 1049 1 1 0.161012 0.161012 3 
-449.276 -186.823 -50 0.00422125 -0.00359512 0.0718997 52.3839 22 398673426 1001 1 1 0.0720698 0.0720698 9 
802.381 1623.7 -50 0.0417595 0.0686944 0.58882 51.5396 22 398755820 1001 1 1 0.372113 0.372113 7 
-1643.52 -1771.05 -50 -0.0123028 -0.00989428 0.112147 51.8826 22 398765875 1001 1 1 0 0 1 
563.327 -274.852 -50 0.0263365 -0.0210638 0.659814 52.8936 22 398781384 1001 1 1 0 0 1 
-236.697 -1574.2 -50 -0.0257828 -0.145613 1.48509 51.2733 22 398782999 1001 1 1 1.40151 1.40151 6 
-1959.36 78.0622 -50 -0.230528 0.0351293 1.72076 51.5206 22 398789035 1001 1 1 0 0 1 
-376.236 -1832.85 -50 -0.021967 -0.0782368 0.693256 51.3679 22 398815980 1001 1 1 0.51037 0.51037 2 
-806.011 -666.687 -50 0.0236225 0.00409622 0.388824 52.2155 22 398873069 1001 1 1 0.187827 0.187827 2 
-1277.78 -1929.48 -50 -0.0955836 -0.137419 0.983898 51.8648 22 3990586